date,stock_id,derived,source,formula_version,reference_input,dividend_reference_input,previous_price_date,reference_price,limit_up,limit_down
2019-01-02,1333,True,previous_session_raw_close,common_stock_limit_rules_v1,1.98,1.98,2018-12-28,1.98,2.17,1.79
2019-01-02,3431,True,previous_session_raw_close,common_stock_limit_rules_v1,3.2,3.2,2018-12-28,3.2,3.52,2.88
2019-01-02,3452,True,previous_session_raw_close,common_stock_limit_rules_v1,4.2,4.2,2018-12-28,4.2,4.62,3.78
2019-01-02,3562,True,previous_session_raw_close,common_stock_limit_rules_v1,6.71,6.71,2018-12-28,6.71,7.38,6.04
2019-01-02,5317,True,previous_session_raw_close,common_stock_limit_rules_v1,44.6,44.6,2018-12-28,44.6,49.05,40.15
2019-01-02,8913,True,previous_session_raw_close,common_stock_limit_rules_v1,22.9,22.9,2018-12-28,22.9,25.15,20.65
2019-01-03,1333,True,previous_session_raw_close,common_stock_limit_rules_v1,1.98,1.98,2019-01-02,1.98,2.17,1.79
2019-01-03,3431,True,previous_session_raw_close,common_stock_limit_rules_v1,3.12,3.12,2019-01-02,3.12,3.43,2.81
2019-01-03,3452,True,previous_session_raw_close,common_stock_limit_rules_v1,4.0,4.0,2019-01-02,4.0,4.4,3.6
2019-01-03,3562,True,previous_session_raw_close,common_stock_limit_rules_v1,6.68,6.68,2019-01-02,6.68,7.34,6.02
2019-01-03,8913,True,previous_session_raw_close,common_stock_limit_rules_v1,22.5,22.5,2019-01-02,22.5,24.75,20.25
2019-01-04,1333,True,previous_session_raw_close,common_stock_limit_rules_v1,1.95,1.95,2019-01-03,1.95,2.14,1.76
2019-01-04,3431,True,previous_session_raw_close,common_stock_limit_rules_v1,3.0,3.0,2019-01-03,3.0,3.3,2.7
2019-01-04,3452,True,previous_session_raw_close,common_stock_limit_rules_v1,4.15,4.15,2019-01-03,4.15,4.56,3.74
2019-01-04,3562,True,previous_session_raw_close,common_stock_limit_rules_v1,6.85,6.85,2019-01-03,6.85,7.53,6.17
2019-01-04,8913,True,previous_session_raw_close,common_stock_limit_rules_v1,22.75,22.75,2019-01-03,22.75,25.0,20.5
2019-01-07,1333,True,official_no_close_bid_ask_rule,common_stock_limit_rules_v1,1.95,1.95,2019-01-04,1.95,2.14,1.76
2019-01-07,3431,True,previous_session_raw_close,common_stock_limit_rules_v1,3.0,3.0,2019-01-04,3.0,3.3,2.7
2019-01-07,3452,True,previous_session_raw_close,common_stock_limit_rules_v1,4.21,4.21,2019-01-04,4.21,4.63,3.79
2019-01-07,3562,True,previous_session_raw_close,common_stock_limit_rules_v1,6.95,6.95,2019-01-04,6.95,7.64,6.26
2019-01-07,8913,True,previous_session_raw_close,common_stock_limit_rules_v1,22.55,22.55,2019-01-04,22.55,24.8,20.3
2019-01-08,1333,True,previous_session_raw_close,common_stock_limit_rules_v1,1.94,1.94,2019-01-07,1.94,2.13,1.75
2019-01-08,3431,True,previous_session_raw_close,common_stock_limit_rules_v1,2.8,2.8,2019-01-07,2.8,3.08,2.52
2019-01-08,3452,True,previous_session_raw_close,common_stock_limit_rules_v1,4.19,4.19,2019-01-07,4.19,4.6,3.78
2019-01-08,3562,True,previous_session_raw_close,common_stock_limit_rules_v1,6.99,6.99,2019-01-07,6.99,7.68,6.3
2019-01-08,8913,True,previous_session_raw_close,common_stock_limit_rules_v1,22.8,22.8,2019-01-07,22.8,25.05,20.55
2019-01-09,1333,True,previous_session_raw_close,common_stock_limit_rules_v1,1.88,1.88,2019-01-08,1.88,2.06,1.7
2019-01-09,3431,True,previous_session_raw_close,common_stock_limit_rules_v1,2.55,2.55,2019-01-08,2.55,2.8,2.3
2019-01-09,3452,True,previous_session_raw_close,common_stock_limit_rules_v1,4.25,4.25,2019-01-08,4.25,4.67,3.83
2019-01-09,3562,True,previous_session_raw_close,common_stock_limit_rules_v1,7.0,7.0,2019-01-08,7.0,7.7,6.3
2019-01-09,8913,True,previous_session_raw_close,common_stock_limit_rules_v1,23.2,23.2,2019-01-08,23.2,25.5,20.9
2019-01-10,1333,True,previous_session_raw_close,common_stock_limit_rules_v1,1.86,1.86,2019-01-09,1.86,2.04,1.68
2019-01-10,3431,True,previous_session_raw_close,common_stock_limit_rules_v1,2.71,2.71,2019-01-09,2.71,2.98,2.44
2019-01-10,3452,True,previous_session_raw_close,common_stock_limit_rules_v1,4.2,4.2,2019-01-09,4.2,4.62,3.78
2019-01-10,3562,True,previous_session_raw_close,common_stock_limit_rules_v1,7.0,7.0,2019-01-09,7.0,7.7,6.3
2019-01-10,8913,True,previous_session_raw_close,common_stock_limit_rules_v1,23.0,23.0,2019-01-09,23.0,25.3,20.7
2019-01-11,1333,True,previous_session_raw_close,common_stock_limit_rules_v1,1.9,1.9,2019-01-10,1.9,2.09,1.71
2019-01-11,3431,True,previous_session_raw_close,common_stock_limit_rules_v1,2.89,2.89,2019-01-10,2.89,3.17,2.61
2019-01-11,3452,True,previous_session_raw_close,common_stock_limit_rules_v1,4.22,4.22,2019-01-10,4.22,4.64,3.8
2019-01-11,3562,True,previous_session_raw_close,common_stock_limit_rules_v1,7.0,7.0,2019-01-10,7.0,7.7,6.3
2019-01-11,8913,True,previous_session_raw_close,common_stock_limit_rules_v1,23.0,23.0,2019-01-10,23.0,25.3,20.7
2019-01-14,1333,True,previous_session_raw_close,common_stock_limit_rules_v1,1.94,1.94,2019-01-11,1.94,2.13,1.75
2019-01-14,3431,True,previous_session_raw_close,common_stock_limit_rules_v1,3.0,3.0,2019-01-11,3.0,3.3,2.7
2019-01-14,3452,True,previous_session_raw_close,common_stock_limit_rules_v1,4.22,4.22,2019-01-11,4.22,4.64,3.8
2019-01-14,3562,True,previous_session_raw_close,common_stock_limit_rules_v1,7.29,7.29,2019-01-11,7.29,8.01,6.57
2019-01-14,5317,True,official_resumption_reference,common_stock_limit_rules_v1,50.89,50.89,2019-01-02,50.89,55.9,45.85
2019-01-14,8913,True,previous_session_raw_close,common_stock_limit_rules_v1,22.95,22.95,2019-01-11,22.95,25.2,20.7
2019-01-15,1333,True,previous_session_raw_close,common_stock_limit_rules_v1,1.94,1.94,2019-01-14,1.94,2.13,1.75
2019-01-15,3431,True,previous_session_raw_close,common_stock_limit_rules_v1,3.02,3.02,2019-01-14,3.02,3.32,2.72
2019-01-15,3452,True,previous_session_raw_close,common_stock_limit_rules_v1,4.24,4.24,2019-01-14,4.24,4.66,3.82
2019-01-15,3562,True,previous_session_raw_close,common_stock_limit_rules_v1,7.08,7.08,2019-01-14,7.08,7.78,6.38
2019-01-15,5317,True,previous_session_raw_close,common_stock_limit_rules_v1,52.5,52.5,2019-01-14,52.5,57.7,47.25
2019-01-15,8913,True,previous_session_raw_close,common_stock_limit_rules_v1,23.15,23.15,2019-01-14,23.15,25.45,20.85
2019-01-16,1333,True,previous_session_raw_close,common_stock_limit_rules_v1,2.02,2.02,2019-01-15,2.02,2.22,1.82
2019-01-16,3431,True,previous_session_raw_close,common_stock_limit_rules_v1,2.92,2.92,2019-01-15,2.92,3.21,2.63
2019-01-16,3452,True,previous_session_raw_close,common_stock_limit_rules_v1,4.24,4.24,2019-01-15,4.24,4.66,3.82
2019-01-16,3562,True,previous_session_raw_close,common_stock_limit_rules_v1,7.28,7.28,2019-01-15,7.28,8.0,6.56
2019-01-16,5317,True,previous_session_raw_close,common_stock_limit_rules_v1,52.5,52.5,2019-01-15,52.5,57.7,47.25
2019-01-16,8913,True,previous_session_raw_close,common_stock_limit_rules_v1,21.95,21.95,2019-01-15,21.95,24.1,19.8
2019-01-17,1333,True,previous_session_raw_close,common_stock_limit_rules_v1,2.0,2.0,2019-01-16,2.0,2.2,1.8
2019-01-17,3431,True,previous_session_raw_close,common_stock_limit_rules_v1,2.69,2.69,2019-01-16,2.69,2.95,2.43
2019-01-17,3452,True,previous_session_raw_close,common_stock_limit_rules_v1,4.52,4.52,2019-01-16,4.52,4.97,4.07
2019-01-17,3562,True,previous_session_raw_close,common_stock_limit_rules_v1,7.8,7.8,2019-01-16,7.8,8.58,7.02
2019-01-17,5317,True,previous_session_raw_close,common_stock_limit_rules_v1,52.1,52.1,2019-01-16,52.1,57.3,46.9
2019-01-17,8913,True,previous_session_raw_close,common_stock_limit_rules_v1,21.2,21.2,2019-01-16,21.2,23.3,19.1
2019-01-18,1333,True,previous_session_raw_close,common_stock_limit_rules_v1,2.0,2.0,2019-01-17,2.0,2.2,1.8
2019-01-18,3431,True,previous_session_raw_close,common_stock_limit_rules_v1,2.52,2.52,2019-01-17,2.52,2.77,2.27
2019-01-18,3452,True,previous_session_raw_close,common_stock_limit_rules_v1,4.5,4.5,2019-01-17,4.5,4.95,4.05
2019-01-18,3562,True,previous_session_raw_close,common_stock_limit_rules_v1,7.78,7.78,2019-01-17,7.78,8.55,7.01
2019-01-18,5317,True,previous_session_raw_close,common_stock_limit_rules_v1,52.0,52.0,2019-01-17,52.0,57.2,46.8
2019-01-18,8913,True,previous_session_raw_close,common_stock_limit_rules_v1,21.0,21.0,2019-01-17,21.0,23.1,18.9
2019-01-21,1333,True,previous_session_raw_close,common_stock_limit_rules_v1,2.0,2.0,2019-01-18,2.0,2.2,1.8
2019-01-21,3452,True,previous_session_raw_close,common_stock_limit_rules_v1,4.52,4.52,2019-01-18,4.52,4.97,4.07
2019-01-21,3562,True,previous_session_raw_close,common_stock_limit_rules_v1,7.58,7.58,2019-01-18,7.58,8.33,6.83
2019-01-21,5317,True,previous_session_raw_close,common_stock_limit_rules_v1,52.2,52.2,2019-01-18,52.2,57.4,47.0
2019-01-21,8913,True,previous_session_raw_close,common_stock_limit_rules_v1,20.95,20.95,2019-01-18,20.95,23.0,18.9
2019-01-22,1333,True,previous_session_raw_close,common_stock_limit_rules_v1,2.03,2.03,2019-01-21,2.03,2.23,1.83
2019-01-22,3452,True,previous_session_raw_close,common_stock_limit_rules_v1,4.47,4.47,2019-01-21,4.47,4.91,4.03
2019-01-22,3562,True,previous_session_raw_close,common_stock_limit_rules_v1,7.45,7.45,2019-01-21,7.45,8.19,6.71
2019-01-22,5317,True,previous_session_raw_close,common_stock_limit_rules_v1,52.9,52.9,2019-01-21,52.9,58.1,47.65
2019-01-22,8913,True,previous_session_raw_close,common_stock_limit_rules_v1,20.3,20.3,2019-01-21,20.3,22.3,18.3
2019-01-23,1333,True,previous_session_raw_close,common_stock_limit_rules_v1,2.05,2.05,2019-01-22,2.05,2.25,1.85
2019-01-23,3452,True,previous_session_raw_close,common_stock_limit_rules_v1,4.45,4.45,2019-01-22,4.45,4.89,4.01
2019-01-23,3562,True,previous_session_raw_close,common_stock_limit_rules_v1,7.37,7.37,2019-01-22,7.37,8.1,6.64
2019-01-23,5317,True,previous_session_raw_close,common_stock_limit_rules_v1,52.6,52.6,2019-01-22,52.6,57.8,47.35
2019-01-23,8913,True,previous_session_raw_close,common_stock_limit_rules_v1,20.4,20.4,2019-01-22,20.4,22.4,18.4
2019-01-24,1333,True,official_no_close_bid_ask_rule,common_stock_limit_rules_v1,2.07,2.07,2019-01-23,2.07,2.27,1.87
2019-01-24,3452,True,previous_session_raw_close,common_stock_limit_rules_v1,4.58,4.58,2019-01-23,4.58,5.03,4.13
2019-01-24,3562,True,previous_session_raw_close,common_stock_limit_rules_v1,8.1,8.1,2019-01-23,8.1,8.91,7.29
2019-01-24,5317,True,previous_session_raw_close,common_stock_limit_rules_v1,52.3,52.3,2019-01-23,52.3,57.5,47.1
2019-01-24,8913,True,previous_session_raw_close,common_stock_limit_rules_v1,20.4,20.4,2019-01-23,20.4,22.4,18.4
2019-01-25,1333,True,official_no_close_bid_ask_rule,common_stock_limit_rules_v1,2.07,2.07,2019-01-24,2.07,2.27,1.87
2019-01-25,3452,True,previous_session_raw_close,common_stock_limit_rules_v1,4.59,4.59,2019-01-24,4.59,5.04,4.14
2019-01-25,3562,True,previous_session_raw_close,common_stock_limit_rules_v1,8.0,8.0,2019-01-24,8.0,8.8,7.2
2019-01-25,5317,True,previous_session_raw_close,common_stock_limit_rules_v1,52.1,52.1,2019-01-24,52.1,57.3,46.9
2019-01-25,8913,True,previous_session_raw_close,common_stock_limit_rules_v1,20.3,20.3,2019-01-24,20.3,22.3,18.3
2019-01-28,1333,True,official_no_close_bid_ask_rule,common_stock_limit_rules_v1,2.07,2.07,2019-01-25,2.07,2.27,1.87
2019-01-28,3452,True,previous_session_raw_close,common_stock_limit_rules_v1,4.57,4.57,2019-01-25,4.57,5.02,4.12
2019-01-28,3562,True,previous_session_raw_close,common_stock_limit_rules_v1,7.9,7.9,2019-01-25,7.9,8.69,7.11
2019-01-28,5317,True,previous_session_raw_close,common_stock_limit_rules_v1,52.3,52.3,2019-01-25,52.3,57.5,47.1
2019-01-28,8913,True,previous_session_raw_close,common_stock_limit_rules_v1,20.35,20.35,2019-01-25,20.35,22.35,18.35
2019-01-29,1333,True,official_no_close_bid_ask_rule,common_stock_limit_rules_v1,2.07,2.07,2019-01-28,2.07,2.27,1.87
2019-01-29,3452,True,previous_session_raw_close,common_stock_limit_rules_v1,4.62,4.62,2019-01-28,4.62,5.08,4.16
2019-01-29,3562,True,previous_session_raw_close,common_stock_limit_rules_v1,7.68,7.68,2019-01-28,7.68,8.44,6.92
2019-01-29,5317,True,previous_session_raw_close,common_stock_limit_rules_v1,52.4,52.4,2019-01-28,52.4,57.6,47.2
2019-01-29,8913,True,previous_session_raw_close,common_stock_limit_rules_v1,20.75,20.75,2019-01-28,20.75,22.8,18.7
2019-01-30,1333,True,previous_session_raw_close,common_stock_limit_rules_v1,2.13,2.13,2019-01-29,2.13,2.34,1.92
2019-01-30,3452,True,previous_session_raw_close,common_stock_limit_rules_v1,4.57,4.57,2019-01-29,4.57,5.02,4.12
2019-01-30,3562,True,previous_session_raw_close,common_stock_limit_rules_v1,7.48,7.48,2019-01-29,7.48,8.22,6.74
2019-01-30,5317,True,previous_session_raw_close,common_stock_limit_rules_v1,52.0,52.0,2019-01-29,52.0,57.2,46.8
2019-01-30,8913,True,previous_session_raw_close,common_stock_limit_rules_v1,20.65,20.65,2019-01-29,20.65,22.7,18.6
2019-02-11,1333,True,previous_session_raw_close,common_stock_limit_rules_v1,2.3,2.3,2019-01-30,2.3,2.53,2.07
2019-02-11,3452,True,previous_session_raw_close,common_stock_limit_rules_v1,4.58,4.58,2019-01-30,4.58,5.03,4.13
2019-02-11,3562,True,previous_session_raw_close,common_stock_limit_rules_v1,7.32,7.32,2019-01-30,7.32,8.05,6.59
2019-02-11,5317,True,previous_session_raw_close,common_stock_limit_rules_v1,51.9,51.9,2019-01-30,51.9,57.0,46.75
2019-02-11,8913,True,previous_session_raw_close,common_stock_limit_rules_v1,20.65,20.65,2019-01-30,20.65,22.7,18.6
2019-02-12,1333,True,previous_session_raw_close,common_stock_limit_rules_v1,2.53,2.53,2019-02-11,2.53,2.78,2.28
2019-02-12,3452,True,previous_session_raw_close,common_stock_limit_rules_v1,4.6,4.6,2019-02-11,4.6,5.06,4.14
2019-02-12,3562,True,previous_session_raw_close,common_stock_limit_rules_v1,6.59,6.59,2019-02-11,6.59,7.24,5.94
2019-02-12,5317,True,previous_session_raw_close,common_stock_limit_rules_v1,52.2,52.2,2019-02-11,52.2,57.4,47.0
2019-02-12,8913,True,previous_session_raw_close,common_stock_limit_rules_v1,20.35,20.35,2019-02-11,20.35,22.35,18.35
2019-02-13,1333,True,previous_session_raw_close,common_stock_limit_rules_v1,2.55,2.55,2019-02-12,2.55,2.8,2.3
2019-02-13,3452,True,previous_session_raw_close,common_stock_limit_rules_v1,4.54,4.54,2019-02-12,4.54,4.99,4.09
2019-02-13,3562,True,previous_session_raw_close,common_stock_limit_rules_v1,6.33,6.33,2019-02-12,6.33,6.96,5.7
2019-02-13,5317,True,previous_session_raw_close,common_stock_limit_rules_v1,55.6,55.6,2019-02-12,55.6,61.1,50.1
2019-02-13,8913,True,previous_session_raw_close,common_stock_limit_rules_v1,20.45,20.45,2019-02-12,20.45,22.45,18.45
2019-02-14,1333,True,previous_session_raw_close,common_stock_limit_rules_v1,2.8,2.8,2019-02-13,2.8,3.08,2.52
2019-02-14,3452,True,previous_session_raw_close,common_stock_limit_rules_v1,4.5,4.5,2019-02-13,4.5,4.95,4.05
2019-02-14,3562,True,previous_session_raw_close,common_stock_limit_rules_v1,5.72,5.72,2019-02-13,5.72,6.29,5.15
2019-02-14,5317,True,previous_session_raw_close,common_stock_limit_rules_v1,57.3,57.3,2019-02-13,57.3,63.0,51.6
2019-02-14,8913,True,previous_session_raw_close,common_stock_limit_rules_v1,20.65,20.65,2019-02-13,20.65,22.7,18.6
2019-02-15,1333,True,previous_session_raw_close,common_stock_limit_rules_v1,2.99,2.99,2019-02-14,2.99,3.28,2.7
2019-02-15,3452,True,previous_session_raw_close,common_stock_limit_rules_v1,4.62,4.62,2019-02-14,4.62,5.08,4.16
2019-02-15,3562,True,previous_session_raw_close,common_stock_limit_rules_v1,5.96,5.96,2019-02-14,5.96,6.55,5.37
2019-02-15,5317,True,previous_session_raw_close,common_stock_limit_rules_v1,56.9,56.9,2019-02-14,56.9,62.5,51.3
2019-02-15,8913,True,previous_session_raw_close,common_stock_limit_rules_v1,20.9,20.9,2019-02-14,20.9,22.95,18.85
2019-02-18,1333,True,previous_session_raw_close,common_stock_limit_rules_v1,2.99,2.99,2019-02-15,2.99,3.28,2.7
2019-02-18,3452,True,previous_session_raw_close,common_stock_limit_rules_v1,4.58,4.58,2019-02-15,4.58,5.03,4.13
2019-02-18,3562,True,previous_session_raw_close,common_stock_limit_rules_v1,5.95,5.95,2019-02-15,5.95,6.54,5.36
2019-02-18,5317,True,previous_session_raw_close,common_stock_limit_rules_v1,56.1,56.1,2019-02-15,56.1,61.7,50.5
2019-02-18,8913,True,previous_session_raw_close,common_stock_limit_rules_v1,22.95,22.95,2019-02-15,22.95,25.2,20.7
2019-02-19,1333,True,previous_session_raw_close,common_stock_limit_rules_v1,2.98,2.98,2019-02-18,2.98,3.27,2.69
2019-02-19,3452,True,previous_session_raw_close,common_stock_limit_rules_v1,4.56,4.56,2019-02-18,4.56,5.01,4.11
2019-02-19,3562,True,previous_session_raw_close,common_stock_limit_rules_v1,5.9,5.9,2019-02-18,5.9,6.49,5.31
2019-02-19,5317,True,previous_session_raw_close,common_stock_limit_rules_v1,57.6,57.6,2019-02-18,57.6,63.3,51.9
2019-02-19,8913,True,previous_session_raw_close,common_stock_limit_rules_v1,22.35,22.35,2019-02-18,22.35,24.55,20.15
2019-02-20,1333,True,previous_session_raw_close,common_stock_limit_rules_v1,2.91,2.91,2019-02-19,2.91,3.2,2.62
2019-02-20,3452,True,previous_session_raw_close,common_stock_limit_rules_v1,4.55,4.55,2019-02-19,4.55,5.0,4.1
2019-02-20,3562,True,previous_session_raw_close,common_stock_limit_rules_v1,5.92,5.92,2019-02-19,5.92,6.51,5.33
2019-02-20,5317,True,previous_session_raw_close,common_stock_limit_rules_v1,57.8,57.8,2019-02-19,57.8,63.5,52.1
2019-02-20,8913,True,previous_session_raw_close,common_stock_limit_rules_v1,22.5,22.5,2019-02-19,22.5,24.75,20.25
2019-02-21,1333,True,previous_session_raw_close,common_stock_limit_rules_v1,2.94,2.94,2019-02-20,2.94,3.23,2.65
2019-02-21,3452,True,previous_session_raw_close,common_stock_limit_rules_v1,4.52,4.52,2019-02-20,4.52,4.97,4.07
2019-02-21,3562,True,previous_session_raw_close,common_stock_limit_rules_v1,5.83,5.83,2019-02-20,5.83,6.41,5.25
2019-02-21,5317,True,previous_session_raw_close,common_stock_limit_rules_v1,59.5,59.5,2019-02-20,59.5,65.4,53.6
2019-02-21,8913,True,previous_session_raw_close,common_stock_limit_rules_v1,22.0,22.0,2019-02-20,22.0,24.2,19.8
2019-02-22,1333,True,previous_session_raw_close,common_stock_limit_rules_v1,2.97,2.97,2019-02-21,2.97,3.26,2.68
2019-02-22,3452,True,previous_session_raw_close,common_stock_limit_rules_v1,4.52,4.52,2019-02-21,4.52,4.97,4.07
2019-02-22,3562,True,previous_session_raw_close,common_stock_limit_rules_v1,5.99,5.99,2019-02-21,5.99,6.58,5.4
2019-02-22,5317,True,previous_session_raw_close,common_stock_limit_rules_v1,59.8,59.8,2019-02-21,59.8,65.7,53.9
2019-02-22,8913,True,previous_session_raw_close,common_stock_limit_rules_v1,21.55,21.55,2019-02-21,21.55,23.7,19.4
2019-02-25,1333,True,previous_session_raw_close,common_stock_limit_rules_v1,2.97,2.97,2019-02-22,2.97,3.26,2.68
2019-02-25,3452,True,previous_session_raw_close,common_stock_limit_rules_v1,4.45,4.45,2019-02-22,4.45,4.89,4.01
2019-02-25,3562,True,previous_session_raw_close,common_stock_limit_rules_v1,6.51,6.51,2019-02-22,6.51,7.16,5.86
2019-02-25,5317,True,previous_session_raw_close,common_stock_limit_rules_v1,59.6,59.6,2019-02-22,59.6,65.5,53.7
2019-02-25,8913,True,previous_session_raw_close,common_stock_limit_rules_v1,21.15,21.15,2019-02-22,21.15,23.25,19.05
2019-02-26,1333,True,official_no_close_bid_ask_rule,common_stock_limit_rules_v1,2.96,2.96,2019-02-25,2.96,3.25,2.67
2019-02-26,3452,True,previous_session_raw_close,common_stock_limit_rules_v1,4.45,4.45,2019-02-25,4.45,4.89,4.01
2019-02-26,3562,True,previous_session_raw_close,common_stock_limit_rules_v1,6.3,6.3,2019-02-25,6.3,6.93,5.67
2019-02-26,5317,True,previous_session_raw_close,common_stock_limit_rules_v1,59.7,59.7,2019-02-25,59.7,65.6,53.8
2019-02-26,8913,True,previous_session_raw_close,common_stock_limit_rules_v1,21.05,21.05,2019-02-25,21.05,23.15,18.95
2019-02-27,1333,True,official_no_close_bid_ask_rule,common_stock_limit_rules_v1,2.96,2.96,2019-02-26,2.96,3.25,2.67
2019-02-27,3452,True,previous_session_raw_close,common_stock_limit_rules_v1,4.49,4.49,2019-02-26,4.49,4.93,4.05
2019-02-27,3562,True,previous_session_raw_close,common_stock_limit_rules_v1,6.25,6.25,2019-02-26,6.25,6.87,5.63
2019-02-27,5317,True,previous_session_raw_close,common_stock_limit_rules_v1,58.9,58.9,2019-02-26,58.9,64.7,53.1
2019-02-27,8913,True,previous_session_raw_close,common_stock_limit_rules_v1,20.6,20.6,2019-02-26,20.6,22.65,18.55
2019-03-04,1333,True,previous_session_raw_close,common_stock_limit_rules_v1,2.84,2.84,2019-02-27,2.84,3.12,2.56
2019-03-04,3452,True,previous_session_raw_close,common_stock_limit_rules_v1,4.48,4.48,2019-02-27,4.48,4.92,4.04
2019-03-04,3562,True,previous_session_raw_close,common_stock_limit_rules_v1,6.13,6.13,2019-02-27,6.13,6.74,5.52
2019-03-04,5317,True,previous_session_raw_close,common_stock_limit_rules_v1,57.1,57.1,2019-02-27,57.1,62.8,51.4
2019-03-04,8913,True,previous_session_raw_close,common_stock_limit_rules_v1,21.1,21.1,2019-02-27,21.1,23.2,19.0
2019-03-05,1333,True,previous_session_raw_close,common_stock_limit_rules_v1,2.6,2.6,2019-03-04,2.6,2.86,2.34
2019-03-05,3452,True,previous_session_raw_close,common_stock_limit_rules_v1,4.4,4.4,2019-03-04,4.4,4.84,3.96
2019-03-05,3562,True,previous_session_raw_close,common_stock_limit_rules_v1,5.97,5.97,2019-03-04,5.97,6.56,5.38
2019-03-05,5317,True,previous_session_raw_close,common_stock_limit_rules_v1,58.4,58.4,2019-03-04,58.4,64.2,52.6
2019-03-05,8913,True,previous_session_raw_close,common_stock_limit_rules_v1,21.2,21.2,2019-03-04,21.2,23.3,19.1
2019-03-06,1333,True,previous_session_raw_close,common_stock_limit_rules_v1,2.71,2.71,2019-03-05,2.71,2.98,2.44
2019-03-06,3452,True,previous_session_raw_close,common_stock_limit_rules_v1,4.37,4.37,2019-03-05,4.37,4.8,3.94
2019-03-06,3562,True,previous_session_raw_close,common_stock_limit_rules_v1,6.03,6.03,2019-03-05,6.03,6.63,5.43
2019-03-06,5317,True,previous_session_raw_close,common_stock_limit_rules_v1,57.7,57.7,2019-03-05,57.7,63.4,52.0
2019-03-06,8913,True,previous_session_raw_close,common_stock_limit_rules_v1,21.45,21.45,2019-03-05,21.45,23.55,19.35
2019-03-07,1333,True,previous_session_raw_close,common_stock_limit_rules_v1,2.58,2.58,2019-03-06,2.58,2.83,2.33
2019-03-07,3452,True,previous_session_raw_close,common_stock_limit_rules_v1,4.35,4.35,2019-03-06,4.35,4.78,3.92
2019-03-07,3562,True,previous_session_raw_close,common_stock_limit_rules_v1,6.0,6.0,2019-03-06,6.0,6.6,5.4
2019-03-07,5317,True,previous_session_raw_close,common_stock_limit_rules_v1,57.5,57.5,2019-03-06,57.5,63.2,51.8
2019-03-07,8913,True,previous_session_raw_close,common_stock_limit_rules_v1,21.35,21.35,2019-03-06,21.35,23.45,19.25
2019-03-08,1333,True,official_no_close_bid_ask_rule,common_stock_limit_rules_v1,2.57,2.57,2019-03-07,2.57,2.82,2.32
2019-03-08,3452,True,previous_session_raw_close,common_stock_limit_rules_v1,4.26,4.26,2019-03-07,4.26,4.68,3.84
2019-03-08,3562,True,previous_session_raw_close,common_stock_limit_rules_v1,5.9,5.9,2019-03-07,5.9,6.49,5.31
2019-03-08,5317,True,previous_session_raw_close,common_stock_limit_rules_v1,56.9,56.9,2019-03-07,56.9,62.5,51.3
2019-03-08,8913,True,previous_session_raw_close,common_stock_limit_rules_v1,21.1,21.1,2019-03-07,21.1,23.2,19.0
2019-03-11,1333,True,official_no_close_bid_ask_rule,common_stock_limit_rules_v1,2.56,2.56,2019-03-08,2.56,2.81,2.31
2019-03-11,3452,True,previous_session_raw_close,common_stock_limit_rules_v1,4.19,4.19,2019-03-08,4.19,4.6,3.78
2019-03-11,3562,True,previous_session_raw_close,common_stock_limit_rules_v1,5.81,5.81,2019-03-08,5.81,6.39,5.23
2019-03-11,5317,True,previous_session_raw_close,common_stock_limit_rules_v1,57.6,57.6,2019-03-08,57.6,63.3,51.9
2019-03-11,8913,True,previous_session_raw_close,common_stock_limit_rules_v1,20.85,20.85,2019-03-08,20.85,22.9,18.8
2019-03-12,1333,True,previous_session_raw_close,common_stock_limit_rules_v1,2.6,2.6,2019-03-11,2.6,2.86,2.34
2019-03-12,3452,True,previous_session_raw_close,common_stock_limit_rules_v1,4.2,4.2,2019-03-11,4.2,4.62,3.78
2019-03-12,3562,True,previous_session_raw_close,common_stock_limit_rules_v1,5.81,5.81,2019-03-11,5.81,6.39,5.23
2019-03-12,5317,True,previous_session_raw_close,common_stock_limit_rules_v1,58.1,58.1,2019-03-11,58.1,63.9,52.3
2019-03-12,8913,True,previous_session_raw_close,common_stock_limit_rules_v1,20.65,20.65,2019-03-11,20.65,22.7,18.6
2019-03-13,1333,True,official_no_close_bid_ask_rule,common_stock_limit_rules_v1,2.6,2.6,2019-03-12,2.6,2.86,2.34
2019-03-13,3452,True,previous_session_raw_close,common_stock_limit_rules_v1,4.17,4.17,2019-03-12,4.17,4.58,3.76
2019-03-13,3562,True,previous_session_raw_close,common_stock_limit_rules_v1,5.63,5.63,2019-03-12,5.63,6.19,5.07
2019-03-13,5317,True,previous_session_raw_close,common_stock_limit_rules_v1,57.9,57.9,2019-03-12,57.9,63.6,52.2
2019-03-13,8913,True,previous_session_raw_close,common_stock_limit_rules_v1,20.7,20.7,2019-03-12,20.7,22.75,18.65
2019-03-14,1333,True,official_no_close_bid_ask_rule,common_stock_limit_rules_v1,2.6,2.6,2019-03-13,2.6,2.86,2.34
2019-03-14,3452,True,previous_session_raw_close,common_stock_limit_rules_v1,4.0,4.0,2019-03-13,4.0,4.4,3.6
2019-03-14,3562,True,previous_session_raw_close,common_stock_limit_rules_v1,5.75,5.75,2019-03-13,5.75,6.32,5.18
2019-03-14,5317,True,official_no_close_bid_ask_rule,common_stock_limit_rules_v1,57.9,57.9,2019-03-13,57.9,63.6,52.2
2019-03-14,8913,True,previous_session_raw_close,common_stock_limit_rules_v1,20.6,20.6,2019-03-13,20.6,22.65,18.55
2019-03-15,1333,True,previous_session_raw_close,common_stock_limit_rules_v1,2.6,2.6,2019-03-14,2.6,2.86,2.34
2019-03-15,3452,True,previous_session_raw_close,common_stock_limit_rules_v1,3.99,3.99,2019-03-14,3.99,4.38,3.6
2019-03-15,3562,True,previous_session_raw_close,common_stock_limit_rules_v1,5.8,5.8,2019-03-14,5.8,6.38,5.22
2019-03-15,5317,True,previous_session_raw_close,common_stock_limit_rules_v1,53.8,53.8,2019-03-14,53.8,59.1,48.45
2019-03-15,8913,True,previous_session_raw_close,common_stock_limit_rules_v1,20.5,20.5,2019-03-14,20.5,22.55,18.45
2019-03-18,1333,True,official_no_close_bid_ask_rule,common_stock_limit_rules_v1,2.6,2.6,2019-03-15,2.6,2.86,2.34
2019-03-18,3452,True,previous_session_raw_close,common_stock_limit_rules_v1,3.91,3.91,2019-03-15,3.91,4.3,3.52
2019-03-18,3562,True,previous_session_raw_close,common_stock_limit_rules_v1,5.87,5.87,2019-03-15,5.87,6.45,5.29
2019-03-18,5317,True,previous_session_raw_close,common_stock_limit_rules_v1,54.5,54.5,2019-03-15,54.5,59.9,49.05
2019-03-18,8913,True,previous_session_raw_close,common_stock_limit_rules_v1,20.55,20.55,2019-03-15,20.55,22.6,18.5
2019-03-19,1333,True,previous_session_raw_close,common_stock_limit_rules_v1,2.49,2.49,2019-03-18,2.49,2.73,2.25
2019-03-19,3452,True,previous_session_raw_close,common_stock_limit_rules_v1,3.85,3.85,2019-03-18,3.85,4.23,3.47
2019-03-19,3562,True,previous_session_raw_close,common_stock_limit_rules_v1,5.8,5.8,2019-03-18,5.8,6.38,5.22
2019-03-19,5317,True,previous_session_raw_close,common_stock_limit_rules_v1,53.6,53.6,2019-03-18,53.6,58.9,48.25
2019-03-19,8913,True,previous_session_raw_close,common_stock_limit_rules_v1,20.45,20.45,2019-03-18,20.45,22.45,18.45
2019-03-20,1333,True,previous_session_raw_close,common_stock_limit_rules_v1,2.5,2.5,2019-03-19,2.5,2.75,2.25
2019-03-20,3452,True,previous_session_raw_close,common_stock_limit_rules_v1,3.93,3.93,2019-03-19,3.93,4.32,3.54
2019-03-20,3562,True,previous_session_raw_close,common_stock_limit_rules_v1,5.75,5.75,2019-03-19,5.75,6.32,5.18
2019-03-20,5317,True,previous_session_raw_close,common_stock_limit_rules_v1,53.4,53.4,2019-03-19,53.4,58.7,48.1
2019-03-20,8913,True,previous_session_raw_close,common_stock_limit_rules_v1,20.2,20.2,2019-03-19,20.2,22.2,18.2
2019-03-21,1333,True,previous_session_raw_close,common_stock_limit_rules_v1,2.5,2.5,2019-03-20,2.5,2.75,2.25
2019-03-21,3452,True,previous_session_raw_close,common_stock_limit_rules_v1,3.9,3.9,2019-03-20,3.9,4.29,3.51
2019-03-21,3562,True,previous_session_raw_close,common_stock_limit_rules_v1,5.8,5.8,2019-03-20,5.8,6.38,5.22
2019-03-21,5317,True,previous_session_raw_close,common_stock_limit_rules_v1,53.0,53.0,2019-03-20,53.0,58.3,47.7
2019-03-21,8913,True,previous_session_raw_close,common_stock_limit_rules_v1,20.15,20.15,2019-03-20,20.15,22.15,18.15
2019-03-22,1333,True,previous_session_raw_close,common_stock_limit_rules_v1,2.5,2.5,2019-03-21,2.5,2.75,2.25
2019-03-22,3452,True,previous_session_raw_close,common_stock_limit_rules_v1,3.77,3.77,2019-03-21,3.77,4.14,3.4
2019-03-22,3562,True,previous_session_raw_close,common_stock_limit_rules_v1,6.0,6.0,2019-03-21,6.0,6.6,5.4
2019-03-22,5317,True,previous_session_raw_close,common_stock_limit_rules_v1,53.2,53.2,2019-03-21,53.2,58.5,47.9
2019-03-22,8913,True,previous_session_raw_close,common_stock_limit_rules_v1,20.25,20.25,2019-03-21,20.25,22.25,18.25
2019-03-25,1333,True,previous_session_raw_close,common_stock_limit_rules_v1,2.45,2.45,2019-03-22,2.45,2.69,2.21
2019-03-25,3452,True,previous_session_raw_close,common_stock_limit_rules_v1,3.71,3.71,2019-03-22,3.71,4.08,3.34
2019-03-25,3562,True,previous_session_raw_close,common_stock_limit_rules_v1,5.9,5.9,2019-03-22,5.9,6.49,5.31
2019-03-25,5317,True,previous_session_raw_close,common_stock_limit_rules_v1,54.1,54.1,2019-03-22,54.1,59.5,48.7
2019-03-25,8913,True,previous_session_raw_close,common_stock_limit_rules_v1,20.1,20.1,2019-03-22,20.1,22.1,18.1
2019-03-26,1333,True,official_no_close_bid_ask_rule,common_stock_limit_rules_v1,2.45,2.45,2019-03-25,2.45,2.69,2.21
2019-03-26,3452,True,previous_session_raw_close,common_stock_limit_rules_v1,3.7,3.7,2019-03-25,3.7,4.07,3.33
2019-03-26,3562,True,previous_session_raw_close,common_stock_limit_rules_v1,5.9,5.9,2019-03-25,5.9,6.49,5.31
2019-03-26,5317,True,previous_session_raw_close,common_stock_limit_rules_v1,53.1,53.1,2019-03-25,53.1,58.4,47.8
2019-03-26,8913,True,previous_session_raw_close,common_stock_limit_rules_v1,19.95,19.95,2019-03-25,19.95,21.9,18.0
2019-03-27,1333,True,previous_session_raw_close,common_stock_limit_rules_v1,2.3,2.3,2019-03-26,2.3,2.53,2.07
2019-03-27,3452,True,previous_session_raw_close,common_stock_limit_rules_v1,3.73,3.73,2019-03-26,3.73,4.1,3.36
2019-03-27,3562,True,previous_session_raw_close,common_stock_limit_rules_v1,6.49,6.49,2019-03-26,6.49,7.13,5.85
2019-03-27,5317,True,previous_session_raw_close,common_stock_limit_rules_v1,52.5,52.5,2019-03-26,52.5,57.7,47.25
2019-03-27,8913,True,previous_session_raw_close,common_stock_limit_rules_v1,19.9,19.9,2019-03-26,19.9,21.85,17.95
2019-03-28,1333,True,previous_session_raw_close,common_stock_limit_rules_v1,2.35,2.35,2019-03-27,2.35,2.58,2.12
2019-03-28,3452,True,previous_session_raw_close,common_stock_limit_rules_v1,3.59,3.59,2019-03-27,3.59,3.94,3.24
2019-03-28,3562,True,previous_session_raw_close,common_stock_limit_rules_v1,6.42,6.42,2019-03-27,6.42,7.06,5.78
2019-03-28,5317,True,previous_session_raw_close,common_stock_limit_rules_v1,52.8,52.8,2019-03-27,52.8,58.0,47.55
2019-03-28,8913,True,previous_session_raw_close,common_stock_limit_rules_v1,20.0,20.0,2019-03-27,20.0,22.0,18.0
2019-03-29,1333,True,previous_session_raw_close,common_stock_limit_rules_v1,2.34,2.34,2019-03-28,2.34,2.57,2.11
2019-03-29,3452,True,previous_session_raw_close,common_stock_limit_rules_v1,3.54,3.54,2019-03-28,3.54,3.89,3.19
2019-03-29,3562,True,previous_session_raw_close,common_stock_limit_rules_v1,6.4,6.4,2019-03-28,6.4,7.04,5.76
2019-03-29,5317,True,previous_session_raw_close,common_stock_limit_rules_v1,52.6,52.6,2019-03-28,52.6,57.8,47.35
2019-03-29,8913,True,previous_session_raw_close,common_stock_limit_rules_v1,20.6,20.6,2019-03-28,20.6,22.65,18.55
2019-04-01,1333,True,previous_session_raw_close,common_stock_limit_rules_v1,2.38,2.38,2019-03-29,2.38,2.61,2.15
2019-04-01,3452,True,previous_session_raw_close,common_stock_limit_rules_v1,3.53,3.53,2019-03-29,3.53,3.88,3.18
2019-04-01,3562,True,previous_session_raw_close,common_stock_limit_rules_v1,6.39,6.39,2019-03-29,6.39,7.02,5.76
2019-04-01,5317,True,previous_session_raw_close,common_stock_limit_rules_v1,52.8,52.8,2019-03-29,52.8,58.0,47.55
2019-04-01,8913,True,previous_session_raw_close,common_stock_limit_rules_v1,20.35,20.35,2019-03-29,20.35,22.35,18.35
2019-04-02,1333,True,previous_session_raw_close,common_stock_limit_rules_v1,2.3,2.3,2019-04-01,2.3,2.53,2.07
2019-04-02,3452,True,previous_session_raw_close,common_stock_limit_rules_v1,3.43,3.43,2019-04-01,3.43,3.77,3.09
2019-04-02,3562,True,previous_session_raw_close,common_stock_limit_rules_v1,7.02,7.02,2019-04-01,7.02,7.72,6.32
2019-04-02,5317,True,previous_session_raw_close,common_stock_limit_rules_v1,52.7,52.7,2019-04-01,52.7,57.9,47.45
2019-04-02,8913,True,previous_session_raw_close,common_stock_limit_rules_v1,20.3,20.3,2019-04-01,20.3,22.3,18.3
2019-04-03,1333,True,previous_session_raw_close,common_stock_limit_rules_v1,2.3,2.3,2019-04-02,2.3,2.53,2.07
2019-04-03,3452,True,previous_session_raw_close,common_stock_limit_rules_v1,3.32,3.32,2019-04-02,3.32,3.65,2.99
2019-04-03,3562,True,previous_session_raw_close,common_stock_limit_rules_v1,7.72,7.72,2019-04-02,7.72,8.49,6.95
2019-04-03,5317,True,previous_session_raw_close,common_stock_limit_rules_v1,53.1,53.1,2019-04-02,53.1,58.4,47.8
2019-04-03,8913,True,previous_session_raw_close,common_stock_limit_rules_v1,20.1,20.1,2019-04-02,20.1,22.1,18.1
2019-04-08,1333,True,previous_session_raw_close,common_stock_limit_rules_v1,2.23,2.23,2019-04-03,2.23,2.45,2.01
2019-04-08,3452,True,previous_session_raw_close,common_stock_limit_rules_v1,3.23,3.23,2019-04-03,3.23,3.55,2.91
2019-04-08,3562,True,previous_session_raw_close,common_stock_limit_rules_v1,8.49,8.49,2019-04-03,8.49,9.33,7.65
2019-04-08,5317,True,previous_session_raw_close,common_stock_limit_rules_v1,53.5,53.5,2019-04-03,53.5,58.8,48.15
2019-04-08,8913,True,previous_session_raw_close,common_stock_limit_rules_v1,20.1,20.1,2019-04-03,20.1,22.1,18.1
2019-04-09,1333,True,previous_session_raw_close,common_stock_limit_rules_v1,2.11,2.11,2019-04-08,2.11,2.32,1.9
2019-04-09,3452,True,previous_session_raw_close,common_stock_limit_rules_v1,3.32,3.32,2019-04-08,3.32,3.65,2.99
2019-04-09,3562,True,previous_session_raw_close,common_stock_limit_rules_v1,8.78,8.78,2019-04-08,8.78,9.65,7.91
2019-04-09,5317,True,previous_session_raw_close,common_stock_limit_rules_v1,54.3,54.3,2019-04-08,54.3,59.7,48.9
2019-04-09,8913,True,previous_session_raw_close,common_stock_limit_rules_v1,19.95,19.95,2019-04-08,19.95,21.9,18.0
2019-04-10,1333,True,previous_session_raw_close,common_stock_limit_rules_v1,2.03,2.03,2019-04-09,2.03,2.23,1.83
2019-04-10,3452,True,previous_session_raw_close,common_stock_limit_rules_v1,3.33,3.33,2019-04-09,3.33,3.66,3.0
2019-04-10,3562,True,previous_session_raw_close,common_stock_limit_rules_v1,8.65,8.65,2019-04-09,8.65,9.51,7.79
2019-04-10,5317,True,previous_session_raw_close,common_stock_limit_rules_v1,55.6,55.6,2019-04-09,55.6,61.1,50.1
2019-04-10,8913,True,previous_session_raw_close,common_stock_limit_rules_v1,20.0,20.0,2019-04-09,20.0,22.0,18.0
2019-04-11,1333,True,previous_session_raw_close,common_stock_limit_rules_v1,2.1,2.1,2019-04-10,2.1,2.31,1.89
2019-04-11,3452,True,previous_session_raw_close,common_stock_limit_rules_v1,3.46,3.46,2019-04-10,3.46,3.8,3.12
2019-04-11,3562,True,previous_session_raw_close,common_stock_limit_rules_v1,8.49,8.49,2019-04-10,8.49,9.33,7.65
2019-04-11,5317,True,previous_session_raw_close,common_stock_limit_rules_v1,55.2,55.2,2019-04-10,55.2,60.7,49.7
2019-04-11,8913,True,previous_session_raw_close,common_stock_limit_rules_v1,20.25,20.25,2019-04-10,20.25,22.25,18.25
2019-04-12,1333,True,official_no_close_bid_ask_rule,common_stock_limit_rules_v1,2.1,2.1,2019-04-11,2.1,2.31,1.89
2019-04-12,3452,True,previous_session_raw_close,common_stock_limit_rules_v1,3.48,3.48,2019-04-11,3.48,3.82,3.14
2019-04-12,3562,True,previous_session_raw_close,common_stock_limit_rules_v1,8.2,8.2,2019-04-11,8.2,9.02,7.38
2019-04-12,5317,True,previous_session_raw_close,common_stock_limit_rules_v1,55.0,55.0,2019-04-11,55.0,60.5,49.5
2019-04-12,8913,True,previous_session_raw_close,common_stock_limit_rules_v1,20.0,20.0,2019-04-11,20.0,22.0,18.0
2019-04-15,1333,True,official_no_close_bid_ask_rule,common_stock_limit_rules_v1,2.1,2.1,2019-04-12,2.1,2.31,1.89
2019-04-15,3452,True,previous_session_raw_close,common_stock_limit_rules_v1,3.47,3.47,2019-04-12,3.47,3.81,3.13
2019-04-15,3562,True,previous_session_raw_close,common_stock_limit_rules_v1,8.2,8.2,2019-04-12,8.2,9.02,7.38
2019-04-15,5317,True,previous_session_raw_close,common_stock_limit_rules_v1,54.7,54.7,2019-04-12,54.7,60.1,49.25
2019-04-15,8913,True,previous_session_raw_close,common_stock_limit_rules_v1,20.0,20.0,2019-04-12,20.0,22.0,18.0
2019-04-16,1333,True,official_no_close_bid_ask_rule,common_stock_limit_rules_v1,2.1,2.1,2019-04-15,2.1,2.31,1.89
2019-04-16,3452,True,previous_session_raw_close,common_stock_limit_rules_v1,3.48,3.48,2019-04-15,3.48,3.82,3.14
2019-04-16,3562,True,previous_session_raw_close,common_stock_limit_rules_v1,8.0,8.0,2019-04-15,8.0,8.8,7.2
2019-04-16,5317,True,previous_session_raw_close,common_stock_limit_rules_v1,55.2,55.2,2019-04-15,55.2,60.7,49.7
2019-04-16,8913,True,previous_session_raw_close,common_stock_limit_rules_v1,20.35,20.35,2019-04-15,20.35,22.35,18.35
2019-04-17,1333,True,previous_session_raw_close,common_stock_limit_rules_v1,2.1,2.1,2019-04-16,2.1,2.31,1.89
2019-04-17,3452,True,previous_session_raw_close,common_stock_limit_rules_v1,3.48,3.48,2019-04-16,3.48,3.82,3.14
2019-04-17,3562,True,previous_session_raw_close,common_stock_limit_rules_v1,7.8,7.8,2019-04-16,7.8,8.58,7.02
2019-04-17,5317,True,previous_session_raw_close,common_stock_limit_rules_v1,56.3,56.3,2019-04-16,56.3,61.9,50.7
2019-04-17,8913,True,previous_session_raw_close,common_stock_limit_rules_v1,20.05,20.05,2019-04-16,20.05,22.05,18.05
2019-04-18,1333,True,previous_session_raw_close,common_stock_limit_rules_v1,2.0,2.0,2019-04-17,2.0,2.2,1.8
2019-04-18,3452,True,previous_session_raw_close,common_stock_limit_rules_v1,3.49,3.49,2019-04-17,3.49,3.83,3.15
2019-04-18,3562,True,previous_session_raw_close,common_stock_limit_rules_v1,7.53,7.53,2019-04-17,7.53,8.28,6.78
2019-04-18,5317,True,previous_session_raw_close,common_stock_limit_rules_v1,56.1,56.1,2019-04-17,56.1,61.7,50.5
2019-04-18,8913,True,previous_session_raw_close,common_stock_limit_rules_v1,20.2,20.2,2019-04-17,20.2,22.2,18.2
2019-04-19,1333,True,previous_session_raw_close,common_stock_limit_rules_v1,2.04,2.04,2019-04-18,2.04,2.24,1.84
2019-04-19,3452,True,previous_session_raw_close,common_stock_limit_rules_v1,3.49,3.49,2019-04-18,3.49,3.83,3.15
2019-04-19,3562,True,previous_session_raw_close,common_stock_limit_rules_v1,7.49,7.49,2019-04-18,7.49,8.23,6.75
2019-04-19,5317,True,previous_session_raw_close,common_stock_limit_rules_v1,54.6,54.6,2019-04-18,54.6,60.0,49.15
2019-04-19,8913,True,previous_session_raw_close,common_stock_limit_rules_v1,20.05,20.05,2019-04-18,20.05,22.05,18.05
2019-04-22,1333,True,previous_session_raw_close,common_stock_limit_rules_v1,2.04,2.04,2019-04-19,2.04,2.24,1.84
2019-04-22,3452,True,previous_session_raw_close,common_stock_limit_rules_v1,3.24,3.24,2019-04-19,3.24,3.56,2.92
2019-04-22,3562,True,previous_session_raw_close,common_stock_limit_rules_v1,8.22,8.22,2019-04-19,8.22,9.04,7.4
2019-04-22,5317,True,previous_session_raw_close,common_stock_limit_rules_v1,55.1,55.1,2019-04-19,55.1,60.6,49.6
2019-04-22,8913,True,previous_session_raw_close,common_stock_limit_rules_v1,20.15,20.15,2019-04-19,20.15,22.15,18.15
2019-04-23,1333,True,previous_session_raw_close,common_stock_limit_rules_v1,2.05,2.05,2019-04-22,2.05,2.25,1.85
2019-04-23,3452,True,official_no_close_bid_ask_rule,common_stock_limit_rules_v1,3.24,3.24,2019-04-22,3.24,3.56,2.92
2019-04-23,3562,True,previous_session_raw_close,common_stock_limit_rules_v1,8.16,8.16,2019-04-22,8.16,8.97,7.35
2019-04-23,5317,True,previous_session_raw_close,common_stock_limit_rules_v1,55.0,55.0,2019-04-22,55.0,60.5,49.5
2019-04-23,8913,True,previous_session_raw_close,common_stock_limit_rules_v1,20.05,20.05,2019-04-22,20.05,22.05,18.05
2019-04-24,1333,True,previous_session_raw_close,common_stock_limit_rules_v1,2.03,2.03,2019-04-23,2.03,2.23,1.83
2019-04-24,3452,True,previous_session_raw_close,common_stock_limit_rules_v1,2.92,2.92,2019-04-23,2.92,3.21,2.63
2019-04-24,3562,True,previous_session_raw_close,common_stock_limit_rules_v1,7.89,7.89,2019-04-23,7.89,8.67,7.11
2019-04-24,5317,True,previous_session_raw_close,common_stock_limit_rules_v1,54.7,54.7,2019-04-23,54.7,60.1,49.25
2019-04-24,8913,True,previous_session_raw_close,common_stock_limit_rules_v1,20.1,20.1,2019-04-23,20.1,22.1,18.1
2019-04-25,1333,True,previous_session_raw_close,common_stock_limit_rules_v1,2.06,2.06,2019-04-24,2.06,2.26,1.86
2019-04-25,3452,True,previous_session_raw_close,common_stock_limit_rules_v1,2.63,2.63,2019-04-24,2.63,2.89,2.37
2019-04-25,3562,True,previous_session_raw_close,common_stock_limit_rules_v1,7.85,7.85,2019-04-24,7.85,8.63,7.07
2019-04-25,5317,True,previous_session_raw_close,common_stock_limit_rules_v1,55.7,55.7,2019-04-24,55.7,61.2,50.2
2019-04-25,8913,True,previous_session_raw_close,common_stock_limit_rules_v1,20.05,20.05,2019-04-24,20.05,22.05,18.05
2019-04-26,1333,True,official_no_close_bid_ask_rule,common_stock_limit_rules_v1,2.06,2.06,2019-04-25,2.06,2.26,1.86
2019-04-26,3452,True,previous_session_raw_close,common_stock_limit_rules_v1,2.89,2.89,2019-04-25,2.89,3.17,2.61
2019-04-26,3562,True,previous_session_raw_close,common_stock_limit_rules_v1,7.99,7.99,2019-04-25,7.99,8.78,7.2
2019-04-26,5317,True,previous_session_raw_close,common_stock_limit_rules_v1,55.0,55.0,2019-04-25,55.0,60.5,49.5
2019-04-26,8913,True,previous_session_raw_close,common_stock_limit_rules_v1,20.0,20.0,2019-04-25,20.0,22.0,18.0
2019-04-29,1333,True,official_no_close_bid_ask_rule,common_stock_limit_rules_v1,2.06,2.06,2019-04-26,2.06,2.26,1.86
2019-04-29,3452,True,previous_session_raw_close,common_stock_limit_rules_v1,2.93,2.93,2019-04-26,2.93,3.22,2.64
2019-04-29,3562,True,previous_session_raw_close,common_stock_limit_rules_v1,7.8,7.8,2019-04-26,7.8,8.58,7.02
2019-04-29,5317,True,previous_session_raw_close,common_stock_limit_rules_v1,57.0,57.0,2019-04-26,57.0,62.7,51.3
2019-04-29,8913,True,previous_session_raw_close,common_stock_limit_rules_v1,19.95,19.95,2019-04-26,19.95,21.9,18.0
2019-04-30,1333,True,previous_session_raw_close,common_stock_limit_rules_v1,1.95,1.95,2019-04-29,1.95,2.14,1.76
2019-04-30,3452,True,previous_session_raw_close,common_stock_limit_rules_v1,2.87,2.87,2019-04-29,2.87,3.15,2.59
2019-04-30,3562,True,previous_session_raw_close,common_stock_limit_rules_v1,7.65,7.65,2019-04-29,7.65,8.41,6.89
2019-04-30,5317,True,previous_session_raw_close,common_stock_limit_rules_v1,55.8,55.8,2019-04-29,55.8,61.3,50.3
2019-04-30,8913,True,previous_session_raw_close,common_stock_limit_rules_v1,19.7,19.7,2019-04-29,19.7,21.65,17.75
2019-05-02,1333,True,previous_session_raw_close,common_stock_limit_rules_v1,1.95,1.95,2019-04-30,1.95,2.14,1.76
2019-05-02,3452,True,previous_session_raw_close,common_stock_limit_rules_v1,2.85,2.85,2019-04-30,2.85,3.13,2.57
2019-05-02,3562,True,previous_session_raw_close,common_stock_limit_rules_v1,7.83,7.83,2019-04-30,7.83,8.61,7.05
2019-05-02,5317,True,previous_session_raw_close,common_stock_limit_rules_v1,55.9,55.9,2019-04-30,55.9,61.4,50.4
2019-05-02,8913,True,previous_session_raw_close,common_stock_limit_rules_v1,18.9,18.9,2019-04-30,18.9,20.75,17.05
2019-05-03,1333,True,previous_session_raw_close,common_stock_limit_rules_v1,1.99,1.99,2019-05-02,1.99,2.18,1.8
2019-05-03,3452,True,previous_session_raw_close,common_stock_limit_rules_v1,2.72,2.72,2019-05-02,2.72,2.99,2.45
2019-05-03,3562,True,previous_session_raw_close,common_stock_limit_rules_v1,7.66,7.66,2019-05-02,7.66,8.42,6.9
2019-05-03,5317,True,previous_session_raw_close,common_stock_limit_rules_v1,55.7,55.7,2019-05-02,55.7,61.2,50.2
2019-05-03,8913,True,previous_session_raw_close,common_stock_limit_rules_v1,19.2,19.2,2019-05-02,19.2,21.1,17.3
2019-05-06,1333,True,previous_session_raw_close,common_stock_limit_rules_v1,1.99,1.99,2019-05-03,1.99,2.18,1.8
2019-05-06,3452,True,previous_session_raw_close,common_stock_limit_rules_v1,2.71,2.71,2019-05-03,2.71,2.98,2.44
2019-05-06,3562,True,previous_session_raw_close,common_stock_limit_rules_v1,7.65,7.65,2019-05-03,7.65,8.41,6.89
2019-05-06,5317,True,previous_session_raw_close,common_stock_limit_rules_v1,55.8,55.8,2019-05-03,55.8,61.3,50.3
2019-05-06,8913,True,previous_session_raw_close,common_stock_limit_rules_v1,19.05,19.05,2019-05-03,19.05,20.95,17.15
2019-05-07,1333,True,previous_session_raw_close,common_stock_limit_rules_v1,1.96,1.96,2019-05-06,1.96,2.15,1.77
2019-05-07,3452,True,previous_session_raw_close,common_stock_limit_rules_v1,2.69,2.69,2019-05-06,2.69,2.95,2.43
2019-05-07,3562,True,previous_session_raw_close,common_stock_limit_rules_v1,7.61,7.61,2019-05-06,7.61,8.37,6.85
2019-05-07,5317,True,previous_session_raw_close,common_stock_limit_rules_v1,54.3,54.3,2019-05-06,54.3,59.7,48.9
2019-05-07,8913,True,previous_session_raw_close,common_stock_limit_rules_v1,18.8,18.8,2019-05-06,18.8,20.65,16.95
2019-05-08,1333,True,previous_session_raw_close,common_stock_limit_rules_v1,2.0,2.0,2019-05-07,2.0,2.2,1.8
2019-05-08,3452,True,previous_session_raw_close,common_stock_limit_rules_v1,2.84,2.84,2019-05-07,2.84,3.12,2.56
2019-05-08,3562,True,previous_session_raw_close,common_stock_limit_rules_v1,7.91,7.91,2019-05-07,7.91,8.7,7.12
2019-05-08,5317,True,previous_session_raw_close,common_stock_limit_rules_v1,55.7,55.7,2019-05-07,55.7,61.2,50.2
2019-05-08,8913,True,previous_session_raw_close,common_stock_limit_rules_v1,18.85,18.85,2019-05-07,18.85,20.7,17.0
2019-05-09,1333,True,previous_session_raw_close,common_stock_limit_rules_v1,1.94,1.94,2019-05-08,1.94,2.13,1.75
2019-05-09,3452,True,previous_session_raw_close,common_stock_limit_rules_v1,3.12,3.12,2019-05-08,3.12,3.43,2.81
2019-05-09,3562,True,previous_session_raw_close,common_stock_limit_rules_v1,7.73,7.73,2019-05-08,7.73,8.5,6.96
2019-05-09,5317,True,previous_session_raw_close,common_stock_limit_rules_v1,55.7,55.7,2019-05-08,55.7,61.2,50.2
2019-05-09,8913,True,previous_session_raw_close,common_stock_limit_rules_v1,19.05,19.05,2019-05-08,19.05,20.95,17.15
2019-05-10,1333,True,previous_session_raw_close,common_stock_limit_rules_v1,1.97,1.97,2019-05-09,1.97,2.16,1.78
2019-05-10,3452,True,previous_session_raw_close,common_stock_limit_rules_v1,3.04,3.04,2019-05-09,3.04,3.34,2.74
2019-05-10,3562,True,official_no_close_bid_ask_rule,common_stock_limit_rules_v1,7.73,7.73,2019-05-09,7.73,8.5,6.96
2019-05-10,5317,True,previous_session_raw_close,common_stock_limit_rules_v1,54.2,54.2,2019-05-09,54.2,59.6,48.8
2019-05-10,8913,True,previous_session_raw_close,common_stock_limit_rules_v1,18.85,18.85,2019-05-09,18.85,20.7,17.0
2019-05-13,1333,True,previous_session_raw_close,common_stock_limit_rules_v1,1.9,1.9,2019-05-10,1.9,2.09,1.71
2019-05-13,3452,True,previous_session_raw_close,common_stock_limit_rules_v1,2.81,2.81,2019-05-10,2.81,3.09,2.53
2019-05-13,3562,True,previous_session_raw_close,common_stock_limit_rules_v1,8.08,8.08,2019-05-10,8.08,8.88,7.28
2019-05-13,5317,True,previous_session_raw_close,common_stock_limit_rules_v1,53.5,53.5,2019-05-10,53.5,58.8,48.15
2019-05-13,8913,True,previous_session_raw_close,common_stock_limit_rules_v1,18.9,18.9,2019-05-10,18.9,20.75,17.05
2019-05-14,1333,True,previous_session_raw_close,common_stock_limit_rules_v1,1.86,1.86,2019-05-13,1.86,2.04,1.68
2019-05-14,3452,True,previous_session_raw_close,common_stock_limit_rules_v1,2.78,2.78,2019-05-13,2.78,3.05,2.51
2019-05-14,3562,True,previous_session_raw_close,common_stock_limit_rules_v1,7.91,7.91,2019-05-13,7.91,8.7,7.12
2019-05-14,5317,True,previous_session_raw_close,common_stock_limit_rules_v1,51.6,51.6,2019-05-13,51.6,56.7,46.45
2019-05-14,8913,True,previous_session_raw_close,common_stock_limit_rules_v1,17.7,17.7,2019-05-13,17.7,19.45,15.95
2019-05-15,1333,True,official_no_close_bid_ask_rule,common_stock_limit_rules_v1,1.86,1.86,2019-05-14,1.86,2.04,1.68
2019-05-15,3452,True,previous_session_raw_close,common_stock_limit_rules_v1,2.82,2.82,2019-05-14,2.82,3.1,2.54
2019-05-15,3562,True,previous_session_raw_close,common_stock_limit_rules_v1,7.9,7.9,2019-05-14,7.9,8.69,7.11
2019-05-15,5317,True,previous_session_raw_close,common_stock_limit_rules_v1,51.6,51.6,2019-05-14,51.6,56.7,46.45
2019-05-15,8913,True,previous_session_raw_close,common_stock_limit_rules_v1,17.2,17.2,2019-05-14,17.2,18.9,15.5
2019-05-16,1333,True,previous_session_raw_close,common_stock_limit_rules_v1,1.83,1.83,2019-05-15,1.83,2.01,1.65
2019-05-16,3452,True,previous_session_raw_close,common_stock_limit_rules_v1,2.84,2.84,2019-05-15,2.84,3.12,2.56
2019-05-16,3562,True,previous_session_raw_close,common_stock_limit_rules_v1,7.73,7.73,2019-05-15,7.73,8.5,6.96
2019-05-16,5317,True,previous_session_raw_close,common_stock_limit_rules_v1,51.8,51.8,2019-05-15,51.8,56.9,46.65
2019-05-16,8913,True,previous_session_raw_close,common_stock_limit_rules_v1,17.35,17.35,2019-05-15,17.35,19.05,15.65
2019-05-17,1333,True,previous_session_raw_close,common_stock_limit_rules_v1,1.92,1.92,2019-05-16,1.92,2.11,1.73
2019-05-17,3452,True,previous_session_raw_close,common_stock_limit_rules_v1,2.88,2.88,2019-05-16,2.88,3.16,2.6
2019-05-17,3562,True,previous_session_raw_close,common_stock_limit_rules_v1,7.88,7.88,2019-05-16,7.88,8.66,7.1
2019-05-17,5317,True,previous_session_raw_close,common_stock_limit_rules_v1,51.5,51.5,2019-05-16,51.5,56.6,46.35
2019-05-17,8913,True,previous_session_raw_close,common_stock_limit_rules_v1,17.1,17.1,2019-05-16,17.1,18.8,15.4
2019-05-20,1333,True,previous_session_raw_close,common_stock_limit_rules_v1,1.89,1.89,2019-05-17,1.89,2.07,1.71
2019-05-20,3452,True,previous_session_raw_close,common_stock_limit_rules_v1,2.93,2.93,2019-05-17,2.93,3.22,2.64
2019-05-20,3562,True,previous_session_raw_close,common_stock_limit_rules_v1,7.72,7.72,2019-05-17,7.72,8.49,6.95
2019-05-20,5317,True,previous_session_raw_close,common_stock_limit_rules_v1,51.2,51.2,2019-05-17,51.2,56.3,46.1
2019-05-20,8913,True,previous_session_raw_close,common_stock_limit_rules_v1,15.85,15.85,2019-05-17,15.85,17.4,14.3
2019-05-21,1333,True,previous_session_raw_close,common_stock_limit_rules_v1,1.9,1.9,2019-05-20,1.9,2.09,1.71
2019-05-21,3452,True,previous_session_raw_close,common_stock_limit_rules_v1,2.84,2.84,2019-05-20,2.84,3.12,2.56
2019-05-21,3562,True,previous_session_raw_close,common_stock_limit_rules_v1,7.58,7.58,2019-05-20,7.58,8.33,6.83
2019-05-21,5317,True,previous_session_raw_close,common_stock_limit_rules_v1,52.1,52.1,2019-05-20,52.1,57.3,46.9
2019-05-21,8913,True,previous_session_raw_close,common_stock_limit_rules_v1,16.35,16.35,2019-05-20,16.35,17.95,14.75
2019-05-22,1333,True,official_no_close_bid_ask_rule,common_stock_limit_rules_v1,1.89,1.89,2019-05-21,1.89,2.07,1.71
2019-05-22,3452,True,previous_session_raw_close,common_stock_limit_rules_v1,2.8,2.8,2019-05-21,2.8,3.08,2.52
2019-05-22,3562,True,previous_session_raw_close,common_stock_limit_rules_v1,7.59,7.59,2019-05-21,7.59,8.34,6.84
2019-05-22,5317,True,previous_session_raw_close,common_stock_limit_rules_v1,52.4,52.4,2019-05-21,52.4,57.6,47.2
2019-05-22,8913,True,previous_session_raw_close,common_stock_limit_rules_v1,16.35,16.35,2019-05-21,16.35,17.95,14.75
2019-05-23,1333,True,previous_session_raw_close,common_stock_limit_rules_v1,1.85,1.85,2019-05-22,1.85,2.03,1.67
2019-05-23,3452,True,previous_session_raw_close,common_stock_limit_rules_v1,2.8,2.8,2019-05-22,2.8,3.08,2.52
2019-05-23,3562,True,previous_session_raw_close,common_stock_limit_rules_v1,7.61,7.61,2019-05-22,7.61,8.37,6.85
2019-05-23,5317,True,previous_session_raw_close,common_stock_limit_rules_v1,52.2,52.2,2019-05-22,52.2,57.4,47.0
2019-05-23,8913,True,previous_session_raw_close,common_stock_limit_rules_v1,16.7,16.7,2019-05-22,16.7,18.35,15.05
2019-05-24,1333,True,previous_session_raw_close,common_stock_limit_rules_v1,1.77,1.77,2019-05-23,1.77,1.94,1.6
2019-05-24,3452,True,previous_session_raw_close,common_stock_limit_rules_v1,2.82,2.82,2019-05-23,2.82,3.1,2.54
2019-05-24,3562,True,previous_session_raw_close,common_stock_limit_rules_v1,7.36,7.36,2019-05-23,7.36,8.09,6.63
2019-05-24,5317,True,previous_session_raw_close,common_stock_limit_rules_v1,51.4,51.4,2019-05-23,51.4,56.5,46.3
2019-05-24,8913,True,previous_session_raw_close,common_stock_limit_rules_v1,16.2,16.2,2019-05-23,16.2,17.8,14.6
2019-05-27,1333,True,previous_session_raw_close,common_stock_limit_rules_v1,1.78,1.78,2019-05-24,1.78,1.95,1.61
2019-05-27,3452,True,previous_session_raw_close,common_stock_limit_rules_v1,2.76,2.76,2019-05-24,2.76,3.03,2.49
2019-05-27,3562,True,previous_session_raw_close,common_stock_limit_rules_v1,7.5,7.5,2019-05-24,7.5,8.25,6.75
2019-05-27,5317,True,previous_session_raw_close,common_stock_limit_rules_v1,51.2,51.2,2019-05-24,51.2,56.3,46.1
2019-05-27,8913,True,previous_session_raw_close,common_stock_limit_rules_v1,15.75,15.75,2019-05-24,15.75,17.3,14.2
2019-05-28,1333,True,previous_session_raw_close,common_stock_limit_rules_v1,1.8,1.8,2019-05-27,1.8,1.98,1.62
2019-05-28,3452,True,previous_session_raw_close,common_stock_limit_rules_v1,2.78,2.78,2019-05-27,2.78,3.05,2.51
2019-05-28,3562,True,previous_session_raw_close,common_stock_limit_rules_v1,7.5,7.5,2019-05-27,7.5,8.25,6.75
2019-05-28,5317,True,previous_session_raw_close,common_stock_limit_rules_v1,51.2,51.2,2019-05-27,51.2,56.3,46.1
2019-05-28,8913,True,previous_session_raw_close,common_stock_limit_rules_v1,16.35,16.35,2019-05-27,16.35,17.95,14.75
2019-05-29,1333,True,previous_session_raw_close,common_stock_limit_rules_v1,1.87,1.87,2019-05-28,1.87,2.05,1.69
2019-05-29,3452,True,previous_session_raw_close,common_stock_limit_rules_v1,2.96,2.96,2019-05-28,2.96,3.25,2.67
2019-05-29,3562,True,previous_session_raw_close,common_stock_limit_rules_v1,7.29,7.29,2019-05-28,7.29,8.01,6.57
2019-05-29,5317,True,previous_session_raw_close,common_stock_limit_rules_v1,51.3,51.3,2019-05-28,51.3,56.4,46.2
2019-05-29,8913,True,previous_session_raw_close,common_stock_limit_rules_v1,16.0,16.0,2019-05-28,16.0,17.6,14.4
2019-05-30,1333,True,official_no_close_bid_ask_rule,common_stock_limit_rules_v1,1.87,1.87,2019-05-29,1.87,2.05,1.69
2019-05-30,3452,True,previous_session_raw_close,common_stock_limit_rules_v1,2.89,2.89,2019-05-29,2.89,3.17,2.61
2019-05-30,3562,True,previous_session_raw_close,common_stock_limit_rules_v1,7.59,7.59,2019-05-29,7.59,8.34,6.84
2019-05-30,5317,True,previous_session_raw_close,common_stock_limit_rules_v1,51.3,51.3,2019-05-29,51.3,56.4,46.2
2019-05-30,8913,True,previous_session_raw_close,common_stock_limit_rules_v1,16.85,16.85,2019-05-29,16.85,18.5,15.2
2019-05-31,1333,True,official_no_close_bid_ask_rule,common_stock_limit_rules_v1,1.87,1.87,2019-05-30,1.87,2.05,1.69
2019-05-31,3452,True,previous_session_raw_close,common_stock_limit_rules_v1,2.96,2.96,2019-05-30,2.96,3.25,2.67
2019-05-31,3562,True,previous_session_raw_close,common_stock_limit_rules_v1,7.5,7.5,2019-05-30,7.5,8.25,6.75
2019-05-31,5317,True,previous_session_raw_close,common_stock_limit_rules_v1,51.9,51.9,2019-05-30,51.9,57.0,46.75
2019-05-31,8913,True,previous_session_raw_close,common_stock_limit_rules_v1,16.4,16.4,2019-05-30,16.4,18.0,14.8
2019-06-03,1333,True,previous_session_raw_close,common_stock_limit_rules_v1,1.87,1.87,2019-05-31,1.87,2.05,1.69
2019-06-03,3452,True,previous_session_raw_close,common_stock_limit_rules_v1,3.04,3.04,2019-05-31,3.04,3.34,2.74
2019-06-03,3562,True,previous_session_raw_close,common_stock_limit_rules_v1,7.55,7.55,2019-05-31,7.55,8.3,6.8
2019-06-03,5317,True,previous_session_raw_close,common_stock_limit_rules_v1,52.2,52.2,2019-05-31,52.2,57.4,47.0
2019-06-03,8913,True,previous_session_raw_close,common_stock_limit_rules_v1,16.1,16.1,2019-05-31,16.1,17.7,14.5
2019-06-04,1333,True,official_no_close_bid_ask_rule,common_stock_limit_rules_v1,1.87,1.87,2019-06-03,1.87,2.05,1.69
2019-06-04,3452,True,previous_session_raw_close,common_stock_limit_rules_v1,3.04,3.04,2019-06-03,3.04,3.34,2.74
2019-06-04,3562,True,previous_session_raw_close,common_stock_limit_rules_v1,7.54,7.54,2019-06-03,7.54,8.29,6.79
2019-06-04,5317,True,previous_session_raw_close,common_stock_limit_rules_v1,51.7,51.7,2019-06-03,51.7,56.8,46.55
2019-06-04,8913,True,previous_session_raw_close,common_stock_limit_rules_v1,15.8,15.8,2019-06-03,15.8,17.35,14.25
2019-06-05,1333,True,official_no_close_bid_ask_rule,common_stock_limit_rules_v1,1.87,1.87,2019-06-04,1.87,2.05,1.69
2019-06-05,3452,True,previous_session_raw_close,common_stock_limit_rules_v1,3.01,3.01,2019-06-04,3.01,3.31,2.71
2019-06-05,3562,True,official_no_close_bid_ask_rule,common_stock_limit_rules_v1,7.54,7.54,2019-06-04,7.54,8.29,6.79
2019-06-05,5317,True,previous_session_raw_close,common_stock_limit_rules_v1,51.7,51.7,2019-06-04,51.7,56.8,46.55
2019-06-05,8913,True,previous_session_raw_close,common_stock_limit_rules_v1,15.95,15.95,2019-06-04,15.95,17.5,14.4
2019-06-06,1333,True,previous_session_raw_close,common_stock_limit_rules_v1,1.98,1.98,2019-06-05,1.98,2.17,1.79
2019-06-06,3452,True,previous_session_raw_close,common_stock_limit_rules_v1,2.98,2.98,2019-06-05,2.98,3.27,2.69
2019-06-06,3562,True,previous_session_raw_close,common_stock_limit_rules_v1,7.5,7.5,2019-06-05,7.5,8.25,6.75
2019-06-06,5317,True,previous_session_raw_close,common_stock_limit_rules_v1,51.7,51.7,2019-06-05,51.7,56.8,46.55
2019-06-06,8913,True,previous_session_raw_close,common_stock_limit_rules_v1,15.85,15.85,2019-06-05,15.85,17.4,14.3
2019-06-10,1333,True,previous_session_raw_close,common_stock_limit_rules_v1,1.99,1.99,2019-06-06,1.99,2.18,1.8
2019-06-10,3452,True,previous_session_raw_close,common_stock_limit_rules_v1,3.04,3.04,2019-06-06,3.04,3.34,2.74
2019-06-10,3562,True,official_no_close_bid_ask_rule,common_stock_limit_rules_v1,7.5,7.5,2019-06-06,7.5,8.25,6.75
2019-06-10,5317,True,previous_session_raw_close,common_stock_limit_rules_v1,51.0,51.0,2019-06-06,51.0,56.1,45.9
2019-06-10,8913,True,previous_session_raw_close,common_stock_limit_rules_v1,15.9,15.9,2019-06-06,15.9,17.45,14.35
2019-06-11,1333,True,previous_session_raw_close,common_stock_limit_rules_v1,2.04,2.04,2019-06-10,2.04,2.24,1.84
2019-06-11,3452,True,previous_session_raw_close,common_stock_limit_rules_v1,3.16,3.16,2019-06-10,3.16,3.47,2.85
2019-06-11,3562,True,previous_session_raw_close,common_stock_limit_rules_v1,7.65,7.65,2019-06-10,7.65,8.41,6.89
2019-06-11,5317,True,previous_session_raw_close,common_stock_limit_rules_v1,51.5,51.5,2019-06-10,51.5,56.6,46.35
2019-06-11,8913,True,previous_session_raw_close,common_stock_limit_rules_v1,16.0,16.0,2019-06-10,16.0,17.6,14.4
2019-06-12,1333,True,previous_session_raw_close,common_stock_limit_rules_v1,2.17,2.17,2019-06-11,2.17,2.38,1.96
2019-06-12,3452,True,previous_session_raw_close,common_stock_limit_rules_v1,3.13,3.13,2019-06-11,3.13,3.44,2.82
2019-06-12,3562,True,previous_session_raw_close,common_stock_limit_rules_v1,8.41,8.41,2019-06-11,8.41,9.25,7.57
2019-06-12,5317,True,previous_session_raw_close,common_stock_limit_rules_v1,51.9,51.9,2019-06-11,51.9,57.0,46.75
2019-06-12,8913,True,previous_session_raw_close,common_stock_limit_rules_v1,16.1,16.1,2019-06-11,16.1,17.7,14.5
2019-06-13,1333,True,previous_session_raw_close,common_stock_limit_rules_v1,2.17,2.17,2019-06-12,2.17,2.38,1.96
2019-06-13,3452,True,previous_session_raw_close,common_stock_limit_rules_v1,3.15,3.15,2019-06-12,3.15,3.46,2.84
2019-06-13,3562,True,previous_session_raw_close,common_stock_limit_rules_v1,8.01,8.01,2019-06-12,8.01,8.81,7.21
2019-06-13,5317,True,previous_session_raw_close,common_stock_limit_rules_v1,52.3,52.3,2019-06-12,52.3,57.5,47.1
2019-06-13,8913,True,previous_session_raw_close,common_stock_limit_rules_v1,16.1,16.1,2019-06-12,16.1,17.7,14.5
2019-06-14,1333,True,previous_session_raw_close,common_stock_limit_rules_v1,2.21,2.21,2019-06-13,2.21,2.43,1.99
2019-06-14,3452,True,previous_session_raw_close,common_stock_limit_rules_v1,3.14,3.14,2019-06-13,3.14,3.45,2.83
2019-06-14,3562,True,previous_session_raw_close,common_stock_limit_rules_v1,7.83,7.83,2019-06-13,7.83,8.61,7.05
2019-06-14,5317,True,previous_session_raw_close,common_stock_limit_rules_v1,52.4,52.4,2019-06-13,52.4,57.6,47.2
2019-06-14,8913,True,previous_session_raw_close,common_stock_limit_rules_v1,15.95,15.95,2019-06-13,15.95,17.5,14.4
2019-06-17,1333,True,previous_session_raw_close,common_stock_limit_rules_v1,2.26,2.26,2019-06-14,2.26,2.48,2.04
2019-06-17,3452,True,previous_session_raw_close,common_stock_limit_rules_v1,3.19,3.19,2019-06-14,3.19,3.5,2.88
2019-06-17,3562,True,previous_session_raw_close,common_stock_limit_rules_v1,7.82,7.82,2019-06-14,7.82,8.6,7.04
2019-06-17,5317,True,previous_session_raw_close,common_stock_limit_rules_v1,52.4,52.4,2019-06-14,52.4,57.6,47.2
2019-06-17,8913,True,previous_session_raw_close,common_stock_limit_rules_v1,16.0,16.0,2019-06-14,16.0,17.6,14.4
2019-06-18,1333,True,previous_session_raw_close,common_stock_limit_rules_v1,2.27,2.27,2019-06-17,2.27,2.49,2.05
2019-06-18,3452,True,previous_session_raw_close,common_stock_limit_rules_v1,3.18,3.18,2019-06-17,3.18,3.49,2.87
2019-06-18,3562,True,previous_session_raw_close,common_stock_limit_rules_v1,7.8,7.8,2019-06-17,7.8,8.58,7.02
2019-06-18,5317,True,previous_session_raw_close,common_stock_limit_rules_v1,52.7,52.7,2019-06-17,52.7,57.9,47.45
2019-06-18,8913,True,previous_session_raw_close,common_stock_limit_rules_v1,15.95,15.95,2019-06-17,15.95,17.5,14.4
2019-06-19,1333,True,previous_session_raw_close,common_stock_limit_rules_v1,2.17,2.17,2019-06-18,2.17,2.38,1.96
2019-06-19,3452,True,previous_session_raw_close,common_stock_limit_rules_v1,3.2,3.2,2019-06-18,3.2,3.52,2.88
2019-06-19,3562,True,previous_session_raw_close,common_stock_limit_rules_v1,7.97,7.97,2019-06-18,7.97,8.76,7.18
2019-06-19,5317,True,previous_session_raw_close,common_stock_limit_rules_v1,52.3,52.3,2019-06-18,52.3,57.5,47.1
2019-06-19,8913,True,previous_session_raw_close,common_stock_limit_rules_v1,15.6,15.6,2019-06-18,15.6,17.15,14.05
2019-06-20,1333,True,previous_session_raw_close,common_stock_limit_rules_v1,2.24,2.24,2019-06-19,2.24,2.46,2.02
2019-06-20,3452,True,previous_session_raw_close,common_stock_limit_rules_v1,3.45,3.45,2019-06-19,3.45,3.79,3.11
2019-06-20,3562,True,previous_session_raw_close,common_stock_limit_rules_v1,7.97,7.97,2019-06-19,7.97,8.76,7.18
2019-06-20,5317,True,previous_session_raw_close,common_stock_limit_rules_v1,52.7,52.7,2019-06-19,52.7,57.9,47.45
2019-06-20,8913,True,previous_session_raw_close,common_stock_limit_rules_v1,15.7,15.7,2019-06-19,15.7,17.25,14.15
2019-06-21,1333,True,previous_session_raw_close,common_stock_limit_rules_v1,2.34,2.34,2019-06-20,2.34,2.57,2.11
2019-06-21,3452,True,previous_session_raw_close,common_stock_limit_rules_v1,3.28,3.28,2019-06-20,3.28,3.6,2.96
2019-06-21,3562,True,previous_session_raw_close,common_stock_limit_rules_v1,7.97,7.97,2019-06-20,7.97,8.76,7.18
2019-06-21,5317,True,previous_session_raw_close,common_stock_limit_rules_v1,53.8,53.8,2019-06-20,53.8,59.1,48.45
2019-06-21,8913,True,previous_session_raw_close,common_stock_limit_rules_v1,15.65,15.65,2019-06-20,15.65,17.2,14.1
2019-06-24,1333,True,previous_session_raw_close,common_stock_limit_rules_v1,2.24,2.24,2019-06-21,2.24,2.46,2.02
2019-06-24,3452,True,previous_session_raw_close,common_stock_limit_rules_v1,3.28,3.28,2019-06-21,3.28,3.6,2.96
2019-06-24,3562,True,previous_session_raw_close,common_stock_limit_rules_v1,7.79,7.79,2019-06-21,7.79,8.56,7.02
2019-06-24,5317,True,previous_session_raw_close,common_stock_limit_rules_v1,53.2,53.2,2019-06-21,53.2,58.5,47.9
2019-06-24,8913,True,previous_session_raw_close,common_stock_limit_rules_v1,15.6,15.6,2019-06-21,15.6,17.15,14.05
2019-06-25,1333,True,previous_session_raw_close,common_stock_limit_rules_v1,2.12,2.12,2019-06-24,2.12,2.33,1.91
2019-06-25,3452,True,previous_session_raw_close,common_stock_limit_rules_v1,3.37,3.37,2019-06-24,3.37,3.7,3.04
2019-06-25,3562,True,previous_session_raw_close,common_stock_limit_rules_v1,7.77,7.77,2019-06-24,7.77,8.54,7.0
2019-06-25,5317,True,previous_session_raw_close,common_stock_limit_rules_v1,53.6,53.6,2019-06-24,53.6,58.9,48.25
2019-06-25,8913,True,previous_session_raw_close,common_stock_limit_rules_v1,15.55,15.55,2019-06-24,15.55,17.1,14.0
2019-06-26,1333,True,previous_session_raw_close,common_stock_limit_rules_v1,2.15,2.15,2019-06-25,2.15,2.36,1.94
2019-06-26,3452,True,previous_session_raw_close,common_stock_limit_rules_v1,3.32,3.32,2019-06-25,3.32,3.65,2.99
2019-06-26,3562,True,previous_session_raw_close,common_stock_limit_rules_v1,7.61,7.61,2019-06-25,7.61,8.37,6.85
2019-06-26,5317,True,previous_session_raw_close,common_stock_limit_rules_v1,53.3,53.3,2019-06-25,53.3,58.6,48.0
2019-06-26,8913,True,previous_session_raw_close,common_stock_limit_rules_v1,15.35,15.35,2019-06-25,15.35,16.85,13.85
2019-06-27,1333,True,previous_session_raw_close,common_stock_limit_rules_v1,2.1,2.1,2019-06-26,2.1,2.31,1.89
2019-06-27,3452,True,previous_session_raw_close,common_stock_limit_rules_v1,3.3,3.3,2019-06-26,3.3,3.63,2.97
2019-06-27,3562,True,previous_session_raw_close,common_stock_limit_rules_v1,7.7,7.7,2019-06-26,7.7,8.47,6.93
2019-06-27,5317,True,previous_session_raw_close,common_stock_limit_rules_v1,53.4,53.4,2019-06-26,53.4,58.7,48.1
2019-06-27,8913,True,previous_session_raw_close,common_stock_limit_rules_v1,15.45,15.45,2019-06-26,15.45,16.95,13.95
2019-06-28,1333,True,previous_session_raw_close,common_stock_limit_rules_v1,2.22,2.22,2019-06-27,2.22,2.44,2.0
2019-06-28,3452,True,previous_session_raw_close,common_stock_limit_rules_v1,3.3,3.3,2019-06-27,3.3,3.63,2.97
2019-06-28,3562,True,previous_session_raw_close,common_stock_limit_rules_v1,7.6,7.6,2019-06-27,7.6,8.36,6.84
2019-06-28,5317,True,previous_session_raw_close,common_stock_limit_rules_v1,53.5,53.5,2019-06-27,53.5,58.8,48.15
2019-06-28,8913,True,previous_session_raw_close,common_stock_limit_rules_v1,15.3,15.3,2019-06-27,15.3,16.8,13.8
2019-07-01,1333,True,official_no_close_bid_ask_rule,common_stock_limit_rules_v1,2.22,2.22,2019-06-28,2.22,2.44,2.0
2019-07-01,3452,True,previous_session_raw_close,common_stock_limit_rules_v1,3.27,3.27,2019-06-28,3.27,3.59,2.95
2019-07-01,3562,True,previous_session_raw_close,common_stock_limit_rules_v1,7.7,7.7,2019-06-28,7.7,8.47,6.93
2019-07-01,5317,True,previous_session_raw_close,common_stock_limit_rules_v1,53.4,53.4,2019-06-28,53.4,58.7,48.1
2019-07-01,8913,True,previous_session_raw_close,common_stock_limit_rules_v1,15.1,15.1,2019-06-28,15.1,16.6,13.6
2019-07-02,1333,True,previous_session_raw_close,common_stock_limit_rules_v1,2.17,2.17,2019-07-01,2.17,2.38,1.96
2019-07-02,3452,True,previous_session_raw_close,common_stock_limit_rules_v1,3.13,3.13,2019-07-01,3.13,3.44,2.82
2019-07-02,3562,True,previous_session_raw_close,common_stock_limit_rules_v1,8.02,8.02,2019-07-01,8.02,8.82,7.22
2019-07-02,5317,True,previous_session_raw_close,common_stock_limit_rules_v1,54.3,54.3,2019-07-01,54.3,59.7,48.9
2019-07-02,8913,True,previous_session_raw_close,common_stock_limit_rules_v1,15.45,15.45,2019-07-01,15.45,16.95,13.95
2019-07-03,1333,True,official_no_close_bid_ask_rule,common_stock_limit_rules_v1,2.17,2.17,2019-07-02,2.17,2.38,1.96
2019-07-03,3452,True,previous_session_raw_close,common_stock_limit_rules_v1,3.02,3.02,2019-07-02,3.02,3.32,2.72
2019-07-03,3562,True,previous_session_raw_close,common_stock_limit_rules_v1,7.8,7.8,2019-07-02,7.8,8.58,7.02
2019-07-03,5317,True,previous_session_raw_close,common_stock_limit_rules_v1,54.6,54.6,2019-07-02,54.6,60.0,49.15
2019-07-03,8913,True,previous_session_raw_close,common_stock_limit_rules_v1,15.1,15.1,2019-07-02,15.1,16.6,13.6
2019-07-04,1333,True,previous_session_raw_close,common_stock_limit_rules_v1,2.18,2.18,2019-07-03,2.18,2.39,1.97
2019-07-04,3452,True,previous_session_raw_close,common_stock_limit_rules_v1,2.73,2.73,2019-07-03,2.73,3.0,2.46
2019-07-04,3562,True,previous_session_raw_close,common_stock_limit_rules_v1,7.77,7.77,2019-07-03,7.77,8.54,7.0
2019-07-04,5317,True,previous_session_raw_close,common_stock_limit_rules_v1,54.3,54.3,2019-07-03,54.3,59.7,48.9
2019-07-04,8913,True,previous_session_raw_close,common_stock_limit_rules_v1,15.15,15.15,2019-07-03,15.15,16.65,13.65
2019-07-05,1333,True,previous_session_raw_close,common_stock_limit_rules_v1,2.14,2.14,2019-07-04,2.14,2.35,1.93
2019-07-05,3452,True,previous_session_raw_close,common_stock_limit_rules_v1,2.83,2.83,2019-07-04,2.83,3.11,2.55
2019-07-05,3562,True,previous_session_raw_close,common_stock_limit_rules_v1,7.66,7.66,2019-07-04,7.66,8.42,6.9
2019-07-05,5317,True,previous_session_raw_close,common_stock_limit_rules_v1,55.6,55.6,2019-07-04,55.6,61.1,50.1
2019-07-05,8913,True,previous_session_raw_close,common_stock_limit_rules_v1,15.2,15.2,2019-07-04,15.2,16.7,13.7
2019-07-08,1333,True,official_no_close_bid_ask_rule,common_stock_limit_rules_v1,2.14,2.14,2019-07-05,2.14,2.35,1.93
2019-07-08,3452,True,previous_session_raw_close,common_stock_limit_rules_v1,2.55,2.55,2019-07-05,2.55,2.8,2.3
2019-07-08,3562,True,previous_session_raw_close,common_stock_limit_rules_v1,7.51,7.51,2019-07-05,7.51,8.26,6.76
2019-07-08,5317,True,previous_session_raw_close,common_stock_limit_rules_v1,56.8,56.8,2019-07-05,56.8,62.4,51.2
2019-07-08,8913,True,previous_session_raw_close,common_stock_limit_rules_v1,15.2,15.2,2019-07-05,15.2,16.7,13.7
2019-07-09,1333,True,previous_session_raw_close,common_stock_limit_rules_v1,2.12,2.12,2019-07-08,2.12,2.33,1.91
2019-07-09,3452,True,previous_session_raw_close,common_stock_limit_rules_v1,2.41,2.41,2019-07-08,2.41,2.65,2.17
2019-07-09,3562,True,previous_session_raw_close,common_stock_limit_rules_v1,7.51,7.51,2019-07-08,7.51,8.26,6.76
2019-07-09,5317,True,previous_session_raw_close,common_stock_limit_rules_v1,57.4,57.4,2019-07-08,57.4,63.1,51.7
2019-07-09,8913,True,previous_session_raw_close,common_stock_limit_rules_v1,15.2,15.2,2019-07-08,15.2,16.7,13.7
2019-07-10,1333,True,previous_session_raw_close,common_stock_limit_rules_v1,2.14,2.14,2019-07-09,2.14,2.35,1.93
2019-07-10,3452,True,previous_session_raw_close,common_stock_limit_rules_v1,2.45,2.45,2019-07-09,2.45,2.69,2.21
2019-07-10,3562,True,previous_session_raw_close,common_stock_limit_rules_v1,7.54,7.54,2019-07-09,7.54,8.29,6.79
2019-07-10,5317,True,official_ex_right_reference,common_stock_limit_rules_v1,52.80,52.80,2019-07-09,52.8,58.0,47.55
2019-07-10,8913,True,previous_session_raw_close,common_stock_limit_rules_v1,15.8,15.8,2019-07-09,15.8,17.35,14.25
2019-07-11,1333,True,previous_session_raw_close,common_stock_limit_rules_v1,2.13,2.13,2019-07-10,2.13,2.34,1.92
2019-07-11,3452,True,previous_session_raw_close,common_stock_limit_rules_v1,2.47,2.47,2019-07-10,2.47,2.71,2.23
2019-07-11,3562,True,previous_session_raw_close,common_stock_limit_rules_v1,7.27,7.27,2019-07-10,7.27,7.99,6.55
2019-07-11,5317,True,previous_session_raw_close,common_stock_limit_rules_v1,52.7,52.7,2019-07-10,52.7,57.9,47.45
2019-07-11,8913,True,previous_session_raw_close,common_stock_limit_rules_v1,15.9,15.9,2019-07-10,15.9,17.45,14.35
2019-07-12,1333,True,previous_session_raw_close,common_stock_limit_rules_v1,2.12,2.12,2019-07-11,2.12,2.33,1.91
2019-07-12,3452,True,previous_session_raw_close,common_stock_limit_rules_v1,2.5,2.5,2019-07-11,2.5,2.75,2.25
2019-07-12,3562,True,previous_session_raw_close,common_stock_limit_rules_v1,7.0,7.0,2019-07-11,7.0,7.7,6.3
2019-07-12,5317,True,previous_session_raw_close,common_stock_limit_rules_v1,53.3,53.3,2019-07-11,53.3,58.6,48.0
2019-07-12,8913,True,previous_session_raw_close,common_stock_limit_rules_v1,15.65,15.65,2019-07-11,15.65,17.2,14.1
2019-07-15,1333,True,previous_session_raw_close,common_stock_limit_rules_v1,2.12,2.12,2019-07-12,2.12,2.33,1.91
2019-07-15,3452,True,previous_session_raw_close,common_stock_limit_rules_v1,2.53,2.53,2019-07-12,2.53,2.78,2.28
2019-07-15,3562,True,previous_session_raw_close,common_stock_limit_rules_v1,7.0,7.0,2019-07-12,7.0,7.7,6.3
2019-07-15,5317,True,previous_session_raw_close,common_stock_limit_rules_v1,53.0,53.0,2019-07-12,53.0,58.3,47.7
2019-07-15,8913,True,previous_session_raw_close,common_stock_limit_rules_v1,15.4,15.4,2019-07-12,15.4,16.9,13.9
2019-07-16,1333,True,official_no_close_bid_ask_rule,common_stock_limit_rules_v1,2.12,2.12,2019-07-15,2.12,2.33,1.91
2019-07-16,3452,True,previous_session_raw_close,common_stock_limit_rules_v1,2.4,2.4,2019-07-15,2.4,2.64,2.16
2019-07-16,3562,True,previous_session_raw_close,common_stock_limit_rules_v1,6.92,6.92,2019-07-15,6.92,7.61,6.23
2019-07-16,5317,True,previous_session_raw_close,common_stock_limit_rules_v1,52.5,52.5,2019-07-15,52.5,57.7,47.25
2019-07-16,8913,True,previous_session_raw_close,common_stock_limit_rules_v1,15.35,15.35,2019-07-15,15.35,16.85,13.85
2019-07-17,1333,True,previous_session_raw_close,common_stock_limit_rules_v1,2.08,2.08,2019-07-16,2.08,2.28,1.88
2019-07-17,3452,True,previous_session_raw_close,common_stock_limit_rules_v1,2.4,2.4,2019-07-16,2.4,2.64,2.16
2019-07-17,3562,True,previous_session_raw_close,common_stock_limit_rules_v1,6.95,6.95,2019-07-16,6.95,7.64,6.26
2019-07-17,5317,True,previous_session_raw_close,common_stock_limit_rules_v1,52.4,52.4,2019-07-16,52.4,57.6,47.2
2019-07-17,8913,True,previous_session_raw_close,common_stock_limit_rules_v1,15.3,15.3,2019-07-16,15.3,16.8,13.8
2019-07-18,1333,True,previous_session_raw_close,common_stock_limit_rules_v1,2.07,2.07,2019-07-17,2.07,2.27,1.87
2019-07-18,3452,True,previous_session_raw_close,common_stock_limit_rules_v1,2.42,2.42,2019-07-17,2.42,2.66,2.18
2019-07-18,3562,True,previous_session_raw_close,common_stock_limit_rules_v1,6.96,6.96,2019-07-17,6.96,7.65,6.27
2019-07-18,5317,True,previous_session_raw_close,common_stock_limit_rules_v1,51.6,51.6,2019-07-17,51.6,56.7,46.45
2019-07-18,8913,True,previous_session_raw_close,common_stock_limit_rules_v1,15.25,15.25,2019-07-17,15.25,16.75,13.75
2019-07-19,1333,True,previous_session_raw_close,common_stock_limit_rules_v1,2.08,2.08,2019-07-18,2.08,2.28,1.88
2019-07-19,3452,True,previous_session_raw_close,common_stock_limit_rules_v1,2.51,2.51,2019-07-18,2.51,2.76,2.26
2019-07-19,3562,True,previous_session_raw_close,common_stock_limit_rules_v1,7.0,7.0,2019-07-18,7.0,7.7,6.3
2019-07-19,5317,True,previous_session_raw_close,common_stock_limit_rules_v1,51.7,51.7,2019-07-18,51.7,56.8,46.55
2019-07-19,8913,True,previous_session_raw_close,common_stock_limit_rules_v1,15.2,15.2,2019-07-18,15.2,16.7,13.7
2019-07-22,1333,True,previous_session_raw_close,common_stock_limit_rules_v1,2.08,2.08,2019-07-19,2.08,2.28,1.88
2019-07-22,3452,True,previous_session_raw_close,common_stock_limit_rules_v1,2.51,2.51,2019-07-19,2.51,2.76,2.26
2019-07-22,3562,True,previous_session_raw_close,common_stock_limit_rules_v1,7.0,7.0,2019-07-19,7.0,7.7,6.3
2019-07-22,5317,True,previous_session_raw_close,common_stock_limit_rules_v1,51.9,51.9,2019-07-19,51.9,57.0,46.75
2019-07-22,8913,True,previous_session_raw_close,common_stock_limit_rules_v1,15.2,15.2,2019-07-19,15.2,16.7,13.7
2019-07-23,1333,True,previous_session_raw_close,common_stock_limit_rules_v1,2.16,2.16,2019-07-22,2.16,2.37,1.95
2019-07-23,3452,True,previous_session_raw_close,common_stock_limit_rules_v1,2.53,2.53,2019-07-22,2.53,2.78,2.28
2019-07-23,3562,True,previous_session_raw_close,common_stock_limit_rules_v1,7.0,7.0,2019-07-22,7.0,7.7,6.3
2019-07-23,5317,True,previous_session_raw_close,common_stock_limit_rules_v1,51.9,51.9,2019-07-22,51.9,57.0,46.75
2019-07-23,8913,True,previous_session_raw_close,common_stock_limit_rules_v1,15.2,15.2,2019-07-22,15.2,16.7,13.7
2019-07-24,1333,True,previous_session_raw_close,common_stock_limit_rules_v1,2.1,2.1,2019-07-23,2.1,2.31,1.89
2019-07-24,3452,True,previous_session_raw_close,common_stock_limit_rules_v1,2.68,2.68,2019-07-23,2.68,2.94,2.42
2019-07-24,3562,True,previous_session_raw_close,common_stock_limit_rules_v1,7.0,7.0,2019-07-23,7.0,7.7,6.3
2019-07-24,5317,True,previous_session_raw_close,common_stock_limit_rules_v1,52.6,52.6,2019-07-23,52.6,57.8,47.35
2019-07-24,8913,True,previous_session_raw_close,common_stock_limit_rules_v1,15.25,15.25,2019-07-23,15.25,16.75,13.75
2019-07-25,1333,True,previous_session_raw_close,common_stock_limit_rules_v1,2.07,2.07,2019-07-24,2.07,2.27,1.87
2019-07-25,3452,True,previous_session_raw_close,common_stock_limit_rules_v1,2.59,2.59,2019-07-24,2.59,2.84,2.34
2019-07-25,3562,True,previous_session_raw_close,common_stock_limit_rules_v1,7.04,7.04,2019-07-24,7.04,7.74,6.34
2019-07-25,5317,True,previous_session_raw_close,common_stock_limit_rules_v1,53.3,53.3,2019-07-24,53.3,58.6,48.0
2019-07-25,8913,True,previous_session_raw_close,common_stock_limit_rules_v1,15.5,15.5,2019-07-24,15.5,17.05,13.95
2019-07-26,1333,True,previous_session_raw_close,common_stock_limit_rules_v1,2.04,2.04,2019-07-25,2.04,2.24,1.84
2019-07-26,3452,True,previous_session_raw_close,common_stock_limit_rules_v1,2.6,2.6,2019-07-25,2.6,2.86,2.34
2019-07-26,3562,True,previous_session_raw_close,common_stock_limit_rules_v1,7.05,7.05,2019-07-25,7.05,7.75,6.35
2019-07-26,5317,True,previous_session_raw_close,common_stock_limit_rules_v1,53.4,53.4,2019-07-25,53.4,58.7,48.1
2019-07-26,8913,True,previous_session_raw_close,common_stock_limit_rules_v1,15.5,15.5,2019-07-25,15.5,17.05,13.95
2019-07-29,1333,True,previous_session_raw_close,common_stock_limit_rules_v1,2.0,2.0,2019-07-26,2.0,2.2,1.8
2019-07-29,3452,True,previous_session_raw_close,common_stock_limit_rules_v1,2.61,2.61,2019-07-26,2.61,2.87,2.35
2019-07-29,3562,True,previous_session_raw_close,common_stock_limit_rules_v1,7.07,7.07,2019-07-26,7.07,7.77,6.37
2019-07-29,5317,True,previous_session_raw_close,common_stock_limit_rules_v1,53.0,53.0,2019-07-26,53.0,58.3,47.7
2019-07-29,8913,True,previous_session_raw_close,common_stock_limit_rules_v1,15.7,15.7,2019-07-26,15.7,17.25,14.15
2019-07-30,1333,True,previous_session_raw_close,common_stock_limit_rules_v1,1.97,1.97,2019-07-29,1.97,2.16,1.78
2019-07-30,3452,True,previous_session_raw_close,common_stock_limit_rules_v1,2.6,2.6,2019-07-29,2.6,2.86,2.34
2019-07-30,3562,True,previous_session_raw_close,common_stock_limit_rules_v1,7.18,7.18,2019-07-29,7.18,7.89,6.47
2019-07-30,5317,True,previous_session_raw_close,common_stock_limit_rules_v1,53.1,53.1,2019-07-29,53.1,58.4,47.8
2019-07-30,8913,True,previous_session_raw_close,common_stock_limit_rules_v1,16.3,16.3,2019-07-29,16.3,17.9,14.7
2019-07-31,1333,True,previous_session_raw_close,common_stock_limit_rules_v1,1.92,1.92,2019-07-30,1.92,2.11,1.73
2019-07-31,3452,True,previous_session_raw_close,common_stock_limit_rules_v1,2.6,2.6,2019-07-30,2.6,2.86,2.34
2019-07-31,3562,True,previous_session_raw_close,common_stock_limit_rules_v1,7.14,7.14,2019-07-30,7.14,7.85,6.43
2019-07-31,5317,True,previous_session_raw_close,common_stock_limit_rules_v1,52.6,52.6,2019-07-30,52.6,57.8,47.35
2019-07-31,8913,True,previous_session_raw_close,common_stock_limit_rules_v1,15.5,15.5,2019-07-30,15.5,17.05,13.95
2019-08-01,1333,True,previous_session_raw_close,common_stock_limit_rules_v1,2.01,2.01,2019-07-31,2.01,2.21,1.81
2019-08-01,3452,True,previous_session_raw_close,common_stock_limit_rules_v1,2.55,2.55,2019-07-31,2.55,2.8,2.3
2019-08-01,3562,True,previous_session_raw_close,common_stock_limit_rules_v1,7.3,7.3,2019-07-31,7.3,8.03,6.57
2019-08-01,5317,True,previous_session_raw_close,common_stock_limit_rules_v1,52.4,52.4,2019-07-31,52.4,57.6,47.2
2019-08-01,8913,True,previous_session_raw_close,common_stock_limit_rules_v1,15.7,15.7,2019-07-31,15.7,17.25,14.15
2019-08-02,1333,True,previous_session_raw_close,common_stock_limit_rules_v1,1.95,1.95,2019-08-01,1.95,2.14,1.76
2019-08-02,3452,True,previous_session_raw_close,common_stock_limit_rules_v1,2.55,2.55,2019-08-01,2.55,2.8,2.3
2019-08-02,3562,True,previous_session_raw_close,common_stock_limit_rules_v1,7.3,7.3,2019-08-01,7.3,8.03,6.57
2019-08-02,5317,True,previous_session_raw_close,common_stock_limit_rules_v1,52.1,52.1,2019-08-01,52.1,57.3,46.9
2019-08-02,8913,True,previous_session_raw_close,common_stock_limit_rules_v1,15.6,15.6,2019-08-01,15.6,17.15,14.05
2019-08-05,1333,True,previous_session_raw_close,common_stock_limit_rules_v1,2.02,2.02,2019-08-02,2.02,2.22,1.82
2019-08-05,3452,True,previous_session_raw_close,common_stock_limit_rules_v1,2.51,2.51,2019-08-02,2.51,2.76,2.26
2019-08-05,3562,True,previous_session_raw_close,common_stock_limit_rules_v1,6.98,6.98,2019-08-02,6.98,7.67,6.29
2019-08-05,5317,True,previous_session_raw_close,common_stock_limit_rules_v1,50.4,50.4,2019-08-02,50.4,55.4,45.4
2019-08-05,8913,True,previous_session_raw_close,common_stock_limit_rules_v1,15.5,15.5,2019-08-02,15.5,17.05,13.95
2019-08-06,1333,True,previous_session_raw_close,common_stock_limit_rules_v1,2.07,2.07,2019-08-05,2.07,2.27,1.87
2019-08-06,3452,True,previous_session_raw_close,common_stock_limit_rules_v1,2.49,2.49,2019-08-05,2.49,2.73,2.25
2019-08-06,3562,True,previous_session_raw_close,common_stock_limit_rules_v1,6.98,6.98,2019-08-05,6.98,7.67,6.29
2019-08-06,5317,True,previous_session_raw_close,common_stock_limit_rules_v1,45.4,45.4,2019-08-05,45.4,49.9,40.9
2019-08-06,8913,True,previous_session_raw_close,common_stock_limit_rules_v1,15.35,15.35,2019-08-05,15.35,16.85,13.85
2019-08-07,1333,True,official_no_close_bid_ask_rule,common_stock_limit_rules_v1,2.07,2.07,2019-08-06,2.07,2.27,1.87
2019-08-07,3452,True,previous_session_raw_close,common_stock_limit_rules_v1,2.57,2.57,2019-08-06,2.57,2.82,2.32
2019-08-07,3562,True,previous_session_raw_close,common_stock_limit_rules_v1,7.0,7.0,2019-08-06,7.0,7.7,6.3
2019-08-07,5317,True,previous_session_raw_close,common_stock_limit_rules_v1,43.7,43.7,2019-08-06,43.7,48.05,39.35
2019-08-07,8913,True,previous_session_raw_close,common_stock_limit_rules_v1,15.2,15.2,2019-08-06,15.2,16.7,13.7
2019-08-08,1333,True,official_no_close_bid_ask_rule,common_stock_limit_rules_v1,2.07,2.07,2019-08-07,2.07,2.27,1.87
2019-08-08,3452,True,previous_session_raw_close,common_stock_limit_rules_v1,2.48,2.48,2019-08-07,2.48,2.72,2.24
2019-08-08,3562,True,previous_session_raw_close,common_stock_limit_rules_v1,7.09,7.09,2019-08-07,7.09,7.79,6.39
2019-08-08,5317,True,previous_session_raw_close,common_stock_limit_rules_v1,40.0,40.0,2019-08-07,40.0,44.0,36.0
2019-08-08,8913,True,previous_session_raw_close,common_stock_limit_rules_v1,15.15,15.15,2019-08-07,15.15,16.65,13.65
2019-08-12,1333,True,official_no_close_bid_ask_rule,common_stock_limit_rules_v1,2.07,2.07,2019-08-08,2.07,2.27,1.87
2019-08-12,3452,True,previous_session_raw_close,common_stock_limit_rules_v1,2.48,2.48,2019-08-08,2.48,2.72,2.24
2019-08-12,3562,True,previous_session_raw_close,common_stock_limit_rules_v1,7.2,7.2,2019-08-08,7.2,7.92,6.48
2019-08-12,5317,True,previous_session_raw_close,common_stock_limit_rules_v1,41.55,41.55,2019-08-08,41.55,45.7,37.4
2019-08-12,8913,True,previous_session_raw_close,common_stock_limit_rules_v1,15.25,15.25,2019-08-08,15.25,16.75,13.75
2019-08-13,1333,True,official_no_close_bid_ask_rule,common_stock_limit_rules_v1,2.07,2.07,2019-08-12,2.07,2.27,1.87
2019-08-13,3452,True,previous_session_raw_close,common_stock_limit_rules_v1,2.52,2.52,2019-08-12,2.52,2.77,2.27
2019-08-13,3562,True,previous_session_raw_close,common_stock_limit_rules_v1,7.41,7.41,2019-08-12,7.41,8.15,6.67
2019-08-13,5317,True,previous_session_raw_close,common_stock_limit_rules_v1,41.35,41.35,2019-08-12,41.35,45.45,37.25
2019-08-13,8913,True,previous_session_raw_close,common_stock_limit_rules_v1,15.3,15.3,2019-08-12,15.3,16.8,13.8
2019-08-14,1333,True,previous_session_raw_close,common_stock_limit_rules_v1,2.03,2.03,2019-08-13,2.03,2.23,1.83
2019-08-14,3452,True,previous_session_raw_close,common_stock_limit_rules_v1,2.51,2.51,2019-08-13,2.51,2.76,2.26
2019-08-14,3562,True,previous_session_raw_close,common_stock_limit_rules_v1,7.6,7.6,2019-08-13,7.6,8.36,6.84
2019-08-14,5317,True,previous_session_raw_close,common_stock_limit_rules_v1,40.45,40.45,2019-08-13,40.45,44.45,36.45
2019-08-14,8913,True,previous_session_raw_close,common_stock_limit_rules_v1,15.05,15.05,2019-08-13,15.05,16.55,13.55
2019-08-15,1333,True,official_no_close_bid_ask_rule,common_stock_limit_rules_v1,2.03,2.03,2019-08-14,2.03,2.23,1.83
2019-08-15,3452,True,previous_session_raw_close,common_stock_limit_rules_v1,2.55,2.55,2019-08-14,2.55,2.8,2.3
2019-08-15,3562,True,previous_session_raw_close,common_stock_limit_rules_v1,7.4,7.4,2019-08-14,7.4,8.14,6.66
2019-08-15,5317,True,previous_session_raw_close,common_stock_limit_rules_v1,40.3,40.3,2019-08-14,40.3,44.3,36.3
2019-08-15,8913,True,previous_session_raw_close,common_stock_limit_rules_v1,15.15,15.15,2019-08-14,15.15,16.65,13.65
2019-08-16,1333,True,previous_session_raw_close,common_stock_limit_rules_v1,1.98,1.98,2019-08-15,1.98,2.17,1.79
2019-08-16,3452,True,previous_session_raw_close,common_stock_limit_rules_v1,2.5,2.5,2019-08-15,2.5,2.75,2.25
2019-08-16,3562,True,previous_session_raw_close,common_stock_limit_rules_v1,7.41,7.41,2019-08-15,7.41,8.15,6.67
2019-08-16,5317,True,previous_session_raw_close,common_stock_limit_rules_v1,39.05,39.05,2019-08-15,39.05,42.95,35.15
2019-08-16,8913,True,previous_session_raw_close,common_stock_limit_rules_v1,15.2,15.2,2019-08-15,15.2,16.7,13.7
2019-08-19,1333,True,official_no_close_bid_ask_rule,common_stock_limit_rules_v1,1.98,1.98,2019-08-16,1.98,2.17,1.79
2019-08-19,3452,True,previous_session_raw_close,common_stock_limit_rules_v1,2.42,2.42,2019-08-16,2.42,2.66,2.18
2019-08-19,3562,True,previous_session_raw_close,common_stock_limit_rules_v1,7.4,7.4,2019-08-16,7.4,8.14,6.66
2019-08-19,5317,True,previous_session_raw_close,common_stock_limit_rules_v1,38.95,38.95,2019-08-16,38.95,42.8,35.1
2019-08-19,8913,True,previous_session_raw_close,common_stock_limit_rules_v1,15.05,15.05,2019-08-16,15.05,16.55,13.55
2019-08-20,1333,True,previous_session_raw_close,common_stock_limit_rules_v1,2.01,2.01,2019-08-19,2.01,2.21,1.81
2019-08-20,3452,True,previous_session_raw_close,common_stock_limit_rules_v1,2.47,2.47,2019-08-19,2.47,2.71,2.23
2019-08-20,3562,True,previous_session_raw_close,common_stock_limit_rules_v1,7.4,7.4,2019-08-19,7.4,8.14,6.66
2019-08-20,5317,True,previous_session_raw_close,common_stock_limit_rules_v1,39.3,39.3,2019-08-19,39.3,43.2,35.4
2019-08-20,8913,True,previous_session_raw_close,common_stock_limit_rules_v1,15.15,15.15,2019-08-19,15.15,16.65,13.65
2019-08-21,1333,True,previous_session_raw_close,common_stock_limit_rules_v1,2.18,2.18,2019-08-20,2.18,2.39,1.97
2019-08-21,3452,True,previous_session_raw_close,common_stock_limit_rules_v1,2.45,2.45,2019-08-20,2.45,2.69,2.21
2019-08-21,3562,True,previous_session_raw_close,common_stock_limit_rules_v1,7.34,7.34,2019-08-20,7.34,8.07,6.61
2019-08-21,5317,True,previous_session_raw_close,common_stock_limit_rules_v1,39.6,39.6,2019-08-20,39.6,43.55,35.65
2019-08-21,8913,True,previous_session_raw_close,common_stock_limit_rules_v1,15.05,15.05,2019-08-20,15.05,16.55,13.55
2019-08-22,1333,True,previous_session_raw_close,common_stock_limit_rules_v1,2.18,2.18,2019-08-21,2.18,2.39,1.97
2019-08-22,3452,True,previous_session_raw_close,common_stock_limit_rules_v1,2.48,2.48,2019-08-21,2.48,2.72,2.24
2019-08-22,3562,True,official_no_close_bid_ask_rule,common_stock_limit_rules_v1,7.34,7.34,2019-08-21,7.34,8.07,6.61
2019-08-22,5317,True,previous_session_raw_close,common_stock_limit_rules_v1,40.4,40.4,2019-08-21,40.4,44.4,36.4
2019-08-22,8913,True,previous_session_raw_close,common_stock_limit_rules_v1,15.05,15.05,2019-08-21,15.05,16.55,13.55
2019-08-23,1333,True,previous_session_raw_close,common_stock_limit_rules_v1,2.26,2.26,2019-08-22,2.26,2.48,2.04
2019-08-23,3452,True,previous_session_raw_close,common_stock_limit_rules_v1,2.4,2.4,2019-08-22,2.4,2.64,2.16
2019-08-23,3562,True,official_no_close_bid_ask_rule,common_stock_limit_rules_v1,7.34,7.34,2019-08-22,7.34,8.07,6.61
2019-08-23,5317,True,previous_session_raw_close,common_stock_limit_rules_v1,40.0,40.0,2019-08-22,40.0,44.0,36.0
2019-08-23,8913,True,previous_session_raw_close,common_stock_limit_rules_v1,15.0,15.0,2019-08-22,15.0,16.5,13.5
2019-08-26,1333,True,previous_session_raw_close,common_stock_limit_rules_v1,2.15,2.15,2019-08-23,2.15,2.36,1.94
2019-08-26,3452,True,previous_session_raw_close,common_stock_limit_rules_v1,2.4,2.4,2019-08-23,2.4,2.64,2.16
2019-08-26,3562,True,previous_session_raw_close,common_stock_limit_rules_v1,7.3,7.3,2019-08-23,7.3,8.03,6.57
2019-08-26,5317,True,previous_session_raw_close,common_stock_limit_rules_v1,39.95,39.95,2019-08-23,39.95,43.9,36.0
2019-08-26,8913,True,previous_session_raw_close,common_stock_limit_rules_v1,15.0,15.0,2019-08-23,15.0,16.5,13.5
2019-08-27,1333,True,previous_session_raw_close,common_stock_limit_rules_v1,2.1,2.1,2019-08-26,2.1,2.31,1.89
2019-08-27,3452,True,previous_session_raw_close,common_stock_limit_rules_v1,2.37,2.37,2019-08-26,2.37,2.6,2.14
2019-08-27,3562,True,official_no_close_bid_ask_rule,common_stock_limit_rules_v1,7.3,7.3,2019-08-26,7.3,8.03,6.57
2019-08-27,5317,True,previous_session_raw_close,common_stock_limit_rules_v1,38.9,38.9,2019-08-26,38.9,42.75,35.05
2019-08-27,8913,True,previous_session_raw_close,common_stock_limit_rules_v1,15.05,15.05,2019-08-26,15.05,16.55,13.55
2019-08-28,1333,True,previous_session_raw_close,common_stock_limit_rules_v1,2.14,2.14,2019-08-27,2.14,2.35,1.93
2019-08-28,3452,True,previous_session_raw_close,common_stock_limit_rules_v1,2.33,2.33,2019-08-27,2.33,2.56,2.1
2019-08-28,3562,True,previous_session_raw_close,common_stock_limit_rules_v1,7.2,7.2,2019-08-27,7.2,7.92,6.48
2019-08-28,5317,True,previous_session_raw_close,common_stock_limit_rules_v1,38.85,38.85,2019-08-27,38.85,42.7,35.0
2019-08-28,8913,True,previous_session_raw_close,common_stock_limit_rules_v1,15.0,15.0,2019-08-27,15.0,16.5,13.5
2019-08-29,1333,True,previous_session_raw_close,common_stock_limit_rules_v1,2.11,2.11,2019-08-28,2.11,2.32,1.9
2019-08-29,3452,True,previous_session_raw_close,common_stock_limit_rules_v1,2.33,2.33,2019-08-28,2.33,2.56,2.1
2019-08-29,3562,True,previous_session_raw_close,common_stock_limit_rules_v1,7.1,7.1,2019-08-28,7.1,7.81,6.39
2019-08-29,5317,True,previous_session_raw_close,common_stock_limit_rules_v1,39.0,39.0,2019-08-28,39.0,42.9,35.1
2019-08-29,8913,True,previous_session_raw_close,common_stock_limit_rules_v1,15.0,15.0,2019-08-28,15.0,16.5,13.5
2019-08-30,1333,True,previous_session_raw_close,common_stock_limit_rules_v1,2.15,2.15,2019-08-29,2.15,2.36,1.94
2019-08-30,3452,True,previous_session_raw_close,common_stock_limit_rules_v1,2.37,2.37,2019-08-29,2.37,2.6,2.14
2019-08-30,3562,True,previous_session_raw_close,common_stock_limit_rules_v1,7.13,7.13,2019-08-29,7.13,7.84,6.42
2019-08-30,5317,True,previous_session_raw_close,common_stock_limit_rules_v1,38.8,38.8,2019-08-29,38.8,42.65,34.95
2019-08-30,8913,True,previous_session_raw_close,common_stock_limit_rules_v1,15.0,15.0,2019-08-29,15.0,16.5,13.5
2019-09-02,1333,True,previous_session_raw_close,common_stock_limit_rules_v1,2.15,2.15,2019-08-30,2.15,2.36,1.94
2019-09-02,3452,True,previous_session_raw_close,common_stock_limit_rules_v1,2.38,2.38,2019-08-30,2.38,2.61,2.15
2019-09-02,3562,True,previous_session_raw_close,common_stock_limit_rules_v1,7.1,7.1,2019-08-30,7.1,7.81,6.39
2019-09-02,5317,True,previous_session_raw_close,common_stock_limit_rules_v1,40.4,40.4,2019-08-30,40.4,44.4,36.4
2019-09-02,8913,True,previous_session_raw_close,common_stock_limit_rules_v1,15.05,15.05,2019-08-30,15.05,16.55,13.55
2019-09-03,1333,True,official_no_close_bid_ask_rule,common_stock_limit_rules_v1,2.15,2.15,2019-09-02,2.15,2.36,1.94
2019-09-03,3452,True,previous_session_raw_close,common_stock_limit_rules_v1,2.37,2.37,2019-09-02,2.37,2.6,2.14
2019-09-03,3562,True,previous_session_raw_close,common_stock_limit_rules_v1,7.1,7.1,2019-09-02,7.1,7.81,6.39
2019-09-03,5317,True,previous_session_raw_close,common_stock_limit_rules_v1,44.4,44.4,2019-09-02,44.4,48.8,40.0
2019-09-03,8913,True,previous_session_raw_close,common_stock_limit_rules_v1,15.0,15.0,2019-09-02,15.0,16.5,13.5
2019-09-04,1333,True,previous_session_raw_close,common_stock_limit_rules_v1,2.16,2.16,2019-09-03,2.16,2.37,1.95
2019-09-04,3452,True,previous_session_raw_close,common_stock_limit_rules_v1,2.36,2.36,2019-09-03,2.36,2.59,2.13
2019-09-04,3562,True,previous_session_raw_close,common_stock_limit_rules_v1,6.98,6.98,2019-09-03,6.98,7.67,6.29
2019-09-04,5317,True,previous_session_raw_close,common_stock_limit_rules_v1,44.8,44.8,2019-09-03,44.8,49.25,40.35
2019-09-04,8913,True,previous_session_raw_close,common_stock_limit_rules_v1,15.0,15.0,2019-09-03,15.0,16.5,13.5
2019-09-05,1333,True,previous_session_raw_close,common_stock_limit_rules_v1,2.16,2.16,2019-09-04,2.16,2.37,1.95
2019-09-05,3452,True,previous_session_raw_close,common_stock_limit_rules_v1,2.37,2.37,2019-09-04,2.37,2.6,2.14
2019-09-05,3562,True,previous_session_raw_close,common_stock_limit_rules_v1,6.98,6.98,2019-09-04,6.98,7.67,6.29
2019-09-05,5317,True,previous_session_raw_close,common_stock_limit_rules_v1,46.5,46.5,2019-09-04,46.5,51.1,41.85
2019-09-05,8913,True,previous_session_raw_close,common_stock_limit_rules_v1,14.95,14.95,2019-09-04,14.95,16.4,13.5
2019-09-06,1333,True,previous_session_raw_close,common_stock_limit_rules_v1,2.16,2.16,2019-09-05,2.16,2.37,1.95
2019-09-06,3452,True,previous_session_raw_close,common_stock_limit_rules_v1,2.39,2.39,2019-09-05,2.39,2.62,2.16
2019-09-06,3562,True,previous_session_raw_close,common_stock_limit_rules_v1,7.0,7.0,2019-09-05,7.0,7.7,6.3
2019-09-06,5317,True,previous_session_raw_close,common_stock_limit_rules_v1,46.7,46.7,2019-09-05,46.7,51.3,42.05
2019-09-06,8913,True,previous_session_raw_close,common_stock_limit_rules_v1,15.0,15.0,2019-09-05,15.0,16.5,13.5
2019-09-09,1333,True,previous_session_raw_close,common_stock_limit_rules_v1,2.29,2.29,2019-09-06,2.29,2.51,2.07
2019-09-09,3452,True,previous_session_raw_close,common_stock_limit_rules_v1,2.32,2.32,2019-09-06,2.32,2.55,2.09
2019-09-09,3562,True,previous_session_raw_close,common_stock_limit_rules_v1,6.99,6.99,2019-09-06,6.99,7.68,6.3
2019-09-09,5317,True,previous_session_raw_close,common_stock_limit_rules_v1,46.25,46.25,2019-09-06,46.25,50.8,41.65
2019-09-09,8913,True,previous_session_raw_close,common_stock_limit_rules_v1,15.0,15.0,2019-09-06,15.0,16.5,13.5
2019-09-10,1333,True,previous_session_raw_close,common_stock_limit_rules_v1,2.29,2.29,2019-09-09,2.29,2.51,2.07
2019-09-10,3452,True,previous_session_raw_close,common_stock_limit_rules_v1,2.36,2.36,2019-09-09,2.36,2.59,2.13
2019-09-10,3562,True,previous_session_raw_close,common_stock_limit_rules_v1,6.98,6.98,2019-09-09,6.98,7.67,6.29
2019-09-10,5317,True,previous_session_raw_close,common_stock_limit_rules_v1,46.85,46.85,2019-09-09,46.85,51.5,42.2
2019-09-10,8913,True,previous_session_raw_close,common_stock_limit_rules_v1,15.0,15.0,2019-09-09,15.0,16.5,13.5
2019-09-11,1333,True,previous_session_raw_close,common_stock_limit_rules_v1,2.29,2.29,2019-09-10,2.29,2.51,2.07
2019-09-11,3452,True,previous_session_raw_close,common_stock_limit_rules_v1,2.35,2.35,2019-09-10,2.35,2.58,2.12
2019-09-11,3562,True,previous_session_raw_close,common_stock_limit_rules_v1,7.05,7.05,2019-09-10,7.05,7.75,6.35
2019-09-11,5317,True,previous_session_raw_close,common_stock_limit_rules_v1,47.1,47.1,2019-09-10,47.1,51.8,42.4
2019-09-11,8913,True,previous_session_raw_close,common_stock_limit_rules_v1,14.95,14.95,2019-09-10,14.95,16.4,13.5
2019-09-12,1333,True,previous_session_raw_close,common_stock_limit_rules_v1,2.28,2.28,2019-09-11,2.28,2.5,2.06
2019-09-12,3452,True,previous_session_raw_close,common_stock_limit_rules_v1,2.31,2.31,2019-09-11,2.31,2.54,2.08
2019-09-12,3562,True,previous_session_raw_close,common_stock_limit_rules_v1,7.05,7.05,2019-09-11,7.05,7.75,6.35
2019-09-12,5317,True,previous_session_raw_close,common_stock_limit_rules_v1,46.65,46.65,2019-09-11,46.65,51.3,42.0
2019-09-12,8913,True,previous_session_raw_close,common_stock_limit_rules_v1,14.95,14.95,2019-09-11,14.95,16.4,13.5
2019-09-16,1333,True,previous_session_raw_close,common_stock_limit_rules_v1,2.25,2.25,2019-09-12,2.25,2.47,2.03
2019-09-16,3452,True,previous_session_raw_close,common_stock_limit_rules_v1,2.32,2.32,2019-09-12,2.32,2.55,2.09
2019-09-16,3562,True,previous_session_raw_close,common_stock_limit_rules_v1,7.05,7.05,2019-09-12,7.05,7.75,6.35
2019-09-16,5317,True,previous_session_raw_close,common_stock_limit_rules_v1,47.0,47.0,2019-09-12,47.0,51.7,42.3
2019-09-16,8913,True,previous_session_raw_close,common_stock_limit_rules_v1,14.95,14.95,2019-09-12,14.95,16.4,13.5
2019-09-17,1333,True,previous_session_raw_close,common_stock_limit_rules_v1,2.44,2.44,2019-09-16,2.44,2.68,2.2
2019-09-17,3452,True,previous_session_raw_close,common_stock_limit_rules_v1,2.32,2.32,2019-09-16,2.32,2.55,2.09
2019-09-17,3562,True,previous_session_raw_close,common_stock_limit_rules_v1,7.05,7.05,2019-09-16,7.05,7.75,6.35
2019-09-17,5317,True,previous_session_raw_close,common_stock_limit_rules_v1,46.65,46.65,2019-09-16,46.65,51.3,42.0
2019-09-17,8913,True,previous_session_raw_close,common_stock_limit_rules_v1,14.85,14.85,2019-09-16,14.85,16.3,13.4
2019-09-18,1333,True,official_no_close_bid_ask_rule,common_stock_limit_rules_v1,2.40,2.40,2019-09-17,2.4,2.64,2.16
2019-09-18,3452,True,previous_session_raw_close,common_stock_limit_rules_v1,2.3,2.3,2019-09-17,2.3,2.53,2.07
2019-09-18,3562,True,previous_session_raw_close,common_stock_limit_rules_v1,7.1,7.1,2019-09-17,7.1,7.81,6.39
2019-09-18,8913,True,previous_session_raw_close,common_stock_limit_rules_v1,14.85,14.85,2019-09-17,14.85,16.3,13.4
2019-09-19,1333,True,previous_session_raw_close,common_stock_limit_rules_v1,2.31,2.31,2019-09-18,2.31,2.54,2.08
2019-09-19,3452,True,previous_session_raw_close,common_stock_limit_rules_v1,2.27,2.27,2019-09-18,2.27,2.49,2.05
2019-09-19,3562,True,previous_session_raw_close,common_stock_limit_rules_v1,7.14,7.14,2019-09-18,7.14,7.85,6.43
2019-09-19,8913,True,previous_session_raw_close,common_stock_limit_rules_v1,14.8,14.8,2019-09-18,14.8,16.25,13.35
2019-09-20,1333,True,previous_session_raw_close,common_stock_limit_rules_v1,2.4,2.4,2019-09-19,2.4,2.64,2.16
2019-09-20,3452,True,previous_session_raw_close,common_stock_limit_rules_v1,2.3,2.3,2019-09-19,2.3,2.53,2.07
2019-09-20,3562,True,previous_session_raw_close,common_stock_limit_rules_v1,7.08,7.08,2019-09-19,7.08,7.78,6.38
2019-09-20,8913,True,previous_session_raw_close,common_stock_limit_rules_v1,15.1,15.1,2019-09-19,15.1,16.6,13.6
2019-09-23,1333,True,official_no_close_bid_ask_rule,common_stock_limit_rules_v1,2.4,2.4,2019-09-20,2.4,2.64,2.16
2019-09-23,3452,True,previous_session_raw_close,common_stock_limit_rules_v1,2.32,2.32,2019-09-20,2.32,2.55,2.09
2019-09-23,3562,True,previous_session_raw_close,common_stock_limit_rules_v1,7.11,7.11,2019-09-20,7.11,7.82,6.4
2019-09-23,8913,True,previous_session_raw_close,common_stock_limit_rules_v1,15.1,15.1,2019-09-20,15.1,16.6,13.6
2019-09-24,1333,True,previous_session_raw_close,common_stock_limit_rules_v1,2.3,2.3,2019-09-23,2.3,2.53,2.07
2019-09-24,3452,True,previous_session_raw_close,common_stock_limit_rules_v1,2.33,2.33,2019-09-23,2.33,2.56,2.1
2019-09-24,3562,True,previous_session_raw_close,common_stock_limit_rules_v1,7.11,7.11,2019-09-23,7.11,7.82,6.4
2019-09-24,8913,True,previous_session_raw_close,common_stock_limit_rules_v1,14.9,14.9,2019-09-23,14.9,16.35,13.45
2019-09-25,1333,True,previous_session_raw_close,common_stock_limit_rules_v1,2.48,2.48,2019-09-24,2.48,2.72,2.24
2019-09-25,3452,True,previous_session_raw_close,common_stock_limit_rules_v1,2.32,2.32,2019-09-24,2.32,2.55,2.09
2019-09-25,3562,True,previous_session_raw_close,common_stock_limit_rules_v1,7.12,7.12,2019-09-24,7.12,7.83,6.41
2019-09-25,8913,True,previous_session_raw_close,common_stock_limit_rules_v1,14.95,14.95,2019-09-24,14.95,16.4,13.5
2019-09-26,1333,True,previous_session_raw_close,common_stock_limit_rules_v1,2.59,2.59,2019-09-25,2.59,2.84,2.34
2019-09-26,3452,True,previous_session_raw_close,common_stock_limit_rules_v1,2.33,2.33,2019-09-25,2.33,2.56,2.1
2019-09-26,3562,True,previous_session_raw_close,common_stock_limit_rules_v1,7.12,7.12,2019-09-25,7.12,7.83,6.41
2019-09-26,8913,True,previous_session_raw_close,common_stock_limit_rules_v1,14.95,14.95,2019-09-25,14.95,16.4,13.5
2019-09-27,1333,True,previous_session_raw_close,common_stock_limit_rules_v1,2.74,2.74,2019-09-26,2.74,3.01,2.47
2019-09-27,3452,True,previous_session_raw_close,common_stock_limit_rules_v1,2.33,2.33,2019-09-26,2.33,2.56,2.1
2019-09-27,3562,True,previous_session_raw_close,common_stock_limit_rules_v1,7.21,7.21,2019-09-26,7.21,7.93,6.49
2019-09-27,8913,True,previous_session_raw_close,common_stock_limit_rules_v1,14.85,14.85,2019-09-26,14.85,16.3,13.4
2019-10-01,1333,True,previous_session_raw_close,common_stock_limit_rules_v1,2.59,2.59,2019-09-27,2.59,2.84,2.34
2019-10-01,3452,True,previous_session_raw_close,common_stock_limit_rules_v1,2.32,2.32,2019-09-27,2.32,2.55,2.09
2019-10-01,3562,True,previous_session_raw_close,common_stock_limit_rules_v1,7.21,7.21,2019-09-27,7.21,7.93,6.49
2019-10-01,8913,True,previous_session_raw_close,common_stock_limit_rules_v1,14.8,14.8,2019-09-27,14.8,16.25,13.35
2019-10-02,1333,True,previous_session_raw_close,common_stock_limit_rules_v1,2.6,2.6,2019-10-01,2.6,2.86,2.34
2019-10-02,3452,True,previous_session_raw_close,common_stock_limit_rules_v1,2.28,2.28,2019-10-01,2.28,2.5,2.06
2019-10-02,3562,True,previous_session_raw_close,common_stock_limit_rules_v1,7.15,7.15,2019-10-01,7.15,7.86,6.44
2019-10-02,8913,True,previous_session_raw_close,common_stock_limit_rules_v1,14.8,14.8,2019-10-01,14.8,16.25,13.35
2019-10-03,1333,True,previous_session_raw_close,common_stock_limit_rules_v1,2.5,2.5,2019-10-02,2.5,2.75,2.25
2019-10-03,3452,True,previous_session_raw_close,common_stock_limit_rules_v1,2.29,2.29,2019-10-02,2.29,2.51,2.07
2019-10-03,3562,True,previous_session_raw_close,common_stock_limit_rules_v1,7.26,7.26,2019-10-02,7.26,7.98,6.54
2019-10-03,8913,True,previous_session_raw_close,common_stock_limit_rules_v1,14.7,14.7,2019-10-02,14.7,16.15,13.25
2019-10-04,1333,True,previous_session_raw_close,common_stock_limit_rules_v1,2.42,2.42,2019-10-03,2.42,2.66,2.18
2019-10-04,3452,True,previous_session_raw_close,common_stock_limit_rules_v1,2.29,2.29,2019-10-03,2.29,2.51,2.07
2019-10-04,3562,True,previous_session_raw_close,common_stock_limit_rules_v1,7.02,7.02,2019-10-03,7.02,7.72,6.32
2019-10-04,8913,True,previous_session_raw_close,common_stock_limit_rules_v1,14.65,14.65,2019-10-03,14.65,16.1,13.2
2019-10-07,1333,True,previous_session_raw_close,common_stock_limit_rules_v1,2.4,2.4,2019-10-04,2.4,2.64,2.16
2019-10-07,3452,True,previous_session_raw_close,common_stock_limit_rules_v1,2.31,2.31,2019-10-04,2.31,2.54,2.08
2019-10-07,3562,True,previous_session_raw_close,common_stock_limit_rules_v1,7.18,7.18,2019-10-04,7.18,7.89,6.47
2019-10-07,8913,True,previous_session_raw_close,common_stock_limit_rules_v1,14.5,14.5,2019-10-04,14.5,15.95,13.05
2019-10-08,1333,True,official_no_close_bid_ask_rule,common_stock_limit_rules_v1,2.4,2.4,2019-10-07,2.4,2.64,2.16
2019-10-08,3452,True,previous_session_raw_close,common_stock_limit_rules_v1,2.26,2.26,2019-10-07,2.26,2.48,2.04
2019-10-08,3562,True,previous_session_raw_close,common_stock_limit_rules_v1,7.17,7.17,2019-10-07,7.17,7.88,6.46
2019-10-08,8913,True,previous_session_raw_close,common_stock_limit_rules_v1,14.4,14.4,2019-10-07,14.4,15.8,13.0
2019-10-09,1333,True,official_no_close_bid_ask_rule,common_stock_limit_rules_v1,2.4,2.4,2019-10-08,2.4,2.64,2.16
2019-10-09,3452,True,previous_session_raw_close,common_stock_limit_rules_v1,2.29,2.29,2019-10-08,2.29,2.51,2.07
2019-10-09,3562,True,previous_session_raw_close,common_stock_limit_rules_v1,7.14,7.14,2019-10-08,7.14,7.85,6.43
2019-10-09,8913,True,previous_session_raw_close,common_stock_limit_rules_v1,14.55,14.55,2019-10-08,14.55,16.0,13.1
2019-10-14,1333,True,official_no_close_bid_ask_rule,common_stock_limit_rules_v1,2.4,2.4,2019-10-09,2.4,2.64,2.16
2019-10-14,3452,True,previous_session_raw_close,common_stock_limit_rules_v1,2.26,2.26,2019-10-09,2.26,2.48,2.04
2019-10-14,3562,True,previous_session_raw_close,common_stock_limit_rules_v1,7.0,7.0,2019-10-09,7.0,7.7,6.3
2019-10-14,8913,True,previous_session_raw_close,common_stock_limit_rules_v1,14.45,14.45,2019-10-09,14.45,15.85,13.05
2019-10-15,1333,True,previous_session_raw_close,common_stock_limit_rules_v1,2.44,2.44,2019-10-14,2.44,2.68,2.2
2019-10-15,3452,True,previous_session_raw_close,common_stock_limit_rules_v1,2.29,2.29,2019-10-14,2.29,2.51,2.07
2019-10-15,3562,True,previous_session_raw_close,common_stock_limit_rules_v1,6.96,6.96,2019-10-14,6.96,7.65,6.27
2019-10-15,8913,True,previous_session_raw_close,common_stock_limit_rules_v1,14.4,14.4,2019-10-14,14.4,15.8,13.0
2019-10-16,1333,True,previous_session_raw_close,common_stock_limit_rules_v1,2.38,2.38,2019-10-15,2.38,2.61,2.15
2019-10-16,3452,True,previous_session_raw_close,common_stock_limit_rules_v1,2.27,2.27,2019-10-15,2.27,2.49,2.05
2019-10-16,3562,True,previous_session_raw_close,common_stock_limit_rules_v1,6.85,6.85,2019-10-15,6.85,7.53,6.17
2019-10-16,8913,True,official_no_close_bid_ask_rule,common_stock_limit_rules_v1,14.4,14.4,2019-10-15,14.4,15.8,13.0
2019-10-17,1333,True,official_no_close_bid_ask_rule,common_stock_limit_rules_v1,2.38,2.38,2019-10-16,2.38,2.61,2.15
2019-10-17,3452,True,previous_session_raw_close,common_stock_limit_rules_v1,2.26,2.26,2019-10-16,2.26,2.48,2.04
2019-10-17,3562,True,previous_session_raw_close,common_stock_limit_rules_v1,6.84,6.84,2019-10-16,6.84,7.52,6.16
2019-10-17,8913,True,previous_session_raw_close,common_stock_limit_rules_v1,13.15,13.15,2019-10-16,13.15,14.45,11.85
2019-10-18,1333,True,official_no_close_bid_ask_rule,common_stock_limit_rules_v1,2.38,2.38,2019-10-17,2.38,2.61,2.15
2019-10-18,3452,True,previous_session_raw_close,common_stock_limit_rules_v1,2.23,2.23,2019-10-17,2.23,2.45,2.01
2019-10-18,3562,True,previous_session_raw_close,common_stock_limit_rules_v1,6.86,6.86,2019-10-17,6.86,7.54,6.18
2019-10-18,8913,True,previous_session_raw_close,common_stock_limit_rules_v1,13.15,13.15,2019-10-17,13.15,14.45,11.85
2019-10-21,1333,True,previous_session_raw_close,common_stock_limit_rules_v1,2.36,2.36,2019-10-18,2.36,2.59,2.13
2019-10-21,3452,True,previous_session_raw_close,common_stock_limit_rules_v1,2.17,2.17,2019-10-18,2.17,2.38,1.96
2019-10-21,3562,True,previous_session_raw_close,common_stock_limit_rules_v1,6.86,6.86,2019-10-18,6.86,7.54,6.18
2019-10-21,8913,True,previous_session_raw_close,common_stock_limit_rules_v1,13.15,13.15,2019-10-18,13.15,14.45,11.85
2019-10-22,1333,True,previous_session_raw_close,common_stock_limit_rules_v1,2.52,2.52,2019-10-21,2.52,2.77,2.27
2019-10-22,3452,True,previous_session_raw_close,common_stock_limit_rules_v1,2.13,2.13,2019-10-21,2.13,2.34,1.92
2019-10-22,3562,True,previous_session_raw_close,common_stock_limit_rules_v1,6.88,6.88,2019-10-21,6.88,7.56,6.2
2019-10-22,8913,True,previous_session_raw_close,common_stock_limit_rules_v1,13.2,13.2,2019-10-21,13.2,14.5,11.9
2019-10-23,1333,True,previous_session_raw_close,common_stock_limit_rules_v1,2.34,2.34,2019-10-22,2.34,2.57,2.11
2019-10-23,3452,True,previous_session_raw_close,common_stock_limit_rules_v1,2.12,2.12,2019-10-22,2.12,2.33,1.91
2019-10-23,3562,True,previous_session_raw_close,common_stock_limit_rules_v1,6.9,6.9,2019-10-22,6.9,7.59,6.21
2019-10-23,8913,True,previous_session_raw_close,common_stock_limit_rules_v1,13.2,13.2,2019-10-22,13.2,14.5,11.9
2019-10-24,1333,True,previous_session_raw_close,common_stock_limit_rules_v1,2.39,2.39,2019-10-23,2.39,2.62,2.16
2019-10-24,3452,True,previous_session_raw_close,common_stock_limit_rules_v1,2.08,2.08,2019-10-23,2.08,2.28,1.88
2019-10-24,3562,True,previous_session_raw_close,common_stock_limit_rules_v1,6.95,6.95,2019-10-23,6.95,7.64,6.26
2019-10-24,8913,True,previous_session_raw_close,common_stock_limit_rules_v1,13.2,13.2,2019-10-23,13.2,14.5,11.9
2019-10-25,1333,True,official_no_close_bid_ask_rule,common_stock_limit_rules_v1,2.39,2.39,2019-10-24,2.39,2.62,2.16
2019-10-25,3452,True,previous_session_raw_close,common_stock_limit_rules_v1,2.18,2.18,2019-10-24,2.18,2.39,1.97
2019-10-25,3562,True,previous_session_raw_close,common_stock_limit_rules_v1,6.82,6.82,2019-10-24,6.82,7.5,6.14
2019-10-25,8913,True,previous_session_raw_close,common_stock_limit_rules_v1,13.2,13.2,2019-10-24,13.2,14.5,11.9
2019-10-28,1333,True,previous_session_raw_close,common_stock_limit_rules_v1,2.43,2.43,2019-10-25,2.43,2.67,2.19
2019-10-28,3452,True,previous_session_raw_close,common_stock_limit_rules_v1,2.19,2.19,2019-10-25,2.19,2.4,1.98
2019-10-28,3562,True,previous_session_raw_close,common_stock_limit_rules_v1,6.95,6.95,2019-10-25,6.95,7.64,6.26
2019-10-28,8913,True,previous_session_raw_close,common_stock_limit_rules_v1,13.2,13.2,2019-10-25,13.2,14.5,11.9
2019-10-29,1333,True,official_no_close_bid_ask_rule,common_stock_limit_rules_v1,2.40,2.40,2019-10-28,2.4,2.64,2.16
2019-10-29,3452,True,previous_session_raw_close,common_stock_limit_rules_v1,2.11,2.11,2019-10-28,2.11,2.32,1.9
2019-10-29,3562,True,previous_session_raw_close,common_stock_limit_rules_v1,6.83,6.83,2019-10-28,6.83,7.51,6.15
2019-10-29,8913,True,previous_session_raw_close,common_stock_limit_rules_v1,13.2,13.2,2019-10-28,13.2,14.5,11.9
2019-10-30,1333,True,previous_session_raw_close,common_stock_limit_rules_v1,2.43,2.43,2019-10-29,2.43,2.67,2.19
2019-10-30,3452,True,previous_session_raw_close,common_stock_limit_rules_v1,2.12,2.12,2019-10-29,2.12,2.33,1.91
2019-10-30,3562,True,previous_session_raw_close,common_stock_limit_rules_v1,6.8,6.8,2019-10-29,6.8,7.48,6.12
2019-10-30,8913,True,previous_session_raw_close,common_stock_limit_rules_v1,13.2,13.2,2019-10-29,13.2,14.5,11.9
2019-10-31,1333,True,previous_session_raw_close,common_stock_limit_rules_v1,2.4,2.4,2019-10-30,2.4,2.64,2.16
2019-10-31,3452,True,previous_session_raw_close,common_stock_limit_rules_v1,2.13,2.13,2019-10-30,2.13,2.34,1.92
2019-10-31,3562,True,previous_session_raw_close,common_stock_limit_rules_v1,6.8,6.8,2019-10-30,6.8,7.48,6.12
2019-10-31,8913,True,previous_session_raw_close,common_stock_limit_rules_v1,13.25,13.25,2019-10-30,13.25,14.55,11.95
2019-11-01,1333,True,official_no_close_bid_ask_rule,common_stock_limit_rules_v1,2.37,2.37,2019-10-31,2.37,2.6,2.14
2019-11-01,3452,True,previous_session_raw_close,common_stock_limit_rules_v1,2.16,2.16,2019-10-31,2.16,2.37,1.95
2019-11-01,3562,True,previous_session_raw_close,common_stock_limit_rules_v1,6.7,6.7,2019-10-31,6.7,7.37,6.03
2019-11-01,8913,True,previous_session_raw_close,common_stock_limit_rules_v1,13.2,13.2,2019-10-31,13.2,14.5,11.9
2019-11-04,1333,True,previous_session_raw_close,common_stock_limit_rules_v1,2.43,2.43,2019-11-01,2.43,2.67,2.19
2019-11-04,3452,True,previous_session_raw_close,common_stock_limit_rules_v1,2.18,2.18,2019-11-01,2.18,2.39,1.97
2019-11-04,3562,True,previous_session_raw_close,common_stock_limit_rules_v1,6.74,6.74,2019-11-01,6.74,7.41,6.07
2019-11-04,8913,True,previous_session_raw_close,common_stock_limit_rules_v1,13.25,13.25,2019-11-01,13.25,14.55,11.95
2019-11-05,1333,True,official_no_close_bid_ask_rule,common_stock_limit_rules_v1,2.41,2.41,2019-11-04,2.41,2.65,2.17
2019-11-05,3452,True,previous_session_raw_close,common_stock_limit_rules_v1,2.16,2.16,2019-11-04,2.16,2.37,1.95
2019-11-05,3562,True,previous_session_raw_close,common_stock_limit_rules_v1,6.7,6.7,2019-11-04,6.7,7.37,6.03
2019-11-05,8913,True,previous_session_raw_close,common_stock_limit_rules_v1,13.3,13.3,2019-11-04,13.3,14.6,12.0
2019-11-06,1333,True,official_no_close_bid_ask_rule,common_stock_limit_rules_v1,2.41,2.41,2019-11-05,2.41,2.65,2.17
2019-11-06,3452,True,previous_session_raw_close,common_stock_limit_rules_v1,2.16,2.16,2019-11-05,2.16,2.37,1.95
2019-11-06,3562,True,previous_session_raw_close,common_stock_limit_rules_v1,6.99,6.99,2019-11-05,6.99,7.68,6.3
2019-11-06,8913,True,previous_session_raw_close,common_stock_limit_rules_v1,13.25,13.25,2019-11-05,13.25,14.55,11.95
2019-11-07,1333,True,official_no_close_bid_ask_rule,common_stock_limit_rules_v1,2.36,2.36,2019-11-06,2.36,2.59,2.13
2019-11-07,3452,True,previous_session_raw_close,common_stock_limit_rules_v1,2.12,2.12,2019-11-06,2.12,2.33,1.91
2019-11-07,3562,True,previous_session_raw_close,common_stock_limit_rules_v1,6.72,6.72,2019-11-06,6.72,7.39,6.05
2019-11-07,8913,True,previous_session_raw_close,common_stock_limit_rules_v1,13.25,13.25,2019-11-06,13.25,14.55,11.95
2019-11-08,1333,True,official_no_close_bid_ask_rule,common_stock_limit_rules_v1,2.35,2.35,2019-11-07,2.35,2.58,2.12
2019-11-08,3452,True,previous_session_raw_close,common_stock_limit_rules_v1,2.12,2.12,2019-11-07,2.12,2.33,1.91
2019-11-08,3562,True,previous_session_raw_close,common_stock_limit_rules_v1,6.72,6.72,2019-11-07,6.72,7.39,6.05
2019-11-08,8913,True,previous_session_raw_close,common_stock_limit_rules_v1,13.25,13.25,2019-11-07,13.25,14.55,11.95
2019-11-11,1333,True,previous_session_raw_close,common_stock_limit_rules_v1,2.29,2.29,2019-11-08,2.29,2.51,2.07
2019-11-11,3452,True,previous_session_raw_close,common_stock_limit_rules_v1,2.08,2.08,2019-11-08,2.08,2.28,1.88
2019-11-11,3562,True,previous_session_raw_close,common_stock_limit_rules_v1,7.0,7.0,2019-11-08,7.0,7.7,6.3
2019-11-11,8913,True,previous_session_raw_close,common_stock_limit_rules_v1,13.25,13.25,2019-11-08,13.25,14.55,11.95
2019-11-12,1333,True,official_no_close_bid_ask_rule,common_stock_limit_rules_v1,2.24,2.24,2019-11-11,2.24,2.46,2.02
2019-11-12,3452,True,previous_session_raw_close,common_stock_limit_rules_v1,2.1,2.1,2019-11-11,2.1,2.31,1.89
2019-11-12,3562,True,previous_session_raw_close,common_stock_limit_rules_v1,6.52,6.52,2019-11-11,6.52,7.17,5.87
2019-11-12,8913,True,previous_session_raw_close,common_stock_limit_rules_v1,13.2,13.2,2019-11-11,13.2,14.5,11.9
2019-11-13,1333,True,previous_session_raw_close,common_stock_limit_rules_v1,2.2,2.2,2019-11-12,2.2,2.42,1.98
2019-11-13,3452,True,previous_session_raw_close,common_stock_limit_rules_v1,2.17,2.17,2019-11-12,2.17,2.38,1.96
2019-11-13,3562,True,previous_session_raw_close,common_stock_limit_rules_v1,6.5,6.5,2019-11-12,6.5,7.15,5.85
2019-11-13,8913,True,previous_session_raw_close,common_stock_limit_rules_v1,13.2,13.2,2019-11-12,13.2,14.5,11.9
2019-11-14,1333,True,official_no_close_bid_ask_rule,common_stock_limit_rules_v1,2.2,2.2,2019-11-13,2.2,2.42,1.98
2019-11-14,3452,True,previous_session_raw_close,common_stock_limit_rules_v1,2.22,2.22,2019-11-13,2.22,2.44,2.0
2019-11-14,3562,True,previous_session_raw_close,common_stock_limit_rules_v1,6.5,6.5,2019-11-13,6.5,7.15,5.85
2019-11-14,8913,True,previous_session_raw_close,common_stock_limit_rules_v1,13.2,13.2,2019-11-13,13.2,14.5,11.9
2019-11-15,1333,True,previous_session_raw_close,common_stock_limit_rules_v1,2.16,2.16,2019-11-14,2.16,2.37,1.95
2019-11-15,3452,True,previous_session_raw_close,common_stock_limit_rules_v1,2.11,2.11,2019-11-14,2.11,2.32,1.9
2019-11-15,3562,True,previous_session_raw_close,common_stock_limit_rules_v1,6.23,6.23,2019-11-14,6.23,6.85,5.61
2019-11-15,8913,True,previous_session_raw_close,common_stock_limit_rules_v1,13.2,13.2,2019-11-14,13.2,14.5,11.9
2019-11-18,1333,True,previous_session_raw_close,common_stock_limit_rules_v1,2.17,2.17,2019-11-15,2.17,2.38,1.96
2019-11-18,3452,True,previous_session_raw_close,common_stock_limit_rules_v1,2.1,2.1,2019-11-15,2.1,2.31,1.89
2019-11-18,3562,True,previous_session_raw_close,common_stock_limit_rules_v1,6.79,6.79,2019-11-15,6.79,7.46,6.12
2019-11-18,8913,True,previous_session_raw_close,common_stock_limit_rules_v1,13.2,13.2,2019-11-15,13.2,14.5,11.9
2019-11-19,1333,True,previous_session_raw_close,common_stock_limit_rules_v1,2.17,2.17,2019-11-18,2.17,2.38,1.96
2019-11-19,3452,True,previous_session_raw_close,common_stock_limit_rules_v1,2.12,2.12,2019-11-18,2.12,2.33,1.91
2019-11-19,3562,True,previous_session_raw_close,common_stock_limit_rules_v1,6.78,6.78,2019-11-18,6.78,7.45,6.11
2019-11-19,8913,True,previous_session_raw_close,common_stock_limit_rules_v1,13.25,13.25,2019-11-18,13.25,14.55,11.95
2019-11-20,1333,True,previous_session_raw_close,common_stock_limit_rules_v1,2.15,2.15,2019-11-19,2.15,2.36,1.94
2019-11-20,3452,True,previous_session_raw_close,common_stock_limit_rules_v1,2.11,2.11,2019-11-19,2.11,2.32,1.9
2019-11-20,3562,True,previous_session_raw_close,common_stock_limit_rules_v1,6.65,6.65,2019-11-19,6.65,7.31,5.99
2019-11-20,8913,True,previous_session_raw_close,common_stock_limit_rules_v1,13.25,13.25,2019-11-19,13.25,14.55,11.95
2019-11-21,1333,True,previous_session_raw_close,common_stock_limit_rules_v1,2.15,2.15,2019-11-20,2.15,2.36,1.94
2019-11-21,3452,True,previous_session_raw_close,common_stock_limit_rules_v1,2.24,2.24,2019-11-20,2.24,2.46,2.02
2019-11-21,3562,True,official_no_close_bid_ask_rule,common_stock_limit_rules_v1,6.58,6.58,2019-11-20,6.58,7.23,5.93
2019-11-21,8913,True,previous_session_raw_close,common_stock_limit_rules_v1,13.2,13.2,2019-11-20,13.2,14.5,11.9
2019-11-22,1333,True,previous_session_raw_close,common_stock_limit_rules_v1,2.05,2.05,2019-11-21,2.05,2.25,1.85
2019-11-22,3452,True,previous_session_raw_close,common_stock_limit_rules_v1,2.2,2.2,2019-11-21,2.2,2.42,1.98
2019-11-22,3562,True,previous_session_raw_close,common_stock_limit_rules_v1,6.27,6.27,2019-11-21,6.27,6.89,5.65
2019-11-22,8913,True,previous_session_raw_close,common_stock_limit_rules_v1,13.2,13.2,2019-11-21,13.2,14.5,11.9
2019-11-25,1333,True,previous_session_raw_close,common_stock_limit_rules_v1,2.15,2.15,2019-11-22,2.15,2.36,1.94
2019-11-25,3452,True,previous_session_raw_close,common_stock_limit_rules_v1,2.21,2.21,2019-11-22,2.21,2.43,1.99
2019-11-25,3562,True,previous_session_raw_close,common_stock_limit_rules_v1,6.27,6.27,2019-11-22,6.27,6.89,5.65
2019-11-25,8913,True,previous_session_raw_close,common_stock_limit_rules_v1,13.2,13.2,2019-11-22,13.2,14.5,11.9
2019-11-26,1333,True,previous_session_raw_close,common_stock_limit_rules_v1,2.29,2.29,2019-11-25,2.29,2.51,2.07
2019-11-26,3452,True,previous_session_raw_close,common_stock_limit_rules_v1,2.22,2.22,2019-11-25,2.22,2.44,2.0
2019-11-26,3562,True,previous_session_raw_close,common_stock_limit_rules_v1,6.21,6.21,2019-11-25,6.21,6.83,5.59
2019-11-26,8913,True,previous_session_raw_close,common_stock_limit_rules_v1,13.2,13.2,2019-11-25,13.2,14.5,11.9
2019-11-27,1333,True,previous_session_raw_close,common_stock_limit_rules_v1,2.13,2.13,2019-11-26,2.13,2.34,1.92
2019-11-27,3452,True,previous_session_raw_close,common_stock_limit_rules_v1,2.11,2.11,2019-11-26,2.11,2.32,1.9
2019-11-27,3562,True,previous_session_raw_close,common_stock_limit_rules_v1,6.0,6.0,2019-11-26,6.0,6.6,5.4
2019-11-27,8913,True,previous_session_raw_close,common_stock_limit_rules_v1,13.2,13.2,2019-11-26,13.2,14.5,11.9
2019-11-28,1333,True,previous_session_raw_close,common_stock_limit_rules_v1,1.97,1.97,2019-11-27,1.97,2.16,1.78
2019-11-28,3452,True,previous_session_raw_close,common_stock_limit_rules_v1,2.09,2.09,2019-11-27,2.09,2.29,1.89
2019-11-28,3562,True,previous_session_raw_close,common_stock_limit_rules_v1,5.88,5.88,2019-11-27,5.88,6.46,5.3
2019-11-28,8913,True,previous_session_raw_close,common_stock_limit_rules_v1,13.2,13.2,2019-11-27,13.2,14.5,11.9
2019-11-29,1333,True,previous_session_raw_close,common_stock_limit_rules_v1,1.87,1.87,2019-11-28,1.87,2.05,1.69
2019-11-29,3452,True,previous_session_raw_close,common_stock_limit_rules_v1,2.13,2.13,2019-11-28,2.13,2.34,1.92
2019-11-29,3562,True,previous_session_raw_close,common_stock_limit_rules_v1,5.98,5.98,2019-11-28,5.98,6.57,5.39
2019-11-29,8913,True,previous_session_raw_close,common_stock_limit_rules_v1,13.2,13.2,2019-11-28,13.2,14.5,11.9
2019-12-02,1333,True,previous_session_raw_close,common_stock_limit_rules_v1,1.78,1.78,2019-11-29,1.78,1.95,1.61
2019-12-02,3452,True,previous_session_raw_close,common_stock_limit_rules_v1,2.13,2.13,2019-11-29,2.13,2.34,1.92
2019-12-02,3562,True,previous_session_raw_close,common_stock_limit_rules_v1,5.82,5.82,2019-11-29,5.82,6.4,5.24
2019-12-02,8913,True,previous_session_raw_close,common_stock_limit_rules_v1,13.2,13.2,2019-11-29,13.2,14.5,11.9
2019-12-03,1333,True,previous_session_raw_close,common_stock_limit_rules_v1,1.9,1.9,2019-12-02,1.9,2.09,1.71
2019-12-03,3452,True,previous_session_raw_close,common_stock_limit_rules_v1,2.1,2.1,2019-12-02,2.1,2.31,1.89
2019-12-03,3562,True,previous_session_raw_close,common_stock_limit_rules_v1,5.82,5.82,2019-12-02,5.82,6.4,5.24
2019-12-03,8913,True,previous_session_raw_close,common_stock_limit_rules_v1,13.25,13.25,2019-12-02,13.25,14.55,11.95
2019-12-04,1333,True,previous_session_raw_close,common_stock_limit_rules_v1,1.9,1.9,2019-12-03,1.9,2.09,1.71
2019-12-04,3452,True,previous_session_raw_close,common_stock_limit_rules_v1,2.13,2.13,2019-12-03,2.13,2.34,1.92
2019-12-04,3562,True,previous_session_raw_close,common_stock_limit_rules_v1,5.89,5.89,2019-12-03,5.89,6.47,5.31
2019-12-04,8913,True,previous_session_raw_close,common_stock_limit_rules_v1,13.3,13.3,2019-12-03,13.3,14.6,12.0
2019-12-05,1333,True,previous_session_raw_close,common_stock_limit_rules_v1,1.9,1.9,2019-12-04,1.9,2.09,1.71
2019-12-05,3452,True,previous_session_raw_close,common_stock_limit_rules_v1,1.92,1.92,2019-12-04,1.92,2.11,1.73
2019-12-05,3562,True,previous_session_raw_close,common_stock_limit_rules_v1,5.9,5.9,2019-12-04,5.9,6.49,5.31
2019-12-05,8913,True,previous_session_raw_close,common_stock_limit_rules_v1,13.25,13.25,2019-12-04,13.25,14.55,11.95
2019-12-06,1333,True,previous_session_raw_close,common_stock_limit_rules_v1,1.82,1.82,2019-12-05,1.82,2.0,1.64
2019-12-06,3452,True,previous_session_raw_close,common_stock_limit_rules_v1,1.73,1.73,2019-12-05,1.73,1.9,1.56
2019-12-06,3562,True,previous_session_raw_close,common_stock_limit_rules_v1,5.91,5.91,2019-12-05,5.91,6.5,5.32
2019-12-06,8913,True,previous_session_raw_close,common_stock_limit_rules_v1,13.25,13.25,2019-12-05,13.25,14.55,11.95
2019-12-09,1333,True,previous_session_raw_close,common_stock_limit_rules_v1,1.91,1.91,2019-12-06,1.91,2.1,1.72
2019-12-09,3452,True,previous_session_raw_close,common_stock_limit_rules_v1,1.56,1.56,2019-12-06,1.56,1.71,1.41
2019-12-09,3562,True,previous_session_raw_close,common_stock_limit_rules_v1,6.5,6.5,2019-12-06,6.5,7.15,5.85
2019-12-09,8913,True,previous_session_raw_close,common_stock_limit_rules_v1,13.3,13.3,2019-12-06,13.3,14.6,12.0
2019-12-10,1333,True,previous_session_raw_close,common_stock_limit_rules_v1,1.98,1.98,2019-12-09,1.98,2.17,1.79
2019-12-10,3452,True,previous_session_raw_close,common_stock_limit_rules_v1,1.41,1.41,2019-12-09,1.41,1.55,1.27
2019-12-10,3562,True,previous_session_raw_close,common_stock_limit_rules_v1,6.66,6.66,2019-12-09,6.66,7.32,6.0
2019-12-10,8913,True,previous_session_raw_close,common_stock_limit_rules_v1,13.25,13.25,2019-12-09,13.25,14.55,11.95
2019-12-11,1333,True,previous_session_raw_close,common_stock_limit_rules_v1,2.1,2.1,2019-12-10,2.1,2.31,1.89
2019-12-11,3452,True,previous_session_raw_close,common_stock_limit_rules_v1,1.27,1.27,2019-12-10,1.27,1.39,1.15
2019-12-11,3562,True,previous_session_raw_close,common_stock_limit_rules_v1,6.75,6.75,2019-12-10,6.75,7.42,6.08
2019-12-11,8913,True,previous_session_raw_close,common_stock_limit_rules_v1,13.25,13.25,2019-12-10,13.25,14.55,11.95
2019-12-12,1333,True,previous_session_raw_close,common_stock_limit_rules_v1,2.15,2.15,2019-12-11,2.15,2.36,1.94
2019-12-12,3452,True,previous_session_raw_close,common_stock_limit_rules_v1,1.15,1.15,2019-12-11,1.15,1.26,1.04
2019-12-12,3562,True,previous_session_raw_close,common_stock_limit_rules_v1,6.67,6.67,2019-12-11,6.67,7.33,6.01
2019-12-12,8913,True,previous_session_raw_close,common_stock_limit_rules_v1,13.25,13.25,2019-12-11,13.25,14.55,11.95
2019-12-13,1333,True,previous_session_raw_close,common_stock_limit_rules_v1,2.0,2.0,2019-12-12,2.0,2.2,1.8
2019-12-13,3452,True,previous_session_raw_close,common_stock_limit_rules_v1,1.16,1.16,2019-12-12,1.16,1.27,1.05
2019-12-13,3562,True,previous_session_raw_close,common_stock_limit_rules_v1,6.95,6.95,2019-12-12,6.95,7.64,6.26
2019-12-13,8913,True,previous_session_raw_close,common_stock_limit_rules_v1,13.25,13.25,2019-12-12,13.25,14.55,11.95
2019-12-16,1333,True,previous_session_raw_close,common_stock_limit_rules_v1,1.88,1.88,2019-12-13,1.88,2.06,1.7
2019-12-16,3452,True,previous_session_raw_close,common_stock_limit_rules_v1,1.17,1.17,2019-12-13,1.17,1.28,1.06
2019-12-16,3562,True,previous_session_raw_close,common_stock_limit_rules_v1,6.8,6.8,2019-12-13,6.8,7.48,6.12
2019-12-16,8913,True,previous_session_raw_close,common_stock_limit_rules_v1,13.25,13.25,2019-12-13,13.25,14.55,11.95
2019-12-17,1333,True,previous_session_raw_close,common_stock_limit_rules_v1,1.95,1.95,2019-12-16,1.95,2.14,1.76
2019-12-17,3452,True,previous_session_raw_close,common_stock_limit_rules_v1,1.25,1.25,2019-12-16,1.25,1.37,1.13
2019-12-17,3562,True,previous_session_raw_close,common_stock_limit_rules_v1,6.96,6.96,2019-12-16,6.96,7.65,6.27
2019-12-17,8913,True,previous_session_raw_close,common_stock_limit_rules_v1,13.25,13.25,2019-12-16,13.25,14.55,11.95
2019-12-18,1333,True,previous_session_raw_close,common_stock_limit_rules_v1,1.94,1.94,2019-12-17,1.94,2.13,1.75
2019-12-18,3452,True,previous_session_raw_close,common_stock_limit_rules_v1,1.15,1.15,2019-12-17,1.15,1.26,1.04
2019-12-18,3562,True,previous_session_raw_close,common_stock_limit_rules_v1,7.04,7.04,2019-12-17,7.04,7.74,6.34
2019-12-18,8913,True,previous_session_raw_close,common_stock_limit_rules_v1,13.25,13.25,2019-12-17,13.25,14.55,11.95
2019-12-19,1333,True,previous_session_raw_close,common_stock_limit_rules_v1,1.96,1.96,2019-12-18,1.96,2.15,1.77
2019-12-19,3452,True,previous_session_raw_close,common_stock_limit_rules_v1,1.19,1.19,2019-12-18,1.19,1.3,1.08
2019-12-19,3562,True,previous_session_raw_close,common_stock_limit_rules_v1,7.03,7.03,2019-12-18,7.03,7.73,6.33
2019-12-19,8913,True,previous_session_raw_close,common_stock_limit_rules_v1,13.25,13.25,2019-12-18,13.25,14.55,11.95
2019-12-20,1333,True,previous_session_raw_close,common_stock_limit_rules_v1,1.87,1.87,2019-12-19,1.87,2.05,1.69
2019-12-20,3452,True,previous_session_raw_close,common_stock_limit_rules_v1,1.22,1.22,2019-12-19,1.22,1.34,1.1
2019-12-20,3562,True,previous_session_raw_close,common_stock_limit_rules_v1,7.0,7.0,2019-12-19,7.0,7.7,6.3
2019-12-20,8913,True,previous_session_raw_close,common_stock_limit_rules_v1,13.25,13.25,2019-12-19,13.25,14.55,11.95
2019-12-23,1333,True,previous_session_raw_close,common_stock_limit_rules_v1,1.88,1.88,2019-12-20,1.88,2.06,1.7
2019-12-23,3452,True,previous_session_raw_close,common_stock_limit_rules_v1,1.22,1.22,2019-12-20,1.22,1.34,1.1
2019-12-23,3562,True,previous_session_raw_close,common_stock_limit_rules_v1,7.1,7.1,2019-12-20,7.1,7.81,6.39
2019-12-23,8913,True,previous_session_raw_close,common_stock_limit_rules_v1,13.25,13.25,2019-12-20,13.25,14.55,11.95
2019-12-24,1333,True,previous_session_raw_close,common_stock_limit_rules_v1,1.94,1.94,2019-12-23,1.94,2.13,1.75
2019-12-24,3452,True,previous_session_raw_close,common_stock_limit_rules_v1,1.31,1.31,2019-12-23,1.31,1.44,1.18
2019-12-24,3562,True,previous_session_raw_close,common_stock_limit_rules_v1,7.15,7.15,2019-12-23,7.15,7.86,6.44
2019-12-24,8913,True,previous_session_raw_close,common_stock_limit_rules_v1,13.25,13.25,2019-12-23,13.25,14.55,11.95
2019-12-25,1333,True,previous_session_raw_close,common_stock_limit_rules_v1,2.02,2.02,2019-12-24,2.02,2.22,1.82
2019-12-25,3452,True,previous_session_raw_close,common_stock_limit_rules_v1,1.44,1.44,2019-12-24,1.44,1.58,1.3
2019-12-25,3562,True,previous_session_raw_close,common_stock_limit_rules_v1,7.34,7.34,2019-12-24,7.34,8.07,6.61
2019-12-25,8913,True,previous_session_raw_close,common_stock_limit_rules_v1,13.25,13.25,2019-12-24,13.25,14.55,11.95
2019-12-26,1333,True,official_no_close_bid_ask_rule,common_stock_limit_rules_v1,2.01,2.01,2019-12-25,2.01,2.21,1.81
2019-12-26,3452,True,previous_session_raw_close,common_stock_limit_rules_v1,1.54,1.54,2019-12-25,1.54,1.69,1.39
2019-12-26,3562,True,previous_session_raw_close,common_stock_limit_rules_v1,7.46,7.46,2019-12-25,7.46,8.2,6.72
2019-12-26,8913,True,previous_session_raw_close,common_stock_limit_rules_v1,13.25,13.25,2019-12-25,13.25,14.55,11.95
2019-12-27,1333,True,previous_session_raw_close,common_stock_limit_rules_v1,1.87,1.87,2019-12-26,1.87,2.05,1.69
2019-12-27,3452,True,previous_session_raw_close,common_stock_limit_rules_v1,1.67,1.67,2019-12-26,1.67,1.83,1.51
2019-12-27,3562,True,previous_session_raw_close,common_stock_limit_rules_v1,7.2,7.2,2019-12-26,7.2,7.92,6.48
2019-12-27,8913,True,previous_session_raw_close,common_stock_limit_rules_v1,13.25,13.25,2019-12-26,13.25,14.55,11.95
2019-12-30,1333,True,previous_session_raw_close,common_stock_limit_rules_v1,1.85,1.85,2019-12-27,1.85,2.03,1.67
2019-12-30,3452,True,previous_session_raw_close,common_stock_limit_rules_v1,1.56,1.56,2019-12-27,1.56,1.71,1.41
2019-12-30,3562,True,previous_session_raw_close,common_stock_limit_rules_v1,7.92,7.92,2019-12-27,7.92,8.71,7.13
2019-12-30,8913,True,previous_session_raw_close,common_stock_limit_rules_v1,13.25,13.25,2019-12-27,13.25,14.55,11.95
2019-12-31,1333,True,previous_session_raw_close,common_stock_limit_rules_v1,1.85,1.85,2019-12-30,1.85,2.03,1.67
2019-12-31,3452,True,previous_session_raw_close,common_stock_limit_rules_v1,1.63,1.63,2019-12-30,1.63,1.79,1.47
2019-12-31,3562,True,previous_session_raw_close,common_stock_limit_rules_v1,8.71,8.71,2019-12-30,8.71,9.58,7.84
2019-12-31,8913,True,previous_session_raw_close,common_stock_limit_rules_v1,13.25,13.25,2019-12-30,13.25,14.55,11.95
2020-01-02,1333,True,previous_session_raw_close,common_stock_limit_rules_v1,1.76,1.76,2019-12-31,1.76,1.93,1.59
2020-01-02,3452,True,previous_session_raw_close,common_stock_limit_rules_v1,1.57,1.57,2019-12-31,1.57,1.72,1.42
2020-01-02,3562,True,previous_session_raw_close,common_stock_limit_rules_v1,9.58,9.58,2019-12-31,9.58,10.5,8.63
2020-01-02,8913,True,previous_session_raw_close,common_stock_limit_rules_v1,13.3,13.3,2019-12-31,13.3,14.6,12.0
2020-01-03,1333,True,previous_session_raw_close,common_stock_limit_rules_v1,1.8,1.8,2020-01-02,1.8,1.98,1.62
2020-01-03,3452,True,previous_session_raw_close,common_stock_limit_rules_v1,1.54,1.54,2020-01-02,1.54,1.69,1.39
2020-01-03,3562,True,previous_session_raw_close,common_stock_limit_rules_v1,9.96,9.96,2020-01-02,9.96,10.95,8.97
2020-01-03,8913,True,previous_session_raw_close,common_stock_limit_rules_v1,13.3,13.3,2020-01-02,13.3,14.6,12.0
2020-01-06,1333,True,previous_session_raw_close,common_stock_limit_rules_v1,1.74,1.74,2020-01-03,1.74,1.91,1.57
2020-01-06,3452,True,previous_session_raw_close,common_stock_limit_rules_v1,1.52,1.52,2020-01-03,1.52,1.67,1.37
2020-01-06,3562,True,previous_session_raw_close,common_stock_limit_rules_v1,8.98,8.98,2020-01-03,8.98,9.87,8.09
2020-01-06,8913,True,previous_session_raw_close,common_stock_limit_rules_v1,13.3,13.3,2020-01-03,13.3,14.6,12.0
2020-01-07,1333,True,previous_session_raw_close,common_stock_limit_rules_v1,1.87,1.87,2020-01-06,1.87,2.05,1.69
2020-01-07,3452,True,previous_session_raw_close,common_stock_limit_rules_v1,1.41,1.41,2020-01-06,1.41,1.55,1.27
2020-01-07,3562,True,previous_session_raw_close,common_stock_limit_rules_v1,9.3,9.3,2020-01-06,9.3,10.2,8.37
2020-01-07,8913,True,previous_session_raw_close,common_stock_limit_rules_v1,13.3,13.3,2020-01-06,13.3,14.6,12.0
2020-01-08,1333,True,previous_session_raw_close,common_stock_limit_rules_v1,1.87,1.87,2020-01-07,1.87,2.05,1.69
2020-01-08,3452,True,previous_session_raw_close,common_stock_limit_rules_v1,1.31,1.31,2020-01-07,1.31,1.44,1.18
2020-01-08,3562,True,previous_session_raw_close,common_stock_limit_rules_v1,8.85,8.85,2020-01-07,8.85,9.73,7.97
2020-01-08,8913,True,previous_session_raw_close,common_stock_limit_rules_v1,13.3,13.3,2020-01-07,13.3,14.6,12.0
2020-01-09,1333,True,previous_session_raw_close,common_stock_limit_rules_v1,1.87,1.87,2020-01-08,1.87,2.05,1.69
2020-01-09,3452,True,previous_session_raw_close,common_stock_limit_rules_v1,1.32,1.32,2020-01-08,1.32,1.45,1.19
2020-01-09,3562,True,previous_session_raw_close,common_stock_limit_rules_v1,8.88,8.88,2020-01-08,8.88,9.76,8.0
2020-01-09,8913,True,previous_session_raw_close,common_stock_limit_rules_v1,13.3,13.3,2020-01-08,13.3,14.6,12.0
2020-01-10,1333,True,previous_session_raw_close,common_stock_limit_rules_v1,1.91,1.91,2020-01-09,1.91,2.1,1.72
2020-01-10,3452,True,previous_session_raw_close,common_stock_limit_rules_v1,1.34,1.34,2020-01-09,1.34,1.47,1.21
2020-01-10,3562,True,previous_session_raw_close,common_stock_limit_rules_v1,8.75,8.75,2020-01-09,8.75,9.62,7.88
2020-01-10,8913,True,previous_session_raw_close,common_stock_limit_rules_v1,13.3,13.3,2020-01-09,13.3,14.6,12.0
2020-01-13,1333,True,previous_session_raw_close,common_stock_limit_rules_v1,1.85,1.85,2020-01-10,1.85,2.03,1.67
2020-01-13,3562,True,previous_session_raw_close,common_stock_limit_rules_v1,8.8,8.8,2020-01-10,8.8,9.68,7.92
2020-01-13,8913,True,previous_session_raw_close,common_stock_limit_rules_v1,13.3,13.3,2020-01-10,13.3,14.6,12.0
2020-01-14,1333,True,previous_session_raw_close,common_stock_limit_rules_v1,1.89,1.89,2020-01-13,1.89,2.07,1.71
2020-01-14,3562,True,previous_session_raw_close,common_stock_limit_rules_v1,9.45,9.45,2020-01-13,9.45,10.35,8.51
2020-01-15,1333,True,previous_session_raw_close,common_stock_limit_rules_v1,2.02,2.02,2020-01-14,2.02,2.22,1.82
2020-01-15,3562,True,previous_session_raw_close,common_stock_limit_rules_v1,9.29,9.29,2020-01-14,9.29,10.2,8.37
2020-01-16,1333,True,previous_session_raw_close,common_stock_limit_rules_v1,2.16,2.16,2020-01-15,2.16,2.37,1.95
2020-01-16,3562,True,previous_session_raw_close,common_stock_limit_rules_v1,9.12,9.12,2020-01-15,9.12,10.0,8.21
2020-01-17,1333,True,previous_session_raw_close,common_stock_limit_rules_v1,2.12,2.12,2020-01-16,2.12,2.33,1.91
2020-01-17,3562,True,previous_session_raw_close,common_stock_limit_rules_v1,9.12,9.12,2020-01-16,9.12,10.0,8.21
2020-01-20,1333,True,previous_session_raw_close,common_stock_limit_rules_v1,2.02,2.02,2020-01-17,2.02,2.22,1.82
2020-01-20,3562,True,previous_session_raw_close,common_stock_limit_rules_v1,10.0,10.0,2020-01-17,10.0,11.0,9.0
2020-01-30,1333,True,previous_session_raw_close,common_stock_limit_rules_v1,1.98,1.98,2020-01-20,1.98,2.17,1.79
2020-01-30,3562,True,previous_session_raw_close,common_stock_limit_rules_v1,11.0,11.0,2020-01-20,11.0,12.1,9.9
2020-01-31,1333,True,previous_session_raw_close,common_stock_limit_rules_v1,1.86,1.86,2020-01-30,1.86,2.04,1.68
2020-01-31,3562,True,previous_session_raw_close,common_stock_limit_rules_v1,11.95,11.95,2020-01-30,11.95,13.1,10.8
2020-02-03,1333,True,previous_session_raw_close,common_stock_limit_rules_v1,1.99,1.99,2020-01-31,1.99,2.18,1.8
2020-02-03,3562,True,previous_session_raw_close,common_stock_limit_rules_v1,11.65,11.65,2020-01-31,11.65,12.8,10.5
2020-02-04,1333,True,previous_session_raw_close,common_stock_limit_rules_v1,2.06,2.06,2020-02-03,2.06,2.26,1.86
2020-02-04,3562,True,previous_session_raw_close,common_stock_limit_rules_v1,12.8,12.8,2020-02-03,12.8,14.05,11.55
2020-02-05,1333,True,previous_session_raw_close,common_stock_limit_rules_v1,2.1,2.1,2020-02-04,2.1,2.31,1.89
2020-02-05,3562,True,previous_session_raw_close,common_stock_limit_rules_v1,13.5,13.5,2020-02-04,13.5,14.85,12.15
2020-02-06,1333,True,previous_session_raw_close,common_stock_limit_rules_v1,2.1,2.1,2020-02-05,2.1,2.31,1.89
2020-02-06,3562,True,previous_session_raw_close,common_stock_limit_rules_v1,12.45,12.45,2020-02-05,12.45,13.65,11.25
2020-02-07,1333,True,previous_session_raw_close,common_stock_limit_rules_v1,2.2,2.2,2020-02-06,2.2,2.42,1.98
2020-02-07,3562,True,previous_session_raw_close,common_stock_limit_rules_v1,12.9,12.9,2020-02-06,12.9,14.15,11.65
2020-02-10,1333,True,previous_session_raw_close,common_stock_limit_rules_v1,2.21,2.21,2020-02-07,2.21,2.43,1.99
2020-02-10,3562,True,previous_session_raw_close,common_stock_limit_rules_v1,12.8,12.8,2020-02-07,12.8,14.05,11.55
2020-02-11,1333,True,previous_session_raw_close,common_stock_limit_rules_v1,2.2,2.2,2020-02-10,2.2,2.42,1.98
2020-02-11,3562,True,previous_session_raw_close,common_stock_limit_rules_v1,12.75,12.75,2020-02-10,12.75,14.0,11.5
2020-02-12,1333,True,official_no_close_bid_ask_rule,common_stock_limit_rules_v1,2.2,2.2,2020-02-11,2.2,2.42,1.98
2020-02-12,3562,True,previous_session_raw_close,common_stock_limit_rules_v1,13.2,13.2,2020-02-11,13.2,14.5,11.9
2020-02-13,1333,True,previous_session_raw_close,common_stock_limit_rules_v1,2.2,2.2,2020-02-12,2.2,2.42,1.98
2020-02-13,3562,True,previous_session_raw_close,common_stock_limit_rules_v1,13.45,13.45,2020-02-12,13.45,14.75,12.15
2020-02-14,1333,True,official_no_close_bid_ask_rule,common_stock_limit_rules_v1,2.19,2.19,2020-02-13,2.19,2.4,1.98
2020-02-14,3562,True,previous_session_raw_close,common_stock_limit_rules_v1,14.75,14.75,2020-02-13,14.75,16.2,13.3
2020-02-17,1333,True,previous_session_raw_close,common_stock_limit_rules_v1,2.2,2.2,2020-02-14,2.2,2.42,1.98
2020-02-18,1333,True,previous_session_raw_close,common_stock_limit_rules_v1,2.2,2.2,2020-02-17,2.2,2.42,1.98
2020-02-19,1333,True,previous_session_raw_close,common_stock_limit_rules_v1,2.02,2.02,2020-02-18,2.02,2.22,1.82
2020-02-20,1333,True,official_no_close_bid_ask_rule,common_stock_limit_rules_v1,2.02,2.02,2020-02-19,2.02,2.22,1.82
2020-02-21,1333,True,previous_session_raw_close,common_stock_limit_rules_v1,2.02,2.02,2020-02-20,2.02,2.22,1.82
2020-02-24,1333,True,official_no_close_bid_ask_rule,common_stock_limit_rules_v1,2.02,2.02,2020-02-21,2.02,2.22,1.82
2020-02-25,1333,True,previous_session_raw_close,common_stock_limit_rules_v1,1.85,1.85,2020-02-24,1.85,2.03,1.67
2020-02-26,1333,True,official_no_close_bid_ask_rule,common_stock_limit_rules_v1,1.89,1.89,2020-02-25,1.89,2.07,1.71
2020-02-27,1333,True,official_no_close_bid_ask_rule,common_stock_limit_rules_v1,1.89,1.89,2020-02-26,1.89,2.07,1.71
2020-03-02,1333,True,previous_session_raw_close,common_stock_limit_rules_v1,2.07,2.07,2020-02-27,2.07,2.27,1.87
2020-03-03,1333,True,previous_session_raw_close,common_stock_limit_rules_v1,2.2,2.2,2020-03-02,2.2,2.42,1.98
2020-03-04,1333,True,previous_session_raw_close,common_stock_limit_rules_v1,2.42,2.42,2020-03-03,2.42,2.66,2.18
2020-03-05,1333,True,previous_session_raw_close,common_stock_limit_rules_v1,2.35,2.35,2020-03-04,2.35,2.58,2.12
2020-03-06,1333,True,previous_session_raw_close,common_stock_limit_rules_v1,2.45,2.45,2020-03-05,2.45,2.69,2.21
2020-03-09,1333,True,previous_session_raw_close,common_stock_limit_rules_v1,2.4,2.4,2020-03-06,2.4,2.64,2.16
2020-03-10,1333,True,previous_session_raw_close,common_stock_limit_rules_v1,2.3,2.3,2020-03-09,2.3,2.53,2.07
2020-03-11,1333,True,previous_session_raw_close,common_stock_limit_rules_v1,2.2,2.2,2020-03-10,2.2,2.42,1.98
2020-03-12,1333,True,previous_session_raw_close,common_stock_limit_rules_v1,2.21,2.21,2020-03-11,2.21,2.43,1.99
2020-03-13,1333,True,official_no_close_bid_ask_rule,common_stock_limit_rules_v1,2.21,2.21,2020-03-12,2.21,2.43,1.99
2020-03-16,1333,True,previous_session_raw_close,common_stock_limit_rules_v1,2.01,2.01,2020-03-13,2.01,2.21,1.81
2020-03-17,1333,True,previous_session_raw_close,common_stock_limit_rules_v1,1.99,1.99,2020-03-16,1.99,2.18,1.8
2020-03-18,1333,True,previous_session_raw_close,common_stock_limit_rules_v1,2.0,2.0,2020-03-17,2.0,2.2,1.8
2020-03-19,1333,True,official_no_close_bid_ask_rule,common_stock_limit_rules_v1,2.05,2.05,2020-03-18,2.05,2.25,1.85
2020-03-20,1333,True,previous_session_raw_close,common_stock_limit_rules_v1,2.05,2.05,2020-03-19,2.05,2.25,1.85
2020-03-23,1333,True,official_no_close_bid_ask_rule,common_stock_limit_rules_v1,2.06,2.06,2020-03-20,2.06,2.26,1.86
2020-03-24,1333,True,previous_session_raw_close,common_stock_limit_rules_v1,2.05,2.05,2020-03-23,2.05,2.25,1.85
2020-03-25,1333,True,previous_session_raw_close,common_stock_limit_rules_v1,2.0,2.0,2020-03-24,2.0,2.2,1.8
2020-03-26,1333,True,previous_session_raw_close,common_stock_limit_rules_v1,2.0,2.0,2020-03-25,2.0,2.2,1.8
2020-03-27,1333,True,previous_session_raw_close,common_stock_limit_rules_v1,2.0,2.0,2020-03-26,2.0,2.2,1.8
2020-03-30,1333,True,previous_session_raw_close,common_stock_limit_rules_v1,1.98,1.98,2020-03-27,1.98,2.17,1.79
2020-03-31,1333,True,previous_session_raw_close,common_stock_limit_rules_v1,1.79,1.79,2020-03-30,1.79,1.96,1.62
2020-04-01,1333,True,previous_session_raw_close,common_stock_limit_rules_v1,1.76,1.76,2020-03-31,1.76,1.93,1.59
2020-04-06,1333,True,previous_session_raw_close,common_stock_limit_rules_v1,1.59,1.59,2020-04-01,1.59,1.74,1.44
