date,rows,body_sha256,gzip_sha256,saved_at_utc
2019-01-02,2093,7de85a7ab152bc7efd3dcf1fb2fa6ab097c75d2693f879d363763bdacc222f52,9a8f3a1f6e40dbc3ac5d447fdbfda577111d0d1857d4521c84a3b7efa53c091d,2026-10-08T04:49:27.742749+00:00
2019-01-04,2092,90bafd02966fc17a8be8d1182c3a740a7cd87b45c1932c29208fd7a175f78fb1,dda27b575cd42c45238221d641b260795764ad77ce0e702dd8521d3c5e6a3edd,2026-10-08T04:49:27.873621+00:00
2019-01-03,2092,f1fe9e9be85064c5da8b5cc05297761ab7f7e06ce83237c60bce486627f7c716,df43eaa07f1744f7a30c8ce7c5da3f8f86d045b3afe89c3eb004eb8321ca7966,2026-10-08T04:49:27.600161+00:00
2019-01-07,2091,6b27f87ebc40b30873b17071183cfda801f479e07f0f075c0a32d332f3dc27e3,7d57c70cd852886368f14e3972a239bb06795d48ab4ee1dff85791e8955e31a5,2026-10-08T04:49:27.594603+00:00
2019-01-09,2093,12d3b491ae94100f61a635b1892f2c6208321a220e9d037a9664e4b606817679,acdef5e5177584bcb8165934dc5ce44613def009292c65f8250b2f8754f875dc,2026-10-08T04:49:38.935345+00:00
2019-01-08,2093,4bc141e573d0b57e1749a450d434c3c0b53a233f7133bc7da0b3f9ecd7b84686,4067189263d6e351c4772e0f183cddbb8c824606eda4e42b6daec3402a9ff560,2026-10-08T04:49:38.737631+00:00
2019-01-11,2094,cbf1ee5312c4764dd0cdafa49bf7b8256f0b67247b4cef516506a06466f0495b,8b61366f08896b17c1044aa8becc28479e7003192bf96199ff80e186871e5388,2026-10-08T04:49:38.960603+00:00
2019-01-10,2093,ff63c6ecd22fb9c3379db2be22ff525b7a44ed7e4776604c434e0fd4e674dd8f,bb6a95de3026a7bd7c94b57986bdcdbfdf952565516087fd848b5886be86b82e,2026-10-08T04:49:38.923157+00:00
2019-01-15,2095,10b36d11dfe4eb74323a63ba0b8d1a3989952a8f27fd448f2488f116d3769337,111b8b00b604a10c0d00698b3937c575625fdc58819d2adc1a39149bedecafaa,2026-10-08T04:49:49.258967+00:00
2019-01-14,2095,cfafece5b1c211aca535e12776adc2c0dbef9688514f66f8f21d9b9a6d3094ce,e41af9b5e90d5ba878ddc71c6a511038a29bc5be47f8bc2e157321d51ecc8602,2026-10-08T04:49:49.393541+00:00
2019-01-17,2095,c2a40f77eaad9561504ac8e392c6006d65b1927552f4685d9bf98c15d0a88896,3a82c248693d27661fdd7e0f572aa0a80a670150e94f30380e50905b07aa992a,2026-10-08T04:49:49.645720+00:00
2019-01-16,2095,03ad96eca1f6f18e6a3b34154544f123a050ba261cfe6da0e751a3abb679f114,988f260daf6dd1bff10f5ce6863fb88f6ed816ca049fe26a4f83f78e7ca36de7,2026-10-08T04:49:49.480409+00:00
2019-01-18,2095,7f01cc0c3dfc0b34fcd94cf4dbc351a9bdfa5d8ae24550a65588a5c9e65ce463,21d2c5d1cd62d6cfb3d459b0f08c6c1225e36b7783e60d7123a5052efadf05bc,2026-10-08T04:49:58.920594+00:00
2019-01-21,2095,db9f9e1f9744edfca101f41c3f90021471e1c71766935445159d0fe79cb294d4,8e761617bf3d06a5005dc7dc0813fa5738508eb01cd3da41c6b23c43ea26d39a,2026-10-08T04:49:59.062970+00:00
2019-01-23,2097,21da55c316971a6f613ad8c411d972dc4dcff6ffcb589f888c6af6f0ac5b78a8,fe8312fbff363f15df1efbebce5871ca276f0db4b5c7bcd6fefd8d6ce93cdd96,2026-10-08T04:49:59.307339+00:00
2019-01-22,2095,5e93e9fd35ad021b59da2e0d242a78649349f24a8d2fca9061d9506788e15e54,c25c76d911a95d989950af623ac88f61baf0267ce8c66d121daf65a71cb5b239,2026-10-08T04:49:59.212777+00:00
2019-01-24,2096,52994c60f6fc257aee86d698a384045c5ec03023176c9976bf8de4f5a2c725f4,a3f31b0f7619c361bbb54d0f2c660a92c9e7f28b4a947babf189e0b740a95d46,2026-10-08T04:50:09.351276+00:00
2019-01-29,2103,0fb862141603dff815f25c8d9af435ff916d9572c50c95026ee5792fde199968,000dbefc6ac15e8c2ce4ea3c6d5ce64e9bac3888a90255401861c59df938f32b,2026-10-08T04:50:09.713791+00:00
2019-01-25,2096,8219bbd1ec740ee2c700cc66d06e14550783826292f6ec113f133de7961e13e3,55ffc1bed8ac90049bf83512a5b280481d7c5ab2b67f47d09d7fc1c49293500b,2026-10-08T04:50:09.665835+00:00
2019-01-28,2098,35a83bc1812e283d8e6d3dd7510582fe44b93353fa4ed5048ff32093220c99a4,2d51aaf7c35fc42211cd9e97e54423f57657f06db4fda4aedd8ed49c6e79aa93,2026-10-08T04:50:09.441270+00:00
2019-02-11,2102,74249e9d2c4fa3312ce2bee78a1fb8cf69a8cf5e6f758302925e3126196583e6,a1c35e3935f374b6ec0b5532d1060d2871dcd86d67a78eda55d181b97128e747,2026-10-08T04:50:19.545038+00:00
2019-01-30,2102,e2df3499734afda1f876885d0472aab7c7e4983630497f9b3042b1ff1ed0078a,ba8831d5ce038026e010164e358aa36d15b24d6abade45f576e34a9f5ce2b562,2026-10-08T04:50:19.548355+00:00
2019-02-13,2102,94ed217038af2d1b37c74723bc69be26172e3473d9478cce6c1b6eb37f29e4e3,33f2625ae11e076586a78f70ea4b6888508ea53d91877c06b89d1cd51dfcd716,2026-10-08T04:50:19.424041+00:00
2019-02-12,2102,4dee9ea9a8ac661d23411d33f1dd7b79c11b3889d247066380acc220c055281d,46b06c70e92b80fa48a108cbb6b1f77198eb69f156cf5fc86c0e47148e42a3ae,2026-10-08T04:50:19.435585+00:00
2019-02-14,2105,35a7596728bcbe03b71b518d24c5009b941ec963ffea2ea326c7ffa682052d2b,4eb4f6f4d9e29548d70e0262b1d6e6a14e887bd32b8098135a2eac1a0e5d9e5e,2026-10-08T04:50:29.713836+00:00
2019-02-15,2106,4d5021f072f8bef7b1362abfa419ac218e1abf486fc878cc3040dc522b2ada75,ac345c5a752df6b15d24d48dff06c49219c09a2d7ec9b2f4e46745a6d9e0fb1f,2026-10-08T04:50:29.855941+00:00
2019-02-18,2107,03cabeb9da65fd4f96a85b381fd09a71779422a8c48cfffac4dc1cc519b97b0e,5fc53d57f2c1419615b70a3997d120f27f9c51a7410d640bb1153e7bd6b5aec1,2026-10-08T04:50:29.852542+00:00
2019-02-19,2107,d1b8b2259db0b7a0ead001c6d51c897a947ddc58d06fb264c3a1d03b2ae4d444,f65b476641a48819412a1d05a62c8be5b544905b8b30af74275fe1c4fe0361be,2026-10-08T04:50:29.757996+00:00
2019-02-20,2107,2c66b42c1c78c472c1987357ef96ad97de347246e8acb7faf53f45b39b638b73,8cf7642dfe93f84a09480f1c6828a69e926fc42c5b64f26b9bdcfb7230b3fca0,2026-10-08T04:50:40.501904+00:00
2019-02-22,2107,ce2e6ce7bf5d0d8b13c0cd20523019bba8a50c0aff1e20c42dd30b76621c62dd,69a6eb9baf9d4ce2204294f0bc9629b0cabd43313e350b0ec7105e5a340e2782,2026-10-08T04:50:40.567315+00:00
2019-02-21,2107,cc7d3e2373fa0fce8562b063b9ca8a570affee7efe6b83bc679a133264569d92,17983cbe16ae45d6dab8f9846080ff08a9cdfe6db9f2044acf47affc23f1af6c,2026-10-08T04:50:40.591859+00:00
2019-02-25,2108,1c25f689d8f93710a492db09bc92307c6fa58697be5f7d8b09d1752ce67210cd,67f4c6c485efaabec1f9964aca231d307b87358d3271b32b10fcbef651d70bbc,2026-10-08T04:50:40.272760+00:00
2019-03-05,2108,eaa97e451b4f244fcd9343f2793510c04b8c1a0b2bdecb66878fe889ba2c8292,c196e4481322f13319ae497c2ce1e6b4082232e2ab87dbeb97c21e7faa7e2b1b,2026-10-08T04:50:52.438129+00:00
2019-02-27,2108,19c6c2223826beb7874a30f4d2a6cc6f357454356976f0f1c1540ed284f4828c,9fbf6a210f8ee271f8e911aa369f92d5bdeed05124dac8e5907d9927a1ec4d40,2026-10-08T04:50:51.841556+00:00
2019-03-04,2108,b2a2358d2481a526fed712fa7a16b426e0bc2dad6a02583190cacb690c185bff,08b7c4ba3719078723168ed04e77509866a0c1230d67c7f313547f3cb879f0c3,2026-10-08T04:50:51.782251+00:00
2019-02-26,2107,af6d07567230c6cbba8255b95c4750b09c436283db136d926733054da4a34531,4b03dc8b49cf720738cf1de28b0c11842fead0d19981ac3f13df86cad0d56436,2026-10-08T04:50:51.722668+00:00
2019-03-07,2112,c93a1eb8f8aea4b7df2f98c0e3e16e4cd073b1320eb97be62e447de3c87b75c7,964f62223314ecda310e3e85e59337f744af2cd5cf21e4c9f52c22ed2d9651e9,2026-10-08T04:51:04.660107+00:00
2019-03-11,2113,a645a47313b226358c2aa29b560801ab032bfac7ce4a8c305178f6b03cdc0093,0b17cdf0a7ea4bd0a1c74603acca1c2e2e7886693e4d11c0e94cb23dfe4ee32e,2026-10-08T04:51:04.520066+00:00
2019-03-08,2112,252481c13120acc8f575cadaaea3c8defa52ea5885009265477a4d68a847ffed,43ebbd28dcf5428f55ca962787ac26ac65757da2501194476f71eb95a7f57f6d,2026-10-08T04:51:04.297861+00:00
2019-03-06,2109,9c4a0fe5677bc51b8078af295f783a74965a1d212b65478f0071e926e6f9f615,241d09dc5392a4b58bca8ef7aa91b5dbcc2e936a3b3ed84beca7648c45b602f1,2026-10-08T04:51:04.456083+00:00
2019-03-12,2113,3eaad54196237b10b3b01778d108b451bc2d498e14cfcb8a961c8b6085532404,ea828fd47e07bffaf57274669508dd5676361224ddc1ce77604bf5040d9bf304,2026-10-08T04:51:14.945657+00:00
2019-03-14,2113,232fa118ddff39b1976d5462cd1065f0553f0c362d5ec753320b174445fe2ee8,5d8afb2291dbe8120ba07a987fc34a1d7d64ae764f79e17eb625258e8ae47980,2026-10-08T04:51:14.661858+00:00
2019-03-13,2113,a1e4a02e651d68a76698d220ab3527051146d00b13e1058c201fce77f983500a,4b4ac88a34b91c6c9dd377d26d4b38f27898d10aaf9e71321e35a91a503bdf3b,2026-10-08T04:51:14.945211+00:00
2019-03-15,2113,513327d9d7822ae2d458f43a449d03190e17b4e1a74c30cb525749531e827440,f74f6109103d5e87f68e5f76cde1085bf86075a9b1fade9091393e5cbb17b130,2026-10-08T04:51:14.993658+00:00
2019-03-18,2113,909c6a8819def33dd14db53edad569f15e47e6fcbe3b78c2b843b1ce89633ce0,bb952411fdcaf55acb3684de61d504b17119f25fe0461f004d3e6832efdfede0,2026-10-08T04:51:23.857451+00:00
2019-03-19,2113,e497b88dbf9b0fbf96e544f614a497afec3b65c8270bd593c7e9521d59a8f1b4,db40277d674a67dd5a386e1b1948ebfb21fea102fb03b1e7e8cb2e480dd7b78d,2026-10-08T04:51:23.900972+00:00
2019-03-20,2116,f3a6dc8db0bdeaa194161277d81afaa991605c5f9f859628befd9bf6df527b18,60c1a38241fb53509aa7116121faeb95602a33bbfbfec6b70cf3b178c5ccc827,2026-10-08T04:51:24.105699+00:00
2019-03-21,2116,daceed403b496b6785aec53145d7b243bc4defbfa4919ec8e3b403386ca29ea3,2104f387586959982144114b8907847ce5a86afde4f034ae8118dbe7f083716e,2026-10-08T04:51:24.315354+00:00
2019-03-25,2116,0778c6c9120621019a8cd196698673b6fa5e93bc98ac6f8395e45529a0ff99b2,ec67fd57726be9c326b1431e86d989d45ba7e841f057a797bcade1724e1806b4,2026-10-08T04:51:33.243110+00:00
2019-03-22,2116,406ae105dfd581d6b9d72790ae17580b289bf545a724f5d5ba1921297fcd313d,e1a8890c71e48145a70d586d71034d087fc036d78e0453b1d58534e78e9aab90,2026-10-08T04:51:33.369092+00:00
2019-03-26,2116,17bc10df042d4482a7752967867b423549a51fa6f2660151cec03b4487ce5780,6f3fae348070d7c2970033815a67c66d633694a1af843c0c04e5887c59bc41c8,2026-10-08T04:51:33.470380+00:00
2019-03-27,2121,f93d8ec11d075acfbdf85dc8ca7ab23bf1b9b4e02171b4f6b92aeadaeb1e5a60,6d926bb1edfb3cba3a7566f385904899693bbc4b293edd0f3de22d0ee0d8a146,2026-10-08T04:51:33.193598+00:00
2019-04-01,2122,1a4f3d0e20ff0a429289e1de61a304ecb5e7b636d2b142efabfec9e23cb3cf8a,bd99f103e4fe7cf50dc953cd1d0c735d934aa4c522aa03568ea2034e3d8b70a6,2026-10-08T04:51:44.236104+00:00
2019-03-29,2122,3a8ac587d4845c96355b070d1c36d7cbb8f9b5adaf27cbaba1e6931e9fa1a49e,49e2d7e0ccc91fe34ce84a7de48e9aa10f71735edb55b2db18f85d7b599e0f11,2026-10-08T04:51:44.079069+00:00
2019-03-28,2121,0534322d6d1d7b4d84ddcdd6695ada97f3e9b60e89e7ff44c71720ccfa4592ea,b77aab8c0f4f070fd8dd6de038f2db6f9303517ca46c5e7041b8ee706c7c63e3,2026-10-08T04:51:44.038540+00:00
2019-04-02,2125,966a22ef405df13ccabc87dc1f1b5e4d33398c935f4b8b32532dedaa64407ef6,93a562bb9668ede88c4dbd5e7926a245a931a97ada69e06750808d0641ea4eaf,2026-10-08T04:51:44.190988+00:00
2019-04-08,2125,224362f75662cb153870f9a6f0c3e0730e9c9f4b711ae85142056d9f5a54a61b,92c288820dc3b7eb175c287b8c5239da5f340e1b3968850a44af419eef7f3913,2026-10-08T04:51:54.490669+00:00
2019-04-03,2127,faab0e004a9f0faa73d3efcb52ada5d8b3622580e253f3cbce84b0366e31992d,3ce7a7a6cbdf84212c610db002b033cfc012cc8e62a2aca8f75ced881ea0a770,2026-10-08T04:51:54.383629+00:00
2019-04-09,2125,242d241946ec905ca6db2c6d8d4ee8815d0dac7c7f129953c21ba4b1ff9bd829,d94f3d5f4636394963ef398a995d85762d7c76069db6ace42a610448acf832a4,2026-10-08T04:51:54.500887+00:00
2019-04-10,2125,c6faeff22747600ef389274682f4ac9a8ca056b803cb7d45d8b8609698dea433,b2205babd4b4d0ded94b9baa1830bf7add96c0bcaee704fea1aabaf745d8c09d,2026-10-08T04:51:54.113628+00:00
2019-04-12,2126,031c66be4220c25121b1af90c0fbee207efa04e0bf0279723d70411c6e7eaad4,336d2dc388f21f4d8eb7dc97e848e84d3d481911414ef962330fbb6308da0623,2026-10-08T04:52:04.532454+00:00
2019-04-11,2126,4918e0d71ce4c43dc7371a2f7fb56397bf8a93826de0035e72de8e408bb6df33,4f457fdd0aff9e0776b9c94e488dda461c914f6649fc249f9741eb7f3c405d51,2026-10-08T04:52:04.122728+00:00
2019-04-15,2126,afc6c569f9f9bceaca6e4b1802978db63356bad3e8ac6e54e67e004eac668319,6d80467e048d05afef12892ccfa2bca3b9c6bdb2f460b568f6bbb1927a6ba229,2026-10-08T04:52:04.460970+00:00
2019-04-16,2126,6f1911c08d7bfffa9013857e0c37f15a90aaedbd48ddb5fce8b009e380383173,ad2aa7c687e05da920132cdd9829dffcf0d4a6d5bdef85cf17275082dd6dc7a0,2026-10-08T04:52:04.315123+00:00
2019-04-18,2126,84b373852b27b536029ff1762d5cd59eeb4f322c4d41878495845f9deda3a8b8,4c72cd1f4c82a3d229beee9c4f089685fc3fdf9b2b40c41df0db5a95736da7df,2026-10-08T04:52:15.732166+00:00
2019-04-19,2126,d345f4ad570c0bfb0d7bf303f3e026a3da221e7f29d7034f205367629bae5b8b,179cacc3a3f064adcc5b7125505766d13de3d3934b76dd16a14fa3697ae229c5,2026-10-08T04:52:15.705792+00:00
2019-04-17,2126,d6aa05442aadbd9f559c243fd795132d60a888dbd1bb699103dc7a3d02df4238,0484118d023e14d821c67f05026b9bc99375122e74cffe8ae25a504206872415,2026-10-08T04:52:15.693703+00:00
2019-04-23,2126,4e80e0892b0e107a2cdf4f78987e1583a47e7938203297bc5c085452da82d712,3a1b6d8ec821703f365ff9525a8caff8ae694e24471a7a5f63faec979ed6857f,2026-10-08T04:52:25.947101+00:00
2019-04-22,2126,c4f0251b8a807898ec39b737cebf58060ec465cc784a155ad2d740cb555d9bf2,7a6369b8cb679988bd78dbae3e49fa3591bad8b2fda42502d157d91ee5f171ee,2026-10-08T04:52:15.861991+00:00
2019-04-24,2126,efa1b23cb3fd5bdc79efd220e7d2d59190e03f948eae23f4abbbf4b7c418efb2,b71409f392c4d1742b86a61b01e42b10ae6f358374ed95f737c5efdef2149247,2026-10-08T04:52:26.013944+00:00
2019-04-25,2126,c1618e5984d1e445a5bccd68d03bab600e3df7f641295f58412774bdbe1b5996,5ff9d4e4983a3d2c433e21b076036f32ea930819c462dae42af16899881d5b5b,2026-10-08T04:52:25.919347+00:00
2019-04-26,2128,2ddf95a997880c8e6d63ba24769a57da75fa0f03afbe1442c5e8f95c47b972fa,c511c0d8dcbee1d26d7ca5af8af0cfb74482eb927cef186769dade5ee17e4219,2026-10-08T04:52:25.951102+00:00
2019-04-30,2140,ea17b004a637ce7b7ea30d9dd943831dc5f0080dffe62aa5bfeb6352f3a96e1b,e7362ec9ae75b5cf48284b3235da9ca541ac7d52edf2cbf3aa6ebebe6c7b535e,2026-10-08T04:52:37.074961+00:00
2019-04-29,2128,239ea8fda7127acd0cce4d66d09e4e63cef91caa3d909b701fbe435ffa99b68a,c5baa6012cef657acd72b76ca8bacd03b95d6891925e8719306c56d7ac45c4a7,2026-10-08T04:52:37.403626+00:00
2019-05-02,2139,50a521901c5b786a904e10f1bd57b9d722954536fa692d214783e55467d58852,dbfd12c961a007700120cbad79d5ff2a7d89983c42474fe4a1ddd3fd3fabc227,2026-10-08T04:52:37.355342+00:00
2019-05-03,2143,68b4e03dda8da9acf3b7ca1c41260d73a394046f22e74cacc9531b63eaa92038,22f453e733e4495d203c509987d33839366eed5a843fff384df3286a4b10d9ae,2026-10-08T04:52:37.270783+00:00
2019-05-06,2144,cc9b261bd4173b5509ceabde519c411da35693601c23ce236a8e9d68c1fa9830,c2a45742a846a25539e59a66a2caf2b62b5d13137c2b304212f745c4a1a15aea,2026-10-08T04:52:48.072971+00:00
2019-05-07,2144,6eb57f14a065ab8e3319adab06172e6e4a62975216d51a6558647293b268c458,3afcecf4de8512f273f5065feaba8835c838dcb0ef6b16e28483cfde1b87cc86,2026-10-08T04:52:48.082024+00:00
2019-05-08,2144,81a38672bf27596a6866f5ee0f2d891188c6b22190d33c914cd29e9dda2c178c,1e4583f9427db0b4017c57ac2cbaa076ae1ea3b4421b86978844f9db35d8b85b,2026-10-08T04:52:48.241518+00:00
2019-05-09,2147,2a329e6076007f3854c8d122dc04c0f6c9a66f27521a904022212e7dff6c8729,563e7fa254f14c4fbd08c57d98b611d12df46da51db904db0e0557831d8e40e1,2026-10-08T04:52:48.245313+00:00
2019-05-10,2148,715f2b031fadf6420dae060abe2ca26ef92870bd5fceb6199de817a6afcb27ec,81664283b098e5503ac67069db65ec138feb26c8d7a9f73f8984b27516fa7694,2026-10-08T04:52:58.471648+00:00
2019-05-13,2147,c77fd816b20373a3af4bcdcfecaf7e46f851c92e451a71ce6b8c140117fb9d9f,035dc68679d7afc68aa5c9313faac8bb81da65ff1fa315703f393d9cc0572afb,2026-10-08T04:52:58.645717+00:00
2019-05-14,2147,75a7ac050597f2b756bb715205472aba5283caa14d31d6976b234929394f6c2d,d46b7cbc8b0ab3d449867e8775e3eb8e6aa518c4ecd1d7038f3fc79c94039a11,2026-10-08T04:52:58.869694+00:00
2019-05-15,2147,eff28fb289289b21d09a1a9eb2df4ee8f7b7607b8412e31d30926cb1f8369d62,578ffab7286bbef2d6c323167136392cca771e0755c9158e6957d06eeda65e3d,2026-10-08T04:52:58.649132+00:00
2019-05-16,2148,aaa058e27c73e636044f282a30ba028823a08fd4d2a95515e522c5efbea93cc4,094d32eff9e93706cce6d22d3f7f8b0696d93c980646b2089a9d1560cd51f504,2026-10-08T04:53:09.243721+00:00
2019-05-20,2148,433368616fda84b2b3d23904c65e6c6f900899c675232e607b1b2b677c13f05e,61837709785eeded8abc5e0fce870c4d5f62fe3ffb6362035933edfcb0e860ec,2026-10-08T04:53:09.032542+00:00
2019-05-17,2148,3b22cf0d2227c0480b34209c88da10c52bd099473073475a52fa1541e7195e5d,f0319f05d5d68794f5e8dbcc37f43c6bab6593177a8fbde01af5a26b10eabd92,2026-10-08T04:53:09.271497+00:00
2019-05-23,2150,8afc943ec5491f12f740689d0e7797c07e6ba5478092574711f3b8413e6f0b37,82369b51819d651d888a699bab5b4d7b96955283b6ed167aa3f20e26dd6e9595,2026-10-08T04:53:20.090263+00:00
2019-05-21,2148,60784b4e231594cd0cf215437f778ded3a1db88062a12f27a361fbd7616ed113,109080029747a3bd810404ab3c4f7b495692d095aefc6fac277d66db3068b6e1,2026-10-08T04:53:09.354500+00:00
2019-05-22,2150,a48fccd4403be7bfec6ea3f3ec75b9187609d4d2c168669bb082696bc1c4e455,c47499b7f96504fba754208c6fe17dd47f349b8e3fd9ac1970a2ba7a5e2bd020,2026-10-08T04:53:19.950252+00:00
2019-05-24,2150,71e782550c1ce3aaf9dc31e4a5a3e041250ea9addbe2f97f1df005c526b8627f,049a683522c03b7a9855a0691d854d9eb646e07f75de207b8ac7b0d1d704635e,2026-10-08T04:53:19.757990+00:00
2019-05-27,2150,af2868e5ca352d5b9c5cec548c6d2b36e16d8f22d09e8b261ec853ca21457c32,21a0cde22dc4405a60160919337a068ba5f73274ed781f59d64eafc287fa8640,2026-10-08T04:53:19.921197+00:00
2019-05-29,2150,50b4d455c6a5783bdefe612d274ac10e79ac47c63f579cfcce28cfa52047c68a,dc8f5fc802ab3d81cf5b99f5da643e09ed3b2b12932613bde6d297df158af8ff,2026-10-08T04:53:33.674020+00:00
2019-05-28,2150,6c1bbf6ed61388519809ce6dd7d7e3e9633771af98129b7f9d5f0144fe1ca8ee,fc1f034a36ed93121b71a4075f6271758f4f3bb6ded2d90b87128dc77d6815e6,2026-10-08T04:53:33.620732+00:00
2019-05-30,2150,20475218ad2a335b3483b85190285926bece7650d768f423852f008eb16ce1e5,04bc986d95245d2f33133d064d918c467e9b78fd86e85101ab14127b95dc1364,2026-10-08T04:53:33.490216+00:00
2019-06-04,2151,2be228b4f7698b7339ad9216d179396a02216e5e8cda66b8aaf3aac2d67d539e,4748cf45ae7628bdd2f25cbf56c940844785823b02997da910dd67b038de4c43,2026-10-08T04:53:43.126727+00:00
2019-05-31,2151,99efa6bf18ba0d8180fb547edf63f02e43e3304cb77598746614d9b41b7a2ed9,41f9530f8388551d7219d922211acd4e1afeabb6d7f632220c28f753a610efb1,2026-10-08T04:53:33.475935+00:00
2019-06-03,2151,cbcde59ff29b4074328f0caa6d48f52ce14bde4a9f840b43bd082a7984588e11,c695b3d9e8342966df6f5ac07421074c299c6d7fa7ac57113761f5bab2523e52,2026-10-08T04:53:43.025584+00:00
2019-06-05,2151,f8148f9d2e9b369275e958f9c8561e3e42989322f522eb64d10101f0b1b7817b,5c597bd4829b7331272656e912cf4b6f2bb444ede0f0208d8ba0baa13da387b3,2026-10-08T04:53:42.930070+00:00
2019-06-06,2152,09e61e1a3b73e2d6c5aade798ca34c4d8a0943eae9bbc2dab566f58407193341,efc92c8d84f0024247d5f7cca1aa42877c0f15b2fe469a2754f560dfc5866697,2026-10-08T04:53:42.905722+00:00
2019-06-11,2154,f83f2223d0e8f239a8d1c5a74cf9958fef2c451e3d08f3324406977b1f1bdffc,4bc4acef4f2b3a030bc7b1774fa74e942262579f08cdb7fafd05a33550c2fe56,2026-10-08T04:53:53.974012+00:00
2019-06-12,2154,56f0c3470525fff9887e0c8e89db817fa11bf9fbddace98da888aa3d7a068234,4a2b6af37e4ef9c56ca7971886fafcc176415c6dde2c7603e6d09d2bf24c561b,2026-10-08T04:53:53.917193+00:00
2019-06-10,2154,1d9e39b6ddc3ad8680f9fab7adeaff77e787f9bf17e8cea6cdb4cc0bc70d4015,7cb336d091a883a15cc87a856092cb787a2e2c7c992bba16b59f0fb2c7d232fe,2026-10-08T04:53:53.601246+00:00
2019-06-17,2156,9405706394d02c392f27808ea9dda113f5989324cac820e0c2835000cc9d7aa5,96985dbc0ccaaaf924f6e554406a8ca230cf8881c91785abdf2e91c59a36f17e,2026-10-08T04:54:04.047402+00:00
2019-06-14,2156,86282484de5687d9102f9c24c0b679cfd8f9bb590846d96cedf305edc702f4b3,7a4951694a4eb90bd858c330e69629e68e07a89e975eb8ca3ddfc196e3ccef24,2026-10-08T04:54:04.159620+00:00
2019-06-13,2155,1ee205a4fddd2dad647de7bc4222e7bdbe5a0cae238af4a2771668c43324e186,e3b953119713a808ea6f4e25e9199010f21949e2d8a38f4d07edcb39305f1478,2026-10-08T04:53:53.795280+00:00
2019-06-18,2158,5bead18405346f6bec1895a84b8c7616e86f771dc599915457681a4e22df75ef,1b7fc02c1747a53f5da560bc5f1099ffb9d65ecc06c9b2ba9846e84aa5d1107f,2026-10-08T04:54:04.024100+00:00
2019-06-19,2158,bd10061b1d7cc66d2f173cc16f00c9d95f542544c3ca67f09b42b1c327266802,4751905b4b11d5b9c4d088ed0c08981853b9ff1ce47109ee25e85bf494546281,2026-10-08T04:54:04.016791+00:00
2019-06-20,2158,b9cea6938de7cad2a6e811e3ad9b2aea6de2e3580b2f459f0d7dd85f837afa3e,2268e13af671ff86c601a6bf2d83a9d913f525723518226bcdf5e5eb6908f9c3,2026-10-08T04:54:15.033990+00:00
2019-06-21,2157,275ce14fa5f374181c08e163786d065b5b31dd3bb71a7228b385ed3742a77b3e,2bafee358c7434e4b93dc527b9ede4e0c8d7a1adc608628b7936824546f2f5c9,2026-10-08T04:54:15.174990+00:00
2019-06-24,2157,afc221585606af8d29193a1ed02253dc42802aae87c96bf65749daa6e22d820b,7e919da39c8d324bf3bddc948b941e367e2d4749762ad6907fdf8fd49662d9c0,2026-10-08T04:54:15.018752+00:00
2019-06-27,2155,007522b9dd66ae8a038dd0e0baa0ab136c31f98591682371b9fe7cae35c81bf6,e7226aa95215566c2896804172e2393c9774e28451301fa337817d5a68eaf0e0,2026-10-08T04:54:27.262161+00:00
2019-06-25,2156,4d31d67f9c72c67a3dc22495b76b7daad26ec7809e0cef67e18800165538da9f,325327a7dcc50ca9fbbd397ee43e441cc2fda7cd25473d971a859274216387ab,2026-10-08T04:54:15.169487+00:00
2019-06-26,2155,7a7b0bbc7bb080fd0b1c129daeaa174841cddca4def1034e5662b88f0824f395,5ddf3d133f16f2ecb3ea0e7c265b4e97e8ba408675c0ba87d8ca41260a44cc51,2026-10-08T04:54:26.926493+00:00
2019-06-28,2159,0d75e74cba1da69887474fd0ba1142177c67bbf4a972b7c553c551b00bdd7abc,c3271d24acb7096b9421a822a501115bb2e373415999ebea70d99c25a0c07ca9,2026-10-08T04:54:27.162646+00:00
2019-07-01,2160,5a586a09b25df85ddd0699c217d30e2228d310deb6b9d463103937e0c7bc4b4f,d2827383f78a92822bd16c1aec47ffcdf9241367d4036ca48a27e38f5c6a9b07,2026-10-08T04:54:27.151707+00:00
2019-07-02,2160,41a0c658858a8f0e5ee99be77a08d0446cb72f76faab6f923a0b2e21bd94de43,f62f2782a271b0170c61b06ddaba382c7ea9d26dddec7c1704b6850459db400f,2026-10-08T04:54:38.637270+00:00
2019-07-03,2160,1c662b5bc58a1eee9ac559f60971433bf93da7e3312889b1100c468278a2baa1,e4daf775c757df8f36714ab94720c0b43e28a3c1d963879cc9081be170037cd7,2026-10-08T04:54:38.420966+00:00
2019-07-04,2161,3c75534add24082d986458db525d8bc72e8929c52d40e8443004d25682ed8fb1,080d895b6eaade627e4247897c309fc30f8a58905a2667cc5ea6da1572d807fe,2026-10-08T04:54:38.772863+00:00
2019-07-05,2160,b3c58634846ddcb991628bd71c89a7c76fb73445fa10f87fc6ee48a45a8d13b0,6db1b052d57396aaf1dee71590b0538972671df9589513f4e7b1065017686208,2026-10-08T04:54:38.569462+00:00
2019-07-08,2160,93a32e68d174cb8b9d9e9ebc2e5f21a3fccdc3aefa8f9812a483ca437eed6a47,48e11b72229cbe487c3409b453531c9bf8e8b296a29f62f86811d375b17ca18e,2026-10-08T04:54:48.613586+00:00
2019-07-10,2160,5df2d00730034c99f3987f620fd9194d5f07455ca86b2eafa4a0d9ec2647898e,5204682e9d884c942c559676b880925afbe77daf1986f6437931a8c13835f01d,2026-10-08T04:54:48.467905+00:00
2019-07-09,2160,61689d363149c527e068717084bcf8c1cedf2968d68a2c7146b6e4fe950cdef4,95d8b059f3ae161c5e2c7270ab16be96439f457673aea9b77aab30b7f7f135e0,2026-10-08T04:54:48.806471+00:00
2019-07-11,2160,805633333cf5d9a135ac7271d129b64e7819887111bd3f2748d3bed74b14b1f3,dc4bab869cf90d5e860783817d4cb740c7e3e55a62e41e701761fe8c6d839a5d,2026-10-08T04:54:48.794958+00:00
2019-07-16,2163,4737371fe666e24bccd505ccef71d07d285bdb20b1bd04382720e3f28a901f39,1fe60012ddfe880c7c615b7f3bf440bc02711125b91d20445adf8dd34c551068,2026-10-08T04:54:56.096600+00:00
2019-07-12,2160,d52fb9aaeb97da75b7a6afeb145d18be5da4eacdbefffd76d310936825662727,b5721e20a169578f8cfab853b077cb00e929970049c20428ad8af186c99c2039,2026-10-08T04:54:55.845501+00:00
2019-07-15,2161,331abb6a4f95c5f58a46c76b0d7d448f199f72e60cf45b5fa7f933de62549ebc,9fb66e1853f308735b4004752249a679817b1912599ad933da49e9843d74d50b,2026-10-08T04:54:56.154570+00:00
2019-07-18,2164,ef85d4e8d4433868eccfd70e8cf8e086fb493c2b7c6f77c49835fc6c19f9c6c2,d9b61eb05bc0b43f533bf3eafb91d2d19b4d0efe29898d517f07c2f56b1b8358,2026-10-08T04:55:05.863286+00:00
2019-07-22,2165,5290043d3e43e609b4fc56c8f4703566f406bfdb9b076885066601b1d66b6a9a,1272e2be003caf785f83676f012fa413f59f95654d510bb504f1cb3760c6e27f,2026-10-08T04:55:06.196525+00:00
2019-07-17,2163,8f142988779c6a30ee6b2f731927174adc8c0463e70beb8f819b924afd8572f9,2b38e20e1110b19493d00083eac6cfa97d90d52c20fcee1ccf9119b8fc7db210,2026-10-08T04:54:55.996258+00:00
2019-07-19,2165,ba603d529ade89dd15852c9762145de3b9c02a044e0f503a601d267b0e0d4c3a,b0540a444c9d0163352ea5378f4b74e54f1992b7b32758fc1e423c3b1656629c,2026-10-08T04:55:06.225084+00:00
2019-07-23,2165,af0c4999c610b7ba7004b38f317ffb1b7660dbc2b65e40fe9289736673cff0ac,ba0e9c68ae428ffcc48f297866ab7efcb53efc8dc58fb4d042f6e561e2e0c902,2026-10-08T04:55:06.023717+00:00
2019-07-26,2166,5e3db599db7c76d405e2e0b27c8654d5bb4bc25f3e0c08bda8b01088c6a597dd,ca877ae60e9868763bc37a5caf2e73f9c23189427e97b0e1fa310bda938b0e46,2026-10-08T04:55:15.880010+00:00
2019-07-25,2165,496e41d4023c1aa33fd34f6b7433baf0c2ce580430754abed0ea17334517bd16,bb497357494ac98d8e511d5ed7f5fd0c8be8e9395e7e226ad2b6f95038185da1,2026-10-08T04:55:15.908178+00:00
2019-07-24,2165,dff5fd7cc988f517fea7479c931caff59737e27bc96478223e59260876a66c22,945831b9c59d60f7d898cc4a597ab691f78cd5219108847a1969eb3e500878ae,2026-10-08T04:55:15.775238+00:00
2019-07-30,2169,cac7f799330c40f1e439d6e8d342c8133702344a671553ab2fbe4be077d11afe,6a545036fac1cefc6b7511ec5535384e7f99b42182036e5dbcb2c4b04813f381,2026-10-08T04:55:25.584457+00:00
2019-07-31,2169,4887988bffbcc3fed65ca77f00f59f346d71f65dcba578d9476f29fa51b87eea,62aa8823313f754e8ef089bd763d10da6895f84f99eb70b34c739b7b32202ddc,2026-10-08T04:55:26.012165+00:00
2019-07-29,2166,fa81dfe687bb0186ebb739d7222400cbfa8acdc978b6209d3e97e68b1a75015a,2224e32ee595d3a7ed423e7a854d9a0bf1d7576a84634b59d092c437a8b45d2c,2026-10-08T04:55:15.743265+00:00
2019-08-01,2169,4a615354dfb32da6cbbd6fdc47e12c7313fd95d54481c39b9e9f6e9167702738,91bfc5ade78d3e6c43f24512803c13f1068f50dcc28b99db82b38de8808b9072,2026-10-08T04:55:25.673882+00:00
2019-08-05,2169,230042c4b09b4012c58db01be2a9e81f7e4ca7770763c76996597341cf7145a7,f311374901dae4baa4dd9528967c9e3d0db47162e998b1bcc0d9e686a68e8d68,2026-10-08T04:55:35.818453+00:00
2019-08-06,2170,5c7916551034e61c7bcbbd5dc12a473b29558ea7608eb8aea611afee2bd341fa,2a48643893674c4bbf808a5a3a30b2d42c4b656359465e1166f950bd0f02e8ce,2026-10-08T04:55:36.054508+00:00
2019-08-02,2169,1eab5dd1f8dba5fd61fb7d3e2465ed6c40cbd00da37a73cecf4fc90778a05003,a32c2dcf718d46ffb3efdb1e1f5faef5ea93a3051e6ad6a3a63f839f3436f4ea,2026-10-08T04:55:25.798165+00:00
2019-08-07,2170,e867a5e948095ca2949511fef4a5d61e1deee54b3fba2aa9bc5c6741082eb149,a9451d04f9af9b0065b2942c557daf74d39f50d1d9c3eb0f73b15f7208042225,2026-10-08T04:55:36.175343+00:00
2019-08-12,2170,bf43b0e651582f3f39db4e5eb6a30d1e3429b858c095f1752a10f9efa65079ea,4aae1cb2cda2fc345b79797958c82c5cc6302b68d4fbfbe27347aff8e160710d,2026-10-08T04:55:46.960815+00:00
2019-08-08,2169,3fd21187f4f20751d92bf0b2ddb57e828d6fe4a1db3bb11100c9bb4928227b04,927bcf903f373d5accc94debd86adde06ca5203bda0bddf29ba2457b0ffc4365,2026-10-08T04:55:35.907397+00:00
2019-08-13,2170,8fe833e1d8ac00dafd21e1dad1292dd1b266579021be386d72933e0568079636,976f3387f675d32520c5eea5535bc63701bfa19e0960a46ba73d1167422a718b,2026-10-08T04:55:47.350338+00:00
2019-08-14,2170,a0be102fb8fdc81a1b0a28a9f7ab5f853b96b4df9c9c6f322a779ef3fc00256a,42a989e36d18b155c41a3e8decc5df0287fe9c65b089adfa7bad1a918cc4a370,2026-10-08T04:55:47.153708+00:00
2019-08-15,2170,4b30efe4f6fb2890f1e95fe7610abb0a12390281780434296c0494b953ad1291,293b0c56e783f55faaa64aa678499d9a16a27ce9b982d40259e8529f390022a0,2026-10-08T04:55:47.209579+00:00
2019-08-19,2170,4fc516db9e20b3940b15b7f1d906580e3496476230ca77850f946b15940bc454,b293ad121d0ddec738cd2085c7f60e5918aba22217db22a018a20f3f47b2cdb9,2026-10-08T04:55:57.207454+00:00
2019-08-16,2170,928f9abdfaa0a45a228500e3fc5f88c15fbbe7a86298627e2563b20ddfca5004,e87690c14e29fb32ba7a64728e956c5952bbf85cf599b480432bc14b8033252b,2026-10-08T04:55:57.230843+00:00
2019-08-20,2170,bcf55924dbf2e629ecb8cdc4fc391664bda663a6a958d7204fbc36ac510b2e6c,38afd1fa61ac24a8eaef267b86357889ea8dbf2e068454b86c699197c0209e31,2026-10-08T04:55:57.252975+00:00
2019-08-21,2170,e984c434e45d95e39574020a5d7a57da5d9f58b933ba8680607bd1c4d79cd25c,0fcbe9a9c7cd34307b0407b0b79558ec6a2ab48cc2f62bb2bb61ba374d21b013,2026-10-08T04:55:57.091221+00:00
2019-08-22,2171,a9e1836b3a83d785d9a61f22df529dc7a0b97c6b06fcb7ab875f556a81a6bc12,bc03820899b4405c42265cd963a0e2541291c2a8ba13e18691f9f27ddc51cb01,2026-10-08T04:56:07.327024+00:00
2019-08-23,2173,a6b36e3026c4bda40c5319776b07afcd29df8dd4bb5ba28ca98dd3762852dc45,0323d7be78ac828b58a32d7826c20f3af245049086ef184534d14be23d0556e8,2026-10-08T04:56:07.073319+00:00
2019-08-26,2173,a589dff5e80fd7b09c4c8f554b8eb903909c9f99aca961848dd84411bb9ef6a1,fe0b8b6f2e83e014fe149133c5bf86facf8fb847484ef147ff0d1260b05e20e4,2026-10-08T04:56:07.136523+00:00
2019-08-28,2174,726ad5c34e458f24994bc4553962164b8f50a86fdf0b6c9c0e258d811091aed8,4caaf0d533a8b16b1ba664ff089d12a6304c927fd7ce82dd3e287bc47ff216a2,2026-10-08T04:56:18.847232+00:00
2019-08-27,2173,1fca5cd13cc4b1708c3a894122167c6260e83b07b6df59fa8fd139acb42e9889,8d1d33398e8dc084301f54ee7b891c73a90c09b9ae09a82d3f8eed66d0dace74,2026-10-08T04:56:07.525955+00:00
2019-08-29,2171,9afefc4f6f3b36d84d5f631577f286a82bd45a562e3fadd9531981205a62e85e,fee4a2caeb3680d157dd32379ef47d3dd8517ddc7d7186c4e45774df00476295,2026-10-08T04:56:19.089132+00:00
2019-08-30,2171,cf141d88be31e1f5386b5a6e61dce03b2685e05669b7b5307c01c9ee4aec3cd8,6cb22954c25d571d328251f44193426d710a953911bbb886153b6700eeb5df5a,2026-10-08T04:56:19.134206+00:00
2019-09-03,2171,8415e67507bf80598ac6a876cb931f536ce753e07574979c8a4c256a09a953ad,2151dc91feee9a4298e78d43202665225f45baf1c4ea8ced6b36196df7fd79e0,2026-10-08T04:56:33.686728+00:00
2019-09-02,2171,711bb6325a784f321541621ae34ed17f4d024d7a47d09acbed5c46e03c19a1af,5616977b5065d07cb91780201f495b3c14e86754aab4a315c9ec6c69636156a1,2026-10-08T04:56:19.212945+00:00
2019-09-04,2172,d2ff6b858bb1bc2fa82eb4e9f3719478d9b415d540206ce1be8d9bc1ac3e280d,8be74f7cdbfd659d6ff49c25a88af3f1c8e600879901d01fbdb87ba233a2b6ca,2026-10-08T04:56:34.009283+00:00
2019-09-05,2172,9fa55b32519d505beb442f929a12480aba680ddc85fc3105ef6a6aee706148d5,dd52f4199a909c94824bac444340588c63a5e943fe432cee669ab8db08c01e3e,2026-10-08T04:56:33.985534+00:00
2019-09-09,2175,789fc233931071773f7f75a0d1b11cd25592fd2c7bd2ccff24c0849d804ddd36,503c26b30cbed314131928c85712aab8e844690b74086897744358490c754f90,2026-10-08T04:56:41.916172+00:00
2019-09-06,2173,5a4b0a738177b460698c4d920537328109c277351cc17a2943555ad7506eca27,56782808f1d4daab52710e208a3de4a9b2e828282c34f492892ab50e3dcd4ca5,2026-10-08T04:56:34.082553+00:00
2019-09-11,2173,51ac9cf607963586a80991735a3452c2c3e004494502ca98b2bb8129c14e73fe,32a1453d7c80c0c899d41d31f2d3c81d0f5747e1c70e525f8763d9cb72755769,2026-10-08T04:56:42.103674+00:00
2019-09-10,2175,3cb07e5ef985ebda47c0ddf33af4a803ab15e13d3964c4bbebdbf732ea8055a2,b80bc069e21617eac7392c005d3bf9867f31468d3ecdcf82dee09df72a570c26,2026-10-08T04:56:42.069385+00:00
2019-09-12,2172,82c8dc1ec42ea0e5c39406c0fa3f4c668956bda438c158ec09e5d9016a435c53,6b31448099cc5e9780d432a2edbf29d8e9411b04f418bba5d7597070ab331e6e,2026-10-08T04:56:41.965706+00:00
2019-09-16,2171,343ea8065bc4f3fd95569cf66cf98c3d454c9bd064c95475a5a1d1166c15e8e8,c200b5575b4a24d5e475001579897ea3265e1efec8825b22595afaaad17b04b1,2026-10-08T04:56:52.523073+00:00
2019-09-17,2172,93aee06de62ff9b932d8dc223301f0b2a3cf0b4dfa60bed5c9def852a4442b58,e3d9509d844d001e440cd60832b9f8a72dcd1c44f8649b12a6dcc0f567d37878,2026-10-08T04:56:52.562440+00:00
2019-09-18,2172,66bb28ead11d2b08077f3309fbe9aeb5f17a5861d8be1bda2feb5f00a35c754a,a82625fa3d1306e3b8e344cf49aa7f0418ccb0d43f352ff466f0478996649690,2026-10-08T04:56:52.235924+00:00
2019-09-19,2170,b42a3574e3b8f9a2c86429de35e06a20fc04774c0f8afbb57b3aeed37ac0dc28,d5e125a57cb2e70302e3d046fcb7473d44e6a5d778df71b78ab6fe48513bc100,2026-10-08T04:56:52.576214+00:00
2019-09-24,2176,cb94603dae4dc3edb0e7b78eb0068c33faa83900891475a98796c5ae2408e3ba,01ab4cdba7bcc8bc407c3efb5c7c7e85cd0d2a50a29c4be85fa26e3c26543676,2026-10-08T04:57:07.406640+00:00
2019-09-25,2178,30ef288f3e3a5363bb942c26d29b64caa13ff647f9770666034413e72c4a9559,50d4875c853d004d0e1201a62cbdd0bc70320a06b308272de796aeb1c424d5a6,2026-10-08T04:57:07.243743+00:00
2019-09-20,2169,910df72afebca25154fd9dbb20af37b58748c483f672e510e42de7b9f9328136,8a71f74b2c0e69ceaa588a88fde8cafb1786a4e4ac46ff453f377baf362d08c7,2026-10-08T04:57:07.018055+00:00
2019-09-23,2175,0d38460b7cf20b1551cbb8c660d4b01c7bca23b2663f8b5311402bbccf0402a0,b857de752bd4573479ad21fb5fe40ee23131129d7fc5c7ce3279eb7d8a29e18f,2026-10-08T04:57:07.206409+00:00
2019-10-01,2174,612825327b41e2b742495525d4fb824a8b982e61f18a377820af4054d0eb50b2,605a9f4656a89a526c3c68f15cc08f01ad1b6c7aab01e569ea71cdb7920f00c8,2026-10-08T04:57:18.592241+00:00
2019-09-26,2168,cff8ea93a9515e52c648326aab9a800fed73160d3e586cb00e10010d01839d7f,5a643d62817a5fbdb45641a81a8462d3c39a51858691ae1cbaa9ac132aafb3cd,2026-10-08T04:57:18.682572+00:00
2019-10-02,2174,fb33aaf96820cf61b1653404dece23296e4646e286dedf7d6f779c99509bb983,d74c237e47659ee5f64cb7da8ee54cc0649019f4deb77ac78055382228792bf1,2026-10-08T04:57:18.871318+00:00
2019-09-27,2167,2a4f4038db9b925770e7daaa7ec15333b564d2616fb8d43e5c0e452c5f11d601,8e7913a4e40390d35ca5325d4f34e32aaccafdff5b201efbffc1eb84657d7a3a,2026-10-08T04:57:18.661410+00:00
2019-10-03,2174,77addd3746d2ac31c4cc3d0222946928f0b93a8dee246cdeae0af8fc6f277665,aa3e3ce87e0f6c70fedbf8c060828edd2fccb1756aab6c1fe8b9ae453579811e,2026-10-08T04:57:28.879693+00:00
2019-10-04,2174,c0db09ff917aa9e536d8422edf83e8076f782ba41b81d52d96894d9b1c07819f,3c645f14267fd50b708db52273d86eef1c4134e0691feb9e0ee6edb7e92c0ce4,2026-10-08T04:57:29.271895+00:00
2019-10-07,2188,5833436e98a8ccfcc17c01e01f6e7d30b83f352bd521d597f7584978740f9e89,c2a96648db4ecf24c4d51bb0c5fbfff28b7a72b4301783d1163a0cc1ae1706ea,2026-10-08T04:57:29.128693+00:00
2019-10-08,2183,a184445170af7e76ba40ad134103b36eacf2661009f879a35d525daa2deb90fd,04785d210422eb2bf1f31f180be2183b184c5b48aad079c562ece4d94e2e83a5,2026-10-08T04:57:29.055367+00:00
2019-10-09,2183,0b25cc9037ee5e31751d029378829899a36cc287595cb9384ef229cb7c5f250c,ce30c71ffe4850f8b7999986108cb8c161fa4900a264ebb899d8af2afc6e737e,2026-10-08T04:57:40.185105+00:00
2019-10-14,2184,bb0137965766387b51b2f5c1996d573cde4e95d86b8c9d68ea340c1dd9b58807,773aba7caf09b8b438fb8cdb3b60d5fd31c02a5227a40c428297cd0544930455,2026-10-08T04:57:40.095463+00:00
2019-10-15,2184,b06d251541e472078883d3bfb57bce1d32fe9b777e63a6a19f7c4a04037a48c4,5b8df371b530b126be28b420341eabd99acdc2ed983f9d11b2849db8d22fc285,2026-10-08T04:57:39.970565+00:00
2019-10-16,2185,c7c9daa575339435800c2f20588dc0cfe55d14d2b0da3bd8d366f69dee87db2e,6b4786a74e6bbc95be0d48163725b3983b11057d6d334ba101d7024fd306fc63,2026-10-08T04:57:40.162593+00:00
2019-10-17,2184,98ba259218e5f589888e17d066caad65ed95d32d63dcee5c1d54f6c4e14b3775,3efb1bc253f4af1be9b728a5a34870242749a7de42438e9edd5570aa36b02a8f,2026-10-08T04:57:49.728475+00:00
2019-10-18,2190,180162eb0a23a0e5c5b9cb2131e2e326d44fa797d3ea8ed07aa1c0964e37ea84,093c6f82212aaa705e563ddd11d427875fa030a430e0538b61ba2548a9b666ff,2026-10-08T04:57:50.053241+00:00
2019-10-21,2194,a81aedb22d7ff65174cdb8d3e43c30856592ec84344e180ef8b7672272a1ef07,66a98d5a789fc45ea18407591afee405452c725683a43a4910a5aa3cc36f5fa1,2026-10-08T04:57:49.931999+00:00
2019-10-22,2194,da0f294b22f7387d76dd9153d4995363c13c98eb7c716549ed4a4f0e33a0f480,36a92205dde65ac1113424ad569d9d12041a53edc8f096c8a230bd4e8db04437,2026-10-08T04:57:49.958907+00:00
2019-10-23,2194,c345c9463c90e09c55f4ee474d8ef963b08df515c21682eb8bfd6fbc7755602a,c4ab6f0127e7a42ca4304d02f6b80b99ad6c11797207b07a7acd0c9977c0e6cd,2026-10-08T04:57:59.285064+00:00
2019-10-24,2193,2c9b142b8f7884e2bc9a9604a3d56528743559676973101cecae9542f407bcea,3df2219271d07886c0bd9d95d024c366bb707bb2cdf267ffc7f88115eb8e89e3,2026-10-08T04:57:59.469194+00:00
2019-10-25,2193,73d1a69b4f6966eadc7133ccfb4f3c7b7605a5f89d564dd51c6d7b7318ef4532,f1b8ccf0ffdebb51ec2110d49c04859276388a39decc980077ff179923cff1ba,2026-10-08T04:57:59.280012+00:00
2019-10-28,2194,91f92bf35cd7b3beb9268fee0920f99f7ff0ad74a9deef8c2a1718bc133cd9e0,af268424b6721d0ac7a0c7d78b775b2143312119883b777d8ab03d49da55f5ab,2026-10-08T04:57:59.169851+00:00
2019-10-29,2194,89695a3df008a3c4725e59774767613dba74442e68f92590965898008bdd1854,6ab8b39953b31bc728b330781d2f1a6c3030bf2596569e34b25991234d8d90e9,2026-10-08T04:58:09.013437+00:00
2019-10-31,2192,e1ad52a233f036d07b8a0ca9d487f310fbd3be0e307002f1b4d3a05a24f1b8d4,dcc471729b9e54eb8fead34dcc8c1fd54d9242d335e04fbbd0dd4224039214fb,2026-10-08T04:58:09.017258+00:00
2019-10-30,2194,e39215c27c789606eea0b4f428ece057d3346f7483432b9355a2d5074b134667,3c59bddc42aa99af6318d022c46fb982bdfd2f3f08d5184fb9d73a21848573ed,2026-10-08T04:58:09.114841+00:00
2019-11-01,2193,badf0a944fd9eed457050c779908dda23662e757e6e6e8a6d3dd534bb842966f,159cc702e87625c9e2800b1c5b49e94b18b3ba77d8bbff2e65db9aa21912f96d,2026-10-08T04:58:09.296709+00:00
2019-11-04,2196,d42354b600cdef35cfefcf8738bc0300dd82bf60bc778cc08fa3f4c5875ebc66,37e0eada60faa1e6f8a1bb879f22db2eab9144753becee5c52ec1501138fb010,2026-10-08T04:58:18.572200+00:00
2019-11-05,2196,82d085847e2c42b9d08fb512c40111023368bda98f081abcce7487a5a189d724,4ac8bb3c66a1ff9b0067bf046d5d8870a7865cf7954dc8483aaf1f4122ea4af8,2026-10-08T04:58:18.755738+00:00
2019-11-06,2196,af3467e118ff59e8ca6c59ef1d34d85184787370d0c7e8dfc9c5405c16f641cf,30f8760c208a8e518936c166bdf3811b12eea7a6f3a0f2b3358ee7baf07e8174,2026-10-08T04:58:18.872987+00:00
2019-11-07,2195,96208ac4211679f0ca4303a914f818e1367c14e79dd52d21cfef3f49280fed25,5138b9ddeb514f0b40db05f652c9f52e867b994af226c4c69954108512be3f5d,2026-10-08T04:58:18.759465+00:00
2019-11-11,2199,7c8aeb75739477f30a49d706178988d1d03a78a5c6909b8860f60f261d8ae519,f31963ccc3577e9fcce48028006f565050abe7928090b1c272c1a657ace30ba5,2026-10-08T04:58:29.181468+00:00
2019-11-08,2196,d1a161e90139797215b6bfb8dbc24499a45144a4e149b87c3e616ab2762528d8,8d6d30cc913436d743587039a40eebccc99d256905b311e888099eac15b2518c,2026-10-08T04:58:29.184946+00:00
2019-11-13,2198,084bc32e1fb63578842d55585d7b1b7c8f43d92c41612835220edf4a0e4e415a,a37ada1b989789484e0cd370c06ec310cfed22738cd9f21f28829c3243888f04,2026-10-08T04:58:29.311976+00:00
2019-11-12,2198,537b7542ed59f87fa45cdc2ed020463f8dc19caf159122e26a1731fe917ca4a6,932d2eb2f2aa79ef5b9b69f4ea70c2c9a9ea65315f78817451d6857223564771,2026-10-08T04:58:28.999377+00:00
2019-11-14,2194,9d79d5515eed4ad8d6b7565ee2cb2ab4c7fe1b3dda49199405a4c7f09a5f9859,bd80c4eee182bf419d0474ace5405118b56235dc98294b14f8e6c03f8121c9b7,2026-10-08T04:58:38.273998+00:00
2019-11-15,2196,db3201d7c0a32852f0ed2558566ea126117f2e028bdfcbe52fda98f7705b3105,d927f54a48174f9c879818eaa3b1710d1f04162165ed035dba2a4df410349501,2026-10-08T04:58:38.565782+00:00
2019-11-19,2198,fec7062bd498820328d75c4dc2b971831f2ad8f71daf252e4121d137a1f7088f,e5be9b54ea38906420f6c5a334a6aa51cc63a357931fba0e8468162c888c8bc7,2026-10-08T04:58:38.385491+00:00
2019-11-18,2197,341baa3e21125011b34feabe9106465c8698aae516da88d8e87521a4cf48f2aa,91e74e25eb5924d27249f087c912c4804c0c1c7e4b7e345e0b7e1be1bccc8e9b,2026-10-08T04:58:38.564743+00:00
2019-11-20,2199,d603f9a58cf95fb3b92aa212ecc70ed9560347e3e8328e7f5c3703dfedef4f96,659a59092e03f52569559e318697e6fffaec1f2eaf644d50c3baf6e614f9ee1f,2026-10-08T04:58:47.982489+00:00
2019-11-21,2199,57978b7356a62b2ad1ab95866f33085ec001e4c2bc3d0a9d19a6964dfeb3d88b,8b0fbbb0faecc570d582b7347f86682e267391b80810624ae75fb24640030b36,2026-10-08T04:58:48.113055+00:00
2019-11-22,2200,34cfdfdc0c06eca0c5d93b0e963e4c753ee3f5500b7ae61423d2ae5e0065e077,800e3aa1e3a28077ee8e835b985433451b6d4ff78eabe4b77dfd069a9958230a,2026-10-08T04:58:47.955652+00:00
2019-11-25,2204,689a1adfbbbe2ad0275af6088074eefc2bb89e6109d81367903c77d4f49e8012,88c9c74c5a8a6ff9f428aab99c54d29bf07701ce9442137a83f6c02c2d928f60,2026-10-08T04:58:48.090257+00:00
2019-11-26,2205,ecee63887f56fe5b90a17aefd8e264f43c0f9793e8fe25dfa39a52bfa12b8711,07f7635f0be90ecf7eb94d1496aab191f2c16cfa399f8619620ff12d5b62cb01,2026-10-08T04:58:57.291052+00:00
2019-11-27,2203,5be93b7a28f7296ba52e44eb0cc2fdaa4e29e30ef3106ab5e8277906bd5b5067,7f37b41606285805514e2ff6d7984940fd3f031f116951e21c7c7921c721a2f0,2026-10-08T04:58:57.493867+00:00
2019-11-28,2202,91268c8eaf05dc7f87ed66ec6b864acc7a39bac6a55846d75e65ec8ac5cf3c99,8cc9537611bb26ba0290a74b32363b061a2e2f41cfc3396faadfc58f977db86a,2026-10-08T04:58:57.598167+00:00
2019-11-29,2203,be2b717548d552f8dc86ce40315ada112446004b92707eb37f111d6a62541900,eadd417719d556766dd6177914056f2a613ec19b23350ce493d3c6a0f01fde7d,2026-10-08T04:58:57.732779+00:00
2019-12-02,2204,7564da274a93be6f37eb0439e5880e6c78b6783d2d4a678be3b72daf8881d490,d3ed42a85a8996e58f22d5e6642efc6f749f4a21e5f1f769939abff8f20efa58,2026-10-08T04:59:05.219309+00:00
2019-12-03,2205,993704c72c36c114bacb484276c49ca854e0742ea3c88fc26ae9b42b06f9d297,e132b07f1d10d9b81aa2eb1a7f1885c08e382e30791806a0e004f245ef8bbd8e,2026-10-08T04:59:04.845583+00:00
2019-12-04,2207,ad7c2416c9b201ed0fca689c2b762579999c7ad7d105c322539b078984a24966,2578a2c57fc9143695bb65fc95a77dcddb080fc8b495b39ebe28b25c4341f88d,2026-10-08T04:59:05.004157+00:00
2019-12-06,2209,9e6942d3c0c7dc4e0d9cb633d9d0e926205161455f17b96f479cc373b9e36196,365d63c89fc3500fbadb2eba91357aba67c29976c5eb242099e33175ef8c77ed,2026-10-08T04:59:15.381845+00:00
2019-12-05,2209,3036f7babc5469c93eb86bb2f01348ba61aa4c5f90931d84b695d33e180fa500,5cd677bf05468a91dd7e0327a3c7968c86c44e6b4b39271b9f783059c7b0e9d1,2026-10-08T04:59:04.992974+00:00
2019-12-10,2210,d5cd69ccabcd1b7163db0b8c36b85db185a96369ab75f1ac730ea82d61d691cb,60297cf9f43c9e338621c137b714a81dd1d8137dab8cb66cea4b1ffb09ab430a,2026-10-08T04:59:15.571550+00:00
2019-12-09,2210,099e9a0ef591f939cabb3ce847ffa59c1ab6d2967ff09f9d71dc28131a0debc8,854b9410da7da8f5e3009955013e7117fde8d855337f64a8234495c0de405be5,2026-10-08T04:59:15.239577+00:00
2019-12-11,2210,a1c71e3f0dc4b9a0f8e6efec0bbc7d48781707d77cff2fa10e8f7d3dd499fd43,02e2d82878bdbbc42d248e5916dcf54ce2253263c872eb5723669dba3bbbe519,2026-10-08T04:59:15.274896+00:00
2019-12-16,2212,7cd05addb6fbbbdd33e2d0cd6ef3491594444e1930befd865f8b022386143c56,5fde33c2d86fcc9c05ef48e5933f3a8b5308446865db7937d35aac0d67a3b0e2,2026-10-08T04:59:29.725118+00:00
2019-12-12,2208,d438d245e4223096a508b89436806f594275c154c2be726214a6ef14311e25e4,fd5c5d057d1ff0ffa3367d9b75aee0ccd677cab357a8c827700416abd218b0e2,2026-10-08T04:59:29.567146+00:00
2019-12-13,2209,7662c6b599b73b5f7ca75ae0be0d522eabc4615443ab3819fc6c4a28a0aabf9f,d5d09452e03a435a647babb959ca768d8745f4f5d3eb05936a214e7d8e7210ca,2026-10-08T04:59:29.771106+00:00
2019-12-17,2212,26e904fd996b6057d3f698cae1f748f95713c152ad795f4958fb51f718aa3391,370f65874db41f081d87f086ebb8986c8b96113fea564c7879bbae87c145d8e5,2026-10-08T04:59:29.709496+00:00
2019-12-19,2213,1cc2c1c7140ea42452cc92f06c7b933c4b24a5fe7e6294065bee194e061ed767,7ca5a2b71dfaa8f897eb6b72f4f5da908280c0f55184264288302f633822d33d,2026-10-08T04:59:39.485639+00:00
2019-12-18,2213,ebe4f61de8c46b6304852856fbbb639e05e2e660ec6346d5d6b41d3aef4bd88b,b2f9b1bc42c9bc5146f6bc014d856210ebba4aad41a16c02850fe39d415f184c,2026-10-08T04:59:39.785387+00:00
2019-12-20,2216,36d0c730709db4dde114d7a53c0ec10e98c2b9b36d4029d364485b9436321ba6,87fc1c01e075d9eb87dd771bf6a08e29c87292bd1026616fa1a95e0c8771213b,2026-10-08T04:59:39.865340+00:00
2019-12-23,2217,f394c45232cff47aecc9993be36c9d07d69451194fa0fcef0a30b6157fd68f21,82d9c08c619550febc6791b7d42b5a80af831cd60003acdd6bee0aebcc088c15,2026-10-08T04:59:39.791315+00:00
2019-12-26,2217,537f78490b58a5addf0af2f8aa33c4699c073275afdc04809ccaee6a7081e9a5,184a3b1ae7c65b41a38ecdda746e5a4925e37d37885b1ea2522448395afc2c0e,2026-10-08T04:59:50.132486+00:00
2019-12-25,2217,e718180d11ac1494d682fef93f47103cc6dd377ab5cbbeaea2864be062544bc4,e9e433b65f27c5dafac71c1b85f9f0f37df6a209e282a86007eca3d8783c1abb,2026-10-08T04:59:49.893322+00:00
2019-12-24,2217,3becfc6bb902897d16fc894709f7e7ff60f1aa54736357c9e2291252bd58783b,91a825de070d7363d8a587e196876b41fbbfcb75b3dff9d6476b74b29bed9c42,2026-10-08T04:59:49.792701+00:00
2019-12-27,2217,51663c85cb4b17ec99fe6ecde9cf4c4486fd4566a4d93f17bcb0be6fd3f35748,580e318b8f49734a9e57410a992c4f8ea8902196ef6f46f9effe2a476753ea99,2026-10-08T04:59:50.089298+00:00
2019-12-30,2219,884e84c323b2b094c3532f0cb25abd4724da577d912a21f3efa199f7a5a836e5,51cb4a40b8c120c0969f79bb5c0ead8665dda99636ff54a52be0775bbbcb3810,2026-10-08T05:00:01.261654+00:00
2019-12-31,2221,2bb69e9243586a132f03729655b48fdb151502dda614b1bf45bcb0496842ea95,7de4c451e255d94f7025ad7211aaecb5a95c520b806355ae9acd0621a402640f,2026-10-08T05:00:00.991355+00:00
2020-01-02,2220,31da295e87e059ea96a09213a41d9b811cb9b0b2019adc581cd93842c3321d49,30884d87732a55f106f6322caa0d1f2b77489fa914a90c2afbe4f3d9d0a915db,2026-10-08T05:00:01.190437+00:00
2020-01-03,2220,d2aad6caaa099dd4f200e9f15a823796569da14dd320ad0dae1471d7e39fbed2,685689520611d0fa8108d4aab476cbbc5a29ef718d4a3246e5454b99169a3e08,2026-10-08T05:00:01.023359+00:00
2020-01-06,2220,102319a78d4a1ae6acabc7055cba75cdfd389a2f222ef2e7d39cff68f7dec9cf,0c48cc47cce46825903ec806389d8cffa8d62901251eff45c9ece0506bffe78c,2026-10-08T05:00:12.361976+00:00
2020-01-07,2222,2e7d8f1594818986eae0e643319f754bd5e966e7e6239579a0b4c42e473b13e1,4933e3bd5a2fd4c4dac85bb7000c1f8a49247daed7df0715e494f69a8d887cf4,2026-10-08T05:00:12.403230+00:00
2020-01-08,2222,03e873c63b24ea213164e9fde79c72799c81d55065754fce39c4a61212779259,463b7ec997cebb77ad6734580e1eb010ea4ee4fc4e2623b173bc5a8637875364,2026-10-08T05:00:12.194408+00:00
2020-01-10,2226,799bf52ff46415e384e9d5bcf5db441d29b82f1d404e5dcb3fde6cee31e3a50e,e4f8bc68a4b93bbdaf8a0cec6c6ba9e4e03f241d9e9929ff4ca88d1365146de5,2026-10-08T05:00:22.280382+00:00
2020-01-09,2224,8a9d334c86cefd0ae8d4ec9d19695dbcfbb4383fe026dce8112b761357db5cea,6a533f9528f8ddb97d05218037027046ad974b3abc7ed6bcec4575c25b1e3268,2026-10-08T05:00:12.560091+00:00
2020-01-15,2230,6fc881997f3c12ab827b6ab172a2197c0ac135129dfb8588e19348ab25787d42,6c19febec662b1cb049c6f094b06cbdae6c7f3c25c13b17b04a00a93421449d1,2026-10-08T05:00:22.623154+00:00
2020-01-14,2229,3446d90c60b1bd9c2e713650bcf4aabdeaf9b9acfc54f4549e1842452b314325,76f7775e5d29eea8e972dd6c03ecb2eb88e91fafabb5ebc51db206c8a7ef3562,2026-10-08T05:00:22.619082+00:00
2020-01-13,2229,693058acbfb42b8dc9d2a27228b88848414a7ffc262eb198ed40d42b9a35f894,55c5e91e6747a60e8f4b169f9d9749fef024a461c64866b2dfab33005c01765b,2026-10-08T05:00:22.628899+00:00
2020-01-16,2230,df786cff6ec117d8a2180396c6126debefc45935cb47722ef698c16686a71c72,5653326066f493d874cca2f90f6997a26c03b0fdbb1d249650c80889f0020c90,2026-10-08T05:00:33.598591+00:00
2020-01-17,2232,663bb093862e81fe6f7fcb767fa4fb597b603eeaa698086614bd2da4b15da846,71f5e1c8dc81aba95b074c72337cefe0bb4ce366346a07c1e5ca3544341c0fea,2026-10-08T05:00:33.832572+00:00
2020-01-20,2235,de672243172c6932902ca2e3ee57fb35d3309193c297b5d5922663db6013af6e,d44cf68b3f2e6df86ab915ee286c64535c0cc6c463851b5d00b3aada60dc5602,2026-10-08T05:00:33.608616+00:00
2020-01-30,2235,f319a5edf22056e24e3cc93127058bbaee561eb79c3b16fe53d449017649a804,cbeb3468d8cad545cd5317902f1b004fb24f8685f2df1141cb06ea339be36f2e,2026-10-08T05:00:33.949324+00:00
2020-01-31,2235,721f53f3db13d3e86d44f28c92b51a08aa261100fa6ed84748d7d14829c40fd2,cd6559a038918506966185911e97d32c171ea12dbebd99e396fe101cf20a3771,2026-10-08T05:00:44.199033+00:00
2020-02-03,2235,4107bdfb4d5e597e81833f7e0eeaaa4237d6b7d425ddbbd41d520014763a4da5,24e7dd91be206f6b90e036c612c14c6790f32c66a590bdf10f2815887d29eb56,2026-10-08T05:00:44.608351+00:00
2020-02-04,2233,ac2c04ed323b648ddf6f61cff43f03e32d9e23fb7d41dddb7949ea422785589c,975c96406fe70099b0b0054f4c620cb54baea3d68c055107c35cca5986bcd445,2026-10-08T05:00:44.356075+00:00
2020-02-05,2233,d2fd58f1b96895f3d7c38600d58fa76187e30188611adb1dbdd38eb8cac79195,34770199eb743a1fefe1abface04d0931ac6d82345ec69a7e2e408618aa0fbda,2026-10-08T05:00:49.154800+00:00
2020-02-06,2232,0a694a8f1193df770f33868bf63f26d82974f2d139ec94352acdf8efb7eb21cd,f65ac1ad593b0ddc43f38ae448075d23133ae5c7356ba99040396dfe47dfa050,2026-10-08T05:00:54.925103+00:00
2020-02-07,2232,832165899b3730a16760ebca5f8ea710c044610ca88923e5b291389df66af611,56958bb4f24cb7ceee377272266c9da3898cb4f5d5745015eaab359dae423352,2026-10-08T05:00:54.878828+00:00
2020-02-10,2232,79681df18e7d3c5eaa9babb1b6bdf2bab15295e4b7622fd8c729aaab02aa0923,9df962179cd773f83630608c8077fecc1394126e8083aa12f3e200e90d0adfa6,2026-10-08T05:00:55.329653+00:00
2020-02-12,2232,a607a240f7209061518bd5fab7f574a98b74376c80de1c3b21cb4bf0bbd4367f,cf598c101d32c5d55b6da34ede70357778fdb436d56d8ebf0a1b3fd0b0bfb6a9,2026-10-08T05:01:05.243227+00:00
2020-02-11,2232,34db2ce3185fae860946f60b4672324589181c7e98c3d32c601a827ee6203fde,14a02dcdf4e226934dbfd390d0b31fb70b533050e3a830455fbcd61798356d38,2026-10-08T05:00:55.325783+00:00
2020-02-13,2230,406c83d450051c8911b3bc4a30a17b1407f3caf42fc7cf7c816c6580128975a4,32a1836ca56c5a8441c7972de44489a2b76f572817ce08f849f6d6ec40f2368d,2026-10-08T05:01:05.118611+00:00
2020-02-14,2231,d58e4084f24279fb6a33ef94ec531ce449a027c57d1c75d0138daa0b880a3d59,709bc520b220ee3697b193189226ac9da51bd3cc57bbcd3c8ed7787bc6efd6fc,2026-10-08T05:01:05.068675+00:00
2020-02-18,2233,a4f48ecf57b1ce3b7a453d8bc0613a7c26c5ac212118a8b13ba72604f5453ce4,2d136871bba3e0fa16a6fac8cd1f568251444fdf3e956f58fdda55fbec325c3b,2026-10-08T05:01:15.608720+00:00
2020-02-17,2233,ce4b59018840943089606d9e621762512f90f777c2065499086c02e584aa10fb,4dfff9ee2d4f13b242fc927b5f1fa3edf1dbee4b2d120a3ea0490b7fdfee1961,2026-10-08T05:01:05.412205+00:00
2020-02-19,2233,bffad559a67e10f7a5ae266dc56935ec45c0a0aebb7401e94456bfa48602c0ea,2893501d1a29c5abe8ab046e1ff108bb12791fc1f6106f845981e53c6e2b0e38,2026-10-08T05:01:16.063121+00:00
2020-02-20,2232,328f8a29d8cdbb8ac7e77986658c157e07e9484e33d08a55ca75fd4ec0982131,777ae2fea94befcadfed43a95ce29b335fef92e60bda5c7a0764e415ada0bfe6,2026-10-08T05:01:15.879080+00:00
2020-02-25,2235,972975074bed22a08e6aef8afa819b0cd53948da1b393c6e24c7c8122054ed24,aefd1b707104d4e734315486488c9c8139ae0c20745269e32a451dfca9406459,2026-10-08T05:01:26.321061+00:00
2020-02-21,2232,407d904e3de8b3468c88acf70fe5b1e5d7fcfb1a5d55940c602e71a812cee025,33c6167d495685b4d21055facecbc17d8e4cff5a62b7b217b8f2ccba7d07e8ae,2026-10-08T05:01:15.966200+00:00
2020-02-24,2235,1e5deaac949d27dcde8262993efe87ca041dea5b930ce18f68c491956e3bba74,c882f8f591388600a1b55126f4b286ad89500283c79a884ca9ff9741e6fe046e,2026-10-08T05:01:26.233317+00:00
2020-02-26,2235,5fd0045496f20696d5b0e30f45796c9dd19f43f9117404efe965fe79f3cfada0,5570578520960f8b5aba173669eac61abb52a669adc27b38110b3463f9cbac56,2026-10-08T05:01:26.502972+00:00
2020-03-02,2235,78b55f74197aa45e7f56e8fbee142c9ff1735340758762d505f42f30af4e8811,3ccb9fcf683948e717bc51f2ed2ef472dfb0c39f406cf3693c5290fd215e4d18,2026-10-08T05:01:37.161907+00:00
2020-02-27,2235,041a5fd5bf3ab553997f879ab852dbc366d1e6439e96650dc4ebb09a3c8ef0de,093407b53629682b7db33d3b80b86adbaa2101f447bc947d420e46689be8f66d,2026-10-08T05:01:26.386707+00:00
2020-03-03,2235,91c2570f290e6a9d48f589bd2c5bc7d22732d0d661e48c5f2dd37d5a3c3dbd0f,abc5e807c27dcefdf8f2cf6233a18a0ed37af1fab9d6041fc8634b1803bc8e91,2026-10-08T05:01:37.300004+00:00
2020-03-04,2235,a9ae319ed162cd56a1c4dcc88f55560942a1fafa92d49aec8214fe7db834be7b,09e4e2813b76a24e8e51d4a822f8cc618aa658043d19b40eed050922b4f2bc61,2026-10-08T05:01:37.296164+00:00
2020-03-09,2213,191c1bce4a4a1c8d992a8eb59380778266398d533db6a9f789c453a80adb3893,0d1095ff5f4d2bdd9bb0673c555dcdcf359395ab690fea73f8deb8b46a2c21fd,2026-10-08T05:01:47.289106+00:00
2020-03-06,2235,b33ab34ee8810807e01ff0995a794786c2ec0ccb1f973a25ca872eb430caeaa1,196d122c9dedcca4f77dcfccf147821ebf62941528227556bf2c3310283f7b63,2026-10-08T05:01:51.647564+00:00
2020-03-10,2215,e9e7c8fb01325f3a8947fa5abc297c571d3d7230853232ec96143a200fefe164,77455dd633670e1e439d152bedd426b2003c24119a51ad7611544266b6e9875a,2026-10-08T05:01:47.521133+00:00
2020-03-05,2235,4bdafb56bed492844115e37652fc4829e88ad3366e9b168c636b3f2abc279cb9,5fb0bc24bc46ac237942eeb79a4ee0a9b24cff01c873b2f6669306d0cb720fcc,2026-10-08T05:01:37.335220+00:00
2020-03-12,2237,a2a678c87bacac38404704551e4c4d2ebef3e96b284bce94f158c8997d49bf39,262dfdaca5bb77437933905189cad4632f872e2f13fd49cb6e57a84288166a79,2026-10-08T05:01:57.356483+00:00
2020-03-11,2237,e7d89efde8259fd8698aa1d90dd72483945ec226207fbc7368b4fcebbb10382f,d1cd352c805f2f3baa3c4bbaa5b8c90f2f79758357464a04404589f8403fe739,2026-10-08T05:01:47.671582+00:00
2020-03-16,2239,e6c4a67e393b6c8b27335d8065e3bdcbb9b922b4de644c0747c400e939ac5df1,f39ae6adf349c1eb3625d18b719dd4570fcd067944b31748062a010042d6162c,2026-10-08T05:01:57.473833+00:00
2020-03-13,2237,a6e9719999e5e3a14a4915bea0b746e864aa5848ca6adce760213e1334540fa6,91c44247268eae00e5a49ea67170d3192dc726b76f1845a717e8b9ebed373c02,2026-10-08T05:01:57.770223+00:00
2020-03-17,2242,9cebca61398d2710e4c32a6d0c87e0a6884af701bf4c4cba6d60218a40c09943,3f53be12f4cd94ffb5008f23444a5ce6f846f9558f89a1c5de2ad677726909ab,2026-10-08T05:01:57.616747+00:00
2020-03-20,2243,7c0fd8072197d146be87ba127644f09763bf13934147961bec16fb4a7178d990,807913b743ba3c65945385399dde17bed3c4fd5ff0e12d73a043342c91c8af83,2026-10-08T05:02:08.264818+00:00
2020-03-19,2242,518f9af7df1cdf37319e82915fa028584bb8489ed1a18298b0eef9b4798d9778,2d0c7c50d711c877dc65d074794851350cc59a7fbc47f248430deb7c9da6659c,2026-10-08T05:02:07.943891+00:00
2020-03-18,2242,0bce88ea4f3d75a63da8699bedce9a3359444a1aedb9e3321b4c4fa6437a51aa,87c3b34898b1f7dd501ce60f6597c317aeeb71c8010c37e60fdc142f771a5ade,2026-10-08T05:02:08.257154+00:00
2020-03-26,2244,d454b0f8634d884f6661a2226fc38aedc8ff79b131f89d189ca7c72a1157fc92,3b38fe5b495e775ebe2ae168cb4779f3494b58240a0b3afd6ad303336841e13c,2026-10-08T05:02:18.250134+00:00
2020-03-24,2243,7c08a1ec3e2c6d2d21ee2ce42ba7cc5ca5567bd93199b5d5a56ddda9bb2942c8,0329825ec4f051dcc402783b62ee27607d85658d63376fedcfb96ff04194eb77,2026-10-08T05:02:18.092523+00:00
2020-03-23,2243,570b0b31b394a5606867bf06caf812a3d699b7ebda85704756211e124e7083e6,56f3322f65c12a0b9b3ee609027063b4b3ec0804d539b056a1ec5ee87bc21cee,2026-10-08T05:02:08.124068+00:00
2020-03-25,2244,5ce981d78141c9ce731e37d3994275ec825bb4dac20cc072e1bb30db2fa6e257,defd06b9a0f5b59a80e4b62267c289a890f2b0ee46663fd254907f5f4bc81854,2026-10-08T05:02:18.273436+00:00
2020-03-27,2246,516d3cdaa45fc458924f0e5d89aca6a88472c7367383d7cfcfd6b498c75f8193,3987738ed93c9ec053be8e821e1a8eb47e93f6c2fc5a35cdb9481bdfee455361,2026-10-08T05:02:18.263701+00:00
2020-03-30,2247,ea7f4dd52de7747aed67abbdc173aa4ef1eff8c56b74c8a6b2187e5cb151d234,564613ef140e42a90e85a53f298fc7799ac5c02f4a23511325323a9df7b65de2,2026-10-08T05:02:28.658726+00:00
2020-03-31,2247,a135608f809ff26e34cfa012c1096dbb68038cf01e44536ffcd370f1e35bb32a,2b1cf76260f41d8d9ac4016ff549341e58c5fb24aba266735077f077962a53e0,2026-10-08T05:02:28.410461+00:00
2020-04-01,2247,f48c71dd21aeacd45c2042ab4b64c3b4bdd09826b04029a51c5c0ec2a43734f5,b02dc0cec869cd2ccf9944b2155e5c7477d332e74da5283da1cd6fb37f9a619c,2026-10-08T05:02:28.582905+00:00
2020-04-07,2246,895376492280c30b5eb2d350f60f5bd19dcf1a494550b2835c85bfd0b966bea4,d0556d8cc215a2d946e4c8f25d409d3c7d1b25ca3c68cca59c7f4f0e29d37a67,2026-10-08T05:02:38.478448+00:00
2020-04-06,2247,06d57c9e3fa510b50cbf0a36725ef5ad6b10b68f94a168fbed66bf0576e4062a,3d26ce4a4b89ac5468e4fd48c43ef26d6c69c6695a1397a7f97e670298a95132,2026-10-08T05:02:28.595401+00:00
2020-04-08,2246,c6b9964f588b4d13d517d84cdf544fe7fe840ba1426c9e3a168d3a814169fcdf,0ad0f0c906d012c009627647544954481451990cee5444d08af8213eb31a0c70,2026-10-08T05:02:38.692801+00:00
2020-04-09,2247,cf5ae6cbc8c8da5482a34a9dcc39f665f3d492890d1fb38ba9212440df4f9115,17f7534d7006b54746cd56df8b4814662f48b9f94e51bb479daa04d7a9841cab,2026-10-08T05:02:38.633953+00:00
2020-04-10,2247,5bffd47801ca7798ce0918073868b2f66553b32394c80eb2c8a9ade1854af430,2335019ac13d058c5630e4f5f1a9386d823aef843ccd170f8b40528fdd11be48,2026-10-08T05:02:39.505610+00:00
2020-04-13,2247,f5ef477d060b01e45bffbfa5752417c656be0c9bda1a347f12e21dfb95c25e52,dc374596c979ea253c2a4a14b0eecb6b75986ac3c4df6d73f631dad43cc0f2ab,2026-10-08T05:02:49.176260+00:00
2020-04-14,2247,c0bbe5f1c7c0065ea970e0531580556083c87e0a9280191ffcb5ee4097875ea5,7ca5a0265735aee6ae70101b64db52e22c32750d66cb80582fc5fe6596ce3530,2026-10-08T05:02:49.540812+00:00
2020-04-15,2254,00cb6d92d21f55848bd79e8c9a54f552abfe77f087c5fbe520b8612b898b5a2b,e3f95c7a498222cf196188f784cea9f40a0f9f1e23a2ef4dd618b80b3e21dd1b,2026-10-08T05:02:49.378825+00:00
2020-04-16,2259,828cae7d4a2d6a3c70a296714521159afc5fb15080bb6808e4dff9898b8a233a,88d25c01ec80b3bbc9a07525af7439673458822a120e308bc410de9f9121e958,2026-10-08T05:02:49.586472+00:00
2020-04-17,2265,3cac504e984f873da1c9632007859ca446e74248a4d8d7b703dcf1d02e3e6468,9239ad850e9566bcb0efd7fc8dfc22882e6ef504083cb343823ed4d399057e2b,2026-10-08T05:03:00.586578+00:00
2020-04-22,2265,146fb227bf4d9a066b6b5a5017707521d4c2f53ab80bbb25fdb7bc128170248f,3fc967eb515b2a500d6f1f72f3f9c18171651e33eaa2716acabaf6f8e2a6aa8d,2026-10-08T05:03:00.543011+00:00
2020-04-23,2265,87a0a86735d63711dd004b97921201019ce0c2a8c1f9e43f03dca46501619f75,6c4039017eb7cd6f3c95a6dc349849de1461d6115b7fa328ed789f57944e142f,2026-10-08T05:03:10.288238+00:00
2020-04-20,2232,4cc273bee32da572197fb18a92a7539f33d20c10f7df3489f967b3c71f71023f,140eb6dc9b9c114bc48889c5018934430ceed0052b85a489ce18aec3bb001571,2026-10-08T05:03:00.578182+00:00
2020-04-21,2265,e29865c8098dc35a4bd25854a2d61d7bf6a532a0318fb4ab1300c11d9a142119,72c2d64576b8f3ece8abafe393091fed0b3157a4e9bb7f8cd241998bbf31bba7,2026-10-08T05:03:00.756089+00:00
2020-04-24,2227,74b0350a557a6067064d85a136363d70cb0bf0e17df02e83259104d66cc240ac,16ab9f5f3fb82a6d591bb2e8ac72459cf8fa5de06f87270ed6726902b54b65e0,2026-10-08T05:03:10.708915+00:00
2020-04-28,2264,91d97ec9de2cbc3854048772ebb6c23adafe113b68c276d266eac58f01294929,59fef915bca4d764c01e2021d983cddd677718344ba1f3ab1372d6f18bd11c2a,2026-10-08T05:03:10.454513+00:00
2020-04-27,2265,00ed8a8d88028ca62eefbed627d7fa5206fa2a87cb1da53f0dd680b8bb4fcced,28e84f82bd978fd56d3690b17909fdf89c516d252634ec632f98b3c88675842d,2026-10-08T05:03:10.610568+00:00
2020-04-29,2264,78e834cc620bed1ac870606776a06288d8e528e2b9fb7f09ef9434613fe57bac,0cac9329f51ee04b636da74dff4a930c32a5e98386bc82ebe7bf62e821188f36,2026-10-08T05:03:21.863934+00:00
2020-05-04,2264,9c6d1b87c74d1ce72c03e3e6e9ddb38b4092c56a0e967bb15bc58466f239139a,3b1d76c9eb06501141b444203fd08ddb8b5237280346acbd9146cd19be375c7e,2026-10-08T05:03:21.470180+00:00
2020-04-30,2264,fc8c512c81e0c6c5d90760fd93be1ed89c1af527d3408dc6b662c5197850af10,62a2704f582736e7b63b0389b7bc1fc67c2011a60292cd3ce82506464c7a0209,2026-10-08T05:03:21.857646+00:00
2020-05-06,2263,0b19d63a79b334b8254a8e0c0d71765c104ffab69a569b6ec9799a3fd6f01980,2c99dab0e4ee414eee459c376098fef7f350c977765b788a823e9b391b783bdf,2026-10-08T05:03:32.438434+00:00
2020-05-05,2263,9a49d12716aea968a312451fea602d807c5b1470bf17e7d6999615d9c0cc0acc,bff05c7562a257ffd645a29d9ee11441a16e01ab379b0a37132b49a949fe6f24,2026-10-08T05:03:21.631900+00:00
2020-05-07,2263,a5e7f6b1c4f46f65e1187cf2442039f184714e34ba6c1cda7e8578f613065e18,3d6961fe4871d30e071f2ddb33b6aea0c21a9134473c025a6d50dffbd4d66c59,2026-10-08T05:03:32.224564+00:00
2020-05-08,2263,ffbf4ab382081e6605d6463bce41a2b408c8f926cfee96e003e158ac79e52228,0c84cf376db26bb7965165e8718beaccd6803c75835c5a9d77f8fc2a1404600e,2026-10-08T05:03:32.156657+00:00
2020-05-11,2263,17b305ef97fdcc73e88505b8018ee9086ee5a00d52153846056f893c3e13f5f4,e0d956293489a7e0bf4816cfa154e777df6eb556fd7cbee10d92f50b769391ce,2026-10-08T05:03:32.510231+00:00
2020-05-12,2263,e41a367d61ecbbdb78fc1fa194a4d174d8edd9e992e50e2fea714c4f97fbb34c,74a6a21c2002e1a220e57b117edc24d19a6b221cc5d5720601c735c8f7b30a61,2026-10-08T05:03:43.563722+00:00
2020-05-13,2263,1e8203a0822f62f3d6a4c74d1407915d577e710e1ea04525de93e33be9fbea91,8b6854bf3b6a8635e9ce7ab7cd02f3e88f595870eb89cfc8ab2bd1928a9c63ba,2026-10-08T05:03:43.668965+00:00
2020-05-14,2263,fdcd7ca51bb37f8ef128b1a9376c1f31f2e049770559814b29726cddc61b001e,7877229a63098dbd9546e6d93ad3dc8d4c2c6d61e082d3e7206e994df52c8786,2026-10-08T05:03:43.656615+00:00
2020-05-18,2276,6f0c2cae65db6076b20898552f09066fff758b50df05b6a5f93dd02c1deb0fc2,2a662a2ff3ea619b7a39b3af52b560e418fdcc73a70fb5818a3a8634188710f8,2026-10-08T05:03:53.141891+00:00
2020-05-15,2276,f8714955dc4dced09b6e18113b29807a2774898b25ea7e39cdd2da5fb19d31cf,8d97122961d3e2e101931a420bcbfdc1d48ab87df83fffb4553279918ad6f7b8,2026-10-08T05:03:43.549197+00:00
2020-05-19,2276,fed9ed4c19dc2e94a630890958c868421a6c644dbaee42eb11f334952235d933,e11e22ae036c124b1d38670ae80d5daa40858c6dabfdf0fc3a77e61729fc838e,2026-10-08T05:03:53.515180+00:00
2020-05-20,2276,d7363dd7e3d824adacd2db0dd57313fb11d0ccf6d922b9e4bc1366369fd524b6,e10e070f03c0bd5a41f79a4f36fcb1ccc596fc55970e424c6f3fc92ebcf8f236,2026-10-08T05:03:53.830067+00:00
2020-05-22,2276,2d1682ffc6453e4ed9cf4bed4d14ec6c3bcab2f195da6869c1ec83c2dd6de410,3b7964e2a5c2eadab6143652a55c20a88d2a72a74bc7b65c62d2078f4dafad84,2026-10-08T05:04:03.972019+00:00
2020-05-25,2276,f6f4440e833b52158ef9a3b2f5bc1725d1cc191e81befba89653257a7bd66c6b,b61668fe62197faa01a0af29dd862f003478d71d427355633f737277656052af,2026-10-08T05:04:04.334658+00:00
2020-05-21,2276,4ef090b429393d3d77d3b692410f06a2b59f52b35974975c7a3212f5a774cbdb,4cde586951ddb5dcf8c30c1b4db8e91306662d1e3a51d6fcd91be57f007b7470,2026-10-08T05:03:53.492808+00:00
2020-05-26,2275,9813c581f9f23bc765efc814fb0f7cc809d491ccd6ccf96e771e50e0f57aeac1,1ec5e57397e79f578a19789f38e365730aca5ce80f7f83aa18531c38fdb99313,2026-10-08T05:04:04.155820+00:00
2020-05-27,2275,ec29e3695327b13bfad89b3a050dccc44a165ef3cc7735a9d52986d7cdc443f6,bfdbe26212a656c18e8cf6baa9b017d5902391648a5b699389b6d9b88814fecb,2026-10-08T05:04:04.437509+00:00
2020-05-28,2275,0eb6ed359464166fb2bd9cfd77dab9d2ef9fc1f4c0a1150272bedc444d6b70d8,7ea659441ba8f67e8ec710c1af262dd8df7d3fdfe26ebd919185b096da5e95d9,2026-10-08T05:04:15.070132+00:00
2020-05-29,2276,94a88f9d20b710141fe33ca4a4ccbabacf11271f6ce27196d1c4592fa1f9b18c,3ed29ef60bf54e2e80073d2573e4751fdfe8c1a6a75820019706d59fbf00853f,2026-10-08T05:04:15.363444+00:00
2020-06-01,2276,f8817a29f61ef6cee34d088e7a1ac1d818127797f88dbd9af7583a125b178113,9523e16617a1805315a74a4030b4d7f0bf0b1c656b6635a2a1c4e7145d714650,2026-10-08T05:04:15.217843+00:00
2020-06-02,2276,ef353e2ca7d4506edc4b61e3dc2baa6872d72ed2f07ab51950d83cc1b454d9fe,60408e962f39b221dbf60e3b8f447b331dcef8528e2215146b35fff702b8489c,2026-10-08T05:04:15.043275+00:00
2020-06-03,2276,cac5ee8d22c4193b78e9abb2ba61d61c1b31fb1825df7578e8fe64c039a52173,10ca74e2d0307b51bc25f390014f084c38d2fa7766ed7d55c7059089b2423710,2026-10-08T05:04:25.398903+00:00
2020-06-04,2276,06cb4db5fc24aedc7ee05671551481c7cf28cc0a25fa9f1ee88456e1a2e6983d,e11dc4c5740e893d3e906567dcdecc6b1bb83401528a1687de9539c6ced097ab,2026-10-08T05:04:25.635449+00:00
2020-06-05,2276,05446d7a5420d45158640bee2028ecb29a8ff3e1bb70b3a578baf3ae54b3192c,bb990e3ea1dc617158599aa0d3cfc07b5d82d9711948aab4ceed6fbe6d66107d,2026-10-08T05:04:25.492512+00:00
2020-06-08,2276,962cd559564d534a6ba5e71584f2a3becf99959c5b2d748a127d6cb120effac6,89da2075267256395a96fecdcbd8894420659ea2d0af95e2f5625b5b95109258,2026-10-08T05:04:25.739194+00:00
2020-06-09,2276,3ee08368c73d201db1c538c7e9eb341e066b760fd23349342b5a3d10f10a6fec,3cf3304c096ba3739080380a97cda79364f791aedd1f7bacb7662914fb71c3d9,2026-10-08T05:04:39.181064+00:00
2020-06-11,2275,218ab2652c5e2069a6c8a63772b7ce7f7b0e5fccf26c240c79e61c990fe6379d,e739f02872f5442416ff571c4f2c2c4815264ab8ad83ea7a201d3110774fe346,2026-10-08T05:04:39.126059+00:00
2020-06-10,2276,22bcae90a4753cca490e26feda635323d7b92ed764c34812bdb6c03d52f25e75,a024ec161afa22a89fa0d02ca4a9d4a22dac93d3e566b23fc75029765e0e1b79,2026-10-08T05:04:39.544817+00:00
2020-06-12,2275,f22d005125935eac0afc683652c45ed35f33bd3784efce10f7ecb1ef9a8a21b2,31cfc69fa707c617a944f6869a27b94da0d389fd76c7531ee95d288cd786fd1a,2026-10-08T05:04:39.333623+00:00
2020-06-17,2275,4ea90944b244a271d2157e5ef47deb65664b487b8fdc5c61e281f09feb378883,088b744a9da750ee5d66ad732623f28add086ac2e4c0e5e0fd47c22479f0f6e3,2026-10-08T05:04:59.365076+00:00
2020-06-16,2275,1dd9bcb645906c8db93b9d4f0e2f4ebbcccb0c472b8a7f067b9213e8d385ca72,086872f42b9ca0dea50cb1918dc15f9fc5459d22c75762f64cb8798d825784dd,2026-10-08T05:04:59.508629+00:00
2020-06-15,2275,f1a8d70d8f9259aff29b984d6e3dda68911fab99391004960a624449c4195190,726572ebed832e0e2e5deb4de2070a5cbd8e35e412ab51d093552994f869c49e,2026-10-08T05:04:59.479858+00:00
2020-06-18,2275,25a1530857f5c6ce8fa1bc84e4d856296bcc0c18660f7d92a81017048422afb7,27a0266ff5d5e006e47b7604e34340572564ff61ab4337536395439566169f5a,2026-10-08T05:04:59.351822+00:00
2020-06-22,2276,77c9a828999cfd6d0039706578cfb424332bf10d2733730f187fcd42b627dd94,69bbb822cf69847a3898bf7410a1728867642afd5fcb32e5ba8762e0b3987897,2026-10-08T05:05:09.313292+00:00
2020-06-19,2275,c212b78753f370a3ba38940d323212764fec7cf3dd248e8297172f1effacc454,a62b5795d9102e7bee02a5ce8e2f8c3cd5219324417207f6bca793c565a8a105,2026-10-08T05:05:09.149337+00:00
2020-06-23,2275,065c28e6e4714f49f6aed0eacbe8f2a4657a21a6f600a1879d851a10be98ca86,3bd4453411044a1d188e1585d37f159a6c2ddab00f1921449a4bd0b462a2b819,2026-10-08T05:05:09.154626+00:00
2020-06-24,2274,9580c54569647df7b8194edf10c82aeff60819d724cfea768de3e44460a1b319,d77a6a10c2a92dd58633216a399fcac48489b197eff122e858e418fb785c74bc,2026-10-08T05:05:09.177994+00:00
2020-06-29,2274,a6de512b77d28d00c5fa8acd71e3ea3373ad486396170d9707cb9bc0d99e6e52,8ddfdde9ad7c99d47896a14b56278e26240dd1ecde2b2dc73c32f10f8680d07c,2026-10-08T05:05:19.990459+00:00
2020-07-02,2274,947ca782a3619070027e4e73569d62e3f04feeb8ebb46386dba61145a154b60e,84a151f519ee8f7d69c1af97a5928d3a72e71b5354a1cf102d14a4c1958b85d4,2026-10-08T05:05:20.025469+00:00
2020-06-30,2273,615b0312391d46d11172ba756f725a8abd40c6580ead95b8d479a382ba33fd58,91421d6f2a8bc877852683b830929e46364ac7e6eee0bccf22e7bb87f6d297c4,2026-10-08T05:05:19.790804+00:00
2020-07-01,2274,da4a1723e6d96539809f1360e6953436f53121db6fd37ea2566dfe0c3586fc1f,8a5f91e0439e346b57e0bda6f1abe047b7af772bc99d3fe0808672aaa1d7a76a,2026-10-08T05:05:20.147384+00:00
2020-07-06,2276,d013ada20a066580eb1366afb5703f1ded06ffa8e28a9ab47a8a973b9117ad4a,d256d3b28bf3347080fb8b46d697661dfb3c8950d1b787c039afc3249d5a10c7,2026-10-08T05:05:30.865008+00:00
2020-07-03,2274,eef31dafb64daca43e04b3e3ff38b68efe6b3c97208f6e188ae2632e370b8347,d17faf975aea16d84465e161006313ce1b0df55e8e0f278c0f8e328f5d405b3d,2026-10-08T05:05:30.818011+00:00
2020-07-07,2277,7c8991135f4873421af477a79f4f763cd3442685435633b2347453cf9e092df1,dbb531d6bc27ab76789c5d976ba9ef254de3bd03c4e080ee4e16931c98489f44,2026-10-08T05:05:30.674993+00:00
2020-07-08,2277,015897f0de3d0d0ffd2b0b95f66938fdbd9f9f968b3aa1b89ce65274ace32e73,b2b834116dc0a734699eb129547447394efc0bb1389c7c4a8110d49632504803,2026-10-08T05:05:30.870110+00:00
2020-07-09,2276,3b3a03a453d203f6b8ca5db108c403106de06b5c2104d6d680f59885a5059cba,2fd2726ab134994745e4daae166a4ef586e2749cf44aaf892568be84fcc164d8,2026-10-08T05:05:46.101227+00:00
2020-07-10,2276,223a9f547fc68e148e61516919756bf08b3e9f808abc90524b573361224ccf32,89d558f6bef4936e2b2de88802c519f1b4f5d7a68c6183a722132ace2c203613,2026-10-08T05:05:45.914061+00:00
2020-07-13,2276,e0612f72556b81b020fdff7d713f94e33b0e2995641058b34075079eaa83ad16,72e8c45240772b7f3585a08b5c21ffc6d3149a4d581f98ce359974cc7ee8f7ee,2026-10-08T05:05:46.051574+00:00
2020-07-14,2275,fba53facf6c42f061a468778339bc924154b594130d2344edd1d0884b9029681,8c3b314b81aa0c3616734c06b8b27100cded083ea0b63a3b320358ce304df8e3,2026-10-08T05:05:45.901927+00:00
2020-07-15,2275,ab4b3d9c30b5f3363d6fdd9bafa680fc0eb2b788d11a45f30eb57831b1cdf293,ab04c706a21738d1633e4be21e6f4060899737175cc57ce054a0c83660225730,2026-10-08T05:05:57.582447+00:00
2020-07-16,2275,9602e260fa8f6e3de0885b4a96ff38bf8a464efb0c773b8ae58dab5b9182dfd2,11809c697c1d76e90b0571aca5b04d645b2b6c3ab0e0e358066cc4c83a62d020,2026-10-08T05:05:57.513006+00:00
2020-07-17,2275,dfae0096a4f85c1a0309db758a9de809b36f59548975d892a55fc09c137bd5e8,fbdde891cbd8de41484f9ed6ae85e64dff5dff99a8f7427ebdfb35816edfd6e1,2026-10-08T05:05:57.662467+00:00
2020-07-20,2277,afc6db3167dc400e31e67884c1311971b6e999bb0e85bb22ecaa7ba0596d0580,a28ad9870738f26ffd739e61fbe2ae056fca43f84245cea21ba430935c7730fc,2026-10-08T05:05:57.362237+00:00
2020-07-22,2278,6a46e5381b4fae59dbb1524bacfe7a3753fc2f2ecfb3cd73245f64a366d107d5,334e8546403faf2e2e36fead3c295e81ef2fc53055e591a591f076682d25f296,2026-10-08T05:06:10.341884+00:00
2020-07-21,2277,f189c0324a57b5005f9b5df49aced465d0920ef55dccd26e2ecef73b195c18ae,1645fb3081696d2dc3a025c0a85a27e25e50eabd611fdabc5800ffb16721890d,2026-10-08T05:06:10.442057+00:00
2020-07-24,2278,dfe62177b7c5c391ae6fec7f4c52bb2796b08fbb14a777c79c9a1e8c91d1152b,5c9309a4b93b25c607a9acf8008e66e98286911a44d8103d737ddc1a1ee82758,2026-10-08T05:06:10.296832+00:00
2020-07-23,2279,bf624ee1025ec1495b00ca2d5eba50f5e93fe37119efd112aa7715f7beb8a991,50dc786aaf15b01595522f08c150cff6bdada1256a4503f0a857afefa680a6bf,2026-10-08T05:06:10.441029+00:00
2020-07-28,2277,ef069790c7ffd0c561e622b9426347c59e603ce1916bc2cac4d3f0c44f48629b,da1c8bea9cd0eb441674b18b7ad427b796cdf9424e7a8c6dddbf4ece5305cabf,2026-10-08T05:06:22.240677+00:00
2020-07-29,2277,89bec2c8d2e2fe221d56cb119928844646c939fbbbbf9e2fa8f6d26d06f43f0a,4b779c6019ae10e2dcfbf87aa1e99ed6dc7124f8aa2d302ae241e057b2c76c4b,2026-10-08T05:06:22.092149+00:00
2020-07-27,2278,1b2f8470a2d08355e798813dca702f30b7812abd6dd5430e6099b7be4eccc8f9,1b8abd00dbe6997c3967aa6504faee6354acaf2387972b15a92077d8f403c9f0,2026-10-08T05:06:22.205464+00:00
2020-07-30,2279,6090a71d6755e443bec18e264b6d5345185feea5e1d710cc4d341d68ffe21e79,d6138a938f7d5cda8f6ed4eb4e4492a14b402629eb45dbeea430eb10582bc3bf,2026-10-08T05:06:22.230548+00:00
2020-08-04,2280,7119ee607bf980a9c30ddf336276f0a11a4d2fb7535d26e4069a11b5550d76d9,526dc975069fbd9b948315f0024d813ab7f7ea8b530799110203ddc6524e80c7,2026-10-08T05:06:32.733626+00:00
2020-07-31,2279,e77ea99e41594c1f85c9b6edeebde00b4904b0e3be519e607b8ca24acbd2eaba,f0fd52cbcad8614be749cb69509e0ec86e07d4518904d7c9f7897ad88867f6e4,2026-10-08T05:06:32.750059+00:00
2020-08-05,2280,69b277f5e14e3b864464dc42952836b9609c8e8651c33eed1c486cd3ce638ffe,d41023bd2f54efbd33a625731523a43de070c4a22ba1aaa055988be699664b96,2026-10-08T05:06:32.682513+00:00
2020-08-03,2279,a81f59f0102a792368305496146fc7ccb699d5c5ad83cc467f70b84c227f9959,0ab0043e47cb8218b53729dc5d502bbbc831a9ac99c9205ecf3a9c8c26b96579,2026-10-08T05:06:32.668650+00:00
2020-08-06,2278,7034caabe6d30d6def07706b4712b7cc5bf13bbbc6a3680ad37d236c8ea01011,bde2313f3616f31554cf60d56419c705244c866f9f627daff613fc3d5d145f00,2026-10-08T05:06:46.224030+00:00
2020-08-07,2278,6fe12017de181feb88b3160f268d021a71d7d8fbfef8f9d0e6ac8186f120e954,7484584e93a85c556d9b65be04d9fca49ee1486faeb619cbf4e3bb4eacf72a44,2026-10-08T05:06:46.043126+00:00
2020-08-10,2278,af5beaa33271ce2c99826f2ef7ade7fefbd027f913c23774892a5ff77738c29e,9188febde45c1408224161c87b4e618127b2ff368772092e42401ce5e868560f,2026-10-08T05:06:46.192395+00:00
2020-08-12,2277,cd004e249ad104dc61077615970d694a3328f6cf6dca2cf53b4afea80cbd01d9,24012b1d139ce2c07b884d7de1fa11d1c535fb4b7acad165060ef4751148eabd,2026-10-08T05:06:57.290928+00:00
2020-08-11,2277,efcd8cd08e9b07eb8fc232b073304986fbb5419a98a1c67aad6a42b797e208b6,48d32c537a37ecd1b404b609e16bb4093d53c7f4faf475d5e80715bfedb14486,2026-10-08T05:06:46.161772+00:00
2020-08-13,2276,1e7a69bf52d0ff12c9f70e9d1084e98b69de4554ccaa4fef4b647766d9c59a63,d8fa49a010012284e1871101db77845cec490cbea213b843d3b683b9e60d608f,2026-10-08T05:06:57.112468+00:00
2020-08-14,2277,e2ec121d82dbe22f11ed9c9ed2090e44b4f322cfda58ceeaec46abe19dccb3e2,bd8c45883f73f463c3730547ec9d43641472cc1a91bf6f8819449598f9abbf28,2026-10-08T05:06:57.334048+00:00
2020-08-17,2279,e515187873952f93f7c760b39b529600be6eb8fd41104c5f27febf7ca2524620,9dea16e3103ba0480fd9a76fc93867f4acb3ff6f4d75fead9a423dfff0880b22,2026-10-08T05:06:56.908880+00:00
2020-08-18,2280,d74e8dc305c645eac754e1fb9d65a759986091d14f25e0793de028204b12e7af,8e9921302511af9efc89b21fd41637118816604253a8f53cbf051fca22f679d2,2026-10-08T05:07:07.130674+00:00
2020-08-21,2280,602a9d3e38b42328b5926b0ede9d44de27deb257a95b3e4e094d5376a7562576,03c986e079d92c96da88e3573254451b64466702f7caaa7cd3178a91c3812e54,2026-10-08T05:07:07.144251+00:00
2020-08-20,2279,6eb40cbe074c04ce0d11ba4e66d2b5b25559a602ac1224e696f0ee5b1ae99f66,708a1ee0dee57ac47f5f4a93c6031339df4e8ddb739b751aa0ec767c58bebcf7,2026-10-08T05:07:07.307824+00:00
2020-08-19,2280,a652c0f1e340d397f3abb71ad291f59c314fb127560dd8ccd933e1cc50c6e57d,e7fccb5f05e7158e652c0615e411be424d34717466aa1ec34fd682a04a2bdfd7,2026-10-08T05:07:07.323341+00:00
2020-08-24,2281,716ce99040a82e845dce9a5160faa63f7e2da0b86cba615cf5e43da2a2c50e27,9c9f39d8f85bd0663b62b856229ff88903384fcbc3127b068fedf281e4cd2216,2026-10-08T05:07:17.931713+00:00
2020-08-25,2280,fb5145333223428542d782246475224d59bb74f2a3018a2c806f5c1464b9491a,db9fdcd70f8212600dd32e7269935dd86e71d1c978c9b8073e0714aa2ad0c068,2026-10-08T05:07:17.518185+00:00
2020-08-26,2280,a11ede12daf073313a7b2734f6fea300d96614808c7e237298d90b56a853b0fa,00d567751130c015efbabc465072067bd30e9df25483d05035a9d8487979970f,2026-10-08T05:07:17.894008+00:00
2020-08-27,2280,6af2d5cb9e2a3f3ea3f6ea407cd2ff973a60c5955001c3a311ed958139da8888,ba1cd4e7d31c1901cd3437f27c4836233ad2f8ce2d594f6c3eda480508c8550c,2026-10-08T05:07:17.791974+00:00
2020-08-28,2281,f52ccd119e6db1a3a58c2ddb130d22396ea1c1c7e14f3808b84966d2818de2a4,da25b2b5deed6440a1ed27ed5afc1efc89be57557415114add0e56c8cf23279b,2026-10-08T05:07:29.957451+00:00
2020-08-31,2281,2314225e0ba7708adcbc58912f8fe1352685926cc1deb5639190a6a6f096e8fe,182e3df04d75fdb6f6cfaf1ec6892c410606e7ec641c5cc03042b1602aeae7fc,2026-10-08T05:07:30.124035+00:00
2020-09-01,2281,51deee4cb5b1d6c1adbef073279a971e0c72ffa8159a12fbc2af4d46b1ce42ce,bdbc20086f6be95a0fe3580352efb9cab8ac708a430ab4b98057b9f1732d0c0f,2026-10-08T05:07:29.968648+00:00
2020-09-02,2281,4016360f33b99e7675363004eeb6aa9cbc357a423d6e92c7b1e3056abdbbe5d3,3c83d098aad3637d7488a79a884a6fa7fd5244784e5849a2f804f826b8b320d8,2026-10-08T05:07:29.995512+00:00
2020-09-03,2280,0ba7821d8632d19cea210169c9c436a0cb6c000bd83661d0489c457409c1d498,1450f2580049feb07a884884d2ab1d4399e86b62a7df85202afaee1ba8479226,2026-10-08T05:07:41.078480+00:00
2020-09-04,2281,401c4634cb489db1c697c4f99c2a8cb1c1d4ff75fab2dfe6363fd7032a861be2,ea056da84023d057bb741025a36c1ff6b8087f6039cff455a51cf292ec00e8f3,2026-10-08T05:07:40.925475+00:00
2020-09-07,2281,d9c5d24750f8103c7c8cef391041365a0803186b7fec1fa75927bb6f78ab5d6d,9401513333b2cac9661b191db8bf32717cc7886c9cb7011fdbc3165a5117e456,2026-10-08T05:07:41.196069+00:00
2020-09-09,2280,30357eeea9778a85a3603388e14e6bddbc698cb9c7ae3b3c230c596db409c49e,da369f5117e8e6a2fe6da49a449e44cf43b6c4dd4ac96599b81b4ab706bc7796,2026-10-08T05:07:51.282299+00:00
2020-09-10,2277,37c66711b4a20e8e74f1fc72a576ef801ba0e8ea20dcc1924af9d19225a1b7e3,1ec84d05773251ecc3aec8b21d3de2f721ab1f8432ca6f83891733a1695a8bc3,2026-10-08T05:07:51.658194+00:00
2020-09-08,2280,25658ae1bd2876d0b6b74104172575d0948a70969cec54f867eaf36e3f28ec8b,197e9ced0ef7ad3f4357da2406d5adfa9e05311e0642795d88d809b17d86751a,2026-10-08T05:07:41.120409+00:00
2020-09-11,2277,b4dcaa2345caef6c37a149eb109f9c959401b08f8a47ab1eec5bc1005a160370,de3265547df79e151357c8047065f851a311529c2a9a4c1dc12020c881019033,2026-10-08T05:07:51.307360+00:00
2020-09-14,2278,80c17dac19c46ebaa951dc6e72aaacbc9cfb22127805d5e60ee9d295c984b35d,8995cbf1fef9f31fffab32d3d368814fdbd93689eb913c55b7e3dc696f5dfab8,2026-10-08T05:07:51.455394+00:00
2020-09-15,2279,4de4e9299793ea314a41f09fb92d117b6a36490994ac45751f50295842916436,9d1145cf9d5f3ad98a59b82de020842fb1a2cff33a50151b11810b3fb017d00a,2026-10-08T05:08:02.682474+00:00
2020-09-16,2279,400308787288228804de16f46ff32c299a67aaf1765d1941ce7bc2c34d1f6671,abd20204c3ed9c502ef2ee5af03c76307c456da6b1d1a9b91e06b26c3a51e38a,2026-10-08T05:08:02.927285+00:00
2020-09-17,2276,e3145f9681a4b15cc2db5c69353de34db863f16bb1033158f61da80fe33155ab,a184010e0fb2aac2a38be79ec80d10e54ae75e0dc4ce1fcb9d883af531cf1fdc,2026-10-08T05:08:02.544095+00:00
2020-09-18,2275,bb7c3ae38cbda94ae9c7a8101a5eba684ae715184d2cdf6bb69b5d6b147ea9ac,f23e6415eff9a980602ee73a125222986c63034fe3291931fcc384a9f63ad89e,2026-10-08T05:08:02.613238+00:00
2020-09-21,2279,609cc6baf30ef7388ceb7e9387e0e13360b858867e8cb9bcc498e7a4737315a7,6907522fd2e2d09cf15d22bef58a1aecaf2e12294ee2d0285eb26314f878f3b1,2026-10-08T05:08:12.714671+00:00
2020-09-22,2279,ea5bbe73743678ddc8786a23cf42cccce710ffd5be95687b17a425e4d12c66c6,31bd1b33a8af72f14f51a8f94e2ee5c585a32b2371d4e50a547fff0cbe699638,2026-10-08T05:08:12.950679+00:00
2020-09-23,2278,3493f42ef1a9a55e896717535c0f61db4cf1c2bdd4c54df1c5d88b7066d5b83b,617d43ac0eb47b9fc55e81840b245f04c3270b4f8a75e389d5d816f35d920609,2026-10-08T05:08:12.901916+00:00
2020-09-24,2276,aba3dda4b897fe358c04681a4ec0f0b9b1a013707b6567d72bcb58f8f3f5e676,0f8d38b40a697537474cabe84cb44910d572ba48ba634dcad344c2f9b535a2be,2026-10-08T05:08:12.531132+00:00
2020-09-28,2281,bcd79f9336f4e2ca0a2ac9df29c4271c4ffb55b90cb34191e99b51da0538836b,417be878f4fa1be68f62ab8211ae11c071560a470fd777816e3a8f590c41ebbd,2026-10-08T05:08:23.583870+00:00
2020-09-25,2276,d07ef509b920a19a6e6ea86a033a5715a006a5880367a37a5c7753f8fb4fd7fb,470a409bc821a83d1b5d04a8e11e445a55d971d0e4179e9fdf4e3eac260d9f8a,2026-10-08T05:08:23.440093+00:00
2020-09-30,2283,ec38b2d2c3238d11008b08c58c044dc3804df0ca095e62e3525575cee3a119dd,af39610717e53fe506410c21753a6356083e406bdda9bad6ff48666b6b3f9c9c,2026-10-08T05:08:23.830793+00:00
2020-09-29,2281,3d704cb5b11bbc1d80a698c418bee1c96b37c476012ed054610ac86fd23fa964,fea10894198428b7146030366dd95b92cf7f40bd9147cd3f1c4a4d7cd6d50dad,2026-10-08T05:08:23.800727+00:00
2020-10-06,2286,17d9bf60adc36ef9e6dc1bf5a22c6847ef86e86da1c5d2c0d178dba52aa27102,8b9a2278a94740a513cbfb987bceca948c25613b5387c9881ee1efa8906a9db4,2026-10-08T05:08:33.391916+00:00
2020-10-05,2286,060939d77828858e48a363c8f4eeb2e5fde547e4bde6181b5f56e5eddf3578ca,5b1249f2c17bb528a4d3c981e0307648f4370812bba28fc6896d0b22ba9ff5b0,2026-10-08T05:08:33.228914+00:00
2020-10-07,2281,031f403909674a9f792d36bdf2ede2a00271b7afa44878db84e9e2585969832c,89778f7cf95abfdb487db98cf28324cb27e0972d82e541516d31d651a2ef2dc1,2026-10-08T05:08:33.367986+00:00
2020-10-08,2279,b3933e17426247f75ce25b7fff21729713a7e9bbbcbe2aefcbc10c5104be4310,98f77eab4c55a3d2ecd969c563ba311d624b4a969decb8aa08c6f2c494908270,2026-10-08T05:08:33.354239+00:00
2020-10-12,2281,2c6211ba93f4147c0077b5740d6e4b5d499ce0af805745d5c3294b77c235bdf4,1379ab6fdc6e3f658d61d4ebac5c7fa46890149f1956ee4c36bc9fad27ede45b,2026-10-08T05:08:44.897222+00:00
2020-10-13,2281,f8ac4e604d0bfa2080b1aaba9bd20b85cf91a51cda6899c2ebb9d2a7934aa7be,fcec29bbfb709f0fe8740d48da07f74334b6bdbe468584cf2724ed50c7c29c6b,2026-10-08T05:08:44.931827+00:00
2020-10-14,2281,b06ac95bd31ae9bacee1aeecfc1615dbcbe7befe3ad036c04af0de69e7ec6636,517d0f6d88f6030fe6d4fd50bc5c4cb214a68dad6f3b70c814d7348ba805b495,2026-10-08T05:08:45.116731+00:00
2020-10-15,2280,afb7f2332761827dff13551070bcc9ce2776dc968d7f223b0b05388fa8936795,4ba7b52d40a0335a07a38dd1a2cd2580e485031c762383c3bf37188ebb09d375,2026-10-08T05:08:45.220083+00:00
2020-10-16,2281,2766fc8d63215a6d774d1e1307844d3d58d97e92cc723c49d6d9e47901758d35,74e999968c5c0cbb1c15dd9c9011f2b230b5219608e2842bac6b92e264b67206,2026-10-08T05:08:55.338093+00:00
2020-10-20,2288,b9f5b01e58a4f007d0f35e3a93599637ac89a7335dabe92c116abce8c759a4eb,e11380b33176f0dc4708b695c99ef159875d413edb1f08b03031c20f69ff0f12,2026-10-08T05:08:55.103726+00:00
2020-10-19,2287,b747d8b3eb74525597cdcb99021975a8fb4d8ca305951309defdc0e948796d80,0a4dccffd68eaf87e31f923de40628b8393d021f476c081baae63b2c209235dc,2026-10-08T05:08:55.451910+00:00
2020-10-21,2287,e77bcf0322b63e3de3c2651040ca212bb9c6ff2f9681de2ca8938f1c1b45508e,6b0642738c9a37d51d32bfdc167bbdddbfd7268e902723f26a43bc719af8db55,2026-10-08T05:08:55.164754+00:00
2020-10-23,2282,f5737081107aa2494e63a82a32ed94448955166f983b30da144a68d18752a616,392736c0c26f36db735cf4d2393ef578b26512d95ec04b3481f993b77cf1bcc8,2026-10-08T05:09:06.225115+00:00
2020-10-26,2284,dce86ababc44d6c72a5b4835690f9336ea004d0cf4167e4292370019b8b389b3,8f6db897cb18858b23f4e517b2ca5c8ba494506d2efaeecac633e65b1359f9b3,2026-10-08T05:09:06.189968+00:00
2020-10-22,2283,d2556cecb387223a3d7c630336ee683e2a94d0474779179c7a60c92c1e3d0ca7,fce723c9c0cb5c771bbfa94c5822d6046f5c73c9335a8dc3ee9eb858319f62c3,2026-10-08T05:09:06.053491+00:00
2020-10-27,2286,fc67ce241d1b65c57c3a86576bdc6ae7168f98942996f4e0dcd1f602685bcaeb,7e3e29351ac534187c149d64c76992cc02333f641b5fa975820f69bb6f343da5,2026-10-08T05:09:06.057342+00:00
2020-10-28,2286,c4cd8e1d7a62d98d70f800976ed52bdbab519a8aa2f5ab86bc89ef097ddd1476,c23ed44d4ddbca2d835d4f795b13df31239e0b790f08a4457f8714f324bfa206,2026-10-08T05:09:17.392255+00:00
2020-11-02,2290,6e8d720f28c39157c22fcc79577dcc12053bc5b0a8e8089aadb7ecb551f0b713,ee99464bcbaaf1820e4cc404d5b34b45c4487e0eb07ae40f5ebd00be81cfbc08,2026-10-08T05:09:17.298618+00:00
2020-10-30,2286,20aa81cd7a55b4b5c14b3488069ca77567a2ff234971769b7806e6da199f356c,4628c7375c0f58492c7050257e99676da9df8bd224ef022e0454daac025e7576,2026-10-08T05:09:17.354804+00:00
2020-10-29,2285,bf2f353ed78c9915a8418980ed73dd1df91a913b4383eb543d713ae34243fc29,902bb022e5c0dc6ac87c52361df4b7ead1f06718f41cc4252a19abfa106149a2,2026-10-08T05:09:17.584247+00:00
2020-11-03,2290,6e07674d4657d67f21ad5493d99e58f27625cdbf04368c4c238c26fc57014bb7,5d6a1af68a323d557eb5890204e1b65f83767ecadfec88fbc604f95bd8ba0e79,2026-10-08T05:09:27.738911+00:00
2020-11-05,2291,a4ffa94cbe6412e13c39675f41f74719846c0f5492178a400cec800ae2705330,ef6dbc5524cb4e0745290a194f680f6c4d0f05e74af4aa46ba4fb847905f51c4,2026-10-08T05:09:27.842175+00:00
2020-11-06,2291,780e972b163322f4a116c71cb39ef1c5713b0f6fcc9fc22965d630d8a6909abd,3435063c6dbb810c7eada8953e3e31267a13d4eba476649eb6df06337aef324e,2026-10-08T05:09:27.711514+00:00
2020-11-04,2290,0695ac7a24dcf1f13c4bb3d426cc06846e146c39b85e2af04933b2ced197bd5c,55854517c985e8853ce3783386717f4e07aa0ac59b8b626a20dc650ef0f6e81d,2026-10-08T05:09:27.731822+00:00
2020-11-09,2291,50dce5076549f673344f7e22fcb169cabe95967eb4e2ddcae1f097805c69dd06,b83d719a298185fdca62540d5a1158ef3808ac81a9be0cd9a38ecc3672e118df,2026-10-08T05:09:40.930768+00:00
2020-11-11,2291,39b46f8d59eb50b2f7a4e2fb3d0ced90a75b8169b05a574f3d072357c87c8f30,17c91078d676591b2b55625c1522cb515f7b7a79d732f1d1b9f06171878cc744,2026-10-08T05:09:41.074156+00:00
2020-11-10,2291,8b1f79d316db936145f619afe85eca6f40ad711f78bae8bd021542502b632405,92dcdb7a5c85282571e175b1f6e28a5dc07dbc8cc3d15002e66b4278a72ddb9c,2026-10-08T05:09:40.988647+00:00
2020-11-12,2290,cf3597106b25f6050b60bf59de48a1e8e25a018aaf3446696a1fddd8575d9873,9530fcd2a2428b54995e420524485fd9ead7d2f07d40835e67e51143b2c0e185,2026-10-08T05:09:41.140736+00:00
2020-11-13,2253,1565c217b610e0f747b06a348d2ffc1960807b458c35213b9c679d80958c46d4,253536516ac25edab4ffb93372250644876f116250483a138fc2dfcfb4ab6339,2026-10-08T05:09:50.753587+00:00
2020-11-17,2254,d211bd3a60c4250c8a0f209986ea67b367bc8f42fe5d20bd0e3109ba39edda11,f2786f4e82ad0b8694743e39020aeecb33b0aead91530ea3c962eca0a0704d42,2026-10-08T05:09:51.059238+00:00
2020-11-18,2254,f33c5186ef234e8e777b2b4b2cc089a9e2bc43dad552fa57c0aad110f3803301,42720214ba27796a986d47053266c1fba67a9f1bdc0403c6e23eb929bc68282b,2026-10-08T05:09:50.684730+00:00
2020-11-16,2254,f888b18c513d531529a5f4614bb8a19f465be0ee39806d345d6bc094d7944468,8afeef4f6fd612fcd53f4e0433043ad4219b848b019999f5a6e8ffbd5d36331c,2026-10-08T05:09:50.729559+00:00
2020-11-19,2252,9ffc6e94910e935bf6ee60d3f0e8ffbf43391306a8d4b3d2d3ca8dc653e1c0d4,1ef354827252fb564cae46a759ccd5e68cdbba78702e6147e45a50a97f1188e1,2026-10-08T05:09:58.414448+00:00
2020-11-20,2252,c712d98c422463c5f2fb7d6bd29965d712687d6906a4b10058fc73663dd52ef5,a0933b8301b9c67f5b5fe65b39b6ed238b86cebb7724e6add534bc936d08faa7,2026-10-08T05:09:58.783960+00:00
2020-11-24,2250,a5511a520419b947d6a288bcbc410ba97c227d68d193b0558952616904854156,722cc71edd649c09db462fd88dc9f0807b188db87587f9c3ba2c14260a735581,2026-10-08T05:09:58.586310+00:00
2020-11-23,2252,742c113585709ae5e6492bfdd5aeb89a7460ea2ac133a7d4d29ee489c5fee816,b7236eb1cb7dc15736943b3f98f268399ba8c85d49e0d93a9aaa4e5f294c4903,2026-10-08T05:09:58.422872+00:00
2020-11-27,2251,806a4647ebf9e63349b23fae6fb5298fec1cef4a647c8d862b1cf1bfa5a4ca08,fe96bad15232ce82ea7fedc3203d20f76e46b15e1000fc362872f8f071040e40,2026-10-08T05:10:09.259087+00:00
2020-11-26,2249,17333455435015d4e638eb36016b1cdd68839dd10449a39832d3a7dca7ca8220,90f6b6953c5157fbc545f8acb42080bfb17055e94aa522e364e1cba96408de47,2026-10-08T05:10:09.137769+00:00
2020-11-25,2249,d25a4c9256e54854bd08ada1aee5fe001610c85d92a6523b511c271e68045e52,88bb5935bff8c249a198b4b6e44ec6f909a05e437433a2cff16cdbc8d84d1d6f,2026-10-08T05:10:09.446564+00:00
2020-11-30,2255,b2f14f5c93515aec97eb41e4f2c974b625bf196627401214a1f4d762e9899cb2,ee4b45e66f3d30fde62a73ce4b9451ef55dbe0b928bede8bcee82408daebb4c8,2026-10-08T05:10:09.474673+00:00
2020-12-01,2255,27d0658b5c96089ab2107a6e21fef6693c566d8d2637ad4cda67db3d18650f6d,964c7c47494a7c0d4252b0a65bcd4f85f90253c2c948893b054a93b6ad3aac9c,2026-10-08T05:10:20.706946+00:00
2020-12-03,2253,95c36aeffe24be5bc29e1b35bf1aacbf55205deecb3b56cf2bd081b03467e9fb,46fd9667e68118ecc098da2bc4e5a5821ebb04bf525e59ee636e7025b191fd53,2026-10-08T05:10:20.658288+00:00
2020-12-02,2255,fe71aa3387d1f0dd6c1462f7d9984ef92868ca834709f5bb31b159f0e368d1a7,bc9fc9f2b2423e37f4272baf86c28d17d9f3537ec5a27dd06836de217f90dfff,2026-10-08T05:10:20.664157+00:00
2020-12-04,2253,aaa65ced5c98c4ffb250de6b09cb54e25d17007d020b3c09bc9c1117671e992b,7a757ade6881c15b8799ef9051a69ec6d103a32b75b4efb65f6040374f1cd1be,2026-10-08T05:10:20.958977+00:00
2020-12-08,2256,3939e6b756a068657577d0d1bb38a7dbf04634aa06c05a484ace8424b6379d4e,3597be2eac59e42b058913e7e88df3be5f83fe51ebfa84844d73d439779456c7,2026-10-08T05:10:27.634794+00:00
2020-12-09,2257,293cc382dd054c387b559e9db6b33d617c47dd6b6aba33ad4ce60da46bbf385f,27d8c422e27e5719f5821ce56c50aae86eb3c3e5ebc1a0459253ed2219a17602,2026-10-08T05:10:27.627997+00:00
2020-12-10,2258,9df96d778e9c028f7d4531022b91f522fbc6d6c72db1cbb51181c59eacb8897f,f2fdb7c1ce39d3928f5278739cb2cf3624205db7e774f608f2cc656bd73cc948,2026-10-08T05:10:27.675371+00:00
2020-12-07,2254,4d5114244bdcc2fbd3667aefbd616241738f1072902bfa34486cbf6948e984de,88c8ab116dd2a39d518c70a0414f337be4f3fe0650fb54c66cac7864669a3b1d,2026-10-08T05:10:27.651696+00:00
2020-12-11,2258,1e164aa5a23014b47124d0d309f2752a8dbc5aa78bdef943396aa496e9a6ad01,dad85847806746b2513e50c4eff019661b346bc4ced93a656b7fcb9dfb47e1d4,2026-10-08T05:10:34.254843+00:00
2020-12-14,2260,589463fef83f41f41804329599ce1b4153502cfd8bbc33049e7f1652791f2dc5,11d6b25f5e8e461e4b3032f653864e4c6207534477c5f58fec6765f252432880,2026-10-08T05:10:34.341600+00:00
2020-12-15,2260,a7ff23b752bb8299de3062b59c4456c851ee5dd07b4d2bf9d51deb360e4e938c,5f17f2beb3badce336dc6d006007cbf3f2a5e4590dce355095aa00375200fe06,2026-10-08T05:10:34.196958+00:00
2020-12-16,2260,69e18219813c0160839016a79a3974b857a7253e0b15bb84403cf7d54bfe5d5c,65e812a28ad8ff290242a8c399510bdc3faab65a12e12a069889a511e5dd6060,2026-10-08T05:10:34.258684+00:00
2020-12-17,2259,72b1c4646eee9834cb2c828e6aee5c01d0344aff2b23441aca90855ec5505b8a,4bb1f826ee6041c4257b848ff2407f43a34f5809b55e6e0667368be82e938949,2026-10-08T05:10:44.305339+00:00
2020-12-22,2263,6d8f50ff2e4cd64400227d824b72478b7b34d9b44a1d37a050ed831402b4c28a,56b43a600ba395874a9072448a912232e4646737e7fb8f6c6dadb4aecfa2012f,2026-10-08T05:10:44.309134+00:00
2020-12-18,2261,3f2c1c7ea657378f72beba376ea5b2be0138be53af78a74f2fcab4b34b1596f3,a8138137abef402d0f22acc54ce09f74de9e123f2efa87b3470eaa8f94f63f38,2026-10-08T05:10:44.533986+00:00
2020-12-21,2262,dd8fbc986a6ea9a2c2fed4a5703f815f621f3a98e3637dbb0e1cb779ed286ca8,238cca45ebecc71929b5be9fa993cd3a53d6879fa4e71f1981db72de7d90d21f,2026-10-08T05:10:44.184655+00:00
2020-12-23,2263,e00a370c8a98819d4c72d39dc3f75077373fec5d92b56b722a843438af80584b,0bdb91d6842b98955fa5274bf0b37b297040c1750caf7bb6fab542a10ee19017,2026-10-08T05:10:53.631637+00:00
2020-12-24,2259,93531938fbd63187dc4c48b9b6f3cb3db59d97f50c6ec3bf6229d79fafb1b5ab,8d9042db97c8990da7eabdba4b7e3127c4054ae253b8b6f81250a790e950f556,2026-10-08T05:10:54.029122+00:00
2020-12-28,2263,15f48f38da02b9617b92fc8d651f9e8bfb0f72f8608983bfadc0889ae508a410,ff29a885ffc52f10d009d1b4d26cf9ef2b2fa42b319ba947f6078f5a974530df,2026-10-08T05:10:53.615148+00:00
2020-12-25,2263,b2194403f9fdb4958406eeb8cfe4a02be9e8d7aaf34babe8937c2b7d4a6c4338,e47f17013c4a6aac749b843f4203b84ed44ed6f665324a9f6890f5876c028ce3,2026-10-08T05:10:53.610964+00:00
2020-12-30,2263,61c831f949a9cd5b35d9baa8c02c7d1370f90b1a268264516a03220e55f8b990,8e3759582095b70df0f914fe52d311fe1db7b3dc0d486f890b951d75a45ab952,2026-10-08T05:11:07.923301+00:00
2020-12-29,2264,593715143e339502c064c33f26a40045daa34b98525e94099149a1ddbdb03b73,ed3fb1f78b1657e1d5b3859b7732b88b4e7dc565b906d32ebdf1b237c7a2c200,2026-10-08T05:11:06.119880+00:00
2020-12-31,2265,92823e079e5bebd5a9820d910629ae3b7328afd168c629f9d7cdaa320c8bf102,2cb3fa7207eb82b56a815564f08a5188c642e47af9fb536b39105833ccc454cd,2026-10-08T05:11:06.080363+00:00
2021-01-04,2266,dd217890bf3ded77d533b0507d7cb689f507b5378d2698afa92fc8dea0e63df4,90eebf4df68f13e59e64138f777014c92ef1e2dbdd39ab33349351330dfba37f,2026-10-08T05:11:06.019260+00:00
2021-01-05,2266,8bef233d235e0de98a190aed9e9cfd6d211d300fd6a74ab59c2bd229b2a3e038,4f9dc6ef6f571e8d4d7589871f2769c44f3f8ac930175e9509d800e9873bc678,2026-10-08T05:11:20.677650+00:00
2021-01-07,2265,4938c6b63514d8d9a4faaa662f8ec2f5d01eb11cd052178507f961125a7ea91f,974580239f88440f0cb3724c67d606f53754e66ddb8b0ec4474c78fb223a4ac0,2026-10-08T05:11:20.730518+00:00
2021-01-06,2268,2a6ac9fe26a602dc71b982e4f7c22d731b493d3ba439c95875482c99c15fb48d,25e9cf2be956c357fcb392e0d274c8c11f185d22119c93251fdbf211edcb5a0a,2026-10-08T05:11:20.726554+00:00
2021-01-08,2264,5fe083ef46a169517fcf4909e84e6b947b11e0a1e7a474abd642962c2cbf1910,b2214544e88ec96cc3485c6916a738e3705ebebc7d944efb46bd7ca0630b4a03,2026-10-08T05:11:20.829240+00:00
2021-01-11,2265,43593ef8a9f796103d6dc82096fd38d902247c39201d1e2211faccb21ae9f2bf,6f2e4150a781506f66855ea64f61c40d830d3dcd29b6b3cf13042b131177489a,2026-10-08T05:11:32.714316+00:00
2021-01-13,2265,e146854b43c0d46c45fda0c4b2b183a01b3e9bea842d8dd24d3f7da68baf16f7,cab6aa62b248000476c3fe7bf683fc74f950764d20889df0d0afb4a5c78bf2a0,2026-10-08T05:11:32.972589+00:00
2021-01-12,2265,24130541e35182b04e225c47185c1d149a1c234e0e8d52b35dfcecedcf7854fe,4665d31ac514d0a7ff089c6012d97714c9b96b876e405991fbae25d69bb8642f,2026-10-08T05:11:32.902082+00:00
2021-01-14,2265,0bae7a9b987a541a8a5572868313e4951bcec6768b24bea95e23c8a16420ddfe,7033a10dbb9204558f94aefdc46c998c4d10553d703782d8573a329679dd47b3,2026-10-08T05:11:32.823963+00:00
2021-01-15,2266,020e9c586db6f6debb0d06b72e7e85a53f48cf3d3427446d708b8b7b02605fb2,b58e8e0af980ddb755f4ffb52389acd4129923e154a56179ddf0f8533e35755b,2026-10-08T05:11:43.016182+00:00
2021-01-18,2271,a561a9b5058308a204029185845cd51aba3cfc71af534f037ab87730c35a88e6,a9d66a4c1dec4727003fe40fb6182e5a76a95449e517a2827ef5f4690f9ade93,2026-10-08T05:11:43.011862+00:00
2021-01-19,2271,e600dfc12ab9e996c8d96303c2d2e7dc4d31d167e6cb0c803017fb8f9169e924,b5a4f48df99540b872bca0c6f10f1cd616493edc82b8e26b99773476b0922c5a,2026-10-08T05:11:43.016182+00:00
2021-01-21,2269,40897fa8983d65ef176c630fa338fa1e3774826e9f5d2cc983aac2aa79b427d9,bae4d6dde7704c021c5c90cf80715ae7bb0ecf0870f79399c724a58b4c7f910b,2026-10-08T05:11:54.404392+00:00
2021-01-20,2270,131325ab80aad86374dec94f06acfa410501e818e6053888fb3bf33fd633fe2f,3016dcd0ba429ccdc485fadee41420046758a4d00c9acd40c131abf8fb12a496,2026-10-08T05:11:43.465224+00:00
2021-01-22,2269,1364f57fab41340f6782e987a485760b8702a20f78c076d81e40c16182915c95,0c3755129fcf6224a76fc2023edf7773f4e9f9e3ffd25155df3d7bea2dacdf2e,2026-10-08T05:11:56.909800+00:00
2021-01-25,2269,47db588334e56de6c9f22e9c34968f3b5446a1955aa5989bd64b6ddbc4a44191,b12e9b7c0f523d2c5f4d394a5017713088b024ef3c319fdf3a01f161cf3cb025,2026-10-08T05:11:54.560874+00:00
2021-01-27,2269,cdf24541c95498fec916a6c2b277c36d06a8db2c0c4dc4f170393794301ffd48,9afbf1a62b9c48a520da0b7822cf07d97b76423487fac3c2a1c9cfe323916d0f,2026-10-08T05:12:07.134646+00:00
2021-01-26,2269,3bab153b4b37d5535148e416bc05277d03d3f5267ef43c354e4cb7d6f20a19cf,48f1577b33b106d5055b2adffcbe5dff4b077e14af582b3ea401530fe05c43c1,2026-10-08T05:11:54.433738+00:00
2021-01-28,2268,c96961866e45676ca600ba9264214128cd433dad6e5182a0ab388a55444831a7,57a7f527a19316c4c00731ec3543bd7437b6818b1e4ac6ea8dc2a688ec51f397,2026-10-08T05:12:07.404746+00:00
2021-02-01,2271,1c80c10c9629b4a7196033f3849f61b4558a94418884acca686e4b7661e97415,8bda262096608d0f19e2e1e3c4932bd9064574e6392cd10395e5eec815b0b01d,2026-10-08T05:12:07.109056+00:00
2021-01-29,2269,0ffc9d4441f2da9572b65ce03080cf4cb7fb27625ef0b92e61e99c34a88f4f80,cbaa3c500fe34bc2da7132ce13845ed3ad90b8405a6790e75b53526437c3f69c,2026-10-08T05:12:07.280108+00:00
2021-02-03,2273,bf2154f2b84f0144ec5013198c7bd5f87ec1c1f1b39e2b438c1b5c9df27f6eec,b0f97ca109b53ab606a720464e99109b2503e596ee2f5277cf7dbfe824608b9f,2026-10-08T05:12:17.770786+00:00
2021-02-02,2271,f680be4fb511300d94d06868ef7687e6325991bc5f9208a42c85e21e7976324e,a903a781eaa77fa5858191becb5653df6036802e3c5e568b15bbdd8f645efbf7,2026-10-08T05:12:17.643376+00:00
2021-02-04,2277,d0f71b86491b61d9e38a9a9bcf0b13cb6de5c8f9e303fa6289160b991e63b14c,af77fb608bdd14d768bf3e678bd0bed737a835b0af564a938cc74977e6d1178c,2026-10-08T05:12:17.775505+00:00
2021-02-17,2279,5804efe7bf989e4532376e004d1cfa7e6eb732da4fef276df3133772f8143f63,d19fb2809ba8a25682b130cffe280ef0b61e377122b0230412b707cc2d1ced53,2026-10-08T05:12:28.502253+00:00
2021-02-19,2279,e3ca15b4d28865c719524e5881af2790acc12683ecbf80a603d7c9a86bec86c3,06efc40376567a9d09cf835638e8d698c5a7ffac1cb5c86f04a4f5ceee1c7838,2026-10-08T05:12:28.876549+00:00
2021-02-05,2278,7f9325bb4cdf709c6d8255e940903246c4c0d3591c2b438c7d58ada3d1250ac8,65712c47942bebfc38e0377cad7221907c2de2bf729ad0f4598dd28eaf1835ab,2026-10-08T05:12:17.458305+00:00
2021-02-18,2278,1b7307b4ce04b9b3cf50826f1a753e45965173ec91c028f1b16411673b229fe2,a7af45871187dadd01ae6dedfa004015cc5fb1f0e3dd7efa91308f7c33e65fe8,2026-10-08T05:12:28.910999+00:00
2021-02-22,2277,11520df29f05d32c36fd4eb78074533df53dc4af0e535d77d842ef1ff46cdf2a,7d10c81a4f22c0da08a7863bc88c90b3e85c9c51f2b631d2407da1e4cfd9c1ca,2026-10-08T05:12:28.809175+00:00
2021-02-23,2277,b03a194c12eaf3dc5270c607fc6e15bf713639bc119788d2576012df8549d8c0,3c1a729108e8d6a67f10bb70906ca829fc4b6787fa748ca13b0baa3e5e904a4c,2026-10-08T05:12:40.423069+00:00
2021-02-25,2277,a49b1fe30640e5f849b1d53fb86c49ef8bd56af1f3e8a1b46c4503d62306e013,ed66b930fd3b8365d871064c6d71e354b1941fbaef65e12dd9e2b1f024e33f61,2026-10-08T05:12:40.611265+00:00
2021-02-24,2278,685f6efe11d8ae21cca89826ab43738dc83ab2c348deff60888604d19edc5ba2,44e27d5f58ea304ef3963a694d3d0d56875f08c6d180e197b9ec1a9946e00b57,2026-10-08T05:12:40.589139+00:00
2021-03-03,2277,b715f725b8417a13b83ef25281a2f18b79a776cf2b96886894105dcb4a18f360,f15b0756230b9085bf9d81ca15ee0895cd0af10e7083268d82844ca23f5c30e4,2026-10-08T05:12:50.994931+00:00
2021-03-04,2277,60fb89a238825ca539dcc8b6d5a6368f81c67c818e891f3290abb03a28ff009e,9677ed2401cc4e7d3e677c9feccce72a4566032bdb040cafc6026d25c26ef040,2026-10-08T05:12:50.974725+00:00
2021-03-02,2277,600e41ed64f6a804fa4ba09d6e4490504a0889a9ac0f18df683ca1f9b63d0b57,bc0c31a7f21c36b525043af642f9c2fde98a871b7004ce88e90ec801c53736a1,2026-10-08T05:12:50.725590+00:00
2021-02-26,2277,a8787d9e8e4f6da0f1f7e12bf687a7caaa348a46ce56dd5e0ea9de0fa2b9ae41,ec633368fb576ac00b9d022b285049a626c6f95e796bf39b59da2a5df58443fe,2026-10-08T05:12:40.581176+00:00
2021-03-05,2277,5c4939c26dbffd833c710917235621400d478da9495be5f5abeae92248c7df2a,b410b0d22103d12d9eb002f7c81d3972897cebf37931c3191ecb2c871e045f87,2026-10-08T05:12:50.862994+00:00
2021-03-10,2278,28e0bd1ae16f0ee8b05fbfb09d2f742758d9f6c18d8b092221940c3c2b268bf1,33e95c75455e67888d7cf14d404993d2e0b837f6c56215153c4f0640053cc505,2026-10-08T05:12:58.841130+00:00
2021-03-08,2278,5666f55876e3867d5b30eeb6cd199262b3371784d3a6e32ec65fbb8969395e44,4cdb6e3a6d36784fa62582ccc1f6a9fee53db9c8f83dd834c07141855420cfa6,2026-10-08T05:12:58.796856+00:00
2021-03-09,2278,454061e4b3f8cb7b94f4931539a1678d1b9ba9102341e67d9f4414a86271bd9a,bfdd5c42bc43a041b00dbe62c5d1933cb76b076cc82a0833f57c5d8cc99a2c50,2026-10-08T05:12:58.812284+00:00
2021-03-11,2278,3050900eacf7145775bf959bba42b08b4a843c436aa03b717cf0784e747c6b6b,8680569c73f2dcc28f97448499c9e39575b5a90b5c504fd3a786423797ff83f2,2026-10-08T05:12:58.953796+00:00
2021-03-16,2279,d01a4ff1aa6745676d424e9087e34cf0f84b3942c061577c768d055f8ce08d42,4279055dc472f652b790afcd98b50e17f9c6697047fc2dc0acacbf20020f5239,2026-10-08T05:13:05.205222+00:00
2021-03-15,2279,a0c67fbe081dc6da0250da2e3b65c5eb0ec5ca85bd8e25e6b4ac14cb0073b702,a7ead3a3c509f969eb52e140bd0e0dcddfa06cbad485f3524f558235fa97f90b,2026-10-08T05:13:05.242611+00:00
2021-03-12,2279,2058e5b1bfd1ea6cf4070143f47da8a7efadf0264417c9a57111c253005deddc,cd98317b356c4a0666345ec03e070987a32d76a506875c251bed1525f15e65fd,2026-10-08T05:13:05.022216+00:00
2021-03-19,2275,a4c1dd09b45d31106d09a53a2e305acaa8ae41e6a1ef52a0d11982fdbeb7e67a,a9baa81aaa3cf22c212f8bdf8507ffe21724f3832d5e378cbeff960baf3f1aec,2026-10-08T05:13:14.095137+00:00
2021-03-22,2277,0123039556e30863d617bbee7d385317531d6aaeb9f43e6f28b50d9b805afb64,48a134d4ea0efece12609a1a02646a94719e05024e4a67747f34944d4831d20d,2026-10-08T05:13:13.749847+00:00
2021-03-17,2278,828f4996c0509dda4fed706859ebafd7828827af62fc47767b13a01715ff6d1c,17521b1a06b0addd69f1cf585ef773d15bde7299028ea644c6f35d8d78b40995,2026-10-08T05:13:05.455540+00:00
2021-03-18,2276,03b70842a261c8d578cec68229061092d9a9bc15f1d7a220d9a67ada0d462ad4,b66875d88b769e6af32b9d1d92b4a5306b54e65cc88c50d5f9cdf41049793f1e,2026-10-08T05:13:14.137084+00:00
2021-03-26,2279,36dd61192b8e5e10d95883dd1056c17490f5acab4cdd61b8659a957e5daaa13c,bbb727fcb334511f7bab2218f68334cdcf9e9f5fc331f5992625ed21b291b85d,2026-10-08T05:13:22.048471+00:00
2021-03-25,2279,31d1cd07df8c0a975e1cc3823299ae75dbdeed9b5f82b95769d0d1f57e67e31b,5593f24e12c2de08d32435571ca5c143ecc26a18b71ab23d3e616dbeace91dae,2026-10-08T05:13:22.086370+00:00
2021-03-23,2277,09d9b179872b44ca7bc152725e41c7204d8d2ee2c1593c64cb481422351cbfd7,ba7b51455b8e51ef7414eac3527d98fe2d0ca3a40f46d931c6af8d771907fb48,2026-10-08T05:13:14.088772+00:00
2021-03-24,2278,5981bf2b7af50273fb1ff6d5adafe7732aaaf359154de31a72110884bee13b41,4f71dbc46f8d9ae88a0044d00b9bcbb5c4c08b8e11ff4d5f37934358857f0038,2026-10-08T05:13:21.848479+00:00
2021-03-31,2285,7769f748b57d81730cb784d25e0e10210902e58bfef374b89fb95ca5093488e1,5c08119c911d6d2e048745cd602b54816860753c82264eaaf6c2076244e10b0b,2026-10-08T05:13:27.727425+00:00
2021-03-29,2282,d68696f6463c885529a4cb460f14b83d9bb0d959d44616e0f4e628470226312e,013ec6cd6f5c300485ecd814d36f569ab42e55c1989c144c2a3cd409e799321e,2026-10-08T05:13:21.857165+00:00
2021-04-01,2285,4a52e069fbef9056613eb1a8aca0ea28ab08786bea621c747a208b54350c0a96,7b4db76a0aee57c801e8f5f9d724f6297ae3a9688fe478b478c6cd305b969189,2026-10-08T05:13:27.787767+00:00
2021-03-30,2282,9ed8dff119a4990fafad22b32c2c12ca3ed5f20d385c882aace95cf8a5715de9,2516cdb1de1266b9eba6004e6d87bfe7488420af5c116468fad423aacad86fa6,2026-10-08T05:13:27.599916+00:00
2021-04-07,2284,92877b15391402002fce80e177303a1fbedb5c1d8f74635870710634ce117df6,afd103ea0dbc90670b2c428e314f656f5e81b45b344d56e94541d8dd3f2dd8e1,2026-10-08T05:13:33.735458+00:00
2021-04-09,2281,11d439930d8e7abb8be6236beb04de2c5c9d7d5d18b2c713a306f360725bc83b,769c88ebd9b7da7ac01895fde1800e2268db7b02304c42163c5c48646aeb2ded,2026-10-08T05:13:33.660651+00:00
2021-04-08,2281,ed51c40e5140940d7d478661694080948b3f758e9b1050727c85fb9da83007b0,17137925e9c3adcbe66f3e55e0f06628f14072a6081c533b764bfbd7b856f909,2026-10-08T05:13:33.747767+00:00
2021-04-06,2286,3b5ce2b5215bc5019dea5f3fe15e382eb77631accd4cdc881cc9e4b83e29a4c7,1c0a69f9d20d81d318f7cb96377cf7fbff8e9f9b78d7925110be853a654ee179,2026-10-08T05:13:27.820063+00:00
2021-04-14,2281,2270bd6844176a8b3aa1e671c40697a7c199c03f24051d4ab5765ed9dc6d67e7,f22d27bd82bff0edbf1100cad7b1bcf745bfb3552b7a5f5451c91f13c2aad90f,2026-10-08T05:13:41.433930+00:00
2021-04-13,2281,5aed46c0f4472624a97b9e36558259789d2e6e322776c4222ea773099f47def2,9cf06fc051ee5dba3b4afcf6ed0a9381f5ad850f1260fb6a089f2c9b4f2171d1,2026-10-08T05:13:41.207803+00:00
2021-04-12,2281,e6801c1b23fd9cd163b56836ff73c9b2e844e3de02c1d35d40fc5257795c749b,265cf03c909c17489591226e231a9285b9afc21edd468ce09ddd98d9c9e0aadf,2026-10-08T05:13:33.675275+00:00
2021-04-15,2282,1baad7c2152b79c9c7ee7e58ecf5695f4be0e9d7939a90644a99881c8e0a1091,6a6a9b4b73e25e6888ce8c1040b95ec2e8288574871f4f2f7007fb687364e4ec,2026-10-08T05:13:41.257166+00:00
2021-04-16,2284,1818776186d64f3c86e6d8610075433122cbfc2315c3507bd9f57ec3bf4d1f09,b309a701c6501ddc90d7c541370f00f22653fa5f7f4c1cc82e0f3d41a1f7a54e,2026-10-08T05:13:41.606251+00:00
2021-04-19,2287,1c58763c41525352dd4e8bc3b74b82974ff7020037e47e41eb0b08e6178825c6,33b6f344a35ec01babc2384c4dafd644df1279d454b74701ae588253cb743c0e,2026-10-08T05:13:47.145509+00:00
2021-04-20,2288,60673b83a195b403a763f287bc9d35d40690460271c0902f62e81bcf2e55c857,1e0447970c066a07ade7abef3432fc2b22652d2c29696aa97d20e012ac516558,2026-10-08T05:13:47.381043+00:00
2021-04-21,2288,edfaf2dda28bee0f2768f29dbe2aff494117716608fb740ceef8fc63ddc780b3,fc9a3475a26944f1074aa8d6cf265e3c2332aa8bede0ab884bc712d474e462a9,2026-10-08T05:13:47.079588+00:00
2021-04-22,2289,17a01009360df46ac6a3fc89618dd8e6c72abb747ac6b4abd441f5049bf6867b,5e03cab1fb5d316a3dfb0c5a9add477d71561bedfec0fdac718dff4579a43c2d,2026-10-08T05:13:47.267452+00:00
2021-04-23,2289,27613bb107e8122f07bbf3cfe61e81afbc6bfd89971ca5c38fdcd3fa96032a72,6c9f23c5e91189b17f99cc73af14ce1353cff4aff8696ef7dc67c8a14f2d3dfe,2026-10-08T05:13:53.427109+00:00
2021-04-29,2290,28e7b4371d39e26155bcc3afe64620592b864e0cd8e1f3c354bc3e56fa5e5fd8,b15f78b24153174f4427d400cc577570ed69f79ee35ba28ea4b3c1bcc7736af5,2026-10-08T05:13:59.553180+00:00
2021-04-26,2289,5058a93a946d91bd3adc5f7c9b404eeb5cbf3ea26f48e51f13d97d8735096a0c,310f4eb1b0696aaf38b2438878231aeb47c44096b4850fa0adba1020ce372e72,2026-10-08T05:13:53.808384+00:00
2021-04-27,2289,2a795cdd8248b2625bdb1ddf9261dd92e4db13f4a69fd8f6c439997e9ef96cce,e9a0a0bfa56362f743920bc2371a6dcbc6b9a704b8e6ab045e419ff6aaa9c107,2026-10-08T05:13:53.453820+00:00
2021-04-28,2289,a9dd3268c539c93b25dc459e90fc26c2d5779c65f36dbdaf4c5361296c0defbc,55b6400a53b4ae1764c6d85f3e3e58526520c976d87cd69f7b3d93f207b1e9c6,2026-10-08T05:13:53.603371+00:00
2021-05-03,2291,6c495490f027b95d3b7f4add52bbc7b50337fe434a0a3c3374b85832465b528b,69067f16b89c6414bac21bbbaf74ef634c466b696ede1b2e22f13a80a0775383,2026-10-08T05:13:59.579783+00:00
2021-05-04,2292,dad34d467ba23f0af696fbc3a014e12e3d09eb5dba185a49717b988cd65f7942,d4872f7290226b3e8c9c99b0056693559f1cc1961c0896ac8ef7e3183cdd1f82,2026-10-08T05:13:59.593159+00:00
2021-05-06,2293,6ed51283b2b5fa58dd7b5efec4dcf74b5af3de20739c7c0c87d974adf7d35cf3,99c894afcc6b1ff68cff35710d8f53e03f19a90c3acdf766608c4db0c1ddb5fd,2026-10-08T05:14:05.203783+00:00
2021-05-05,2292,0296f911ca81af1d9c4b0fd33a46a0acf582b80bae4c97e4eef6a27528b4e9f1,13dd28b57210a01f9c8fa6b10b0da080753bfed3a6cff732772f3996af92814f,2026-10-08T05:13:59.668633+00:00
2021-05-12,2296,1e0eddc42274b40c7e204fbdb910abd597e34e56265bc2fa09e52fd607f784a3,2b4fd3b64f2f96bc110549f6ebee59c451bc307b4951343ebe7c91aee3ed6b5a,2026-10-08T05:14:14.102514+00:00
2021-05-10,2296,344ee717fa17f8a48442252221f688f0e277229ee76c27e6866b0cfaf9f866bd,8af1b6147d0de64c31652cd073d2b81fa95fae11e7a0aa661d65b0d2ce06d722,2026-10-08T05:14:05.567028+00:00
2021-05-11,2296,f77f2cbaca29c5b93b73d580f1ebca3a07e0d2be31e45c51d1ca885cf1929fe3,299f60e619d8d84a335e19d2b3eb81f6401ab98665a2d02725fab326ca63bf9f,2026-10-08T05:14:05.415210+00:00
2021-05-07,2293,802cfb299c48fb104a15c166d11e42d3480678b79b6c4a1ee952a8ca954ef529,0e1ee4f98c12cb02c23cabc0b4425494d2705a98387716fd59e0004c80d59e79,2026-10-08T05:14:05.272527+00:00
2021-05-14,2296,ae775059138ed78020be7c993b45e26a308131b765be4014ecd43610bb44d7cc,a894e45cf3e0841f8ba9ac8d74e88132e4d54e69e6e15a9f4af04c5e220c95fb,2026-10-08T05:14:14.461483+00:00
2021-05-17,2296,eb370d63c7eea929cc950d75264a50e51c3d2d1d217ee8ac8ed500c273857fd4,0850827c15053a426f585760abdd404cd5034ad5dfdedbeab12e8ba09c838bd7,2026-10-08T05:14:14.504122+00:00
2021-05-18,2296,8beb2777d28590ee1e6e2a0e237b4e9c23d9bb9675e8279f7fa2cffccf1b764f,53b7139287495a594e254e3ee83922e7a81f39cadf2d7b86ef2e770cc346be29,2026-10-08T05:14:22.541386+00:00
2021-05-13,2296,fcd498155fa6067874b972f01b8d245ab52fa4af2eea9916279759611592cb62,7ad7bddbf56e18fa368e895ee3b525b1586267ca608bf6c92cc92f3d0dc885c7,2026-10-08T05:14:14.508052+00:00
2021-05-19,2296,7bd84bb1f2e71e1095095fe5471d5153c270268635af930c325dc644537144d5,b0928ebdebbd4d5ef8565a2c695014730a7a2aaaf005db11c11601f5888c6168,2026-10-08T05:14:22.624999+00:00
2021-05-20,2296,dc45fba76fed91aa1781de2e7225012f71981be0437d693ac109756d35784b03,d790556c4083cbe75dd28f4f19ee85b9d928b3d88aa4d155c1c34a1f4fe3ff47,2026-10-08T05:14:22.473826+00:00
2021-05-21,2296,7add94fe5b0e253c0a9dc8a11e6f72f6c0c30a9537e4dfef525850f71a134367,2a664190ab22242b0d2a51de9bf5870acfbb3521d1890c8769ddb579e66487e5,2026-10-08T05:14:22.466342+00:00
2021-05-24,2296,9c65cba4327b3d0cf1afabafb607f38362d576943fe69dd03e8a2172488d36cd,a6f3d70e573f2020de6fb34656f2943fd3a0500770f2be0653c6aa069e9f2ea2,2026-10-08T05:14:29.965018+00:00
2021-05-25,2297,c3cf2be3d10e3cb3b73ab47c401febfe555b574d66e74e38d64571f28da4fc52,3868417e3b664cc0112cd43185dd7941a392ea4b4ca715b589e901bdcdb31119,2026-10-08T05:14:30.166816+00:00
2021-05-26,2297,1fb0f41248f09790ed82165b320de60e43b07a0fb2f9b377aea3f06534dc7c71,5dec715da2a24c2e98f30f5e25da96a587682c4f232f1d2caa15c58ee8425c2c,2026-10-08T05:14:30.142262+00:00
2021-05-27,2297,b85805498743b76cceb82bc5ff4444719f6503c687d19bc03a23947ae1ec7f45,5293e82b23dd6a9718060f34f92c7d8a2aa4c5f419b39a2a984414a9ea4e7f41,2026-10-08T05:14:30.299792+00:00
2021-05-28,2298,4ae92ce0c6f6f60c43a8dcd61a24f58dc63a8f24dd1e9202b2605f6a5f0368d8,3d783e53f55a2d7926626e39b2046e9f96b76870b8e965878dc91ca090aa3977,2026-10-08T05:14:38.941408+00:00
2021-05-31,2299,306a7d59ceb4e2e343f5767d9701ec90e087cf44a301d957f595fece9f21799f,c20f87a9f5f47987c1e4de6d9ebebcc702987a355a70cab6c810c1a3d8a8d1b0,2026-10-08T05:14:39.325377+00:00
2021-06-01,2300,97e45e04c242869081cf3211662c9c2b1c94ea000e97b94d445d9d612ae1c7f8,18a05d146c872ba5f4c5ddb352b36b4594a735b3f58d70de74039a8f12832e61,2026-10-08T05:14:39.343135+00:00
2021-06-02,2300,1702e4760937325456ef404893a8b845fb497577ce5245f1f7d313f2fd94d1c3,1ca9b3d3580ed1637042e0f0fe3362e89476397b683ee7fff46a4d2f99e2cc7c,2026-10-08T05:14:39.380007+00:00
2021-06-03,2299,c681e1e284f42ebc2d38916330719ff05470fe995ef9bbbea430160c09a85cad,f8f89e611d0092dda7a9a1589b5398c2092f2c55da188dc0e9c6a190c1a200a0,2026-10-08T05:14:48.921356+00:00
2021-06-04,2299,d1a3b7f90e0ab52f7d700fef8106d97292c120397a2faf1302928f7166fc4fbd,6b64403489088de64b2cd9ce0f715ef089cc23239c876164397aba3e73e16a97,2026-10-08T05:14:49.250618+00:00
2021-06-08,2299,d6d1b089a1e9ca9b3849af713de01bc4e8d1579a5d71dbd76246e2e0c00e9f4f,72006e09ae4e7215b6276a652bed6cc97d044d6603b9776c0571889ef7197c77,2026-10-08T05:14:49.168053+00:00
2021-06-07,2299,533487e9556bf0fbf9b53c61868d7a9741601d807b02031a1dba42ac0c63e46f,cdb82a4547e13bd4489019d55a8e6f83f90e074971ce92c5c3006cfcd7451581,2026-10-08T05:14:49.123651+00:00
2021-06-09,2299,581b331739b0429216b634f98a8401d5fea935f91edb84f784bfa3f55ec24608,b3113f7ebe7e12b1d63e3362d176c8fe827383d36c8b190869183ba7508ed630,2026-10-08T05:14:58.006196+00:00
2021-06-10,2301,2b40cf5734e64bf4ef38cbd6bf25a747ee1c4e32feec1ba93e820b3f429dea19,cd31b870ef8d504f5cbb51eef9f50709cd6f954c86ca19b951136d2f0780650f,2026-10-08T05:14:58.450326+00:00
2021-06-11,2300,6da3b3b814192603c5d3a7ab3fd373afe10d168b46f0428ca091eae085c05420,8ed941c5b2c7b5605ff6d42ed204b073c0edbcbf67ee885b8b265ba3a3011253,2026-10-08T05:14:58.400628+00:00
2021-06-15,2300,36533443498537fdbab1af242788ea5525769c74c876a96d18d6ce3731982777,ea5b18b5b6fb9987a5436adc1ad5965d67541cc8ea2ad74abf180e14e2fc1edf,2026-10-08T05:14:58.375641+00:00
2021-06-16,2299,b135dc86455fc9dc4c405e3aa9f27885c770ef8c9c271b10725a7af1743439ea,a385b2f4a6affa5feafb4ac05ce91a224486c4a76e5c63ddb3c719b543f43dd7,2026-10-08T05:15:08.318117+00:00
2021-06-18,2299,8ae3027dc4b8b3b300342188f64dbbe3233a8d762dc3b8475d182bbd6d7157c4,551bf56203d4c6ac4d2753f598412a2c79dcf0c26dec6c176c19e76ef69cd27e,2026-10-08T05:15:08.346031+00:00
2021-06-17,2299,1c30c3488a28137235c5880bc3ae822954bbc96b6b7384e7b26d0f6c9a2ca4f5,9ac0d4a40390b116f9aef08f7e4d6147fc37fa9a83d9b735b3139f28716c4c11,2026-10-08T05:15:08.505256+00:00
2021-06-22,2299,b35d4d34036ffc73b6e51d283740c35686044a1122568171940aeef4c24a8ae4,2034579efebc3ee6df053038bb2c0979647e88db5ca03938c38d55e0542cdd1f,2026-10-08T05:15:16.031325+00:00
2021-06-21,2299,6d902d6ae64f6425c17e1cfbc006b08926ca186aca933a732b8ae06d13721982,c120efdea6ed48c53aeadf3d05654f5cc481ec8d37886f75d7f9a050f73a6a63,2026-10-08T05:15:08.491100+00:00
2021-06-24,2299,821af7ac9045639bfe7e0fbd9f0c2a105736311c2e2741fbde8e20d57ced59d0,ffb28845ecd83ffd5dbd76ab0c100b4cd84448dd0ea37a48d580123aa59c88bb,2026-10-08T05:15:16.017549+00:00
2021-06-23,2300,bfadef695752d1c9d6a71dae71bacd5106d5eb8d7f4f70e663357a5af20001ed,2714d87058843c33d73e656a9457e17577f0a6c8f3e292d52061b5495b39f0b1,2026-10-08T05:15:16.182093+00:00
2021-06-25,2300,5a83ac70da3d06cf61fa6b8c6070fe922b5a961542af08e65285466d123de5ee,193972365ae4bba1fffca325c48be5595b7486c6c421297bc0dea457c7b727c5,2026-10-08T05:15:16.096495+00:00
2021-06-30,2300,94eda4af36e1e73f6789e66b5158ba25fddbb60680b4eafa91dead0244112bac,7145435aa15e62098a9513423dcefd3d0c2248979aec23e7ec3fbcbf521ba05c,2026-10-08T05:15:24.178496+00:00
2021-06-28,2301,715b84adef96f4c70ca56f21e030d61db9bcb9f45b22a098236ea05e474c9e0d,7f0cbd9553b375f3b2c7880deccaf9c8ba151659814f0c59f3478c810fc4df4f,2026-10-08T05:15:24.071387+00:00
2021-06-29,2301,41ecb39aba054b21ed16f8373e745c620cffbe5f5bbd6b497d7f48daaff722c7,68398c7736c6372121a9ee79686aaa65e76b17f8753ce2b684a8517044dc97c1,2026-10-08T05:15:23.816503+00:00
2021-07-01,2301,a6606bf68692e247fc9ac61d540d507b608878c1aa45a73507570bc3c1edec0e,020707744cd8c8c3d67aa128b2f29f589db4761f475d44c9457f6544b2393672,2026-10-08T05:15:23.841109+00:00
2021-07-02,2301,a257ab94a02abd571ac1fe3a4a0d83736bea019e3af74526d7cd30e6cd378b10,926263f19f9883dad062e8be6bf79f882c87fa01511e11eeae525038e9fd5f56,2026-10-08T05:15:32.217883+00:00
2021-07-06,2302,a73a3db4fc4b04a671a389827f0e4eeb740b234ee4cb520698262a511e6ccfc1,6451bf3cd17a4600a0763e13235c6b2f9113bf8861b8640dd4a578dcd327c6be,2026-10-08T05:15:32.296989+00:00
2021-07-05,2302,918a6e26226d7f442c2abe0e0f69c5f8dd9ec7c4765847241e172b4e2fda5eb1,b8325f83206ae0ac3f8dad13dbb3287a576209f73556b1cbed408de09272af3f,2026-10-08T05:15:31.936928+00:00
2021-07-07,2303,5d43af8583c4238a8dbe360091e539454f158b71a824724da5303e30f77dfdd1,f398a4ae41471da0fb6193637c6ea5153a263a5312e5fe4aab7b67e8c425e024,2026-10-08T05:15:32.155855+00:00
2021-07-08,2304,7018100ed70a40357654b93c5aa5a5b0e0ff463c756c47f2e899667802ab3f4a,8e292fea560dfe7c0ea2b6c6a0f66f826711460c9faad99590fbb35421e3d979,2026-10-08T05:15:40.571952+00:00
2021-07-12,2304,689af007e70950842fc1ee1b55cf636e923b0afa4ad8e3e89b6d4a73a116b042,d5f11c6f98f9a6549f83ca62f178262907f0d2ee1a121965b4f873f328e92175,2026-10-08T05:15:41.408535+00:00
2021-07-09,2304,470c6f19085566c06869602e9d98188bdc2c46460faf18d57b6a49303a09fffe,cbb5f58ca1f0fd74b22437ced9b9c37a6ea100640531580e7041f0d8c7269bdc,2026-10-08T05:15:40.356519+00:00
2021-07-13,2304,9e020761c555a2d9b77da7a7e1ea4c7a42d0f6df297639b193a4c95e4f31b855,3a1cd863e217993173e9a9459383a8d4a792c14d2e6f78a34e28fbaf663b77d6,2026-10-08T05:15:40.632095+00:00
2021-07-14,2304,662c0a942f9559855667074c969511bd9e71bad19f7a68b321e8a57f40e218e5,d221892de0de9505ee6440e608c1ef8183039bf647f732880695f8a6ddf570bd,2026-10-08T05:15:46.471651+00:00
2021-07-15,2303,1f1758c65830dc5c4d89eace1f20fad2ebac977468f78241cb18fb1448fa1c8d,0ba89d503e3b1bba626205daf5f00c8f3df44624673d632873e2a4c4cc35fe9b,2026-10-08T05:15:46.813882+00:00
2021-07-16,2303,c684e4500a25e46ad980c00fbe0f7b8f0f6f44b356368eea467ee72ab881b1ad,60441daf5e656844948f88b8f3d774cafe7df8105dbd7888fb080c6611ae2231,2026-10-08T05:15:46.681792+00:00
2021-07-19,2304,66baaae4e36ed1f07a9c7a0589097cd2efb7ab4dee43604e71ce277ce66f3aad,2fdae3dc8a541317988b64a5f61303773222146c86aa6a8ee3c700fbe32ad685,2026-10-08T05:15:46.635234+00:00
2021-07-20,2305,14b1383c228211282b8f1e86f38be9532838b127e2beda8db6c3c690009625c9,5641204577e110f417bccee80498f1c245661b2de4c32a8abc5402a5481cefdd,2026-10-08T05:15:54.340867+00:00
2021-07-21,2306,bc1e4013181f2ffa8f6f528345ba5dfe23e6eb954c0379d1c5f93c1aee6f6cb9,1d61f6d827962761f09e5f45f6856d18917b947b9bea71156fc6cb687b2e3930,2026-10-08T05:15:54.592256+00:00
2021-07-22,2307,3ef546a19929f73b336026610d8e16344a3579ff311d77878c0fc06dce7a6bbf,b2330f03ffa76a22850501bbb2a3a2e9a37c454a59081b33e7b19cca979e5ebf,2026-10-08T05:15:54.893263+00:00
2021-07-23,2307,5a2983b2994cdf6c09991921bb42d34af8f017fe5f3e60f922c58ee9178b7d17,1985398485defcb814b09fd7dbc50b30760e6b08352e7c9fb259d53471c5ff0e,2026-10-08T05:15:54.541313+00:00
2021-07-26,2309,d0ac409b142cb176d4f67a2743b34c007d3b063710bcb92255812180dffbf305,9da7ade630ce1534b4b0e85f2e7718626de117b82a96b91247f1d2f2bb7306b9,2026-10-08T05:16:04.541526+00:00
2021-07-27,2310,908b57c1f99dcfb0652fb10543d6ea75fd6ce8d428d470c0ca8cde684399ec6d,17455cc0303aad5b44ce2731226e972f17c6c06e047acb10ccb1fa8f95a662e1,2026-10-08T05:16:04.511983+00:00
2021-07-28,2310,c826162fa045247187a359c3957c7d89807b8552a10625241287edf1165c426a,7893cd17ad90eb899ab1470f25c54609cc5709d6b1a5f6f684bf42b4bb1c398f,2026-10-08T05:16:04.579698+00:00
2021-07-29,2309,d30142ff0662b5e24cdeeb8fb7a8fafbec34a67495b215f7de8a4f0bca6e2154,5c903f0d347796b468b5438f279f18e7e2d5a6dc97922dda6e5b4fd05308fb72,2026-10-08T05:16:04.694763+00:00
2021-07-30,2309,4ccb8877a91dc5b995e71036bc8262200b4dbae4207aba42902c148c810ff934,86313e977a90c6be40cbff37ffe40cfd762dce6883c409a75eb07317e18a3a44,2026-10-08T05:16:15.090962+00:00
2021-08-03,2308,cd267e192c5719025e82751ca6b244a839cc16c3dc68dd06bbc0c30a1c86cb88,4bc89889489db1cc9a86008c95ee9f3d3be8398f8ec3a4a1ff704b821c8be22d,2026-10-08T05:16:15.058123+00:00
2021-08-02,2309,bd079fc473886b8f6c85d29221bd1206422bf9f77e70d87292b9d5c3d70dcbac,70ebf6e057a9aacda8cd02bc49b73dfe24637f6666bd69aa08929833ff89b197,2026-10-08T05:16:15.201666+00:00
2021-08-09,2310,97ccff58c7a3d6e7a4ceb5e6d5d6303012da19f1e7bd0eeed1bee3139b8f7834,72af8ec5950e17ec78f5326afb3ea1f06477194a0aa9cd6f653dda583c46c9bf,2026-10-08T05:16:24.786945+00:00
2021-08-04,2309,6f19888288a09eeab445e31e1713fb1a749c1ef86fc04195bfd56ccd1161dead,c019a0c07064ccc073cf8a20dfde120f54ad8eb3f1ad4ad70fe2407eef1e204f,2026-10-08T05:16:17.490238+00:00
2021-08-06,2309,85dfa322e0c639231682c4206123d83318836fd99124a189da84aa05b41b36ad,d2d9c81a01e4808f866602530f0391fac2652743934d1d67ca984037d415097a,2026-10-08T05:16:26.040980+00:00
2021-08-05,2309,7ffdd45e0b4a96f9420526907f73f58c38ca16725c83ec7967e916a177f6fb5a,bcef1bd049c40bd497146fd224926876d1b81a640a07d23164cff4a5ad9167c3,2026-10-08T05:16:24.388019+00:00
2021-08-13,2313,1e2bdedb5316bb295e90d5a490337b970b531e6ca3228278e42afe27e2740499,00947abd8e4db045a8b292ec21ac252a0b2badeb0d4b53a8c9e8587ddd528003,2026-10-08T05:16:33.859837+00:00
2021-08-11,2312,f4cb43bab9962089987cc55655998a1389e06ec40bf15b73e5dd8e45b7b33e7c,636314a13b63bc139fe555c1e8dc73643882f66762ecf6605ab8c99605b55b08,2026-10-08T05:16:34.056719+00:00
2021-08-10,2311,7073f5390bd41769a982f2d3e3534874633e37e43e2c34d0ce1ebf3773e34eda,9e5ff73d497b2cb4b56eb1d5f2c6583c83e1cd52e95162d1d5096aaecb8e414a,2026-10-08T05:16:24.745339+00:00
2021-08-12,2313,128f81d0d9d172bf9a36c625417f95a7ee435a8e86421468c25b977062184c1b,25a006a01a8331f5020bb988359d2adfcc347d186e34f540336f404b05f0ca17,2026-10-08T05:16:33.758217+00:00
2021-08-16,2313,1c3dc0899c380b1dc4ec957681887a458cdeaf4448f4c5e81933ad5ab17e3bb5,285220a7e7bbd82d40abd4b74775edb60e68047ae2934148a285cf2d2075eefb,2026-10-08T05:16:36.412588+00:00
2021-08-18,2312,d7b76aa3a3af5065c11240c7af8a5c5612ea0c3926688c796bd0769dd87cd1da,9fe40f5cafe6e6e6a4c4d2ed7cb583f65c66016669a22d7bdcba02f8e242c0f9,2026-10-08T05:16:45.312008+00:00
2021-08-17,2312,dad6ee453baf8e902d8d1a3be2eb447268e97bc4e9d5e58badd1a2f0effb6b06,f7fa7acc6212d573053eeb061b7a7775012ae6e0613d8cf2906a2cce45dac133,2026-10-08T05:16:46.359179+00:00
2021-08-19,2312,c62325a64f6717b8b81c9917a5065aae9621578ea3c42b5d3584db2970b481d9,c6cd65cc2936899a56dddd7d417455b2c72758b3a25fdea3b43e9fa0a2c9f9ef,2026-10-08T05:16:45.106919+00:00
2021-08-20,2312,80f87912a4c4cacbb08e80a05a68ce3c149178ab803cfaecbca1fb54a07e612a,a464554f65d77bc9c3f7604cd59b98ecdb3eecc83d5319058d2365f122636302,2026-10-08T05:16:46.454648+00:00
2021-08-23,2313,d9feaa976644aaacc3a0f4ab92b9a83b3772194126b2f341e2a17017234fd7b4,ff8c1a02144b6f3dad228bcbb69df117c72877a507962f14af652f655de5959a,2026-10-08T05:16:54.351672+00:00
2021-08-24,2313,1fee4b50476763d2cae86cbeba5bd9b143b74656134607b700ae9b5116bb7272,95089bec483fcea80e22e777f0fe13f64dc14930bddaf9d8e644632bdb4c02b5,2026-10-08T05:16:54.589182+00:00
2021-08-25,2314,a221fc390689fc3c9904500253262a70ed580866e6a690c17e73a86a649bc4b5,0639e39602dd36b7f2043d1a17576fa9a48067ca786dd7adee8ad06dbdfef5e1,2026-10-08T05:16:54.335284+00:00
2021-08-27,2314,c5afca879457f3bfa0ba9610b0e8a78692df33e74cd971f679b579cc7ef32c8d,0f28daa315396aca0dc4cb0aeeedede9e0eeeda20c039d376e8576863ef5a736,2026-10-08T05:17:02.619026+00:00
2021-08-26,2314,04e64cde1536fc4983e782bde182d86bf4bf472e768df656d4907123481dfb6e,23c55f3aaf38643e6784d1b88c42583f2bcfbd79cd13b075f99834ebce287c41,2026-10-08T05:16:54.124797+00:00
2021-08-30,2315,2ca3749730a7f1d1dd627ea7b6336585e8c4da07e2335ab20b6ff151a1ceab98,e9f16ebf02aeaaf8bbd6ce3a29e66f57cf1ecdb9e3432f4470a61378a8c418ad,2026-10-08T05:17:02.859538+00:00
2021-08-31,2314,d2dafd97e3231e1f8f835acde5f55855d928272a361df0a623695d27d2fa6487,29c329079af1364b2d0bc3bdc33f760d27030fded7be44138a71486e5bf7a02c,2026-10-08T05:17:02.582930+00:00
2021-09-01,2314,a5dadeb5858a7b576003b3df2f26bacaf07ec86fbfbef36cedc316b14870b1f6,91812e98be785a70dfcaa8bd6d73d70a28aa2ba062741e62255800eaf2185953,2026-10-08T05:17:02.746712+00:00
2021-09-02,2313,1ee64413f0f91e55b2b9526127426b9cffcc57b5b6d4b55bec065c4ef8527dda,adbd46abc0eaf51fc55b6e3f09d446a9f7b813a41b7c63af6ffa6bb4d5cdece8,2026-10-08T05:17:11.569277+00:00
2021-09-08,2313,485119d5c3d49a5f6d6bdae7c94fd7c2b9ad889347b773342478a52e7f6f1523,72b707de5221caaf5263bd76229e862397fbf84c0f12a3489895efe588ad7432,2026-10-08T05:17:24.976440+00:00
2021-09-06,2313,2ca59e5c272c4085ed4c890d0bcf5cdd7f50360d9ef3c3f1c23b0286355908bf,9d4054342df5e82a13088baa3c69dd85f1c32f62366b4e22e4d1fe35feedf11a,2026-10-08T05:17:11.688896+00:00
2021-09-03,2313,34256616adcbe6d1902c2fc1c89bd6c61f35cae14a8522111f818fdeda9e69b9,6fcef601ec9a0e9f39bcf208b9364b25926e18af9784cd5eddbe423e85c61093,2026-10-08T05:17:11.736981+00:00
2021-09-07,2313,f646487eb5928eb047d996dc5ec992b5d9416f10fa5eb583e7bea792b646e1e6,0933d4964277615cfd764c5f2f52cada17167f81247537cded1452dcb79206c7,2026-10-08T05:17:11.508621+00:00
2021-09-13,2312,8851d3ebba424a406b1596258ccd40a2c482967f36528a541698960779327baf,7a6a80914455f9962df48e311ac7ddfa242304a95fc313b2682accdc79acecc3,2026-10-08T05:17:24.987454+00:00
2021-09-09,2312,5c4651eb63cd0b1ad9569062d7ff05866ba47316107be9e538e59378fa9483e0,a0721251a2d6fd9ac90ef7b11cbb762fbfa58e1ee171a341b5765b08b869e03f,2026-10-08T05:17:25.190010+00:00
2021-09-14,2313,627bcc66d289f16963d775e7430d88bde215082af6a7e148adca6dc7ca91ed7b,fe2423ece45f43ac364c56d5f15c7a48ffdf50989bf4c43a704a9e2dd932d1a5,2026-10-08T05:17:34.453513+00:00
2021-09-10,2311,4701acfbed06b1a8cbfde6d47a42361949ba6bd12bfe3f45ea80820c29340085,9e92478c3570ef5d5296f40c009a4de72a4e7721dbbc8dd51f8f11eaa04ca562,2026-10-08T05:17:25.087565+00:00
2021-09-15,2313,ae57235841e54fa76e1ef06b24d7ef5b33c2d8eaea20615f16f325804e0a5ac3,475567b538cdf8e92bfb1e98f079686b8906951c758a7d5ddcde3a1a5ab93e45,2026-10-08T05:17:34.608505+00:00
2021-09-17,2315,6c7e602ec5cdc7ad3b02edc1749e5ef2c07cc84b6359d7c3fc9a66daa514083d,f77286c16775792f9dd522766c933a9164dda9e52c11280e27eee7a0dfd86544,2026-10-08T05:17:34.576544+00:00
2021-09-16,2314,ee6aa3c4920eac77acd02544e48bb9326c9877f96448abfba46100c536dc6dce,049873e35ffaeb2f4adf590e3566b22c4c3fa6ff7b4251797e79bd078d5871d8,2026-10-08T05:17:34.431975+00:00
2021-09-22,2316,a3721fe6ce3682079f7de3e2f108eef7201639b8b289daf68f7ec1f51961bb9c,6f56c6dcae7691c8662241da6a90e2ff7e317c9306e4bb1d274e931660b34b55,2026-10-08T05:17:40.912718+00:00
2021-09-24,2317,1fc24d661041e736515172b6a3f08eeac1d37295dbcc690e16d3cab9ddca9e3f,08d64625df92f3209f2d7538113493b5fc8f5c913d98b3437a717aa7ca392db3,2026-10-08T05:17:41.108581+00:00
2021-09-28,2319,6cb2898661b9340b435af4dc88c87470c761febae18ad3685af3afc7f46f87fd,f39d743e830144545e948d1e57f24808d8626e0ff35124296cad44e31749cb34,2026-10-08T05:17:50.348889+00:00
2021-09-23,2317,be47f66f7ababd086486e81e87cbff2f61942fbc327fbac8cebcef162bfdf7f1,2268f857b0592b77d1c22ecb732a797513f4712f6c43948c30309d82c77a8ca8,2026-10-08T05:17:41.254346+00:00
2021-09-27,2319,97ba550f55f32815551282fd5527e294d039e85892b0e6f8c0c04e0015e9319c,061ce8ad5a6a7d014163a5f43524ef34e633dbd2a714fd0a7c72ec2dce681d48,2026-10-08T05:17:41.093677+00:00
2021-10-01,2319,0bc464ce13f8900042d6ade57f9988724bdeb3776bccbf2c0845ed4e5836477f,35fb8060c273fdbbf631a9cf57e635c8cf5b8fcb3324dfa8349b37e153002672,2026-10-08T05:17:50.668629+00:00
2021-09-29,2321,e6d905284f64ac4285c0378f15b08b15e38409b798b5c0ddc730e99ff4cc5c81,ec4747aa47a6e4f767b6640cd9afce9315a3bfd9bfb3bff55333275e2d9c0ec9,2026-10-08T05:17:50.344110+00:00
2021-10-04,2320,6b43fb4d43b569ec0c13f0de584494d703b6ef46845ce62137e59787c9f8adff,541605bcd84df71cba6e2c6d5d5a58c11890c113b8b92ee97d3e3197898c1550,2026-10-08T05:18:00.794094+00:00
2021-09-30,2319,660dda6b244c9b98e222134b99455c4f1b4f5998a094abc0dcd97de573731148,dfba23b23d0ada3a413168dfd0c1859bdf231da188cd802a615691c5ab2adb65,2026-10-08T05:17:50.706053+00:00
2021-10-08,2319,5215bfc9b481518fd1cdeb8dcb04696a4a7af3145a304305fbd13c39fe1af159,4d4980f73dedbef3f0a098f972df0a1ca094c20d49c1d43e13d2d3d1b95ccd29,2026-10-08T05:18:08.241007+00:00
2021-10-05,2321,d7030463b896977020e5510cc781eec14e7615ca8c9518ea7b760de7a3367965,e8af9a0b59d717537fcc6cece0f4d38d906c7f99c65d73f9a5666f8153c2fe21,2026-10-08T05:18:00.336536+00:00
2021-10-07,2318,6bf40c8883067df8e181a4febf189190fe39b8bd4b08593ef177346c38101399,9990e32572fe354e7a3b5d805b1a73e9538d6a6318a7e006780df608bb047697,2026-10-08T05:18:00.299989+00:00
2021-10-06,2319,c78cc9fd01a0e2fc1545784b3a0113aff56a645d2debc7c023253b20d8218e47,eeec1d7261b0966f67eb7d2fa68267bd11fec19ebe2f8644fa30306405c97917,2026-10-08T05:18:00.496136+00:00
2021-10-15,2318,948d12570e9b8a303b1a769f4085cf4e22de1885676784dfcce7b4ca8d8247bc,7c8470adf5085de038ddd7d6cd31f13c82f0a698289ecd5fb427bd592a13205b,2026-10-08T05:18:16.785524+00:00
2021-10-12,2320,bea9d8c175b8044b4e235ddae42b4509f1a92ad6af60cd0d5e2f254b28e460fb,4293167059d0cf1e077fb4050790cdb512aa48d757ea6db199f11a351ab4d2ca,2026-10-08T05:18:08.556493+00:00
2021-10-14,2318,a4bdb4ea22585b5c32d378947c3bd23efbe409d2b82077f8d254de086b92b107,d20c96e6fe2756bbc7aa68901f4474dac1d8a969fc2d6848b40cb5897d35b367,2026-10-08T05:18:08.487384+00:00
2021-10-13,2319,49005d053621251c15fb4206e4185a3750a98a6bf2eb084e91c01f84d9364b6d,6e2bfecc579f79aceb798fd86023c2ffbedf49b11c52ab503b17cff360b94bcc,2026-10-08T05:18:08.350633+00:00
2021-10-19,2322,a7cded505d19ba77a0e0da00a41ef67a374f4579ee7da0e0ca2767d862fe9d73,45aa9991ce7f3b7732f3363fe5b6768757ce46f46f82561fe36b02b8d80dad6a,2026-10-08T05:18:16.469159+00:00
2021-10-21,2321,d7010e7060ce4633022aa6f8824d090fcfadc14110ba457d86df020a9b0afa91,7874dfa338bb7387cad4d95ab946e78b7a50d84f0712b4bbe23561aa14c570af,2026-10-08T05:18:27.105428+00:00
2021-10-20,2323,7832c50559d2c4d2945af230f6b7925683c6a90258ac8dd3e8aa776d5936f44d,a0e19d2670ace11d69d6bea723133d1addbe7a11d8d59a84a7f029dec16d6dce,2026-10-08T05:18:16.441104+00:00
2021-10-18,2321,fe963ac9e2b75c22b48028f14051d04a2c5bfa6631699c704d750cb88397ac49,8bc5da085afa5a8a3d2070b20e3b87e4de7e6c127bed7bb9bfe4a6572baf05ec,2026-10-08T05:18:16.769184+00:00
2021-10-26,2323,911953636ce3b638181c2d7acc69ea29ca0af5493e9a67e93c7a3f60b3d457fe,122be1cc84476fc52b6a79f384c3b69c841d3f658d77103afa64573ce5f9c07f,2026-10-08T05:18:27.155908+00:00
2021-10-25,2324,2c18c0d764a42806314bd4a76539def4955b88088b6a22e33cad50cd31844d92,ff35c0ebf90eaaf7234e06f0da83e34ab05e9275021a3437a690a5a5de0507c4,2026-10-08T05:18:27.165783+00:00
2021-10-22,2321,7bf07b3e07cef8bcdf8f6b8d1688f45e20be8c9903173e57624a013cb8e0f1ba,ffb74d60686a634d994188568a6763fc6982e8df183c94b3ebbb56fff6fcf441,2026-10-08T05:18:27.129643+00:00
2021-10-27,2323,10ef1d2958b6e5b68ab0a16c860b5c219965d5ea63be8764d08443a9d0fa953f,86a27a57c8e94d9399f5866ea38ee0f4836ba371b14f0ceb0c58ff15f0fe3959,2026-10-08T05:18:36.710703+00:00
2021-10-28,2321,74df54f2f68148de657328f71838057826ba011389c419742eb8a9e1ea15fff2,3c9177d44e5da17306727a30f05dd50a2ab9619eddd523218ec226e56c7876db,2026-10-08T05:18:36.778175+00:00
2021-11-01,2325,7bd7f953b56a3f582355f490b146dd779b03edcc2e56d0e664753310dedc5c76,57b420dddee82c60375999b435b6f9b26f6f861e32181805caee67ad0d884a2d,2026-10-08T05:18:36.803551+00:00
2021-11-02,2326,58643574de4c526601dc1060d5774480157f8bf8c6f5357bacb564691250879e,68000fb9ad0f208a9625ba49fd2f4f3b4c5d1f9bb9b1a071901ccb6db684e3e4,2026-10-08T05:18:47.648707+00:00
2021-10-29,2322,fd4b6142c2c84430cd0151f69bea83e7e8f89f0572581cccb88fcbe0fea8177c,d6b94895bc4614ae65ffa6989a0313117b6730739f61d5e36fe5e6bf63c01496,2026-10-08T05:18:36.723052+00:00
2021-11-04,2327,8fa4c82c39e4c56338e156f9aaa3ddca79399dbaaf7e3c6ec95484c947706824,7672ab282f6a878fcc9bcae784156f3d96dc4a9eb25fc1b3793072520c6d44df,2026-10-08T05:18:47.629553+00:00
2021-11-08,2332,7678efcfc40ae82844e702b988078cea9683133e44743cdefd71013624bb9bfd,deed19dbed0d582270f7dc1b79f22f931cead38bc62b2f2c5099fa87d93abb6f,2026-10-08T05:18:56.265950+00:00
2021-11-05,2329,80b5ae2cd3613f2e59df6afeab2ff25f406e9e348d741b23ba21e87518b0e97a,915383e513fdfc5410ad67204eb6a8ff13e8e94d0b17fea053b8eb888e15dab0,2026-10-08T05:18:47.772981+00:00
2021-11-03,2326,f3d7e5d7040c17e55b01afaf1394e58864fd5ee244d5a450fc6262d00680b49d,b4334e1328d90befc5d4b339a70595f0bedacae520df4d46244fe91ea39213af,2026-10-08T05:18:47.814312+00:00
2021-11-09,2332,03c77faca0e3512f9576371c51dd5ee2ebdeebca6d5e98b69ed1f4834b0a4e8f,076f1167443ae6505321c4037413eeb0293e277e3608b5ece3adfd9724c116f3,2026-10-08T05:18:56.566544+00:00
2021-11-11,2332,1aafcc31b64e51327ab8ffb646ad19a6d5cee4fc78c7d9c1911dfd92a6b73372,896ec9fb1abafc91503466302e10ea15cbadbc51a5ada53c9161467df929e1e8,2026-10-08T05:18:56.438000+00:00
2021-11-10,2333,5219aebba2edf85338e094fc651f3665ceae1324329f498b1d116c447204fabc,629b22da8180cda199ba981eb13c9251276469575b1fa7f868f3efee30d24c17,2026-10-08T05:18:56.463969+00:00
2021-11-12,2334,7bff43e29fce1ca63a3b60a3906c0f3ee965a5d6160de4078adfef167d02adfb,a00bbc3af03a2ce516fb543105e71c2e5ddcb5ff029802ac77b3d22e247aa692,2026-10-08T05:19:05.711156+00:00
2021-11-16,2334,81638b4a74c94b238b00e0495bb4ea75b62f2a2bcf2d7c825be0c0d92f35bfd1,04da6ac86c83622ad10d350c0dcd64e63ad6dc5ca75f9a4377e4ad3b7af8181a,2026-10-08T05:19:05.496366+00:00
2021-11-17,2334,7259c5c6ae6fd82e2ed7018536858c9265dcd025e9494008922404912ff2e568,0b0e68bf54f7b9494a15bf24429db758f0af8adec8bb575093d1e65b832b0423,2026-10-08T05:19:05.667369+00:00
2021-11-15,2334,5e58cec43b1f33b6dfb60cc0b1af8a22390d89709073d9009b7ed82318e133cb,ec73224353ffe3f991dce803caad2f3c147bb20dcc16ae101470142413936e08,2026-10-08T05:19:05.385613+00:00
2021-11-19,2330,039541de010550b877a4e649d284a56bc5dc84aaeb495097b97c58147768fa55,ad622753f73f21fd16fe4f0f49b8f98f2a875d67c09accf15213e3f8e141ccb9,2026-10-08T05:19:17.191858+00:00
2021-11-18,2330,827e978ad6df811b6a1909bdd2e92f625e5e7064628b1f88acb07792a7c7da4e,1d12f1a4de3cfc9ce2627439a3ee53a64d4bd26a17b807778d87ae04efb156d7,2026-10-08T05:19:17.045372+00:00
2021-11-23,2333,f6dd7c47c0003cfac6b9d69684c9b63c9c4f3dadf30888090a5ee788fec939d0,192d1f3624233dd806f1fc47ae1a4a55f31196c044de88dc32d707639a3a881b,2026-10-08T05:19:17.157710+00:00
2021-11-22,2333,65d01d973f294a50be9b1c4dfbf973ee69ddca4ad4cef02f22b895bccea70182,ea8e581a4b72ec853e0fb8068d427432b08f3e87c21b2eadcbedbf825288daf9,2026-10-08T05:19:17.076802+00:00
2021-11-24,2334,b0e1b9c91be5407e4202fa7ce3a2a5255b181deeaf582cc10610d98b44ae2f5f,5ab6261749b196489123f11e7924f05daf69110dc899ab0e241bf35887b7e61e,2026-10-08T05:19:25.773905+00:00
2021-11-25,2330,1d60e25904bf08915c3891fec7652a1a176281bfe6cf006ab2fe839c456748aa,5e468608dc0cd97fac71b57099178023a9b35d42fca335829951d2c081905391,2026-10-08T05:19:25.942839+00:00
2021-11-26,2332,2b354bd5f4063c0979f1ca9a034081e1438a4b16f0acd2897094f774fea6b78d,91f9e6a38f20065d9e6ae57e3ebcde3f8ef6152bd562c892245d577885af3248,2026-10-08T05:19:26.061918+00:00
2021-11-29,2335,419af112a34f6d6af09323ce4880e8c75b4dd6534341f2fb46847bea6b11c5a0,c66b7b28fde7bd385abe71c53f2dc074aa4e831bd7097d6108cb96e25dd338f8,2026-10-08T05:19:25.863963+00:00
2021-11-30,2336,e78d73d945869eb2850b0b50296778d7396a1a86043ab105742f73d754ed9909,8593cc58b1e072da30f94106d2415f57745ce5fe3608020b9a65d72a2d7f5d6e,2026-10-08T05:19:32.678805+00:00
2021-12-01,2336,47e56d5a72032cb52f69f16fd415ed7ae29a786d63fcd9f9a57a86b287218997,e55cd1eafe7b3e70e84c53fe6166e169fa7dbba63be680ba9482fe82a6f5544e,2026-10-08T05:19:33.038019+00:00
2021-12-03,2334,86447216a82632815f21423a481646a8d410ad58c68c719427e4a1429e383df4,0422d77e536c07ce8bacdee9d645f426c126fc90d75b964bf0378a163beacd9e,2026-10-08T05:19:32.799180+00:00
2021-12-02,2334,8ce4ccc2b4bd02b84ddc7fba9413d0a4a9fa611fd58a0da0bbcaa39de740d9bb,516f175ed28f00f69c044497928ccc179fce98f14b24badd1e20a843351847bc,2026-10-08T05:19:32.847928+00:00
2021-12-06,2338,9789d508a38e5eaf4d24cbcdcf9d5a12928a3b92ece33ef61959684f968ae4c4,c6b5a5776a2a7c14d56bd60774b593cb4594f7d598c4dde9c70cc61858631fc9,2026-10-08T05:19:41.515535+00:00
2021-12-09,2339,c5f8fafae959e678959bfe92aca96558936b805bde646065160d49d2bc4e58be,721d594cfd52ad7eb9023e093979a117eb69034be84f49d68ec76244f1d59dad,2026-10-08T05:19:41.468578+00:00
2021-12-07,2339,bddd20e38d68f4a2f8d657f8706f2393e1d1219469a127b31b0b4a9dffbb271e,5ecc9446745a5f7041529818f1e34b3ccdd531bd39de7b02474bac4491dee149,2026-10-08T05:19:41.669069+00:00
2021-12-10,2339,11d02bee09a33590ccb63d8589fbcbe1f73e83a21031bb453ef5573ac31364b1,ff9c232be457e2c627b388092d6c143a522b8b94a4b4e8beb6796c2456bd5b22,2026-10-08T05:19:50.305241+00:00
2021-12-08,2341,92bff2ce8043d917246be249feb67fd0555bb98a41a2047d5a593cf5a67c8a44,f776e850ab76e0baacc17da70fe7d1addfa3e9a35271f08e9d70d0c89bbb27b1,2026-10-08T05:19:41.345234+00:00
2021-12-15,2340,8fb0a58a98a9e1465d66d70f009929f73d5a929eab7fe46fd59f256a1415fc31,7d8e9b8d0b33e9101e0e9b7bdd138f89b99202d62d69cc96b44bbbc952e8e110,2026-10-08T05:19:50.277282+00:00
2021-12-16,2336,d4a7093df094adf391d9ebd639c4a16724a6c7168e99b040c20613560c62e664,93ac19a710ab7be1f25c7d8a0bf90b68d60083a1d4a0ca8cc17f96ea51175ada,2026-10-08T05:20:01.189870+00:00
2021-12-13,2340,08898b56bb01134fe1297bf07c223c4ce870e28b4c862a0b9ea91ba0ee698ce4,54b18cf8db3d5870c2c11649510eed3efe3bfb4ead7ee2f5a51dc1cc8e2f853c,2026-10-08T05:19:50.537432+00:00
2021-12-14,2339,924bce7885fcda307258eb3fefbfc96de877dde237bb96b9803d8f7374308fd5,79d7fb0662f113a046970e3a346c5de5fe223f8211dad4bae8d57e39fc4972cb,2026-10-08T05:19:50.483408+00:00
2021-12-17,2336,2c9cf62937d58ac42e2265f5e23e13804ca89b1d15195584d529d5514b054c7a,e5657df16e94b42c6dce19f2985a2b87b500b48ddb0dab9c628801e8bf3348f0,2026-10-08T05:20:00.041668+00:00
2021-12-20,2337,e39aefbfb8f35a537cc0db39e1891426208be7b93d164b56657532fa59c6ddcb,b1ac9b4cdcdfd5340227bbde3e29efe16544f34fc6bab52549c300bf2641a055,2026-10-08T05:19:59.982890+00:00
2021-12-21,2337,9f19721c94260b1fe3d1fb676015cf42947a7c54d79062a99741c62aed3d6a58,0fa86b2ad8469936688cc55ee51598ffdf48cd9a8dd0a0b7ed5c7e5b2a1f5146,2026-10-08T05:20:00.585340+00:00
2021-12-22,2338,1cbe5c7574b143cc72ff1ab1cace9325b65802cdd526abb248efbf6a9bb36356,b850ca45d54610909f089e236cc96ecef5fb55257e85e2d1e9de2a0e678a3bfe,2026-10-08T05:20:07.501471+00:00
2021-12-23,2337,a2fa5f6a10fab3efba583f3b60205e590acd257c26c30f46bb7e85688942f906,30a6a96b5ba39057c9d8cfd5e93f7a7da17e097d08daa74ac9b0db8b05d1c2a5,2026-10-08T05:20:07.859392+00:00
2021-12-24,2337,17e8db8110f3029a766a2ccc099b4f4ffbb7591faba900737f59e70bbefd54ac,f7030d2a695af001b3fc46f27efbb37d51345afa129d89b37dabca4ad9fab7dc,2026-10-08T05:20:07.649614+00:00
2021-12-27,2340,d369960f2d3fde9fc546fed864af3a67ea016f15eb8a5c5f36e28a165dc91880,d3085e468b3e361c73c2d2ca0a10224387aff99652a3d1e331e059a7a5e968d6,2026-10-08T05:20:07.793343+00:00
2021-12-29,2338,20c8d92f63d2fe456ee2453b0dce5bfb68b9445a5d1f818cce4d462052e2e90c,db854fbced9e7775cab02f63f35ea7079006d93c5f87deb406050c222ddbf57a,2026-10-08T05:20:16.263529+00:00
2021-12-28,2342,850041a1cccbb73b608d8f1f4cce2ec5c6a7253c545d4d4655634c0dbd7370a3,7d88930e62fad0097c03f02bf139be7a3ec77cc44d13bd919824d6b5d440b9e6,2026-10-08T05:20:16.258102+00:00
2021-12-30,2340,d50b7e8012395cea7700cd4d8dc2f5f9c09051beaad452e93c370c8ecb466b56,72bb3e05ea2b7719b88bae947e7448aa24daa96c4bbb9bd17867e5fb83c8ea8a,2026-10-08T05:20:16.584793+00:00
