stock,label_count,liq_ok,size_ok,wk_trend_ok,rs_ok,rev_ok,eps_ok,eps_acc_ok,rs_short,horizon_sessions
1101,39,39,39,15,1,9,10,5,0,5
1102,35,35,35,20,10,5,20,0,0,5
1103,37,20,0,5,5,15,22,10,0,5
1104,35,2,0,15,0,6,10,0,0,5
1108,25,3,0,10,5,5,5,5,0,5
1109,45,0,0,27,0,19,20,5,0,5
1110,51,0,0,11,0,9,22,5,0,5
1201,20,12,5,0,5,0,5,0,0,5
1203,37,0,0,18,0,0,0,15,0,5
1210,35,32,33,7,10,5,10,10,0,5
1213,135,0,0,0,0,36,30,12,0,5
1215,35,25,25,13,10,5,15,5,0,5
1216,36,36,36,11,0,0,0,0,0,5
1217,10,3,0,0,0,0,0,0,0,5
1218,30,17,10,5,0,5,5,0,0,5
1219,51,0,0,11,0,16,21,10,0,5
1220,35,0,0,8,3,5,15,5,0,5
1225,143,0,0,55,4,10,26,8,0,5
1227,35,17,22,15,0,6,0,0,0,5
1229,42,42,30,28,15,15,5,0,0,5
1231,40,0,8,24,17,0,16,5,0,5
1232,35,0,0,14,9,5,5,5,0,5
1233,37,0,0,13,0,0,0,0,0,5
1234,35,0,0,22,0,5,10,5,0,5
1235,67,0,0,30,0,9,10,20,0,5
1236,39,0,5,5,5,7,15,0,0,5
1240,207,0,0,9,0,20,0,0,0,5
1256,40,0,1,12,10,5,15,0,0,5
1258,131,0,0,11,0,23,37,10,0,5
1259,127,0,0,21,2,0,8,27,0,5
1262,29,8,13,7,0,0,0,0,0,5
1264,55,0,0,23,0,0,5,0,0,5
1268,350,0,0,45,0,18,98,0,0,5
1301,35,35,35,5,0,20,20,5,0,5
1303,35,35,35,7,0,15,15,5,0,5
1304,35,25,10,3,5,10,15,5,0,5
1305,35,35,26,18,17,5,28,0,0,5
1307,35,3,0,5,0,0,10,10,0,5
1308,35,16,10,10,15,17,20,5,0,5
1309,20,12,10,10,10,5,5,0,0,5
1310,35,30,20,7,5,5,10,5,0,5
1312,25,25,25,3,15,10,15,3,0,5
1313,40,33,12,5,15,20,15,0,0,5
1314,20,20,20,1,0,10,10,0,0,5
1315,59,9,6,20,15,10,35,10,0,5
1316,22,9,5,0,3,5,3,0,0,5
1319,35,30,30,10,5,5,5,5,0,5
1321,10,0,0,0,0,0,0,0,0,5
1323,35,0,0,3,5,0,10,15,0,5
1324,57,0,0,16,0,5,11,5,0,5
1325,44,10,15,4,5,5,18,10,0,5
1326,35,35,35,5,5,15,15,5,0,5
1333,234,0,0,22,0,0,0,0,0,5
1336,27,1,0,7,0,10,10,5,0,5
1337,20,7,0,0,0,0,5,5,0,5
1338,35,2,10,6,0,0,5,5,0,5
1339,35,5,1,10,1,0,15,0,0,5
1340,25,3,0,7,0,5,0,5,0,5
1341,20,0,0,11,0,2,10,5,5,5
1342,210,0,0,13,0,17,0,0,0,5
1402,35,35,35,20,4,1,15,0,0,5
1409,35,29,20,7,14,15,25,5,0,5
1410,91,0,0,34,0,17,20,4,0,5
1413,21,0,0,4,0,5,8,5,0,5
1414,35,9,10,10,5,8,15,5,0,5
1416,42,9,0,10,0,20,15,10,0,5
1417,25,10,0,6,5,5,20,5,0,5
1418,688,0,0,24,0,83,179,256,0,5
1419,171,1,0,37,0,81,65,14,0,5
1423,24,0,0,10,6,5,10,0,0,5
1432,24,8,0,6,2,2,2,0,0,5
1434,35,33,20,15,5,10,15,5,0,5
1435,9,0,0,7,0,0,0,0,0,5
1436,39,0,0,16,0,25,15,0,0,5
1437,35,0,0,11,0,5,15,5,0,5
1438,166,0,0,15,0,27,75,22,0,5
1439,26,2,0,3,6,5,14,0,0,5
1440,35,28,19,10,10,10,25,15,0,5
1441,21,0,0,0,1,12,2,5,0,5
1442,35,9,0,14,0,15,10,0,0,5
1443,81,0,0,5,0,7,30,23,0,5
1444,20,15,0,0,0,0,15,0,0,5
1445,35,3,0,4,0,10,10,0,0,5
1446,35,5,0,1,0,5,20,10,0,5
1447,10,5,0,0,0,5,10,0,0,5
1449,25,2,0,0,5,0,9,0,0,5
1451,35,0,0,5,2,10,20,5,0,5
1452,35,12,10,5,4,15,10,10,0,5
1453,38,0,0,10,0,7,17,6,0,5
1454,47,3,0,11,5,5,21,4,0,5
1455,30,29,15,0,10,15,15,15,0,5
1456,219,0,0,0,2,14,128,76,0,5
1457,54,40,7,24,0,16,12,5,0,5
1459,15,0,0,0,0,0,10,0,0,5
1460,35,19,4,3,0,15,20,10,0,5
1463,35,6,3,10,5,15,20,0,0,5
1464,50,23,9,6,5,20,25,10,0,5
1465,49,0,0,6,0,10,5,5,0,5
1466,42,0,0,1,0,8,12,0,0,5
1467,10,4,0,0,0,0,5,0,0,5
1468,5,0,0,0,0,5,0,0,0,5
1469,378,0,0,2,0,0,0,0,0,5
1470,671,0,0,95,0,120,199,92,0,5
1471,10,7,0,0,3,0,0,0,0,5
1472,53,0,0,5,5,20,41,27,0,5
1473,35,5,5,0,5,10,10,0,0,5
1474,30,5,0,14,0,10,15,0,0,5
1475,308,0,0,46,0,121,118,80,0,5
1476,37,12,37,5,3,10,12,5,0,5
1477,40,30,40,15,10,5,5,10,0,5
1503,35,3,0,20,0,1,5,0,0,5
1504,35,35,35,5,1,5,10,10,0,5
1506,10,0,0,5,0,0,5,0,0,5
1507,43,3,1,8,0,0,5,12,0,5
1512,13,0,0,0,0,4,5,0,0,5
1513,35,19,15,15,5,15,15,5,0,5
1514,35,13,5,20,13,15,15,5,0,5
1515,35,25,25,5,17,17,23,13,0,5
1516,50,0,0,10,5,21,19,17,0,5
1517,35,11,10,7,10,10,20,5,0,5
1519,35,14,10,10,10,20,15,0,0,5
1521,35,0,0,13,0,8,3,5,0,5
1522,35,9,5,13,5,5,5,12,0,5
1524,35,5,0,5,0,10,10,10,0,5
1525,40,0,0,5,10,0,10,0,0,5
1526,40,10,5,8,7,15,10,0,0,5
1527,35,10,11,10,0,11,15,9,0,5
1528,40,10,0,6,10,10,25,0,0,5
1529,131,11,5,13,0,50,67,5,0,5
1530,57,0,0,5,0,13,26,0,0,5
1531,35,0,0,5,0,20,25,20,0,5
1532,35,10,5,0,10,11,15,10,0,5
1533,30,8,3,0,10,0,15,0,0,5
1535,41,0,0,8,0,6,20,10,0,5
1536,45,39,44,6,5,5,5,0,0,5
1537,35,0,6,23,0,1,5,15,0,5
1538,120,0,0,3,0,12,37,13,0,5
1539,30,1,0,15,0,5,10,10,0,5
1540,35,0,0,2,5,15,15,5,0,5
1541,34,0,0,0,5,16,10,0,0,5
1558,35,0,0,10,5,0,16,6,0,5
1560,35,11,10,10,8,5,5,5,0,5
1563,820,104,262,55,0,0,0,0,0,5
1565,35,0,35,8,5,5,20,10,0,5
1568,35,17,5,5,11,10,15,0,0,5
1569,35,20,15,10,17,20,15,0,0,5
1570,46,5,5,14,5,17,10,15,0,5
1580,40,0,4,14,5,5,10,5,0,5
1582,40,7,2,7,3,5,10,9,0,5
1583,125,0,0,26,0,42,49,11,0,5
1584,14,6,0,0,0,7,5,5,0,5
1586,35,1,5,13,10,15,5,0,0,5
1587,385,0,0,4,0,46,56,5,0,5
1589,35,11,25,9,7,0,5,0,0,5
1590,45,20,45,16,22,20,25,0,0,5
1591,77,0,0,5,0,4,20,4,0,5
1592,33,3,2,2,0,1,9,6,0,5
1593,52,3,0,12,6,9,10,10,0,5
1595,44,0,0,5,5,20,24,9,0,5
1597,35,10,20,2,10,20,20,15,0,5
1598,153,10,10,32,19,85,33,15,0,5
1599,37,4,0,12,5,15,10,5,0,5
1603,51,5,0,10,0,14,15,5,0,5
1604,40,29,0,17,4,5,15,15,0,5
1605,35,35,31,11,20,15,20,0,0,5
1608,20,16,5,5,8,15,0,0,0,5
1609,30,30,20,10,5,15,5,5,0,5
1611,35,20,5,10,10,0,5,0,0,5
1612,35,10,10,9,5,15,15,0,0,5
1613,9,0,0,6,0,0,5,1,0,5
1614,39,3,0,16,2,13,10,2,0,5
1615,58,0,0,23,17,20,30,0,0,5
1616,5,5,2,5,5,5,5,5,0,5
1617,70,5,0,14,0,24,27,13,0,5
1618,40,0,0,3,7,10,25,5,0,5
1626,30,0,0,10,5,9,5,0,0,5
1701,43,12,5,14,0,6,7,1,0,5
1702,35,13,15,8,0,5,5,5,0,5
1704,28,26,24,16,0,0,0,0,0,5
1707,35,5,25,10,0,5,0,0,0,5
1708,35,16,10,10,5,5,10,5,0,5
1709,40,21,5,10,0,5,15,5,0,5
1710,30,23,15,0,4,5,15,5,0,5
1711,35,17,10,5,3,10,10,5,0,5
1712,35,26,2,6,10,0,11,10,0,5
1713,65,0,0,7,1,17,17,5,0,5
1714,30,30,9,10,0,0,10,0,0,5
1715,23,6,0,6,0,0,0,0,0,5
1717,35,27,15,22,0,5,10,0,0,5
1718,25,25,15,5,5,10,10,0,0,5
1720,37,5,5,12,4,1,15,10,0,5
1721,25,10,5,4,0,9,0,0,0,5
1722,35,35,35,11,0,8,26,2,0,5
1723,35,1,12,4,5,15,8,10,0,5
1724,55,0,0,13,0,8,27,19,0,5
1725,35,3,0,5,5,15,10,0,0,5
1726,84,0,0,20,0,0,2,29,0,5
1727,32,5,5,0,5,5,10,0,0,5
1729,9,0,0,0,0,0,0,0,0,5
1730,40,0,0,10,11,5,10,5,0,5
1731,35,5,0,18,0,5,15,0,0,5
1732,16,10,9,5,2,0,4,4,0,5
1733,35,4,0,10,5,15,19,0,0,5
1734,39,14,14,11,6,0,22,17,0,5
1735,91,0,0,11,6,20,20,17,0,5
1736,35,10,10,8,5,8,15,10,0,5
1737,35,6,0,19,0,9,10,5,0,5
1742,12,0,0,0,0,5,10,0,0,5
1752,35,5,10,13,5,5,15,15,0,5
1760,241,20,29,3,6,63,26,10,0,5
1762,35,10,15,7,10,10,20,5,0,5
1773,35,7,15,19,17,15,5,15,0,5
1776,139,5,0,8,0,9,72,23,0,5
1777,56,0,0,17,5,14,20,0,0,5
1780,955,0,0,73,0,0,0,0,0,5
1781,9,0,0,0,0,0,0,0,0,5
1783,25,9,9,7,11,8,17,0,0,5
1784,25,7,10,10,5,5,10,0,0,5
1785,35,30,25,5,10,10,14,4,0,5
1786,35,7,15,10,10,20,15,0,0,5
1788,51,0,0,25,1,5,2,7,0,5
1789,35,9,11,2,0,5,5,0,0,5
1795,10,10,10,0,0,5,5,5,0,5
1796,301,0,0,13,0,67,98,18,0,5
1799,10,0,0,5,0,5,0,0,0,5
1802,25,21,14,5,5,5,15,0,0,5
1805,47,0,0,0,0,8,14,15,0,5
1806,5,5,0,5,5,0,5,5,0,5
1808,35,15,10,15,15,25,25,10,0,5
1809,42,23,6,10,0,15,17,10,0,5
1810,25,5,5,9,5,5,5,0,0,5
1813,37,0,0,1,0,10,17,2,0,5
1815,25,25,16,5,0,5,15,5,0,5
1817,35,0,0,5,0,5,0,0,0,5
1902,23,10,2,11,0,6,0,0,0,5
1903,19,0,0,0,0,2,5,0,0,5
1904,35,31,15,0,9,0,20,5,0,5
1905,25,16,5,4,5,0,15,5,0,5
1906,35,9,5,0,11,20,15,5,0,5
1907,30,26,15,6,5,0,15,10,0,5
1909,60,60,49,12,25,20,35,5,0,5
2002,35,35,35,0,5,15,15,5,0,5
2006,40,35,11,15,5,24,25,0,0,5
2007,10,5,0,0,5,9,7,0,0,5
2008,54,0,0,2,0,7,14,0,0,5
2009,10,10,10,0,10,10,10,0,0,5
2010,35,15,10,6,9,10,20,5,0,5
2012,44,0,0,9,14,10,27,5,0,5
2013,35,19,15,10,15,10,10,0,0,5
2014,15,15,10,0,10,10,10,0,0,5
2015,35,0,5,15,0,15,15,5,0,5
2017,25,12,5,0,10,0,15,5,0,5
2020,30,11,5,9,10,13,15,5,0,5
2022,15,10,5,0,5,10,15,3,0,5
2023,20,11,10,0,10,10,5,0,0,5
2024,37,5,5,6,5,10,15,12,0,5
2025,22,0,0,0,5,5,5,0,0,5
2027,52,52,37,20,16,32,32,5,0,5
2028,16,5,5,3,5,12,12,7,0,5
2029,35,10,5,7,12,10,25,10,0,5
2030,30,15,10,5,10,11,15,10,0,5
2031,35,20,19,6,15,15,15,10,0,5
2032,35,5,5,5,10,7,20,10,0,5
2033,44,4,3,2,5,7,14,3,0,5
2034,40,24,10,5,4,10,15,15,0,5
2035,393,0,0,23,0,113,220,87,0,5
2038,15,10,10,0,10,15,10,0,0,5
2049,45,43,45,18,10,21,25,5,0,5
2059,35,0,35,11,5,15,15,10,0,5
2061,39,0,0,12,0,5,19,2,0,5
2062,40,0,2,4,0,15,20,5,0,5
2063,129,0,0,17,0,70,56,8,0,5
2064,238,0,0,55,0,37,39,10,0,5
2065,291,0,0,30,1,37,82,23,0,5
2066,68,0,0,19,0,22,30,14,0,5
2067,164,0,0,14,0,40,61,62,0,5
2069,81,20,15,12,20,33,30,5,0,5
2070,506,0,0,10,0,105,12,5,0,5
2072,99,0,3,2,0,0,0,0,0,5
2073,52,0,0,0,0,0,0,0,0,5
2101,45,35,30,10,15,4,30,1,0,5
2102,22,9,5,0,0,0,0,0,0,5
2103,35,30,17,14,14,15,20,5,0,5
2104,39,38,29,10,10,15,12,0,0,5
2105,35,35,35,0,0,0,0,15,0,5
2106,35,15,10,5,0,0,5,0,0,5
2107,45,9,0,0,5,10,15,5,0,5
2108,35,24,15,11,10,10,20,10,0,5
2109,25,1,0,5,0,5,10,0,0,5
2114,35,0,1,11,11,10,10,0,0,5
2115,37,0,0,11,5,5,15,10,0,5
2201,37,37,32,5,0,0,20,5,0,5
2204,35,23,6,10,5,0,5,0,0,5
2206,37,25,11,12,0,0,12,0,0,5
2207,35,0,35,5,10,9,10,5,0,5
2208,25,20,3,0,0,0,5,5,0,5
2211,174,10,9,38,0,32,38,0,0,5
2221,35,10,5,10,18,20,20,10,0,5
2227,35,0,6,15,4,0,10,5,0,5
2228,35,4,8,10,9,10,10,10,0,5
2230,45,0,0,6,0,5,19,9,0,5
2231,42,8,41,5,5,10,10,15,0,5
2233,35,4,10,5,5,9,20,10,0,5
2235,96,0,0,6,4,14,6,18,0,5
2236,43,0,0,9,7,15,10,0,0,5
2237,924,9,0,106,0,0,0,0,0,5
2239,41,4,10,14,5,10,0,0,5,5
2241,679,16,40,101,0,263,337,0,0,5
2243,22,0,0,0,0,5,7,2,7,5
2247,540,0,6,26,0,62,0,0,0,5
2248,801,0,0,0,0,0,0,0,0,5
2250,10,0,5,0,0,0,0,0,5,5
2254,24,0,0,0,0,0,0,0,0,5
2301,40,40,40,19,10,0,20,0,0,5
2302,15,0,0,5,0,0,0,0,0,5
2303,37,37,37,15,6,10,27,0,0,5
2305,5,5,0,5,0,0,0,0,0,5
2308,35,35,35,6,6,5,5,5,0,5
2311,29,29,24,18,0,0,1,1,0,5
2312,35,34,20,10,0,5,10,4,0,5
2313,35,35,35,15,14,0,10,5,0,5
2314,30,23,18,5,10,5,15,5,0,5
2316,40,32,27,20,10,5,15,0,0,5
2317,42,42,42,14,5,10,5,0,0,5
2321,73,5,0,5,0,7,36,15,0,5
2323,20,20,20,5,2,0,10,0,0,5
2324,37,37,37,24,0,5,10,5,0,5
2325,24,24,14,5,0,0,0,3,0,5
2327,53,43,43,26,1,21,21,14,0,5
2328,35,32,24,5,24,10,15,0,0,5
2329,15,15,5,0,5,5,10,0,0,5
2330,75,75,75,31,36,13,25,20,0,5
2331,20,16,11,2,4,5,0,0,0,5
2332,30,30,18,7,0,0,5,0,0,5
2337,30,30,30,10,7,15,25,5,0,5
2338,25,20,20,5,10,20,10,0,0,5
2340,40,40,25,15,15,0,10,10,0,5
2342,25,15,10,18,14,5,11,0,0,5
2344,40,40,40,10,19,10,20,5,0,5
2345,35,35,35,14,22,15,20,5,0,5
2347,35,35,35,15,4,5,10,5,0,5
2348,237,0,5,11,8,54,78,27,0,5
2349,20,20,20,5,5,0,5,10,0,5
2351,35,25,26,9,25,10,10,0,0,5
2352,35,35,35,18,6,10,10,5,0,5
2353,35,35,35,13,8,10,15,0,0,5
2354,37,37,37,8,0,0,5,5,0,5
2355,35,26,25,6,5,5,15,5,0,5
2356,35,35,35,13,4,10,20,15,0,5
2357,35,35,35,8,0,15,5,10,0,5
2358,37,15,7,6,6,22,34,14,0,5
2359,35,18,5,9,0,3,15,5,0,5
2360,35,23,35,22,7,15,25,5,0,5
2362,35,4,2,0,0,23,15,0,0,5
2363,20,20,15,6,12,10,5,0,0,5
2364,25,0,0,0,1,7,15,2,0,5
2365,30,9,1,9,0,0,15,5,0,5
2367,25,25,20,6,8,5,10,0,0,5
2368,10,10,10,7,0,5,10,0,0,5
2369,25,15,10,0,10,5,15,5,0,5
2371,7,7,7,0,0,0,5,5,0,5
2373,42,0,0,23,0,0,5,0,0,5
2374,35,8,5,10,5,5,18,0,0,5
2375,37,32,28,3,11,22,20,5,0,5
2376,35,34,33,15,17,20,20,10,0,5
2377,35,35,35,12,15,15,21,10,0,5
2379,35,33,35,19,20,20,20,10,0,5
2380,10,5,5,5,5,0,5,0,0,5
2382,35,35,35,25,6,10,5,5,0,5
2383,35,35,35,23,15,10,15,10,0,5
2385,50,34,50,10,5,15,10,10,0,5
2387,46,20,20,13,5,10,32,5,0,5
2388,10,10,10,0,0,3,2,0,0,5
2390,15,5,5,0,0,0,5,0,0,5
2392,35,25,15,7,3,0,10,5,0,5
2393,35,30,25,11,0,2,10,0,0,5
2395,35,11,35,10,8,10,5,10,0,5
2397,39,1,0,13,0,21,10,2,0,5
2399,15,15,15,4,5,9,5,0,0,5
2401,35,34,25,16,10,4,10,0,0,5
2402,22,14,7,10,0,5,10,2,0,5
2404,40,40,38,11,19,20,15,10,0,5
2405,10,10,10,8,4,5,10,5,0,5
2406,20,20,10,5,0,0,10,0,0,5
2408,35,35,35,10,6,25,20,5,0,5
2409,30,30,30,5,10,5,15,10,0,5
2412,35,35,35,23,5,0,0,5,0,5
2413,10,0,5,5,0,0,0,0,0,5
2414,35,6,0,25,5,5,10,5,0,5
2415,40,5,5,8,20,5,25,15,0,5
2417,40,17,20,5,5,10,15,5,0,5
2419,40,28,25,11,5,21,15,10,0,5
2420,35,3,1,19,0,0,15,10,0,5
2421,35,29,25,11,15,10,15,10,0,5
2423,35,0,0,14,8,5,10,5,0,5
2424,589,0,0,45,0,296,127,113,0,5
2425,30,11,0,6,5,10,10,10,0,5
2426,35,31,15,13,15,8,20,5,0,5
2427,35,16,0,13,3,20,10,0,0,5
2428,35,13,22,12,20,0,15,10,0,5
2429,359,0,0,1,0,105,213,45,0,5
2430,35,5,0,15,15,0,20,5,0,5
2431,20,5,5,5,0,0,0,0,0,5
2433,35,0,0,15,0,0,10,5,0,5
2434,52,0,0,14,0,10,37,19,0,5
2436,40,34,30,17,10,15,25,10,0,5
2437,17,1,0,7,0,0,0,0,0,5
2438,35,0,0,4,0,0,17,6,0,5
2439,45,30,45,15,10,20,10,10,0,5
2440,55,5,0,12,0,0,12,36,0,5
2441,35,16,20,12,10,10,15,10,0,5
2442,30,20,9,13,5,15,15,0,0,5
2443,13,0,0,4,0,5,6,5,0,5
2444,20,13,10,10,6,5,5,0,0,5
2448,25,25,25,2,1,0,0,0,0,5
2449,35,35,35,15,10,15,10,10,0,5
2450,35,0,0,10,0,0,15,5,0,5
2451,35,15,25,9,0,10,5,10,0,5
2453,35,10,4,10,5,15,15,5,0,5
2454,37,37,37,19,11,15,20,15,0,5
2455,40,38,40,9,5,15,20,15,0,5
2456,61,59,55,18,0,31,20,11,0,5
2457,10,10,10,10,5,5,0,0,0,5
2458,40,40,40,24,5,15,20,0,0,5
2459,35,0,0,10,0,5,10,5,0,5
2460,5,3,5,0,2,0,5,5,0,5
2461,35,25,10,8,4,5,25,0,0,5
2462,30,4,0,9,5,0,5,0,0,5
2464,35,23,12,11,5,10,5,0,0,5
2465,15,10,5,9,5,5,10,5,0,5
2466,10,0,0,1,0,0,0,0,0,5
2467,30,20,15,11,15,20,10,0,0,5
2468,35,0,0,14,0,10,3,8,0,5
2471,35,0,0,11,5,0,20,5,0,5
2472,40,23,29,20,15,5,20,10,0,5
2474,37,37,37,3,5,5,11,5,0,5
2475,15,14,1,3,0,0,5,2,0,5
2476,35,10,10,15,10,5,15,0,0,5
2477,37,7,5,16,5,10,15,0,0,5
2478,45,25,21,5,9,10,20,10,0,5
2480,40,10,5,23,10,12,5,15,0,5
2481,35,31,25,11,15,5,15,0,0,5
2482,21,5,5,5,1,4,9,7,0,5
2483,35,5,0,10,0,10,15,5,0,5
2484,35,25,15,10,5,5,20,0,0,5
2485,25,20,17,4,0,0,10,0,0,5
2486,10,10,10,5,10,10,10,5,0,5
2488,35,3,5,15,5,10,10,0,0,5
2489,25,25,20,6,8,15,11,5,0,5
2491,63,0,0,0,10,16,17,23,0,5
2492,45,45,45,13,0,20,20,15,0,5
2493,35,5,5,7,5,5,15,5,0,5
2495,35,8,5,11,2,5,10,5,0,5
2496,119,1,10,5,0,61,60,10,0,5
2497,15,6,5,5,5,5,5,0,0,5
2498,12,12,12,0,5,0,7,2,0,5
2499,23,17,1,0,0,9,1,1,0,5
2501,35,17,5,6,5,10,14,5,0,5
2504,35,30,20,15,10,5,15,0,0,5
2505,45,14,10,5,10,27,15,2,0,5
2506,34,0,0,0,0,5,15,10,0,5
2509,35,0,0,10,5,20,15,0,0,5
2511,35,27,0,20,0,10,10,5,0,5
2514,32,3,0,5,0,17,20,11,0,5
2515,35,35,20,9,2,4,10,5,0,5
2516,15,2,0,6,0,5,5,0,0,5
2520,35,34,25,10,5,20,15,0,0,5
2524,12,0,0,2,0,2,2,0,0,5
2527,37,1,0,6,10,20,15,10,0,5
2528,79,0,0,3,5,36,31,5,0,5
2530,30,7,0,4,0,8,10,10,0,5
2534,40,29,10,20,6,20,20,5,0,5
2535,37,21,3,16,0,20,22,2,0,5
2536,35,6,0,14,2,13,15,3,0,5
2537,20,10,0,10,5,15,10,10,0,5
2538,35,21,0,10,2,10,10,5,0,5
2539,49,0,0,35,0,20,17,10,0,5
2540,230,0,0,9,0,129,98,32,0,5
2542,40,40,40,18,0,20,20,5,0,5
2543,20,0,0,4,0,7,12,7,0,5
2545,35,7,5,17,2,25,15,10,0,5
2546,37,0,0,10,10,22,22,0,0,5
2547,20,20,0,0,0,0,0,0,0,5
2548,35,25,27,10,5,20,20,5,0,5
2596,48,0,0,9,5,22,27,7,0,5
2597,43,0,6,16,15,15,20,15,0,5
2601,22,22,12,4,1,0,15,15,0,5
2603,30,30,30,1,15,10,20,5,0,5
2605,35,26,10,14,6,10,10,5,0,5
2606,35,30,15,8,10,15,20,5,0,5
2607,35,15,10,2,7,5,5,5,0,5
2608,35,5,7,7,5,0,5,5,0,5
2609,15,15,15,2,5,10,10,5,0,5
2610,20,20,20,0,5,5,10,0,0,5
2611,20,0,0,3,5,5,5,0,0,5
2612,35,9,10,0,14,5,20,0,0,5
2613,45,0,0,9,0,0,25,5,0,5
2614,30,29,20,5,15,5,20,5,0,5
2615,35,35,22,14,10,10,30,5,0,5
2616,35,2,0,26,5,7,15,5,0,5
2617,30,20,13,10,15,15,13,18,0,5
2618,35,35,35,11,8,5,5,10,0,5
2630,183,3,0,10,0,54,89,0,0,5
2633,83,80,41,24,5,0,30,5,0,5
2634,40,40,27,1,0,5,20,5,0,5
2636,45,22,24,8,20,25,30,0,0,5
2637,45,25,20,10,13,15,25,10,0,5
2640,67,0,0,31,12,5,15,5,0,5
2641,35,20,10,10,10,15,24,15,0,5
2642,35,10,14,5,15,0,15,0,0,5
2643,81,0,5,9,15,38,30,7,0,5
2701,43,0,0,2,0,0,0,0,0,5
2702,30,0,0,7,0,15,5,11,0,5
2704,25,0,0,2,0,0,0,0,0,5
2705,15,5,0,5,5,5,0,0,0,5
2706,35,5,0,0,0,0,5,5,0,5
2707,40,0,18,5,9,0,10,5,0,5
2712,435,0,0,139,0,31,88,95,0,5
2718,773,0,0,38,0,48,263,11,0,5
2719,211,0,0,7,0,11,148,30,0,5
2722,415,0,0,22,0,52,76,54,0,5
2723,40,5,35,8,11,0,15,10,0,5
2724,422,0,0,26,0,0,185,67,0,5
2726,64,0,0,13,0,5,36,15,0,5
2727,35,5,18,5,10,0,10,0,0,5
2729,35,0,0,5,5,0,0,0,0,5
2731,30,0,6,10,0,5,0,0,0,5
2732,35,4,10,10,5,15,10,10,0,5
2734,96,0,0,2,0,6,27,7,0,5
2736,78,0,0,0,0,6,11,12,0,5
2739,68,2,0,10,0,0,0,0,0,5
2740,247,0,0,12,0,11,110,56,0,5
2743,871,0,0,0,0,118,341,0,0,5
2745,509,0,0,16,0,34,71,0,0,5
2748,189,0,5,10,0,14,2,0,0,5
2752,277,0,0,1,1,56,12,12,0,5
2753,64,0,0,0,0,26,11,0,0,5
2754,224,0,0,0,0,23,0,0,0,5
2755,297,0,0,0,0,3,0,0,0,5
2756,200,0,0,9,0,14,41,0,0,5
2801,35,35,35,14,5,0,10,10,0,5
2809,42,34,22,7,0,13,12,6,0,5
2812,50,50,33,31,6,10,0,15,0,5
2816,35,0,0,0,0,9,7,2,0,5
2820,35,19,0,12,0,0,5,5,0,5
2823,55,55,53,20,5,13,22,7,0,5
2832,35,4,0,12,0,10,5,0,0,5
2834,35,35,35,19,10,0,10,5,0,5
2836,40,18,0,34,0,5,5,15,0,5
2838,35,28,0,22,5,5,5,5,0,5
2841,18,9,0,4,0,2,9,1,0,5
2845,35,35,15,21,4,5,0,5,0,5
2847,6,6,0,0,0,0,0,0,0,5
2849,37,1,0,16,0,4,12,5,0,5
2850,35,1,0,14,5,5,10,0,0,5
2851,35,5,5,8,5,5,15,5,0,5
2852,30,0,0,15,0,0,15,0,0,5
2855,35,19,10,9,3,15,15,0,0,5
2856,29,21,6,10,0,0,21,7,0,5
2867,53,53,3,13,0,1,22,12,0,5
2880,35,35,35,35,5,2,13,4,0,5
2881,40,40,40,19,15,10,20,0,0,5
2882,40,40,40,20,0,15,25,10,0,5
2883,35,35,35,15,10,5,20,0,0,5
2884,40,40,40,32,5,5,0,15,0,5
2885,40,40,40,10,5,10,10,5,0,5
2886,35,35,35,31,5,0,5,0,0,5
2887,35,35,35,27,0,10,5,5,0,5
2888,50,50,48,20,0,17,13,2,0,5
2889,52,52,28,37,0,30,10,20,0,5
2890,35,35,35,28,8,10,10,5,0,5
2891,40,40,40,25,0,15,10,5,0,5
2892,35,35,35,34,0,10,0,0,0,5
2897,136,37,0,46,0,9,5,5,0,5
2901,51,0,0,4,0,0,11,0,0,5
2903,35,28,9,17,5,0,15,10,0,5
2904,35,0,0,15,5,5,0,0,0,5
2905,35,17,3,15,5,15,20,10,0,5
2906,35,5,0,10,0,10,15,0,0,5
2908,35,5,0,10,0,0,5,0,0,5
2910,383,0,0,45,0,122,149,66,0,5
2911,10,0,0,0,0,0,5,0,0,5
2912,36,30,36,11,0,0,0,5,0,5
2913,25,19,5,5,5,10,5,0,0,5
2915,45,45,45,15,20,10,30,15,0,5
2916,234,0,0,44,0,2,62,27,0,5
2923,62,0,0,10,0,5,23,7,0,5
2924,267,0,0,16,0,0,85,20,0,5
2926,47,0,0,10,1,12,1,1,0,5
2928,62,0,1,5,0,7,19,0,0,5
2929,40,19,20,15,0,5,20,15,0,5
2936,30,0,0,5,0,0,2,3,0,5
2937,468,0,0,22,0,141,145,10,0,5
2938,1207,0,0,0,0,0,0,0,0,5
2939,101,0,0,3,0,0,0,0,0,5
2941,37,0,0,0,0,0,37,0,0,5
2945,427,0,0,13,0,3,176,0,0,5
2947,154,0,0,9,0,11,0,0,0,5
2948,202,0,0,0,0,0,147,0,0,5
3002,34,0,0,8,0,10,6,0,0,5
3003,35,17,15,1,5,10,15,10,0,5
3004,35,3,5,5,6,10,10,0,0,5
3005,35,29,32,10,5,10,5,0,0,5
3006,35,31,30,5,10,10,20,5,0,5
3008,35,3,35,16,5,1,7,7,0,5
3010,35,7,10,21,0,5,15,10,0,5
3011,5,3,0,0,5,5,5,0,0,5
3013,35,11,0,15,0,10,20,10,0,5
3014,35,12,15,10,14,15,15,5,0,5
3015,35,3,0,15,5,0,15,5,0,5
3016,30,30,30,10,20,15,20,10,0,5
3017,35,35,35,15,10,0,20,5,0,5
3018,17,12,7,11,6,0,5,5,0,5
3019,30,30,30,3,10,10,20,10,0,5
3021,35,0,0,4,5,4,20,0,0,5
3022,45,7,4,18,0,0,10,5,0,5
3023,35,23,30,22,15,0,6,0,0,5
3024,22,7,0,5,5,0,10,5,0,5
3025,25,8,5,10,10,5,5,0,0,5
3026,40,25,27,26,5,10,10,5,0,5
3027,15,0,0,0,0,5,5,5,0,5
3028,35,18,10,15,9,5,15,0,0,5
3029,40,21,14,12,10,15,15,5,0,5
3030,35,15,10,15,5,15,5,5,0,5
3031,35,14,5,7,10,5,10,10,0,5
3032,35,4,0,9,5,10,10,5,0,5
3033,40,17,10,11,10,5,15,15,0,5
3034,35,35,35,11,17,15,15,10,0,5
3035,35,35,35,13,15,5,20,10,0,5
3036,44,39,32,16,5,30,10,7,0,5
3037,35,35,35,20,19,5,25,10,0,5
3038,35,23,10,12,15,15,10,5,0,5
3040,35,4,3,20,10,10,20,5,0,5
3041,10,10,10,9,0,5,5,5,0,5
3042,35,29,25,13,8,5,19,14,0,5
3043,7,0,0,0,0,0,2,0,0,5
3044,35,31,35,16,10,4,15,5,0,5
3045,35,35,35,21,0,5,0,10,0,5
3046,35,5,5,10,5,15,28,24,0,5
3047,25,10,9,10,0,5,5,0,0,5
3048,37,19,7,8,9,5,17,0,0,5
3049,20,20,20,12,8,2,15,5,0,5
3050,40,22,6,18,5,5,15,10,0,5
3051,11,6,5,4,5,0,11,2,0,5
3052,30,10,0,5,0,13,5,0,0,5
3054,28,0,0,3,0,6,7,2,0,5
3055,42,5,0,9,10,20,10,0,0,5
3056,40,30,10,8,13,5,15,0,0,5
3057,15,9,0,10,0,0,10,5,0,5
3058,30,5,5,3,10,0,10,10,0,5
3059,35,29,25,10,4,10,18,15,0,5
3060,25,18,10,1,5,5,10,10,0,5
3062,35,26,10,2,5,5,10,0,0,5
3064,134,0,0,0,0,60,79,82,0,5
3066,144,0,0,14,1,7,93,12,0,5
3067,466,0,0,12,0,83,193,129,0,5
3071,40,25,10,15,5,10,17,2,0,5
3073,154,0,0,10,0,52,13,3,0,5
3078,35,21,15,10,10,10,20,5,0,5
3081,35,20,35,2,3,5,15,0,0,5
3083,5,5,5,5,0,0,5,0,0,5
3085,114,0,0,8,0,17,36,13,0,5
3086,307,0,0,37,0,77,162,23,0,5
3088,35,1,0,17,5,10,20,5,0,5
3089,78,0,0,7,0,6,55,8,0,5
3090,35,23,23,6,5,10,15,5,0,5
3092,35,20,15,14,17,15,15,10,0,5
3093,263,0,0,15,5,64,81,23,0,5
3094,35,21,14,5,5,0,20,0,0,5
3095,79,0,0,4,0,3,53,21,0,5
3105,40,40,40,15,15,15,20,10,0,5
3114,39,10,15,14,10,20,22,0,0,5
3115,329,0,0,8,0,68,115,110,0,5
3118,73,0,0,12,0,20,23,31,0,5
3122,48,6,5,2,5,6,10,10,0,5
3128,30,8,5,6,5,5,15,0,0,5
3130,196,0,0,51,0,9,37,59,0,5
3131,37,5,12,12,10,19,7,0,0,5
3135,19,0,0,0,0,0,0,0,0,5
3138,875,6,11,84,5,265,122,0,0,5
3141,35,22,16,11,10,15,25,10,0,5
3144,47,12,12,13,0,7,15,4,0,5
3147,594,6,2,10,10,168,158,0,0,5
3149,10,5,0,0,5,0,5,0,0,5
3150,943,0,0,99,0,0,0,0,0,5
3152,35,1,25,11,10,10,10,10,0,5
3158,746,0,0,101,0,0,0,0,0,5
3162,113,0,0,5,0,56,33,23,0,5
3163,25,5,10,5,9,5,6,0,0,5
3164,22,2,2,7,1,10,7,5,0,5
3167,35,10,13,10,12,10,20,5,0,5
3168,1206,0,0,27,0,0,745,0,0,5
3169,40,10,10,11,10,22,20,5,0,5
3171,107,0,0,34,0,4,77,16,0,5
3176,5,0,0,0,0,5,5,0,0,5
3178,465,0,5,33,5,121,170,0,0,5
3188,69,0,0,2,0,21,43,14,0,5
3189,35,35,35,12,15,11,15,5,0,5
3191,15,0,0,4,0,5,7,0,0,5
3202,18,8,1,5,0,3,8,2,0,5
3205,20,3,7,0,2,3,10,5,0,5
3206,35,1,0,15,5,10,10,0,0,5
3207,188,5,0,17,0,17,107,86,0,5
3209,40,6,0,7,1,5,15,0,0,5
3211,35,9,13,10,10,15,10,0,0,5
3213,35,5,5,16,5,10,15,5,0,5
3217,42,20,25,17,25,25,20,15,0,5
3218,40,10,20,3,15,10,23,5,0,5
3219,383,0,0,6,0,82,147,115,0,5
3221,40,24,22,25,21,15,20,5,0,5
3224,20,3,5,6,5,10,10,0,0,5
3226,101,0,0,22,0,45,45,8,0,5
3227,35,25,35,14,10,15,15,15,0,5
3228,14,4,5,0,5,0,5,0,0,5
3229,7,0,0,0,0,2,5,0,0,5
3230,67,2,0,2,0,14,19,30,0,5
3231,35,35,35,14,7,5,10,0,0,5
3232,35,0,0,0,5,20,25,15,0,5
3234,20,10,10,0,0,0,10,0,0,5
3236,35,16,10,15,10,10,5,0,0,5
3252,39,0,0,0,0,16,11,7,0,5
3257,35,5,10,15,8,10,25,5,0,5
3259,17,4,0,5,0,5,12,5,0,5
3260,35,35,35,4,10,15,25,5,0,5
3264,37,37,37,25,10,12,20,0,0,5
3265,35,0,0,5,0,10,15,0,0,5
3266,17,4,0,10,1,11,5,0,0,5
3268,25,0,0,0,10,9,17,4,0,5
3272,35,3,0,12,0,10,5,0,0,5
3276,90,10,0,12,8,16,27,13,0,5
3284,33,3,0,5,5,2,15,10,0,5
3285,35,3,0,7,1,10,20,0,0,5
3287,64,0,0,6,0,9,18,5,0,5
3288,454,0,0,14,0,36,228,124,0,5
3289,55,7,28,0,7,0,10,5,0,5
3290,35,14,5,15,6,5,10,5,0,5
3293,35,17,33,5,15,25,20,5,0,5
3294,35,5,5,5,0,0,5,0,0,5
3296,30,2,0,0,5,10,5,0,0,5
3297,25,2,0,4,0,5,10,0,0,5
3303,35,0,0,5,10,7,15,5,0,5
3305,37,10,10,11,15,10,20,5,0,5
3306,43,6,5,21,2,24,10,5,0,5
3308,72,2,0,5,5,7,33,16,0,5
3310,53,6,0,9,5,30,26,5,0,5
3311,15,5,0,4,0,0,0,0,0,5
3312,35,15,5,11,14,15,20,5,0,5
3313,5,0,0,1,0,0,0,0,0,5
3315,17,0,0,12,0,0,0,0,0,5
3317,25,16,17,1,15,5,16,5,0,5
3321,30,1,0,1,0,0,10,10,0,5
3322,14,5,5,5,5,5,5,2,0,5
3323,35,17,10,9,8,12,20,5,0,5
3324,40,37,36,11,15,25,19,14,0,5
3325,30,12,4,10,15,15,10,5,0,5
3332,603,0,0,95,0,63,166,124,0,5
3338,40,15,15,4,15,5,10,5,0,5
3339,132,6,4,11,5,16,37,23,0,5
3346,175,11,13,21,5,78,39,5,0,5
3349,1343,0,0,0,0,559,511,0,0,5
3354,54,9,5,14,0,7,5,5,0,5
3356,20,5,5,10,3,0,0,0,0,5
3357,830,24,36,86,0,252,140,0,0,5
3360,35,3,5,5,13,20,10,5,0,5
3362,30,25,25,21,15,5,15,0,0,5
3363,30,8,10,2,5,5,20,10,0,5
3372,12,0,0,5,5,5,5,6,0,5
3373,35,10,7,0,10,10,15,10,0,5
3374,15,13,10,0,0,0,5,0,0,5
3376,35,27,35,12,13,6,11,7,0,5
3379,19,0,0,4,0,7,7,0,0,5
3380,35,30,25,18,2,5,5,10,0,5
3383,24,5,0,0,0,5,10,4,0,5
3388,40,0,0,13,2,8,20,15,0,5
3390,35,5,5,20,10,10,20,5,0,5
3402,35,7,0,18,15,1,20,5,0,5
3406,30,30,30,17,15,20,10,0,0,5
3413,35,24,33,10,10,20,10,10,0,5
3416,35,0,0,15,0,10,15,10,0,5
3419,15,5,5,0,0,0,5,0,0,5
3426,165,0,0,26,0,48,4,18,0,5
3430,1076,0,0,27,0,300,536,0,0,5
3431,52,1,0,0,0,0,0,0,0,5
3432,35,5,0,14,5,5,15,5,0,5
3434,302,0,0,22,0,63,143,34,0,5
3437,20,5,5,1,5,0,5,0,0,5
3438,22,5,5,5,5,15,17,10,0,5
3441,30,6,5,12,5,15,15,0,0,5
3443,35,25,30,5,14,20,20,5,0,5
3444,47,4,5,7,10,5,20,11,0,5
3447,43,0,0,0,0,25,43,0,0,5
3450,35,18,30,5,5,5,19,4,0,5
3452,20,6,0,1,0,0,0,0,0,5
3454,43,2,15,6,0,12,10,6,0,5
3455,37,11,10,11,15,11,20,5,0,5
3465,563,0,1,41,5,78,223,115,0,5
3466,184,2,0,12,0,63,79,21,0,5
3474,8,8,8,6,0,0,0,0,0,5
3479,35,0,5,5,10,15,20,10,0,5
3481,35,35,35,6,10,10,15,10,0,5
3483,40,28,25,10,20,16,20,10,0,5
3484,35,10,9,10,14,8,10,9,0,5
3485,1274,0,0,0,0,0,0,0,0,5
3489,50,4,0,0,0,22,28,13,0,5
3490,45,18,9,11,0,15,30,10,0,5
3491,40,17,23,22,10,5,20,5,0,5
3492,41,3,0,1,5,5,20,10,0,5
3494,10,0,0,0,0,0,2,2,0,5
3498,25,9,10,2,0,5,5,0,0,5
3499,20,5,5,5,10,0,10,10,0,5
3501,35,1,0,15,5,0,5,5,0,5
3504,15,9,10,0,5,5,5,5,0,5
3508,5,5,5,5,5,5,5,0,0,5
3511,27,11,10,0,5,10,10,2,0,5
3512,24,0,0,0,5,10,12,0,0,5
3514,19,18,11,2,0,0,0,0,0,5
3515,35,20,25,15,15,20,18,3,0,5
3516,59,0,0,7,0,18,19,2,0,5
3518,15,4,0,4,0,0,5,0,0,5
3519,15,12,5,2,0,0,0,0,0,5
3520,17,0,0,10,0,6,5,5,0,5
3521,30,0,0,8,0,11,15,13,0,5
3522,5,0,0,0,0,0,0,0,0,5
3523,67,0,0,0,0,30,41,5,0,5
3526,40,28,30,11,15,21,20,10,0,5
3527,35,15,20,15,20,8,20,15,0,5
3528,35,0,0,15,0,15,5,0,0,5
3529,35,5,35,10,15,20,15,15,0,5
3530,385,10,15,22,5,296,238,5,0,5
3531,134,0,0,16,0,23,67,53,0,5
3532,40,34,35,10,15,10,25,5,0,5
3533,40,26,36,20,20,30,10,5,0,5
3535,10,0,0,0,0,0,5,0,0,5
3536,46,8,7,1,0,9,15,2,0,5
3537,35,5,5,12,5,10,15,0,0,5
3540,35,13,15,15,15,15,10,0,0,5
3541,40,0,10,13,10,20,15,15,0,5
3543,764,6,0,112,0,13,412,0,0,5
3545,40,40,30,10,16,23,32,15,0,5
3546,30,5,15,10,9,15,5,5,0,5
3548,35,10,9,4,10,15,20,5,0,5
3550,35,2,4,0,5,10,10,5,0,5
3551,36,12,12,23,0,6,25,15,0,5
3552,25,21,25,0,10,0,10,8,0,5
3555,229,0,0,16,0,37,123,41,0,5
3556,35,8,10,10,6,10,15,15,0,5
3557,42,1,7,8,1,17,17,2,0,5
3558,35,0,10,5,0,10,5,5,0,5
3559,17,0,0,5,0,0,0,0,0,5
3561,14,12,2,2,0,0,0,0,0,5
3562,239,0,0,6,0,0,0,0,0,5
3563,50,13,39,8,10,21,20,5,0,5
3564,58,0,0,10,0,21,14,12,0,5
3567,35,0,4,6,10,5,20,10,0,5
3570,65,0,0,17,0,30,32,29,0,5
3573,7,1,0,1,0,0,0,0,0,5
3576,27,27,22,2,0,10,12,7,0,5
3577,54,0,0,27,5,15,29,10,0,5
3579,15,2,0,2,0,2,0,0,0,5
3580,35,3,0,9,10,16,20,0,0,5
3581,57,0,0,7,0,10,23,5,0,5
3583,35,9,10,14,6,11,20,10,0,5
3584,6,3,0,0,0,0,0,0,0,5
3587,45,13,22,18,25,12,20,20,0,5
3588,35,10,10,8,15,15,20,10,0,5
3591,25,9,10,5,5,2,10,0,0,5
3592,760,62,146,144,0,363,182,0,0,5
3593,12,0,0,0,0,5,0,0,0,5
3594,35,7,0,10,0,10,5,0,0,5
3596,40,38,40,21,20,15,25,10,0,5
3597,991,4,0,10,5,135,483,0,0,5
3598,6,0,0,0,0,0,0,0,0,5
3605,40,20,20,9,6,29,11,0,0,5
3607,25,5,5,5,0,0,10,10,0,5
3609,158,0,0,11,9,12,99,22,0,5
3611,35,0,2,5,5,10,5,10,0,5
3615,30,7,9,8,0,15,20,5,0,5
3617,35,0,5,5,5,5,10,0,0,5
3622,25,0,0,6,0,10,10,0,0,5
3623,38,0,0,8,0,5,10,5,0,5
3624,35,17,15,10,20,20,20,5,0,5
3625,20,5,1,0,0,5,0,0,0,5
3628,52,0,0,5,0,2,19,5,0,5
3629,588,0,0,49,0,163,402,101,0,5
3630,10,5,5,1,5,5,5,0,0,5
3631,99,0,0,8,1,18,53,10,0,5
3632,28,0,0,5,0,5,16,11,0,5
3642,15,0,0,2,0,1,7,2,0,5
3645,35,13,15,5,5,15,14,5,0,5
3646,47,4,0,5,5,7,20,5,0,5
3652,55,0,0,22,3,12,19,10,0,5
3653,35,20,25,17,16,20,16,11,0,5
3661,30,25,25,13,13,15,17,0,0,5
3663,32,5,5,8,10,10,15,0,0,5
3664,32,0,0,3,0,0,8,2,0,5
3665,42,34,42,16,12,27,5,5,0,5
3666,30,10,6,6,15,10,20,15,0,5
3669,35,11,15,4,15,15,15,10,0,5
3672,37,5,5,10,5,3,0,5,0,5
3673,15,15,15,0,0,0,5,5,0,5
3675,45,15,10,24,15,21,18,15,0,5
3679,42,0,0,10,20,3,27,5,0,5
3680,65,32,40,20,30,30,43,5,0,5
3682,18,18,10,0,0,0,2,7,0,5
3684,93,0,0,17,0,24,14,13,0,5
3685,49,0,0,0,0,29,16,2,0,5
3686,12,0,0,2,0,10,5,5,0,5
3687,15,10,15,10,15,10,15,0,0,5
3689,40,10,10,9,5,5,15,5,0,5
3691,30,14,30,1,1,0,11,0,0,5
3693,26,4,0,4,0,11,8,7,0,5
3694,5,5,5,5,0,5,0,0,0,5
3698,30,27,15,1,1,5,9,2,0,5
3701,224,5,5,14,0,48,135,5,0,5
3702,42,42,42,25,0,10,10,5,0,5
3703,35,16,5,15,10,15,20,0,0,5
3704,15,10,10,5,0,0,5,0,0,5
3705,35,5,5,13,0,0,5,5,0,5
3706,35,35,30,24,9,20,15,10,0,5
3707,20,20,15,0,10,10,10,10,0,5
3708,31,15,30,10,0,7,5,0,5,5
3709,84,0,0,5,5,37,37,0,6,5
3710,5,5,0,5,0,0,0,0,0,5
3711,25,25,25,12,5,5,15,5,0,5
3712,15,5,5,5,5,10,10,0,5,5
3713,5,0,0,0,0,5,0,0,0,5
3714,5,5,5,0,0,0,0,0,5,5
4102,18,0,0,0,0,6,2,0,0,5
4104,40,3,0,15,0,0,10,0,0,5
4105,35,19,27,11,5,10,5,0,0,5
4106,35,13,9,0,0,0,5,0,0,5
4107,35,0,25,8,10,0,10,5,0,5
4108,10,0,0,5,0,10,5,0,0,5
4109,20,5,0,0,0,0,5,5,0,5
4111,35,0,0,10,0,0,11,14,0,5
4113,30,2,0,5,0,26,19,0,0,5
4114,42,15,10,19,4,12,15,6,0,5
4116,38,0,0,8,0,11,6,6,0,5
4119,35,15,20,11,10,10,10,0,0,5
4120,35,0,0,4,0,0,5,5,0,5
4121,30,5,5,3,10,5,20,0,0,5
4123,37,27,27,10,5,15,20,5,0,5
4126,35,3,10,13,5,5,15,0,0,5
4127,10,2,0,5,0,5,5,5,0,5
4128,12,12,12,7,1,1,0,0,0,5
4129,40,5,10,1,5,20,15,0,0,5
4130,43,14,8,0,2,6,7,0,0,5
4131,496,0,0,15,0,212,134,121,0,5
4133,35,10,12,13,5,5,5,5,0,5
4137,35,10,26,10,5,10,15,5,0,5
4138,37,0,0,16,0,0,0,0,0,5
4139,25,0,0,0,0,0,5,0,0,5
4141,20,8,8,7,1,7,3,1,0,5
4142,15,12,10,0,0,12,0,5,0,5
4144,45,5,1,7,0,6,0,7,0,5
4147,7,1,7,1,0,0,2,2,0,5
4148,25,2,0,5,5,10,10,0,0,5
4152,33,0,0,0,0,15,5,10,0,5
4153,25,0,0,5,0,5,10,15,0,5
4154,115,0,0,1,0,48,32,11,0,5
4155,214,1,0,40,0,104,10,5,0,5
4157,8,3,3,0,0,0,0,0,0,5
4160,24,0,0,10,0,7,12,0,0,5
4161,35,0,0,0,0,20,20,10,0,5
4162,35,16,27,7,0,15,20,5,0,5
4163,40,2,10,15,10,8,15,5,0,5
4164,35,9,5,16,5,10,20,5,0,5
4166,1129,6,0,13,0,0,0,0,0,5
4167,20,4,0,0,0,0,5,5,5,5
4168,10,0,0,5,0,5,0,2,0,5
4169,1058,0,0,75,0,0,0,0,0,5
4171,29,5,10,2,0,11,20,5,0,5
4173,40,1,3,3,10,14,20,5,0,5
4174,12,2,12,5,0,0,0,0,1,5
4175,96,0,2,13,5,0,32,8,0,5
4183,422,0,0,19,0,108,192,14,0,5
4188,10,0,0,5,0,0,10,0,0,5
4190,42,9,12,5,10,15,15,5,5,5
4192,14,1,4,2,2,5,0,2,0,5
4195,710,42,16,68,0,0,0,0,0,5
4198,26,0,0,0,0,9,11,7,0,5
4205,39,0,0,23,7,0,10,5,0,5
4207,25,0,0,11,0,5,11,0,0,5
4303,78,0,0,10,0,8,24,13,0,5
4304,341,0,0,20,0,76,138,75,0,5
4305,440,0,0,79,0,32,144,62,0,5
4306,42,23,10,6,5,14,15,5,0,5
4401,35,0,0,10,0,10,10,0,0,5
4402,53,0,0,3,0,7,23,31,0,5
4406,379,0,0,7,0,83,161,4,0,5
4413,527,0,0,10,0,241,183,0,0,5
4414,16,16,2,6,0,2,7,0,0,5
4416,585,0,0,59,0,272,181,81,0,5
4417,35,0,0,2,0,5,5,0,0,5
4419,1050,0,0,46,0,254,443,247,0,5
4420,60,5,0,19,1,21,24,19,0,5
4426,30,13,11,2,10,5,0,0,0,5
4429,389,0,0,52,0,112,238,47,0,5
4430,63,0,0,13,1,12,23,8,0,5
4432,27,0,0,0,0,7,5,2,0,5
4433,69,3,5,10,0,21,14,5,0,5
4438,156,0,0,0,2,67,15,10,0,5
4439,23,0,0,0,0,18,9,0,5,5
4440,389,0,0,7,0,58,7,0,0,5
4502,43,5,5,7,5,12,5,0,0,5
4503,27,0,0,6,5,10,6,0,0,5
4506,44,0,0,26,8,5,10,0,0,5
4510,25,0,0,4,0,10,5,0,0,5
4513,29,5,0,5,5,5,7,0,0,5
4523,40,0,0,3,1,4,21,10,0,5
4526,25,0,0,0,0,10,10,0,0,5
4527,48,0,0,15,5,5,17,5,0,5
4528,35,5,5,5,5,10,10,10,0,5
4529,5,0,0,0,0,0,5,0,0,5
4530,128,0,0,6,0,12,43,5,0,5
4532,35,6,5,6,0,5,0,0,0,5
4533,37,0,0,5,0,9,23,5,0,5
4534,20,6,5,5,5,5,15,5,0,5
4535,71,0,0,14,0,14,37,3,0,5
4536,35,4,10,10,5,5,20,10,0,5
4538,554,0,0,18,0,241,229,5,0,5
4540,463,24,78,36,0,266,79,0,0,5
4541,35,0,0,7,5,15,15,5,0,5
4542,233,0,0,12,0,107,63,10,0,5
4543,133,0,0,9,0,22,22,24,0,5
4545,35,0,0,10,5,15,10,10,0,5
4549,37,0,0,10,0,7,12,0,0,5
4550,64,0,0,8,5,17,23,15,1,5
4551,35,2,17,14,5,10,10,10,0,5
4552,30,5,5,10,0,0,0,0,0,5
4554,166,0,0,5,0,75,28,14,0,5
4555,37,0,0,0,0,12,15,5,0,5
4556,231,0,0,35,0,81,66,24,0,5
4557,37,0,0,13,0,11,5,10,5,5
4558,1429,0,0,0,0,523,536,0,0,5
4560,115,0,0,0,5,10,10,10,0,5
4561,268,0,0,56,0,181,124,0,0,5
4562,322,0,0,3,0,91,0,0,0,5
4563,497,0,0,1,0,109,30,10,0,5
4564,260,29,22,12,0,104,65,0,0,5
4566,223,0,0,0,0,5,5,0,0,5
4568,232,2,0,5,0,10,5,5,0,5
4571,24,0,0,7,0,5,10,5,1,5
4572,248,0,0,5,0,26,18,10,0,5
4576,74,0,0,0,0,11,28,0,0,5
4577,234,0,0,0,0,79,149,0,0,5
4580,152,0,0,17,0,23,50,10,0,5
4581,17,0,0,0,0,0,0,7,0,5
4582,320,4,0,37,0,0,0,0,0,5
4583,134,0,0,3,0,0,14,0,0,5
4584,53,0,0,0,0,0,0,0,0,5
4609,170,0,0,16,0,79,91,27,0,5
4702,24,0,0,6,0,15,16,0,0,5
4706,55,1,0,9,0,0,10,0,0,5
4707,35,15,0,11,5,5,5,5,0,5
4711,100,0,0,14,5,22,28,18,0,5
4712,31,0,0,1,0,13,9,1,0,5
4714,40,25,10,23,6,15,12,5,0,5
4716,37,0,0,14,5,5,15,0,0,5
4720,40,3,0,4,0,0,10,5,0,5
4721,35,20,20,10,18,10,20,5,0,5
4722,40,4,0,12,5,15,20,10,0,5
4725,18,2,3,3,0,8,10,4,0,5
4726,10,3,0,0,0,0,5,0,0,5
4728,27,0,0,5,5,17,15,0,0,5
4729,11,0,0,5,0,7,7,0,0,5
4733,12,9,10,0,0,0,0,0,0,5
4735,55,10,20,20,20,20,30,20,0,5
4736,35,15,30,8,15,20,20,5,0,5
4737,37,0,0,10,10,10,10,5,0,5
4739,50,41,43,17,21,20,30,20,0,5
4741,341,0,0,11,0,70,22,6,0,5
4743,13,9,7,3,1,8,0,0,0,5
4744,356,9,5,78,0,150,205,0,0,5
4745,37,3,5,8,0,14,10,5,0,5
4746,30,12,15,0,5,10,15,5,0,5
4747,161,0,0,11,0,19,11,25,0,5
4754,294,0,0,40,0,96,151,13,0,5
4755,48,5,5,23,16,13,12,10,0,5
4760,661,0,5,25,5,288,262,5,0,5
4763,40,0,0,14,5,15,11,7,5,5
4764,256,0,3,6,0,14,20,10,0,5
4766,202,0,6,6,0,7,10,0,0,5
4767,337,0,0,17,0,18,88,49,0,5
4768,226,2,30,18,0,81,168,0,0,5
4770,171,5,11,14,0,35,0,0,0,5
4771,20,0,0,0,0,0,0,0,0,5
4803,43,1,25,3,0,19,13,6,0,5
4804,26,0,0,0,0,0,9,0,0,5
4806,87,0,0,16,0,20,21,25,0,5
4807,134,0,0,2,0,14,16,2,0,5
4903,10,6,0,5,10,0,5,5,0,5
4904,35,35,35,18,0,0,5,5,0,5
4905,141,0,0,7,5,35,71,16,0,5
4906,30,26,25,8,5,5,10,0,0,5
4907,171,0,0,5,3,82,32,32,0,5
4908,35,2,5,1,9,10,13,9,0,5
4909,35,0,0,5,0,5,5,0,0,5
4911,29,0,0,4,0,16,6,0,0,5
4912,55,0,20,15,21,14,21,10,0,5
4915,35,35,35,14,5,5,5,0,0,5
4916,35,10,10,9,5,14,15,8,0,5
4919,47,44,47,32,20,10,15,2,0,5
4923,1025,7,7,37,0,426,329,0,0,5
4924,17,0,0,5,0,8,2,0,0,5
4927,35,19,20,15,15,5,10,5,0,5
4930,22,5,5,1,5,5,17,0,0,5
4931,374,5,0,19,0,108,56,0,0,5
4933,35,0,0,8,5,0,24,4,0,5
4934,20,20,15,10,1,5,10,5,0,5
4935,35,15,15,10,15,5,10,5,0,5
4938,37,37,37,19,7,7,5,0,0,5
4939,25,8,10,10,9,10,10,0,0,5
4942,35,20,5,14,5,9,21,6,0,5
4943,193,20,20,10,5,24,56,5,0,5
4944,31,4,0,11,0,8,16,10,0,5
4945,10,3,5,9,10,10,10,0,5,5
4946,19,2,0,5,0,6,10,5,0,5
4949,583,0,0,0,0,0,0,0,0,5
4950,309,0,0,9,0,115,170,61,0,5
4951,1016,3,0,57,0,213,417,0,0,5
4952,35,10,15,9,15,5,15,5,0,5
4953,40,5,10,13,15,20,25,9,0,5
4956,10,7,10,0,0,0,10,5,0,5
4958,37,37,37,5,6,10,10,5,0,5
4960,12,10,5,4,0,0,5,5,0,5
4961,424,46,33,57,15,209,86,10,0,5
4966,42,7,42,10,11,25,25,10,0,5
4967,491,14,10,20,5,130,291,0,0,5
4968,35,25,30,10,18,15,10,0,0,5
4971,35,1,2,10,0,18,10,5,0,5
4972,37,2,0,10,8,5,15,5,0,5
4973,36,11,5,7,10,10,16,5,0,5
4974,35,7,10,15,5,7,15,15,0,5
4976,15,13,15,5,10,5,10,0,0,5
4977,40,9,10,4,10,15,0,0,0,5
4979,20,12,5,0,0,1,0,0,0,5
4984,23,5,8,10,0,0,0,0,0,5
4987,75,0,0,19,0,12,12,3,0,5
4989,157,17,15,0,5,13,13,2,0,5
4991,32,9,17,10,1,7,0,5,0,5
4994,20,3,5,5,0,0,0,0,0,5
4995,63,0,0,16,6,30,14,27,0,5
4999,35,0,0,7,0,3,10,0,0,5
5007,37,1,0,0,0,10,12,10,0,5
5009,35,14,5,0,0,5,10,0,0,5
5011,234,10,10,27,0,88,143,71,0,5
5013,133,0,0,34,5,25,57,33,0,5
5014,20,15,10,0,10,5,5,0,0,5
5015,35,0,0,15,15,15,15,10,0,5
5016,119,0,0,40,1,11,33,28,0,5
5102,43,0,0,10,0,6,0,0,0,5
5201,41,0,0,5,5,5,17,5,0,5
5202,152,0,0,10,0,28,36,10,0,5
5203,35,0,5,5,5,0,10,5,0,5
5205,1143,0,0,6,0,462,481,454,0,5
5206,71,0,0,19,0,36,32,0,0,5
5209,180,0,0,57,0,35,10,42,0,5
5210,43,0,0,0,5,7,22,9,0,5
5211,27,0,0,0,0,0,10,0,0,5
5212,194,0,0,11,6,18,52,50,0,5
5213,40,14,5,17,0,18,15,10,0,5
5215,52,18,20,6,25,18,25,10,0,5
5220,346,3,0,18,0,144,153,0,0,5
5222,865,3,101,86,0,488,473,30,0,5
5223,25,2,5,10,5,5,6,1,5,5
5225,32,5,0,5,5,12,10,7,0,5
5227,30,23,5,2,0,15,15,10,0,5
5228,1395,0,0,0,0,433,522,0,0,5
5230,37,0,0,1,0,5,15,10,0,5
5234,35,4,5,10,15,0,10,10,0,5
5236,119,0,59,2,0,114,84,0,0,5
5243,35,24,23,21,6,10,10,10,0,5
5244,1039,3,0,99,0,206,626,0,0,5
5245,46,4,18,10,15,10,25,0,0,5
5251,29,6,0,10,0,6,4,0,0,5
5258,159,10,10,64,5,65,39,10,0,5
5259,127,0,0,6,0,21,0,0,0,5
5263,30,0,11,8,2,10,15,10,0,5
5264,45,35,45,15,5,6,16,7,0,5
5269,37,15,37,18,16,16,19,13,0,5
5272,20,0,0,0,5,4,10,10,0,5
5274,37,0,30,14,20,27,10,0,0,5
5276,354,0,0,19,0,29,143,25,0,5
5278,100,0,0,32,10,53,38,19,0,5
5281,44,1,1,7,0,8,12,5,0,5
5283,610,0,0,52,0,228,310,0,0,5
5284,48,0,0,9,5,3,12,5,0,5
5285,36,10,10,8,20,15,15,5,0,5
5287,78,0,3,26,1,5,7,20,0,5
5288,35,0,5,16,10,7,5,4,0,5
5289,35,12,30,15,10,20,10,15,0,5
5291,38,0,0,3,15,10,20,0,0,5
5292,448,0,0,0,0,0,174,0,0,5
5299,430,15,25,53,10,290,258,10,0,5
5301,15,0,0,0,0,0,5,0,0,5
5302,5,0,0,0,5,0,0,0,0,5
5304,105,4,0,6,0,0,0,0,0,5
5305,33,20,17,7,0,1,13,3,0,5
5306,46,5,11,8,5,20,14,5,0,5
5309,10,5,5,0,0,5,10,5,0,5
5310,17,0,0,1,0,6,6,0,0,5
5312,45,0,0,15,0,0,5,10,0,5
5314,133,0,0,19,0,4,59,27,0,5
5315,30,16,0,3,1,5,15,5,0,5
5317,37,18,13,9,0,0,0,0,0,5
5321,133,5,5,8,5,24,58,37,0,5
5324,25,0,0,0,0,13,7,5,0,5
5328,10,3,0,0,0,0,5,0,0,5
5340,11,0,0,0,0,1,2,2,0,5
5344,61,4,1,6,5,17,10,10,0,5
5345,113,0,0,0,0,32,26,8,0,5
5347,35,35,35,20,4,15,10,15,0,5
5348,533,0,0,41,0,111,212,116,0,5
5349,24,19,8,9,0,0,0,0,0,5
5351,15,15,10,5,5,5,5,5,0,5
5353,45,2,0,19,0,15,30,5,0,5
5355,5,0,0,0,0,0,0,0,0,5
5356,40,5,5,12,0,5,0,5,0,5
5364,711,0,0,12,0,146,211,99,0,5
5371,48,36,23,2,10,10,6,11,0,5
5381,125,0,0,13,1,15,56,34,0,5
5383,32,0,5,11,5,18,12,22,0,5
5386,98,12,5,4,10,35,84,20,0,5
5388,35,29,35,10,1,10,10,5,0,5
5392,37,18,5,15,0,9,15,0,0,5
5398,83,0,0,2,0,14,46,15,0,5
5403,35,0,0,30,5,23,15,5,0,5
5410,35,5,0,26,5,8,7,9,0,5
5425,35,35,35,5,15,10,10,10,0,5
5426,20,4,0,14,0,10,0,5,0,5
5432,354,0,0,45,0,63,136,106,0,5
5434,40,16,25,19,10,15,7,12,0,5
5438,37,7,4,12,0,7,22,7,0,5
5439,40,11,10,12,16,14,10,5,0,5
5443,35,22,10,11,12,10,25,5,0,5
5450,43,5,0,7,0,17,39,23,0,5
5452,30,14,5,5,11,15,20,5,0,5
5455,887,0,0,79,0,360,408,148,0,5
5457,20,17,17,5,5,10,10,0,0,5
5460,47,0,0,9,0,5,5,0,0,5
5464,25,0,0,5,5,5,10,0,0,5
5465,50,5,0,8,0,13,22,16,0,5
5468,340,0,0,12,0,28,103,137,0,5
5469,42,37,32,15,11,3,27,10,0,5
5471,35,11,15,12,10,5,20,10,0,5
5474,40,3,5,10,10,15,11,10,0,5
5475,15,11,5,0,5,15,10,0,0,5
5478,37,3,6,7,4,5,17,15,0,5
5481,22,5,0,6,0,8,5,0,0,5
5483,42,42,42,22,7,10,10,5,0,5
5484,15,0,0,5,0,5,0,0,0,5
5487,106,0,0,14,0,17,25,17,0,5
5488,15,7,0,10,7,0,5,0,0,5
5489,39,0,0,12,0,19,19,3,0,5
5490,35,7,10,6,0,10,5,0,0,5
5493,50,0,0,18,10,6,21,0,0,5
5498,22,1,0,0,2,5,10,5,0,5
5508,35,0,0,15,3,18,23,5,0,5
5511,57,0,0,18,0,19,22,0,0,5
5512,35,16,0,10,0,14,15,5,0,5
5514,74,0,0,21,6,21,25,4,0,5
5515,40,4,0,23,1,4,30,0,0,5
5516,270,0,0,27,0,124,116,71,0,5
5519,35,11,0,5,5,5,15,5,0,5
5520,88,0,0,31,0,35,40,5,0,5
5521,25,16,0,0,0,15,17,0,0,5
5522,45,21,20,12,6,12,25,15,0,5
5523,86,0,0,12,10,45,15,9,0,5
5525,40,0,0,6,5,10,10,5,0,5
5529,18,1,0,0,5,11,5,4,0,5
5530,35,0,5,8,0,10,20,9,0,5
5531,20,2,0,0,0,5,5,0,0,5
5533,35,1,0,14,0,19,15,0,0,5
5534,35,14,18,8,5,15,15,0,0,5
5536,40,2,17,25,10,25,10,5,0,5
5538,70,0,0,20,5,16,27,20,0,5
5543,173,0,0,30,0,39,106,48,1,5
5546,20,0,0,5,3,0,0,0,5,5
5547,469,0,0,0,0,0,0,0,0,5
5601,907,0,0,37,0,0,137,81,0,5
5603,37,0,0,8,10,5,10,4,0,5
5604,166,0,0,15,5,5,49,25,0,5
5607,30,16,10,25,18,10,10,5,0,5
5608,20,15,15,0,15,15,20,20,0,5
5609,40,16,20,22,25,20,25,10,0,5
5701,9,0,0,0,0,0,4,0,0,5
5703,874,0,0,84,0,17,298,126,0,5
5704,472,0,0,33,0,104,220,102,0,5
5706,35,3,5,15,0,5,10,5,0,5
5820,42,34,5,17,0,25,13,2,0,5
5864,336,8,5,70,6,229,291,0,0,5
5871,35,35,35,20,18,15,5,0,0,5
5876,177,155,89,63,0,13,0,5,0,5
5878,386,0,0,107,0,127,73,12,0,5
5880,40,40,40,35,4,9,10,15,0,5
5902,161,0,0,7,0,11,68,20,0,5
5903,49,2,3,16,2,0,7,7,0,5
5904,42,0,25,0,10,5,10,10,0,5
5905,35,5,3,0,0,0,10,5,0,5
5906,126,0,0,21,0,30,83,16,0,5
5907,35,0,0,2,5,0,10,5,0,5
6005,35,35,10,16,0,20,10,0,0,5
6015,20,14,5,1,10,11,10,0,0,5
6016,30,19,11,10,2,15,15,0,0,5
6020,31,0,0,10,4,27,15,5,0,5
6021,23,0,0,2,5,16,11,2,0,5
6023,45,0,0,11,2,14,5,10,0,5
6024,50,0,0,10,20,15,15,5,0,5
6026,58,21,15,10,20,32,24,5,0,5
6028,558,0,0,0,0,0,0,0,0,5
6101,21,0,0,6,0,0,10,12,0,5
6103,1040,0,0,10,0,487,525,170,0,5
6104,35,16,15,8,10,10,15,5,0,5
6108,30,17,1,10,10,0,10,0,0,5
6109,72,0,0,3,0,5,31,13,0,5
6111,22,5,8,13,0,22,10,5,0,5
6112,35,5,5,16,7,2,10,10,0,5
6113,5,0,0,5,0,5,5,0,0,5
6114,43,0,0,0,2,11,17,10,0,5
6115,37,0,0,19,0,10,15,10,0,5
6116,25,25,25,5,10,5,10,0,0,5
6117,28,0,0,8,0,7,14,5,0,5
6118,5,3,5,5,5,5,5,0,0,5
6120,25,16,10,10,5,5,5,0,0,5
6121,40,17,40,17,10,5,10,10,0,5
6122,25,0,0,5,0,9,5,5,0,5
6123,60,4,0,20,10,17,20,15,0,5
6124,66,0,0,3,0,10,26,15,0,5
6125,35,22,15,12,5,5,15,5,0,5
6126,25,6,5,5,5,5,10,10,0,5
6127,15,14,10,0,10,0,5,0,0,5
6128,41,0,0,7,5,20,10,5,0,5
6129,5,5,5,0,5,0,5,5,0,5
6130,86,0,0,9,0,24,20,21,0,5
6131,43,13,5,2,0,20,12,3,0,5
6133,53,5,0,15,0,9,14,11,0,5
6134,16,3,5,10,0,5,5,4,0,5
6136,35,0,0,5,0,10,10,0,0,5
6138,40,27,33,16,35,32,35,15,0,5
6139,35,10,10,2,8,15,9,0,0,5
6140,265,0,0,23,0,86,42,92,0,5
6141,39,14,7,12,8,5,10,5,0,5
6142,15,10,5,0,8,5,5,0,0,5
6143,35,14,16,22,10,10,15,5,0,5
6144,631,0,0,40,0,42,241,53,0,5
6145,19,5,2,2,0,0,0,0,0,5
6146,35,0,5,8,10,5,7,0,0,5
6147,35,35,35,10,5,5,20,5,0,5
6148,34,2,0,10,6,15,20,17,0,5
6150,25,20,20,11,14,13,20,0,0,5
6151,35,3,0,14,12,10,15,5,0,5
6152,5,5,0,5,0,0,0,0,0,5
6153,42,41,30,6,10,7,15,0,0,5
6154,42,0,0,17,0,10,15,5,0,5
6155,39,5,5,5,5,7,22,5,0,5
6156,37,10,0,10,0,7,14,4,0,5
6158,40,24,16,9,23,5,12,0,0,5
6160,20,0,0,0,5,15,5,5,0,5
6161,40,21,6,25,11,12,15,15,0,5
6163,20,5,5,15,5,15,15,5,0,5
6164,25,6,5,5,5,5,5,10,0,5
6165,9,0,0,1,0,0,9,0,0,5
6166,35,4,5,5,5,0,10,5,0,5
6167,5,5,5,5,5,5,5,5,0,5
6168,20,14,10,0,15,5,10,0,0,5
6169,10,0,0,5,0,0,5,0,0,5
6170,25,14,11,9,11,0,10,0,0,5
6171,191,0,0,30,8,88,116,51,0,5
6172,86,0,0,28,9,37,43,0,0,5
6173,40,31,25,15,15,23,25,5,0,5
6174,51,5,0,9,5,7,10,10,0,5
6175,35,25,15,14,17,26,20,5,0,5
6176,35,35,35,10,10,10,15,10,0,5
6177,40,6,5,19,0,22,18,10,0,5
6179,47,1,0,4,6,21,20,1,0,5
6180,30,25,22,10,5,20,10,10,0,5
6182,35,35,35,18,24,25,30,5,0,5
6183,39,0,0,26,4,15,15,0,0,5
6184,35,0,0,16,0,2,15,5,0,5
6185,40,5,0,5,0,5,15,5,0,5
6186,44,11,4,29,14,15,24,14,0,5
6187,35,18,23,13,10,15,20,5,0,5
6188,35,25,26,12,10,10,5,5,0,5
6189,35,2,0,20,5,12,15,0,0,5
6190,35,18,10,12,15,20,20,5,0,5
6191,35,35,25,15,14,0,25,5,0,5
6192,40,0,0,15,5,10,15,5,0,5
6194,40,0,0,8,5,20,15,0,0,5
6195,42,0,0,8,0,2,5,5,0,5
6196,35,20,30,15,22,15,20,15,0,5
6197,35,14,2,16,4,0,15,10,0,5
6198,716,0,0,17,0,254,272,52,0,5
6199,477,0,0,4,0,132,239,24,0,5
6201,43,0,0,20,0,1,18,0,0,5
6202,35,21,30,15,10,10,10,10,0,5
6203,39,5,10,7,5,20,20,10,0,5
6204,59,0,5,17,10,5,27,7,0,5
6205,35,8,8,10,15,10,5,5,0,5
6206,35,0,5,10,0,6,5,2,0,5
6207,35,10,10,6,9,25,10,5,0,5
6208,45,13,7,12,10,18,15,10,0,5
6209,15,14,10,5,5,5,4,0,0,5
6210,41,0,0,12,0,5,20,5,0,5
6212,599,4,0,121,0,192,307,45,0,5
6213,40,37,30,15,28,15,20,5,0,5
6214,35,9,8,16,5,5,10,0,0,5
6215,35,10,5,0,15,5,15,5,0,5
6216,35,0,0,3,0,10,10,5,0,5
6217,35,13,10,6,5,10,15,10,0,5
6218,41,4,0,19,4,19,12,7,0,5
6219,45,25,20,1,2,20,19,4,0,5
6220,42,20,12,13,6,10,20,3,0,5
6221,84,1,0,23,1,30,36,16,0,5
6222,306,0,0,26,0,132,139,16,0,5
6223,35,28,35,13,10,13,13,3,0,5
6224,42,9,20,12,5,20,7,12,0,5
6225,346,0,0,40,0,150,145,21,0,5
6226,25,15,5,10,6,5,15,0,0,5
6227,35,5,5,12,7,10,20,5,0,5
6228,101,0,0,5,0,29,20,13,0,5
6229,44,5,5,10,5,18,24,13,0,5
6230,35,12,20,10,12,20,10,5,0,5
6231,35,10,14,20,5,15,25,10,0,5
6233,5,5,5,0,0,0,5,0,0,5
6234,35,0,0,4,5,0,15,0,0,5
6235,25,19,10,5,14,15,15,5,0,5
6236,830,0,0,4,0,168,427,199,0,5
6237,35,17,17,5,15,20,35,10,0,5
6238,35,22,32,4,0,0,0,0,0,5
6239,35,35,35,17,11,10,10,10,0,5
6240,326,0,0,5,0,17,146,2,0,5
6241,95,0,0,0,1,52,29,30,0,5
6242,390,0,0,12,0,103,78,78,0,5
6243,10,10,5,5,5,5,10,0,0,5
6244,25,25,25,10,5,15,14,15,0,5
6245,35,10,10,4,10,5,8,7,0,5
6246,107,1,0,11,0,36,19,0,0,5
6247,341,0,0,20,0,83,105,14,0,5
6248,273,0,0,5,0,144,100,24,0,5
6251,30,23,23,5,0,5,17,8,0,5
6257,40,33,25,28,10,15,15,10,0,5
6259,252,0,0,8,0,7,201,91,0,5
6261,35,14,20,10,5,15,15,5,0,5
6263,35,0,0,31,0,0,0,5,0,5
6264,38,0,0,4,0,14,9,12,0,5
6265,12,5,5,10,5,5,10,2,0,5
6266,35,15,5,9,14,20,10,10,0,5
6269,35,33,35,10,10,15,10,10,0,5
6270,35,2,0,15,5,10,20,5,0,5
6271,42,36,42,17,14,10,25,10,0,5
6272,1041,31,8,45,0,0,0,0,0,5
6274,35,34,35,20,25,15,15,5,0,5
6275,25,5,5,10,5,5,10,0,0,5
6276,54,5,5,6,0,24,26,13,0,5
6277,45,0,0,9,0,0,7,2,0,5
6278,35,20,20,8,10,15,20,5,0,5
6279,35,5,25,10,5,5,5,5,0,5
6281,35,0,0,20,0,5,5,5,0,5
6282,37,37,25,15,9,0,15,5,0,5
6283,15,10,5,5,3,5,5,0,0,5
6284,40,23,30,19,12,15,15,5,0,5
6285,35,34,35,19,0,5,0,0,0,5
6286,6,0,1,0,0,0,0,0,0,5
6287,244,0,0,21,5,60,123,51,0,5
6288,26,10,6,5,0,10,1,0,1,5
6289,28,0,0,2,0,9,19,1,0,5
6290,35,32,25,15,9,5,15,10,0,5
6291,527,0,0,101,0,101,219,131,0,5
6292,43,0,0,26,0,5,22,13,0,5
6294,35,0,3,13,0,0,10,0,0,5
6404,73,1,0,2,0,1,12,6,0,5
6405,34,0,4,5,3,7,10,0,0,5
6409,37,0,22,16,13,16,0,1,0,5
6411,40,35,37,31,16,0,20,0,0,5
6412,50,15,20,19,10,15,14,5,0,5
6414,49,23,44,8,6,24,0,2,0,5
6415,35,0,35,20,20,24,20,10,0,5
6416,316,8,22,34,5,94,173,0,0,5
6417,127,0,0,27,0,19,28,19,0,5
6418,750,0,0,0,0,45,332,4,0,5
6419,70,0,0,0,5,2,28,5,0,5
6422,27,4,3,17,0,0,0,0,0,5
6423,790,38,38,72,0,0,0,0,0,5
6425,601,0,0,37,0,168,245,5,0,5
6426,61,11,25,17,10,20,35,20,0,5
6431,16,0,0,0,0,5,5,0,0,5
6432,41,6,5,6,5,6,5,0,1,5
6435,37,15,25,8,10,22,25,5,0,5
6438,211,22,32,55,8,45,73,7,0,5
6441,382,8,7,7,5,132,143,10,0,5
6442,66,1,0,13,0,10,35,20,0,5
6443,30,30,15,15,5,20,20,6,5,5
6446,84,28,56,13,5,61,0,0,0,5
6449,40,14,10,6,12,10,10,6,0,5
6451,35,14,25,0,5,6,10,5,0,5
6452,38,9,38,7,0,5,0,18,1,5
6456,35,35,35,14,5,10,20,10,5,5
6457,54,12,20,3,20,10,25,1,1,5
6461,220,2,0,51,0,112,0,0,0,5
6462,25,18,25,0,5,10,5,0,0,5
6464,223,0,0,27,0,7,5,34,0,5
6465,83,5,0,5,0,14,19,14,0,5
6469,96,2,10,42,27,87,20,20,0,5
6470,35,0,0,4,5,4,10,5,0,5
6472,320,8,20,20,35,185,182,20,0,5
6474,805,0,0,0,0,0,0,0,0,5
6477,97,15,15,10,15,38,15,0,0,5
6482,495,0,0,19,0,102,134,3,0,5
6485,30,10,10,4,10,10,15,5,0,5
6486,165,0,5,14,0,22,20,0,0,5
6488,42,35,35,5,18,10,10,6,0,5
6491,378,3,18,61,5,226,241,0,0,5
6492,188,8,12,39,0,5,5,5,0,5
6494,102,8,10,9,15,49,15,5,0,5
6496,39,0,0,1,0,5,5,10,0,5
6497,10,1,0,0,0,0,0,0,0,5
6498,988,0,0,103,0,0,0,0,0,5
6499,122,6,21,10,7,17,10,0,0,5
6504,35,5,10,5,5,5,0,5,0,5
6505,35,35,35,3,2,15,15,10,0,5
6506,37,0,0,7,2,10,5,7,0,5
6508,35,0,0,12,0,12,9,9,0,5
6509,35,20,20,11,10,15,15,5,0,5
6510,60,5,51,4,10,33,10,0,0,5
6512,161,0,0,4,0,10,40,46,0,5
6514,71,5,5,21,9,29,28,16,0,5
6515,193,0,163,26,0,5,68,0,0,5
6516,341,0,0,34,0,150,93,0,0,5
6517,274,0,0,0,0,31,0,0,0,5
6523,112,5,25,12,14,54,35,1,0,5
6525,35,10,15,13,10,15,10,10,0,5
6526,183,0,4,14,0,0,0,0,0,5
6527,754,0,0,9,0,293,330,5,0,5
6530,442,0,0,44,0,24,13,13,0,5
6531,81,20,20,5,10,30,25,0,0,5
6532,150,8,10,11,10,16,10,0,0,5
6533,196,22,25,54,11,63,15,0,0,5
6534,833,0,10,19,0,0,184,0,0,5
6535,116,0,2,6,0,10,25,0,0,5
6538,231,11,13,8,5,26,16,6,0,5
6541,308,5,5,11,0,0,35,10,0,5
6542,229,0,0,0,2,54,27,15,0,5
6546,481,1,0,58,0,43,25,0,0,5
6547,227,16,12,23,6,5,7,5,0,5
6548,211,17,20,52,20,32,32,11,0,5
6550,604,193,115,32,0,7,85,0,0,5
6552,212,13,10,16,10,22,43,5,0,5
6556,410,0,0,18,0,67,25,5,0,5
6558,436,18,5,90,0,104,212,5,0,5
6560,233,0,0,5,5,5,12,0,0,5
6561,111,0,10,19,5,0,0,0,0,5
6568,180,2,26,30,11,5,48,5,0,5
6569,198,0,0,13,0,10,13,7,0,5
6570,421,0,0,26,0,87,146,2,0,5
6573,25,0,0,0,0,0,0,0,10,5
6574,655,0,0,51,0,146,0,138,0,5
6576,406,12,14,25,5,7,196,0,0,5
6577,267,0,0,10,0,5,5,0,0,5
6578,398,0,0,15,0,35,5,10,0,5
6579,246,0,5,10,0,105,18,6,0,5
6581,282,0,0,29,0,65,70,10,0,5
6582,230,5,13,8,5,12,22,5,0,5
6584,1261,0,0,0,0,184,239,0,0,5
6585,1228,2,0,0,0,149,432,0,0,5
6588,671,2,35,61,0,196,206,0,0,5
6589,393,13,17,3,1,107,22,7,0,5
6590,596,0,0,24,0,200,100,5,0,5
6591,224,11,12,12,10,21,10,5,0,5
6592,212,5,10,27,0,23,0,5,0,5
6593,408,0,0,33,0,29,70,4,0,5
6594,44,1,0,1,1,0,13,3,0,5
6596,318,0,0,10,0,46,25,5,0,5
6597,937,0,0,0,0,0,0,0,0,5
6598,602,16,12,47,0,255,145,0,0,5
6603,35,10,10,10,5,6,10,10,0,5
6605,35,0,0,15,0,5,10,5,0,5
6606,231,0,0,20,0,75,116,0,0,5
6609,35,0,0,0,5,15,15,0,0,5
6612,364,0,0,7,0,69,5,5,0,5
6613,171,0,10,44,0,78,32,10,0,5
6615,204,0,0,2,0,0,28,24,0,5
6616,91,0,0,20,1,19,14,2,0,5
6617,383,4,93,109,0,0,0,0,0,5
6620,921,3,0,42,0,0,0,0,0,5
6624,449,0,0,20,0,181,183,0,0,5
6625,155,0,0,13,0,17,45,0,0,5
6629,66,0,0,16,1,29,10,0,1,5
6637,1013,0,0,0,0,0,0,0,0,5
6640,278,0,0,7,10,25,15,0,0,5
6641,27,0,0,5,0,0,5,5,1,5
6642,379,1,2,5,4,15,148,7,0,5
6643,212,1,20,4,0,41,43,0,0,5
6645,668,39,65,6,0,0,75,0,0,5
6649,347,0,0,0,0,14,24,10,0,5
6651,448,5,5,48,0,141,153,0,0,5
6654,168,0,1,2,4,26,57,10,0,5
6655,214,0,0,19,0,27,21,2,0,5
6657,443,1,0,12,0,147,0,0,0,5
6658,24,0,0,0,0,0,0,0,0,5
6661,571,0,0,46,0,241,202,0,0,5
6662,277,0,0,0,0,27,7,12,0,5
6664,172,0,0,15,0,5,23,0,0,5
6666,24,0,3,3,2,2,7,2,5,5
6667,243,3,1,4,10,34,10,0,0,5
6668,163,0,7,5,0,18,0,0,0,5
6669,201,34,177,21,9,186,100,0,0,5
6670,209,1,17,22,0,10,10,5,0,5
6671,28,0,0,16,0,2,2,0,0,5
6672,209,9,10,0,5,10,10,10,0,5
6674,223,0,0,10,0,0,5,0,0,5
6679,187,5,20,9,15,42,15,5,0,5
6680,524,0,0,17,0,94,0,55,0,5
6683,164,13,15,5,5,8,10,0,0,5
6684,638,8,18,4,0,232,129,0,0,5
6689,498,0,14,36,0,190,162,0,0,5
6690,312,0,0,6,0,47,28,4,0,5
6691,549,0,3,28,0,192,2,0,0,5
6692,558,0,0,26,0,0,232,0,0,5
6693,524,0,3,33,0,161,139,0,0,5
6695,434,11,17,59,0,146,109,0,0,5
6697,269,0,0,15,0,12,9,6,0,5
6698,194,5,5,5,0,21,28,5,0,5
6702,15,7,0,0,0,0,0,0,0,5
6703,323,0,0,29,0,85,0,0,0,5
6706,182,15,23,11,0,102,10,0,0,5
6708,249,4,9,18,0,65,85,0,0,5
6712,283,1,40,20,0,58,5,0,0,5
6715,166,0,7,4,0,76,28,0,0,5
6716,277,0,5,5,10,75,10,0,0,5
6719,115,25,106,52,0,103,95,0,0,5
6720,537,0,0,11,0,0,0,0,0,5
6721,535,0,0,25,0,0,174,0,0,5
6727,263,1,5,0,0,61,10,10,0,5
6728,399,0,0,14,0,113,42,0,0,5
6730,425,0,0,0,0,0,0,0,0,5
6732,156,4,127,0,0,138,5,0,0,5
6733,226,11,18,23,0,22,0,0,0,5
6735,324,0,0,16,0,143,240,0,0,5
6739,86,0,0,0,0,0,0,0,0,5
6741,5,0,5,0,0,5,0,0,5,5
6742,25,4,12,0,0,0,0,0,0,5
6743,139,5,38,1,0,84,29,0,0,5
6747,10,0,0,5,8,0,5,0,10,5
6751,237,0,0,10,0,11,0,0,0,5
6752,204,0,0,65,0,7,46,0,0,5
6753,95,0,0,2,0,47,35,0,0,5
6754,185,0,0,0,0,29,5,0,0,5
6756,184,7,33,0,0,114,30,5,0,5
6757,298,4,0,7,0,23,0,0,0,5
6761,320,0,3,41,0,114,36,0,0,5
6762,208,0,5,9,0,27,115,0,0,5
6763,200,0,61,15,0,137,0,0,0,5
6767,168,0,0,24,0,22,66,0,0,5
6768,10,0,0,0,0,0,0,0,5,5
6770,111,110,107,7,0,102,76,0,0,5
6771,239,0,0,1,0,0,0,0,0,5
6776,133,5,0,29,0,19,0,0,0,5
6781,10,0,10,5,5,0,0,0,5,5
6782,194,0,0,33,0,40,0,0,0,5
6785,236,0,0,0,0,0,85,0,0,5
6788,128,3,56,21,0,15,0,0,0,5
6789,105,13,94,9,0,53,52,0,0,5
6790,106,0,0,0,0,0,13,0,0,5
6791,153,0,0,0,0,32,64,0,0,5
6792,171,11,27,0,0,15,0,0,0,5
6794,171,3,0,17,0,0,0,0,0,5
6796,93,0,0,0,0,31,0,0,0,5
6799,153,11,65,37,0,131,87,0,0,5
6803,35,0,0,21,5,0,5,5,0,5
6804,234,0,0,0,0,12,61,0,0,5
6805,164,3,101,5,0,0,69,0,0,5
6806,5,2,5,0,0,5,0,0,0,5
6811,194,0,0,0,0,0,70,0,0,5
6821,99,0,0,4,0,0,0,0,0,5
6823,114,0,0,4,0,0,37,0,0,5
6829,26,0,0,0,0,0,0,0,0,5
6830,55,0,0,0,0,0,0,0,0,5
6831,66,0,0,0,0,0,0,0,0,5
6834,49,0,0,0,0,39,0,0,0,5
6835,52,0,0,0,0,0,0,0,0,5
6838,32,0,0,0,0,0,0,0,0,5
6841,41,0,0,0,0,0,0,0,0,5
6844,14,0,0,0,0,0,0,0,0,5
6859,10,0,0,0,0,0,0,0,0,5
6861,13,0,0,0,0,0,0,0,0,5
6865,2,0,0,0,0,0,0,0,0,5
6873,2,0,0,0,0,0,0,0,0,5
7402,205,0,0,7,0,55,65,28,0,5
7547,197,0,0,0,0,0,0,0,0,5
7556,196,0,0,0,0,0,5,0,0,5
7584,147,0,0,0,0,0,0,0,0,5
8011,15,4,0,1,1,10,10,0,0,5
8016,35,30,35,15,13,25,20,10,0,5
8021,40,15,11,10,6,5,10,10,0,5
8024,35,0,0,1,5,2,13,8,0,5
8027,30,7,10,10,10,9,15,5,0,5
8028,274,18,12,45,0,41,133,5,0,5
8032,136,3,0,16,0,19,38,5,0,5
8033,15,2,0,3,5,10,5,0,0,5
8034,26,10,10,6,5,14,2,2,0,5
8038,10,0,5,0,5,5,0,5,0,5
8039,35,25,25,11,5,7,13,5,0,5
8040,15,10,5,4,10,5,5,0,0,5
8042,40,6,5,16,0,0,10,0,0,5
8043,41,7,5,9,9,5,22,15,0,5
8044,29,13,29,10,0,4,10,0,0,5
8045,797,0,0,24,0,0,0,0,0,5
8046,35,25,20,5,20,10,20,0,0,5
8047,175,0,0,29,0,21,38,29,0,5
8048,35,0,0,7,5,0,20,5,0,5
8049,35,20,2,31,11,15,19,0,0,5
8050,47,10,10,23,9,9,20,5,0,5
8054,35,15,10,10,10,5,15,10,0,5
8059,15,0,0,4,0,9,0,0,0,5
8064,35,22,10,11,6,5,20,0,0,5
8066,40,1,10,0,5,5,5,0,0,5
8067,358,0,0,26,0,101,91,110,0,5
8068,46,0,0,5,0,6,7,5,0,5
8069,35,35,35,25,20,10,20,10,0,5
8070,62,17,35,25,10,24,20,10,0,5
8071,41,9,0,4,0,10,14,5,0,5
8072,44,0,0,19,0,6,20,5,0,5
8074,35,0,0,5,5,0,15,0,0,5
8076,35,15,15,5,0,18,20,10,0,5
8077,432,0,0,34,0,199,191,30,0,5
8080,75,0,0,5,0,37,48,18,0,5
8081,35,16,20,20,14,20,20,15,0,5
8083,35,0,0,10,0,10,0,5,0,5
8084,37,0,0,0,0,4,15,10,0,5
8085,9,0,0,0,5,0,9,0,0,5
8086,42,42,42,15,11,27,17,22,0,5
8087,467,0,0,23,0,12,262,207,0,5
8088,35,11,5,8,15,5,15,5,0,5
8089,340,8,5,18,0,139,133,5,0,5
8091,40,3,10,10,5,12,24,11,0,5
8092,5,5,0,5,4,5,0,0,0,5
8093,23,0,0,4,0,6,14,10,0,5
8096,25,14,5,15,0,10,5,5,0,5
8097,37,2,0,5,10,22,26,0,0,5
8099,40,2,0,12,16,0,11,10,0,5
8101,10,0,0,5,0,0,5,5,0,5
8103,35,9,11,5,4,15,10,5,0,5
8104,359,9,8,39,1,66,45,0,0,5
8105,25,18,11,16,5,5,10,5,0,5
8107,40,4,3,12,5,5,15,10,0,5
8109,40,0,0,10,4,15,20,10,0,5
8110,30,25,15,11,10,10,15,0,0,5
8111,20,15,10,15,8,10,5,0,0,5
8112,40,40,35,25,18,35,25,5,0,5
8114,45,0,6,9,0,28,15,12,0,5
8121,5,3,5,0,5,5,5,0,0,5
8131,35,10,0,15,5,0,5,10,0,5
8147,58,1,5,5,0,20,21,10,0,5
8150,38,36,30,20,5,5,25,20,0,5
8155,35,18,25,23,20,25,10,5,0,5
8163,35,30,25,14,15,10,20,0,0,5
8171,26,11,13,5,10,7,11,14,0,5
8176,30,0,0,0,0,5,5,0,0,5
8182,35,17,15,12,19,5,15,10,0,5
8183,30,20,25,14,15,10,15,5,0,5
8201,14,5,5,4,5,1,5,5,0,5
8210,35,3,10,3,15,15,5,5,0,5
8213,37,17,15,11,0,0,12,2,0,5
8215,30,27,20,0,5,0,10,0,0,5
8222,30,5,5,2,5,5,20,5,0,5
8227,58,41,44,0,0,31,48,0,0,5
8234,35,0,0,13,5,5,20,5,0,5
8240,25,0,0,6,5,5,10,0,0,5
8249,35,8,5,7,0,0,20,5,0,5
8255,45,15,24,7,14,10,15,10,0,5
8261,35,15,20,7,15,20,20,5,0,5
8266,21,0,0,7,0,0,0,0,0,5
8271,40,24,22,13,15,15,20,20,0,5
8277,5,3,0,0,0,0,0,5,0,5
8279,156,0,0,36,5,64,26,17,0,5
8284,937,0,0,6,0,285,547,11,0,5
8289,39,10,10,13,10,10,22,10,0,5
8291,641,0,0,33,0,141,67,208,0,5
8299,40,36,40,11,5,15,20,5,0,5
8341,35,1,23,1,14,10,10,0,0,5
8342,359,0,0,53,0,154,153,35,0,5
8349,39,2,7,1,6,5,11,0,0,5
8354,69,0,0,30,0,0,25,14,0,5
8358,30,30,27,8,19,20,20,15,0,5
8367,318,5,5,11,10,49,15,5,0,5
8374,30,3,0,10,10,5,15,15,0,5
8383,35,10,10,9,0,10,10,15,0,5
8390,35,10,5,15,5,5,10,5,0,5
8401,35,0,0,10,5,0,15,5,0,5
8403,40,5,5,10,5,10,10,0,0,5
8404,35,9,5,8,10,20,20,5,0,5
8406,45,7,33,5,0,11,10,0,0,5
8409,64,0,0,0,0,22,22,0,0,5
8410,53,0,0,10,6,17,30,12,0,5
8411,30,0,0,14,0,10,11,1,0,5
8415,143,18,10,11,10,15,20,0,0,5
8416,41,0,0,11,2,10,5,7,0,5
8418,42,0,0,8,0,10,7,12,0,5
8420,177,0,0,43,0,30,62,62,0,5
8421,43,4,0,5,5,5,19,1,0,5
8422,35,0,13,8,0,10,5,5,0,5
8423,431,0,0,66,0,74,146,99,0,5
8424,66,0,0,22,1,14,4,11,0,5
8426,83,0,0,1,5,22,19,33,0,5
8427,259,0,0,14,0,2,115,62,0,5
8429,30,2,5,5,0,5,5,5,0,5
8431,10,5,9,0,0,5,5,0,0,5
8432,37,0,6,10,1,5,17,12,0,5
8433,60,0,0,8,6,22,20,0,0,5
8435,51,0,0,17,0,16,15,18,0,5
8436,35,26,35,15,14,20,20,10,0,5
8437,35,0,0,15,11,20,10,5,0,5
8438,1418,0,0,0,0,450,493,0,0,5
8440,479,5,0,16,2,18,210,5,0,5
8442,31,0,0,7,1,7,17,2,5,5
8443,39,0,0,5,0,0,5,5,0,5
8444,49,0,0,24,0,18,27,0,0,5
8446,45,0,5,8,13,5,10,10,0,5
8450,31,0,6,5,10,0,10,10,0,5
8454,35,0,15,10,19,25,5,10,0,5
8455,244,0,0,12,5,43,51,9,5,5
8462,60,0,5,14,15,40,10,0,0,5
8463,35,0,4,5,10,10,5,0,0,5
8464,35,3,35,15,2,8,10,5,0,5
8466,38,0,0,2,0,11,5,5,5,5
8467,196,0,0,9,1,29,55,33,1,5
8472,88,0,0,6,0,3,27,11,0,5
8473,106,5,4,17,0,74,10,10,0,5
8476,205,1,0,16,0,93,42,3,0,5
8477,205,0,0,13,0,43,19,12,0,5
8478,420,5,8,5,5,164,168,0,0,5
8480,187,0,0,11,0,39,5,36,0,5
8481,217,0,0,8,0,13,5,5,0,5
8482,34,0,0,5,5,7,9,0,5,5
8487,1309,0,0,10,0,0,538,0,0,5
8488,144,0,0,6,0,23,43,2,0,5
8489,267,2,5,0,5,17,59,0,0,5
8497,76,0,0,24,1,8,0,0,1,5
8499,25,3,6,10,6,10,5,0,5,5
8905,40,3,0,3,5,15,18,10,0,5
8906,295,0,0,33,0,89,122,27,0,5
8908,302,0,0,69,1,87,94,75,0,5
8913,42,3,2,6,0,0,0,0,0,5
8916,35,5,1,4,5,15,11,4,0,5
8917,895,0,0,78,0,222,112,188,0,5
8921,1112,0,0,0,0,13,297,268,0,5
8923,812,0,0,176,0,177,400,135,0,5
8924,30,23,18,2,25,20,23,10,0,5
8926,35,14,5,14,5,10,10,0,0,5
8927,60,0,0,12,10,19,30,4,0,5
8928,35,0,0,12,5,25,20,5,0,5
8929,46,5,5,9,5,10,16,6,0,5
8930,30,0,0,0,6,9,15,10,0,5
8931,72,0,0,18,0,18,14,14,0,5
8932,120,0,0,5,0,9,18,5,0,5
8933,30,8,0,4,5,15,15,3,0,5
8934,557,0,0,8,0,0,0,0,0,5
8935,14,0,0,0,3,0,5,0,0,5
8936,35,14,10,5,0,10,15,5,0,5
8937,41,0,0,10,0,4,13,0,0,5
8938,35,4,5,5,19,17,20,0,0,5
8940,9,0,0,0,0,0,0,2,0,5
8941,171,0,0,26,0,6,47,22,0,5
8942,40,9,15,5,0,15,15,10,0,5
8996,35,6,10,6,10,5,20,0,0,5
9103,23,12,13,6,10,0,0,0,0,5
9105,65,45,9,14,10,7,0,0,0,5
9106,138,1,0,14,0,0,0,0,0,5
9110,114,0,0,3,0,0,0,0,0,5
9136,43,1,0,8,0,0,0,0,0,5
9157,59,5,0,8,0,0,0,0,0,5
9188,154,3,0,33,0,0,0,0,0,5
9802,50,15,25,12,15,25,30,5,0,5
9902,25,5,0,10,0,15,20,0,0,5
9904,35,35,35,2,0,0,15,5,0,5
9905,35,0,0,4,0,0,5,0,0,5
9906,15,0,0,5,2,5,5,0,0,5
9907,30,21,0,0,0,10,5,0,0,5
9908,35,0,0,12,0,0,10,0,0,5
9910,35,27,35,13,5,5,5,10,0,5
9911,40,11,10,26,15,10,15,9,0,5
9912,9,0,0,5,0,5,2,0,0,5
9914,35,17,35,7,9,5,10,10,0,5
9917,35,0,0,22,0,0,5,0,0,5
9918,398,1,0,99,0,64,131,123,0,5
9919,35,13,15,0,5,10,15,0,0,5
9921,35,12,35,10,5,5,7,8,0,5
9924,35,5,5,6,10,6,5,10,0,5
9925,35,0,0,18,0,0,7,0,0,5
9926,311,0,0,117,0,51,77,53,0,5
9927,40,1,4,12,0,5,10,0,0,5
9928,337,3,0,24,0,24,198,45,0,5
9929,106,0,0,9,0,6,58,7,0,5
9930,35,0,0,5,0,5,0,10,0,5
9931,514,0,0,143,0,66,169,73,0,5
9933,35,20,15,21,0,1,10,9,0,5
9934,35,21,5,5,5,0,15,5,0,5
9935,25,10,10,10,5,10,0,0,0,5
9937,88,1,7,46,0,18,23,9,0,5
9938,35,29,32,10,10,10,10,10,0,5
9939,35,25,20,0,0,5,10,0,0,5
9940,35,3,0,10,0,14,20,5,0,5
9941,35,10,25,23,15,5,10,15,0,5
9942,35,0,5,19,0,10,10,10,0,5
9943,37,5,1,19,1,0,5,0,0,5
9944,25,0,0,5,0,5,0,0,0,5
9945,45,45,45,25,20,25,37,5,0,5
9946,35,7,5,14,10,20,25,13,0,5
9949,50,0,0,7,0,1,14,4,0,5
9950,166,0,0,14,0,30,14,23,0,5
9951,35,10,20,15,0,5,10,0,0,5
9955,5,0,0,0,0,0,0,0,0,5
9958,35,23,25,12,8,23,20,5,0,5
9960,205,0,0,23,5,97,52,11,0,5
9962,35,5,0,5,5,15,12,0,0,5
1101,74,74,74,30,1,14,20,10,0,10
1102,70,70,70,38,20,10,40,0,0,10
1103,72,31,0,9,9,26,42,18,0,10
1104,70,2,0,18,0,11,20,0,0,10
1108,50,6,0,15,10,10,10,10,0,10
1109,90,0,0,43,0,39,40,10,0,10
1110,85,5,0,27,0,19,42,10,0,10
1201,40,22,10,8,10,0,10,0,0,10
1203,72,0,0,32,0,0,0,30,0,10
1210,70,67,68,21,20,10,24,20,0,10
1213,143,0,0,3,0,36,30,12,0,10
1215,70,47,50,27,22,10,30,10,0,10
1216,71,71,71,24,4,0,0,0,0,10
1217,20,3,0,0,0,0,0,0,0,10
1218,60,36,15,10,0,10,9,0,0,10
1219,86,3,0,22,0,32,36,20,0,10
1220,70,2,0,22,7,14,34,14,0,10
1225,178,0,0,68,9,20,37,13,0,10
1227,70,32,42,25,0,16,0,0,0,10
1229,82,80,60,52,30,35,11,0,0,10
1231,80,0,18,50,33,0,37,10,0,10
1232,70,0,0,31,15,10,14,14,0,10
1233,71,0,0,21,0,0,0,0,0,10
1234,70,0,0,39,0,10,20,10,0,10
1235,91,0,0,47,0,14,10,25,0,10
1236,74,3,10,10,10,11,31,0,0,10
1240,234,0,0,16,0,40,0,0,0,10
1256,80,0,1,23,20,10,30,0,0,10
1258,155,0,0,12,0,32,44,9,0,10
1259,162,0,0,26,5,0,8,38,0,10
1262,49,18,21,11,0,0,0,0,0,10
1264,90,0,0,30,0,0,10,0,0,10
1268,383,0,0,48,0,19,100,0,0,10
1301,70,70,70,10,0,40,40,10,0,10
1303,70,70,70,12,0,30,30,10,0,10
1304,70,49,20,9,10,22,30,10,0,10
1305,70,70,48,35,33,12,53,0,0,10
1307,70,3,0,10,0,2,20,20,0,10
1308,70,31,25,18,30,39,40,10,0,10
1309,40,26,20,18,20,10,10,0,0,10
1310,70,62,40,13,10,10,20,8,0,10
1312,50,50,49,5,30,20,30,8,0,10
1313,80,65,22,10,30,37,32,0,0,10
1314,40,40,40,1,0,20,20,0,0,10
1315,113,14,11,33,30,21,70,21,0,10
1316,42,14,10,1,5,10,8,0,0,10
1319,70,60,56,14,10,10,10,10,0,10
1321,20,0,0,0,0,0,0,0,0,10
1323,70,0,0,13,9,0,20,30,0,10
1324,94,0,0,30,0,10,21,15,0,10
1325,84,25,30,3,10,10,34,20,0,10
1326,70,70,70,8,9,30,30,10,0,10
1333,243,0,0,19,0,0,0,0,0,10
1336,52,1,0,17,0,20,20,10,0,10
1337,40,11,0,0,0,0,10,10,0,10
1338,70,4,20,12,0,0,10,10,0,10
1339,70,7,1,14,2,0,31,0,0,10
1340,50,6,0,7,0,10,0,5,0,10
1341,40,0,0,14,0,7,20,10,7,10
1342,231,0,0,19,0,26,0,0,0,10
1402,70,70,70,32,11,6,30,0,0,10
1409,70,59,40,17,29,30,50,10,0,10
1410,129,0,0,44,0,31,29,3,0,10
1413,27,0,0,4,0,10,13,10,0,10
1414,70,19,20,24,10,13,30,10,0,10
1416,82,10,0,20,0,40,30,20,0,10
1417,50,22,4,13,10,10,40,10,0,10
1418,705,0,0,26,0,91,183,264,0,10
1419,203,1,0,53,0,105,83,24,0,10
1423,44,1,0,21,11,10,20,0,0,10
1432,44,16,0,11,3,2,2,0,0,10
1434,70,62,45,28,10,20,30,10,0,10
1435,14,0,0,12,0,0,0,0,0,10
1436,74,0,0,27,1,45,25,0,0,10
1437,70,0,0,21,0,10,30,10,0,10
1438,181,0,0,24,0,33,86,23,0,10
1439,46,6,0,9,11,10,24,0,0,10
1440,70,52,34,17,20,20,50,30,0,10
1441,36,0,0,1,1,21,2,8,0,10
1442,70,13,0,18,0,30,20,0,0,10
1443,85,0,0,6,0,12,35,22,0,10
1444,40,27,0,0,5,0,30,0,0,10
1445,70,3,0,9,0,20,25,5,0,10
1446,70,5,0,8,0,10,40,20,0,10
1447,20,10,0,0,0,10,20,0,0,10
1449,40,4,0,3,10,0,14,0,0,10
1451,70,5,0,13,7,18,40,10,0,10
1452,70,22,20,10,5,30,20,20,0,10
1453,57,0,0,18,0,10,24,10,0,10
1454,82,8,0,16,10,10,36,4,0,10
1455,60,53,30,0,20,30,30,30,0,10
1456,230,0,0,3,3,15,139,83,0,10
1457,104,67,12,40,0,30,20,8,0,10
1459,30,0,0,0,1,3,20,0,0,10
1460,70,38,9,3,0,30,37,17,0,10
1463,70,11,8,14,10,30,40,0,0,10
1464,100,41,19,12,8,40,50,20,0,10
1465,84,0,0,11,0,20,10,10,0,10
1466,48,0,0,1,0,8,12,0,0,10
1467,20,9,0,0,0,0,10,0,0,10
1468,10,0,0,1,0,10,0,0,0,10
1469,391,0,0,2,0,0,0,0,0,10
1470,710,0,0,97,0,142,206,97,0,10
1471,20,12,0,0,3,0,0,0,0,10
1472,72,1,0,10,10,21,60,36,0,10
1473,70,9,8,0,10,22,20,0,0,10
1474,60,6,0,24,0,20,30,0,0,10
1475,329,0,0,52,0,128,130,88,0,10
1476,72,25,72,11,8,20,22,10,0,10
1477,80,59,80,29,19,15,10,20,0,10
1503,70,4,0,36,0,1,10,0,0,10
1504,70,70,70,10,9,10,20,20,0,10
1506,20,3,0,10,0,0,10,0,0,10
1507,78,4,2,13,0,5,10,22,0,10
1512,18,0,0,0,0,4,4,0,0,10
1513,70,39,30,21,10,29,30,10,0,10
1514,70,31,10,40,27,29,30,10,0,10
1515,70,55,50,14,35,37,43,23,0,10
1516,84,0,0,17,9,39,34,24,0,10
1517,70,32,20,16,20,20,40,10,0,10
1519,70,29,21,18,15,40,30,0,0,10
1521,70,0,0,21,0,13,3,10,0,10
1522,70,15,10,21,10,10,10,27,0,10
1524,70,10,0,14,0,20,20,20,0,10
1525,80,0,0,8,20,0,20,0,0,10
1526,80,22,10,18,16,30,20,2,0,10
1527,70,20,25,16,0,26,30,14,0,10
1528,80,20,0,15,23,20,50,0,0,10
1529,159,17,10,24,0,60,71,5,0,10
1530,91,0,0,6,0,23,41,0,0,10
1531,70,0,0,10,0,40,50,40,0,10
1532,70,14,7,0,20,21,30,20,0,10
1533,60,8,3,0,20,3,30,0,0,10
1535,76,0,0,13,0,11,40,20,0,10
1536,90,79,89,11,10,10,10,0,0,10
1537,70,0,9,48,0,6,5,20,0,10
1538,142,0,0,1,0,16,47,13,0,10
1539,60,6,5,27,1,10,20,20,0,10
1540,70,0,0,15,10,30,30,10,0,10
1541,64,0,0,2,10,28,23,0,0,10
1558,70,0,0,15,10,0,36,16,0,10
1560,70,25,20,20,13,11,10,10,0,10
1563,819,107,259,54,0,0,0,0,0,10
1565,70,0,70,10,10,10,40,22,0,10
1568,70,32,10,10,22,18,30,0,0,10
1569,70,40,30,20,32,40,30,0,0,10
1570,82,11,10,22,10,32,20,26,0,10
1580,80,0,4,19,10,10,20,10,0,10
1582,80,9,2,15,6,10,20,19,0,10
1583,154,0,0,27,0,52,57,10,0,10
1584,24,11,0,0,0,12,10,10,0,10
1586,70,4,10,18,20,29,10,0,0,10
1587,419,0,0,2,0,54,68,10,0,10
1589,70,29,47,19,12,0,11,0,0,10
1590,90,41,90,30,43,35,50,0,0,10
1591,100,0,0,10,0,4,30,4,0,10
1592,58,7,2,1,0,3,14,11,0,10
1593,92,3,0,21,8,14,20,20,0,10
1595,84,0,0,12,10,36,44,14,0,10
1597,70,20,40,5,20,45,40,30,0,10
1598,199,23,20,44,36,106,51,30,0,10
1599,72,4,0,18,10,30,21,10,0,10
1603,96,10,0,20,0,26,29,10,0,10
1604,80,50,0,37,10,10,26,26,0,10
1605,70,70,66,21,36,30,40,0,0,10
1608,40,31,10,7,18,30,0,0,0,10
1609,60,60,35,13,11,30,10,10,0,10
1611,70,37,10,24,20,0,10,0,0,10
1612,70,20,19,9,12,30,30,0,0,10
1613,14,0,0,8,0,0,10,1,0,10
1614,74,3,0,33,2,28,20,2,0,10
1615,98,1,0,33,32,33,48,0,0,10
1616,10,10,5,10,10,10,10,10,0,10
1617,101,6,0,23,0,38,34,10,0,10
1618,80,1,0,3,15,17,50,10,0,10
1626,60,0,0,20,10,13,10,0,0,10
1701,78,27,10,28,1,11,12,1,0,10
1702,70,20,26,13,0,10,10,10,0,10
1704,48,40,38,33,0,0,0,0,0,10
1707,70,9,50,11,0,10,0,0,0,10
1708,70,30,20,21,10,16,20,10,0,10
1709,80,45,10,22,1,14,32,7,0,10
1710,60,44,30,0,5,10,30,10,0,10
1711,70,33,20,12,8,20,20,10,0,10
1712,70,49,4,14,20,0,26,20,0,10
1713,97,0,0,13,1,32,32,10,0,10
1714,60,59,19,19,0,0,20,0,0,10
1715,38,7,0,12,0,0,0,0,0,10
1717,70,52,30,36,0,10,20,0,0,10
1718,50,50,29,10,8,20,20,0,0,10
1720,72,12,10,29,8,1,30,20,0,10
1721,50,19,10,5,0,19,0,0,0,10
1722,70,68,70,23,1,18,53,2,0,10
1723,70,1,27,4,10,30,13,20,0,10
1724,91,0,0,25,0,13,47,34,0,10
1725,70,5,0,10,11,28,20,0,0,10
1726,120,0,0,28,0,0,5,35,0,10
1727,62,10,10,0,10,10,20,0,0,10
1729,14,0,0,0,0,0,0,0,0,10
1730,80,0,0,20,26,8,20,10,0,10
1731,70,8,0,30,0,10,30,0,0,10
1732,26,15,14,10,6,0,4,4,0,10
1733,70,9,0,15,9,30,39,0,0,10
1734,74,24,24,22,11,0,42,32,0,10
1735,125,0,0,27,11,30,26,21,0,10
1736,70,20,20,15,10,18,30,20,0,10
1737,70,8,0,37,0,23,20,10,0,10
1742,22,0,0,0,0,10,20,0,0,10
1752,70,13,20,21,10,10,30,30,0,10
1760,274,37,59,3,11,69,34,20,0,10
1762,70,20,30,15,20,19,40,10,0,10
1773,70,10,30,35,27,30,10,30,0,10
1776,173,5,0,9,0,11,83,34,0,10
1777,96,0,0,36,10,26,30,0,0,10
1780,960,0,0,76,0,0,0,0,0,10
1781,14,0,0,0,0,0,0,0,0,10
1783,50,19,19,12,26,10,37,0,0,10
1784,50,21,20,10,10,10,20,0,0,10
1785,70,60,50,12,20,20,29,9,0,10
1786,70,13,30,14,20,40,30,0,0,10
1788,91,0,0,46,1,10,2,12,0,10
1789,70,18,21,7,3,16,12,0,0,10
1795,20,20,20,0,0,10,10,10,0,10
1796,318,0,0,18,0,74,112,21,0,10
1799,20,0,0,10,0,10,0,0,0,10
1802,50,45,29,8,10,10,30,0,0,10
1805,57,0,0,0,0,8,19,16,0,10
1806,10,10,0,10,10,0,10,10,0,10
1808,70,23,15,30,28,55,45,20,0,10
1809,82,47,15,23,0,30,32,20,0,10
1810,50,15,10,19,10,12,10,0,0,10
1813,68,0,0,1,0,16,32,2,0,10
1815,50,50,26,10,5,10,30,10,0,10
1817,70,0,0,12,0,10,5,0,0,10
1902,38,14,1,20,0,11,0,0,0,10
1903,24,0,0,0,0,2,10,0,0,10
1904,70,61,31,3,15,0,40,10,0,10
1905,50,28,10,4,10,0,30,10,0,10
1906,70,19,10,0,21,40,30,10,0,10
1907,60,51,30,8,10,0,30,20,0,10
1909,120,120,95,22,47,37,70,10,0,10
2002,70,70,70,0,10,31,30,10,0,10
2006,80,59,21,26,10,49,50,0,0,10
2007,20,10,5,0,10,19,12,0,0,10
2008,57,0,0,1,0,13,12,0,0,10
2009,20,20,20,0,20,20,20,0,0,10
2010,70,25,20,10,19,20,40,10,0,10
2012,84,1,0,14,29,21,50,10,0,10
2013,70,34,30,22,30,20,20,0,0,10
2014,30,30,20,0,20,20,20,0,0,10
2015,70,0,10,29,3,30,30,10,0,10
2017,50,22,10,0,21,0,30,10,0,10
2020,60,21,10,15,20,23,30,10,0,10
2022,30,16,10,0,10,20,30,8,0,10
2023,40,25,20,0,20,21,12,2,0,10
2024,72,11,10,11,11,18,30,22,0,10
2025,42,5,0,0,10,10,10,0,0,10
2027,102,99,72,41,33,62,62,10,0,10
2028,26,10,10,3,10,22,22,12,0,10
2029,70,23,13,8,26,20,50,20,0,10
2030,60,30,20,10,20,26,30,20,0,10
2031,70,40,34,11,32,30,30,20,0,10
2032,70,10,10,6,20,17,40,20,0,10
2033,73,9,8,2,10,12,22,3,0,10
2034,80,45,20,8,4,20,30,30,0,10
2035,395,0,0,22,0,116,217,84,0,10
2038,30,20,20,0,20,26,20,3,0,10
2049,90,86,90,31,20,41,50,9,0,10
2059,70,0,70,18,10,28,29,20,0,10
2061,53,0,0,22,0,10,28,2,0,10
2062,80,3,7,11,0,30,40,10,0,10
2063,171,0,0,17,0,90,77,8,0,10
2064,273,0,0,59,0,51,56,20,0,10
2065,328,0,0,51,2,57,97,34,0,10
2066,105,0,0,32,0,28,44,18,0,10
2067,172,0,0,11,0,44,64,60,0,10
2069,127,35,30,20,40,48,60,10,0,10
2070,533,0,0,18,0,103,22,10,0,10
2072,106,0,4,1,0,0,0,0,0,10
2073,50,0,0,0,0,0,0,0,0,10
2101,90,67,55,17,30,9,58,6,0,10
2102,42,13,10,0,0,0,0,0,0,10
2103,70,60,32,27,25,29,38,13,0,10
2104,74,68,54,24,20,30,23,0,0,10
2105,70,70,70,0,0,0,0,30,0,10
2106,70,25,20,10,0,0,12,0,0,10
2107,90,15,0,0,10,23,30,10,0,10
2108,70,42,30,21,21,20,40,20,0,10
2109,50,1,0,10,0,10,20,0,0,10
2114,70,0,1,27,24,20,21,0,0,10
2115,72,0,0,21,10,10,27,20,0,10
2201,72,72,62,9,0,0,40,10,0,10
2204,70,41,11,18,10,5,10,0,0,10
2206,72,45,20,29,0,0,22,0,0,10
2207,70,0,70,10,20,19,20,10,0,10
2208,50,38,10,0,0,0,10,10,0,10
2211,192,9,17,48,0,43,37,0,0,10
2221,70,15,9,21,36,40,40,20,0,10
2227,70,0,9,25,9,0,25,15,0,10
2228,70,4,13,20,14,20,20,20,0,10
2230,70,0,0,11,0,6,30,14,0,10
2231,82,11,81,10,6,22,20,30,0,10
2233,70,6,20,9,10,14,40,15,0,10
2235,136,0,0,5,9,26,12,23,0,10
2236,78,0,0,15,15,31,28,4,0,10
2237,925,8,0,106,0,0,0,0,0,10
2239,75,9,20,24,9,19,0,0,10,10
2241,676,12,44,104,0,274,332,0,0,10
2243,32,0,0,1,0,10,12,2,12,10
2247,562,0,6,25,0,67,0,0,0,10
2248,800,0,0,0,0,0,0,0,0,10
2250,20,0,10,0,0,0,0,0,10,10
2254,25,0,0,0,0,0,0,0,0,10
2301,80,80,80,35,20,0,37,0,0,10
2302,30,0,0,10,0,0,0,0,0,10
2303,71,71,71,24,14,20,51,0,0,10
2305,10,10,0,10,0,0,0,0,0,10
2308,70,70,70,11,12,10,10,10,0,10
2311,47,43,38,31,0,0,1,1,0,10
2312,70,67,40,16,0,15,20,9,0,10
2313,70,70,70,25,24,0,20,10,0,10
2314,60,51,33,12,20,11,30,10,0,10
2316,80,63,50,37,20,10,30,0,0,10
2317,82,82,82,25,10,20,10,0,0,10
2321,85,10,0,10,0,6,48,19,0,10
2323,40,40,40,10,7,0,20,0,0,10
2324,72,72,72,37,0,12,20,10,0,10
2325,38,31,19,4,0,0,0,3,0,10
2327,98,78,78,38,1,36,36,24,0,10
2328,70,65,49,10,44,20,30,0,0,10
2329,30,30,10,0,10,10,20,4,0,10
2330,150,150,150,63,75,38,50,40,0,10
2331,40,31,21,5,9,10,0,0,0,10
2332,60,60,32,12,0,0,10,0,0,10
2337,60,60,60,16,16,30,50,12,0,10
2338,50,40,40,11,20,36,20,0,0,10
2340,80,80,50,23,28,0,20,20,0,10
2342,50,34,20,27,25,13,21,0,0,10
2344,80,80,80,25,37,20,40,10,0,10
2345,70,70,70,29,42,30,40,10,0,10
2347,70,70,70,29,9,10,24,10,0,10
2348,269,0,10,21,15,67,96,34,0,10
2349,40,40,36,13,13,0,10,20,0,10
2351,70,49,51,23,50,20,20,0,0,10
2352,70,70,70,32,15,20,20,10,0,10
2353,70,70,70,19,18,20,30,0,0,10
2354,72,72,72,13,0,8,10,10,0,10
2355,70,51,47,15,10,10,29,10,0,10
2356,70,70,70,25,9,20,40,30,0,10
2357,70,67,70,13,0,27,10,20,0,10
2358,67,26,12,5,13,38,64,24,0,10
2359,70,32,10,15,0,7,30,10,0,10
2360,70,40,65,23,13,32,50,10,0,10
2362,70,13,7,5,0,43,30,0,0,10
2363,40,39,30,12,25,20,10,0,0,10
2364,40,0,0,0,1,6,30,1,0,10
2365,60,13,1,10,0,0,30,10,0,10
2367,50,50,40,14,13,10,20,0,0,10
2368,20,20,20,16,3,10,20,0,0,10
2369,50,30,20,0,20,10,30,10,0,10
2371,12,12,12,0,0,0,10,10,0,10
2373,82,0,0,47,0,0,10,0,0,10
2374,70,21,11,20,10,10,33,4,0,10
2375,72,58,53,8,17,42,37,10,0,10
2376,70,69,64,25,37,40,40,20,0,10
2377,70,70,70,28,30,30,37,23,0,10
2379,70,67,70,35,40,40,40,20,0,10
2380,20,10,10,10,10,0,10,0,0,10
2382,70,70,70,50,16,20,10,10,0,10
2383,70,70,70,50,30,20,28,18,0,10
2385,100,70,100,19,11,30,15,20,0,10
2387,86,43,38,25,10,19,62,10,0,10
2388,20,20,20,0,5,3,7,0,0,10
2390,30,14,10,0,0,0,10,0,0,10
2392,70,41,30,12,6,0,20,10,0,10
2393,70,56,55,19,3,7,20,0,0,10
2395,70,23,70,20,13,20,10,20,0,10
2397,74,1,0,21,5,41,20,2,0,10
2399,30,30,30,5,11,19,15,0,0,10
2401,70,69,50,34,20,9,20,0,0,10
2402,42,24,12,13,0,10,20,2,0,10
2404,80,75,73,21,39,40,30,20,0,10
2405,20,20,20,13,7,10,20,10,0,10
2406,40,38,17,10,2,0,20,0,0,10
2408,70,70,70,23,12,50,40,10,0,10
2409,60,60,60,10,15,10,30,20,0,10
2412,70,70,70,48,10,0,0,13,0,10
2413,20,5,10,10,0,0,0,0,0,10
2414,70,11,4,50,10,6,20,10,0,10
2415,80,11,14,13,40,10,50,30,0,10
2417,80,33,35,15,10,24,30,10,0,10
2419,80,56,45,27,10,41,30,20,0,10
2420,70,5,3,33,0,0,30,20,0,10
2421,70,56,47,19,32,17,30,20,0,10
2423,70,0,0,28,17,5,20,10,0,10
2424,607,0,0,42,0,293,135,115,0,10
2425,60,17,0,10,10,20,20,20,0,10
2426,70,66,30,22,30,18,40,10,0,10
2427,70,21,0,19,8,39,21,0,0,10
2428,70,26,47,25,40,2,32,22,0,10
2429,379,0,0,1,0,110,229,46,0,10
2430,70,6,0,26,25,0,40,10,0,10
2431,40,8,7,9,0,0,0,0,0,10
2433,70,0,0,28,0,3,20,10,0,10
2434,67,1,0,16,0,15,52,24,0,10
2436,80,66,57,31,20,30,50,20,0,10
2437,27,2,0,12,0,0,0,0,0,10
2438,50,0,0,5,0,0,22,6,0,10
2439,90,63,90,30,20,40,20,16,0,10
2440,57,6,0,10,0,0,12,35,0,10
2441,70,32,40,33,20,23,30,24,0,10
2442,60,41,14,25,10,30,30,0,0,10
2443,18,0,0,4,0,6,11,10,0,10
2444,40,28,20,20,11,10,8,0,0,10
2448,40,40,40,3,1,0,0,0,0,10
2449,70,70,70,29,19,30,20,20,0,10
2450,70,0,0,21,0,4,30,10,0,10
2451,70,33,50,18,0,20,10,20,0,10
2453,70,18,4,19,10,30,31,11,0,10
2454,72,72,72,34,22,30,40,30,0,10
2455,80,75,80,15,10,30,40,30,0,10
2456,106,99,95,32,0,48,30,16,0,10
2457,20,20,20,19,10,10,0,0,0,10
2458,80,80,80,44,13,30,40,0,0,10
2459,70,0,0,17,0,10,20,10,0,10
2460,10,7,10,0,4,0,10,10,0,10
2461,70,35,15,10,4,11,50,0,0,10
2462,60,4,0,18,10,0,10,0,0,10
2464,70,39,24,12,10,20,10,0,0,10
2465,30,17,10,14,10,10,20,10,0,10
2466,20,0,0,6,0,0,0,0,0,10
2467,60,36,26,21,30,36,20,0,0,10
2468,70,0,0,25,0,23,5,13,0,10
2471,70,0,0,26,10,0,45,10,0,10
2472,80,49,59,40,29,12,39,20,0,10
2474,72,72,72,11,10,10,21,10,0,10
2475,20,20,0,2,0,0,5,2,0,10
2476,70,20,20,25,20,10,30,0,0,10
2477,72,15,10,35,10,20,30,0,0,10
2478,90,51,41,10,19,21,40,20,0,10
2480,80,13,10,43,20,21,10,28,0,10
2481,70,61,50,22,30,10,30,0,0,10
2482,36,10,10,10,2,3,14,12,0,10
2483,70,5,0,12,0,20,30,10,0,10
2484,70,49,30,25,10,10,40,0,0,10
2485,50,37,30,9,0,0,20,0,0,10
2486,20,20,20,10,20,20,20,10,0,10
2488,70,7,10,31,10,20,20,0,0,10
2489,49,45,40,6,18,29,25,10,0,10
2491,71,0,1,0,20,21,21,27,0,10
2492,90,90,90,25,0,40,40,30,0,10
2493,70,5,10,12,10,10,30,10,0,10
2495,70,21,10,25,8,11,23,13,0,10
2496,161,1,20,5,0,76,69,20,0,10
2497,30,14,10,10,10,10,10,0,0,10
2498,22,22,22,0,10,0,12,2,0,10
2499,37,24,2,0,0,18,1,1,0,10
2501,70,36,10,11,10,20,29,10,0,10
2504,70,55,40,30,20,13,30,0,0,10
2505,90,29,20,10,20,46,30,2,0,10
2506,64,0,0,0,0,10,30,20,0,10
2509,70,3,0,23,10,40,30,0,0,10
2511,70,52,0,40,0,23,20,14,0,10
2514,62,4,0,10,0,32,39,20,0,10
2515,70,70,33,15,7,4,20,10,0,10
2516,30,7,0,11,0,13,10,0,0,10
2520,70,69,55,25,10,40,30,0,0,10
2524,22,0,0,1,0,2,2,0,0,10
2527,72,5,0,11,20,40,31,20,0,10
2528,93,0,0,7,10,38,39,4,0,10
2530,60,12,0,4,0,11,19,20,0,10
2534,80,49,20,35,11,35,44,18,0,10
2535,72,40,8,28,0,40,42,2,0,10
2536,70,7,0,27,2,23,30,3,0,10
2537,40,20,0,18,10,31,20,20,0,10
2538,70,35,5,11,6,20,20,10,0,10
2539,82,0,0,62,0,29,37,20,0,10
2540,234,0,0,12,0,124,97,35,0,10
2542,80,80,80,38,0,37,40,10,0,10
2543,35,0,0,4,0,12,22,12,0,10
2545,70,11,10,34,6,47,30,20,0,10
2546,72,0,0,15,20,42,42,0,0,10
2547,40,36,0,0,0,0,3,0,0,10
2548,70,43,52,16,12,42,40,10,0,10
2596,84,0,0,11,10,42,50,12,0,10
2597,83,0,11,30,30,30,40,30,0,10
2601,42,42,17,9,1,0,30,30,0,10
2603,60,60,60,5,30,20,40,10,0,10
2605,70,50,20,21,16,20,20,10,0,10
2606,70,50,30,10,20,30,40,10,0,10
2607,70,28,20,7,15,10,10,10,0,10
2608,70,10,17,9,10,0,10,10,0,10
2609,30,30,30,5,10,20,20,10,0,10
2610,40,40,40,1,10,10,20,0,0,10
2611,40,5,0,3,10,10,10,0,0,10
2612,70,19,20,0,24,10,40,0,0,10
2613,90,4,0,22,0,0,50,10,0,10
2614,60,54,35,10,30,10,40,10,0,10
2615,70,70,41,21,20,20,59,10,0,10
2616,70,2,0,42,10,21,30,10,0,10
2617,60,40,28,24,30,30,23,33,0,10
2618,70,70,70,13,13,10,10,20,0,10
2630,213,9,0,10,0,76,101,0,0,10
2633,117,112,70,33,10,0,38,10,0,10
2634,78,70,57,3,0,10,40,10,0,10
2636,86,38,45,11,36,46,56,2,0,10
2637,90,48,37,18,23,30,50,20,0,10
2640,132,0,0,57,27,7,30,10,0,10
2641,70,39,20,22,20,31,49,30,0,10
2642,70,20,29,10,30,0,29,0,0,10
2643,123,1,10,28,30,64,55,13,0,10
2701,78,0,0,3,0,0,5,0,0,10
2702,50,0,0,16,0,30,7,13,0,10
2704,50,0,0,8,0,0,0,0,0,10
2705,30,8,0,8,9,10,0,0,0,10
2706,70,5,0,0,0,0,11,10,0,10
2707,80,0,38,10,16,0,20,10,0,10
2712,462,0,0,146,0,29,88,87,0,10
2718,780,0,0,39,0,56,260,11,0,10
2719,221,0,0,9,0,14,154,32,0,10
2722,448,0,0,25,0,62,83,55,0,10
2723,80,10,71,18,21,0,30,17,0,10
2724,436,0,0,31,0,0,198,68,0,10
2726,103,0,0,19,0,10,45,30,0,10
2727,70,13,43,12,20,0,25,5,0,10
2729,70,0,0,9,10,0,0,0,0,10
2731,60,1,16,15,0,10,0,0,0,10
2732,70,9,20,15,10,30,20,20,0,10
2734,113,0,0,1,0,7,33,6,0,10
2736,106,0,0,0,0,12,11,17,0,10
2739,95,4,0,14,0,0,0,0,0,10
2740,273,0,0,14,0,13,114,63,0,10
2743,877,0,0,0,0,118,344,0,0,10
2745,533,0,0,17,0,33,77,0,0,10
2748,234,3,10,20,0,19,2,0,0,10
2752,292,0,0,1,1,68,20,20,0,10
2753,78,0,0,0,0,30,13,0,0,10
2754,227,0,0,1,0,27,0,0,0,10
2755,301,0,0,4,0,3,0,0,0,10
2756,202,0,0,11,0,13,41,0,0,10
2801,70,70,70,29,10,0,20,20,0,10
2809,77,63,36,8,0,22,23,12,0,10
2812,100,100,63,63,12,23,0,30,0,10
2816,70,0,0,0,0,16,17,7,0,10
2820,70,44,0,24,0,0,10,10,0,10
2823,100,99,98,36,9,23,42,12,0,10
2832,70,4,0,20,0,20,10,0,0,10
2834,70,70,70,35,20,0,20,10,0,10
2836,80,25,0,62,0,10,10,27,0,10
2838,70,51,0,35,10,6,10,10,0,10
2841,27,11,0,4,0,1,13,1,0,10
2845,70,70,21,37,9,10,0,10,0,10
2847,11,11,0,0,0,0,0,0,0,10
2849,72,1,0,32,0,9,22,10,0,10
2850,70,1,0,24,10,10,20,0,0,10
2851,70,10,10,15,10,10,30,10,0,10
2852,60,0,0,30,0,0,30,0,0,10
2855,70,31,20,19,3,29,30,2,0,10
2856,49,37,10,14,0,0,36,12,0,10
2867,98,95,3,14,0,1,42,21,0,10
2880,70,70,70,68,10,2,28,9,0,10
2881,80,80,80,25,28,18,40,0,0,10
2882,80,80,80,25,0,33,50,20,0,10
2883,70,70,70,27,20,10,40,0,0,10
2884,80,80,80,54,10,10,0,30,0,10
2885,80,80,80,20,10,20,20,10,0,10
2886,70,70,70,62,10,0,10,0,0,10
2887,70,70,70,53,0,20,10,10,0,10
2888,90,89,88,25,0,32,23,2,0,10
2889,101,101,52,67,0,58,20,40,0,10
2890,70,70,70,53,14,20,20,10,0,10
2891,80,80,80,44,0,30,20,10,0,10
2892,70,70,70,63,0,20,2,2,0,10
2897,171,62,0,46,0,12,10,10,0,10
2901,85,0,0,4,0,0,21,0,0,10
2903,70,53,14,27,11,0,30,20,0,10
2904,70,0,0,25,10,10,2,0,0,10
2905,70,32,3,25,10,30,36,20,0,10
2906,70,10,0,16,0,20,30,0,0,10
2908,70,12,0,20,0,0,10,0,0,10
2910,413,0,0,51,0,133,161,69,0,10
2911,20,0,0,0,0,0,10,0,0,10
2912,71,60,71,24,1,0,0,10,0,10
2913,50,34,10,10,9,20,8,0,0,10
2915,90,90,90,35,40,19,60,30,0,10
2916,268,0,0,51,0,6,78,32,0,10
2923,95,0,0,11,0,15,28,12,0,10
2924,284,0,0,20,0,0,86,20,0,10
2926,80,0,0,19,1,23,1,1,0,10
2928,86,0,1,11,0,12,34,0,0,10
2929,80,33,38,30,0,10,39,32,0,10
2936,45,0,0,10,0,0,2,3,0,10
2937,489,0,0,27,0,145,149,8,0,10
2938,1209,0,0,0,0,0,0,0,0,10
2939,126,0,0,5,0,0,1,1,0,10
2941,39,0,0,0,0,0,39,0,0,10
2945,427,0,0,15,0,6,168,0,0,10
2947,164,0,0,12,0,13,0,0,0,10
2948,200,0,0,0,0,0,145,0,0,10
3002,64,0,0,14,0,20,8,1,0,10
3003,70,31,33,1,10,20,30,20,0,10
3004,70,5,7,10,19,20,20,0,0,10
3005,70,64,66,21,10,20,10,0,0,10
3006,70,61,55,10,20,20,40,10,0,10
3008,70,10,70,31,10,1,17,17,0,10
3010,70,14,20,33,0,10,30,20,0,10
3011,10,7,0,1,10,10,10,0,0,10
3013,70,24,0,30,0,22,38,20,0,10
3014,70,24,30,24,26,30,30,10,0,10
3015,70,8,0,34,10,0,30,10,0,10
3016,60,60,60,17,40,30,40,20,0,10
3017,70,70,70,30,20,9,40,10,0,10
3018,32,16,12,15,11,0,10,10,0,10
3019,60,60,60,8,20,20,40,20,0,10
3021,70,2,0,10,10,4,40,0,0,10
3022,90,12,4,26,0,0,20,10,0,10
3023,70,39,60,41,30,0,16,0,0,10
3024,42,14,0,9,10,0,20,6,0,10
3025,50,18,10,15,20,10,20,0,0,10
3026,80,45,59,45,7,20,20,10,0,10
3027,30,0,0,0,0,10,10,5,0,10
3028,70,30,20,30,18,10,30,0,0,10
3029,80,44,25,22,17,35,35,10,0,10
3030,70,27,20,28,10,30,10,10,0,10
3031,70,23,10,12,21,10,20,20,0,10
3032,70,4,0,14,10,20,20,10,0,10
3033,80,30,20,21,20,10,30,30,0,10
3034,70,70,70,26,37,30,30,20,0,10
3035,70,70,70,22,30,12,40,20,0,10
3036,84,69,59,37,10,55,24,21,0,10
3037,70,70,70,41,40,10,51,21,0,10
3038,70,42,17,20,30,30,20,10,0,10
3040,70,5,8,29,20,17,40,10,0,10
3041,20,20,20,15,0,10,10,10,0,10
3042,70,56,50,23,15,10,39,24,0,10
3043,12,0,0,0,0,0,2,0,0,10
3044,70,60,70,30,27,9,30,10,0,10
3045,70,70,70,37,2,10,0,15,0,10
3046,50,10,10,21,10,20,42,33,0,10
3047,50,21,14,20,0,10,10,0,0,10
3048,72,27,12,13,19,5,32,0,0,10
3049,40,40,40,27,13,7,30,10,0,10
3050,80,42,15,29,10,10,32,20,0,10
3051,16,11,5,4,10,0,16,2,0,10
3052,60,19,0,10,0,23,11,0,0,10
3054,48,0,0,3,0,12,11,2,0,10
3055,82,6,0,14,23,40,20,0,0,10
3056,80,59,20,23,25,12,32,0,0,10
3057,30,20,0,19,0,0,20,10,0,10
3058,60,11,10,6,20,0,20,20,0,10
3059,70,58,47,19,9,20,33,30,0,10
3060,50,32,17,5,10,10,20,20,0,10
3062,70,56,25,10,10,10,20,0,0,10
3064,143,0,0,0,0,63,86,89,0,10
3066,150,0,0,26,1,9,97,17,0,10
3067,461,0,0,12,0,89,193,126,0,10
3071,80,44,12,25,10,20,37,7,0,10
3073,169,0,0,15,0,51,12,3,0,10
3078,70,42,33,17,20,20,40,10,0,10
3081,70,27,70,2,3,10,30,0,0,10
3083,10,10,10,9,0,0,10,0,0,10
3085,126,0,0,8,0,21,43,17,0,10
3086,316,0,0,40,0,77,170,19,0,10
3088,70,1,0,24,10,20,40,10,0,10
3089,92,0,0,12,0,6,60,12,0,10
3090,70,48,43,21,10,20,30,10,0,10
3092,70,35,30,19,37,30,30,20,0,10
3093,301,0,0,25,10,94,102,26,0,10
3094,70,39,22,13,7,0,40,0,0,10
3095,85,0,0,4,0,3,59,25,0,10
3105,80,80,80,25,25,30,40,20,0,10
3114,74,26,29,23,19,40,42,0,0,10
3115,345,0,0,12,0,72,120,111,0,10
3118,108,0,0,18,1,25,33,41,0,10
3122,67,11,10,2,10,11,23,23,0,10
3128,60,15,10,16,11,10,30,0,0,10
3130,227,0,0,65,0,9,46,70,0,10
3131,72,13,24,24,20,34,12,0,0,10
3135,21,0,0,0,0,0,0,0,0,10
3138,908,8,21,92,10,284,135,0,0,10
3141,70,39,31,18,20,30,50,20,0,10
3144,82,25,22,34,0,15,25,4,0,10
3147,617,8,2,15,15,177,173,0,0,10
3149,20,7,0,0,10,0,10,0,0,10
3150,943,0,0,103,0,0,0,0,0,10
3152,70,1,52,16,20,20,20,20,0,10
3158,732,0,0,101,0,0,0,0,0,10
3162,135,0,0,6,0,73,43,32,0,10
3163,50,12,20,10,15,10,11,0,0,10
3164,42,2,1,12,1,20,14,10,0,10
3167,70,14,28,15,23,20,40,10,0,10
3168,1230,0,0,25,0,0,758,0,0,10
3169,80,20,20,25,20,47,40,12,0,10
3171,136,0,0,41,0,9,87,18,0,10
3176,10,0,0,0,0,10,10,0,0,10
3178,498,2,10,30,11,137,171,0,0,10
3188,98,0,0,7,0,34,61,19,0,10
3189,70,70,70,27,30,26,30,10,0,10
3191,20,0,0,4,0,4,13,0,0,10
3202,28,14,1,10,0,2,13,2,0,10
3205,40,3,17,0,5,8,20,10,0,10
3206,70,6,0,28,10,18,20,0,0,10
3207,196,7,1,18,0,22,115,84,0,10
3209,80,9,3,12,1,10,30,0,0,10
3211,70,19,28,20,20,30,20,0,0,10
3213,70,7,7,30,10,20,30,10,0,10
3217,81,38,50,31,50,48,40,30,0,10
3218,80,27,40,8,25,20,44,10,0,10
3219,400,0,0,7,0,97,151,124,0,10
3221,80,50,47,49,41,31,40,10,0,10
3224,40,6,10,13,10,20,20,0,0,10
3226,136,0,0,28,0,56,55,10,0,10
3227,70,54,70,24,20,30,35,30,0,10
3228,23,8,10,0,10,0,10,0,0,10
3229,12,0,0,0,0,2,10,0,0,10
3230,81,2,0,2,0,24,19,30,0,10
3231,70,70,70,30,13,10,20,0,0,10
3232,69,3,0,0,10,39,49,30,0,10
3234,40,20,20,0,0,0,20,0,0,10
3236,70,36,20,29,21,20,11,1,0,10
3252,52,0,0,0,0,24,21,11,0,10
3257,70,19,19,29,15,20,49,9,0,10
3259,32,5,0,10,0,7,22,10,0,10
3260,70,70,70,10,19,30,50,10,0,10
3264,72,72,70,43,20,22,40,0,0,10
3265,70,0,0,6,0,20,30,0,0,10
3266,32,4,0,15,1,18,10,0,0,10
3268,35,0,1,0,20,13,27,9,0,10
3272,70,3,0,15,0,20,10,0,0,10
3276,110,16,0,21,18,25,45,20,0,10
3284,58,8,0,6,10,1,28,18,0,10
3285,70,4,0,17,1,16,34,0,0,10
3287,73,0,0,8,0,9,18,5,0,10
3288,470,0,0,17,0,32,232,128,0,10
3289,110,22,58,0,20,0,25,10,0,10
3290,70,20,10,28,11,10,20,10,0,10
3293,70,35,63,11,30,50,40,12,0,10
3294,70,10,10,10,0,0,14,0,0,10
3296,60,7,0,4,10,17,10,0,0,10
3297,50,2,0,5,0,10,20,0,0,10
3303,70,0,0,5,20,17,30,10,0,10
3305,72,20,20,17,30,22,41,10,0,10
3306,78,13,10,34,3,44,20,10,0,10
3308,76,5,0,7,7,12,35,15,0,10
3310,103,7,0,11,7,63,51,10,0,10
3311,30,7,0,4,0,0,0,0,0,10
3312,70,32,15,26,26,30,40,12,0,10
3313,10,0,0,6,0,0,0,0,0,10
3315,27,0,0,21,0,0,0,0,0,10
3317,50,28,32,5,30,10,36,9,0,10
3321,60,2,0,6,0,0,20,16,0,10
3322,24,10,10,10,10,11,10,2,0,10
3323,70,31,20,22,18,31,40,10,0,10
3324,80,70,71,24,30,50,39,29,0,10
3325,60,27,4,16,29,30,20,10,0,10
3332,662,0,0,114,0,74,185,137,0,10
3338,75,28,30,5,25,10,20,10,0,10
3339,151,13,9,26,9,28,51,29,0,10
3346,210,22,28,29,10,87,48,10,0,10
3349,1347,0,0,0,0,552,514,0,0,10
3354,93,19,7,23,1,6,10,10,0,10
3356,40,10,10,20,4,2,0,0,0,10
3357,861,23,38,93,0,265,164,0,0,10
3360,70,15,10,13,22,40,24,10,0,10
3362,60,50,50,32,30,13,30,0,0,10
3363,60,15,20,3,10,10,39,20,0,10
3372,22,2,0,9,10,10,10,11,0,10
3373,70,16,16,5,20,20,30,20,0,10
3374,30,23,20,0,0,0,10,0,0,10
3376,70,55,70,23,23,11,21,12,0,10
3379,30,4,0,4,0,13,9,0,0,10
3380,70,64,50,38,7,10,11,20,0,10
3383,34,7,0,3,0,7,15,4,0,10
3388,80,0,0,27,2,13,40,30,0,10
3390,70,10,10,41,20,17,40,10,0,10
3402,70,12,1,33,31,9,40,10,0,10
3406,60,60,60,38,30,40,20,0,0,10
3413,70,42,66,20,20,40,20,20,5,10
3416,70,0,0,30,1,22,30,20,0,10
3419,30,10,10,1,0,0,12,0,0,10
3426,192,1,0,27,0,54,8,25,0,10
3430,1104,0,0,31,0,307,547,0,0,10
3431,57,0,0,0,0,0,0,0,0,10
3432,70,9,0,24,9,10,30,9,0,10
3434,331,0,0,29,0,71,161,36,0,10
3437,40,12,10,5,10,0,9,0,0,10
3438,42,10,10,10,10,30,32,20,0,10
3441,60,12,10,18,10,30,30,4,0,10
3443,70,55,60,6,26,40,40,10,0,10
3444,81,9,10,9,20,10,40,21,0,10
3447,43,0,0,0,0,28,43,0,0,10
3450,70,33,60,10,10,10,39,9,0,10
3452,30,12,0,0,0,0,0,0,0,10
3454,78,7,25,13,0,22,16,11,0,10
3455,72,26,19,23,29,20,40,10,0,10
3465,588,0,6,47,10,94,235,118,0,10
3466,203,7,0,18,1,80,88,23,0,10
3474,13,13,13,11,0,0,0,0,0,10
3479,70,2,10,10,20,30,40,20,0,10
3481,70,70,70,15,20,20,30,20,0,10
3483,80,53,50,23,40,39,40,20,0,10
3484,70,18,19,20,21,18,19,13,0,10
3485,1284,0,0,0,0,0,0,0,0,10
3489,75,5,0,2,0,34,36,20,0,10
3490,90,33,14,17,0,30,58,20,0,10
3491,80,30,43,47,20,10,40,10,0,10
3492,76,6,0,1,10,10,40,20,0,10
3494,20,0,0,0,0,0,7,7,0,10
3498,50,11,20,2,0,10,10,0,0,10
3499,40,10,10,10,20,1,22,20,0,10
3501,70,1,0,27,10,2,10,10,0,10
3504,30,21,20,0,10,10,10,10,0,10
3508,10,10,10,10,10,10,10,0,0,10
3511,52,25,20,0,10,20,20,2,0,10
3512,44,0,0,1,7,20,27,0,0,10
3514,29,29,17,2,0,0,0,0,0,10
3515,70,40,50,33,30,38,33,6,0,10
3516,76,0,0,15,0,26,29,2,0,10
3518,30,4,0,4,0,0,10,0,0,10
3519,20,14,5,1,0,0,0,0,0,10
3520,32,0,0,16,0,16,10,10,0,10
3521,35,0,0,12,0,17,16,14,0,10
3522,10,0,0,0,0,0,0,0,0,10
3523,81,0,0,0,0,38,46,5,0,10
3526,80,55,60,25,35,46,40,20,0,10
3527,70,25,40,23,40,13,40,30,0,10
3528,70,0,0,34,0,30,10,0,0,10
3529,70,10,70,15,26,40,30,30,0,10
3530,406,20,30,25,10,307,259,10,0,10
3531,165,0,0,32,0,21,81,61,0,10
3532,80,69,70,20,31,20,50,10,0,10
3533,80,51,75,40,37,54,22,14,0,10
3535,20,0,1,0,0,0,10,0,0,10
3536,54,13,12,2,0,12,25,2,0,10
3537,70,14,10,23,15,18,30,0,0,10
3540,70,24,30,31,30,30,20,0,0,10
3541,80,4,15,20,20,40,30,30,0,10
3543,780,5,0,101,0,15,423,0,0,10
3545,80,80,60,20,33,43,67,30,0,10
3546,60,14,30,18,19,31,10,10,0,10
3548,70,15,14,9,20,32,40,10,0,10
3550,70,5,9,5,10,20,20,10,0,10
3551,71,21,26,42,1,11,50,30,0,10
3552,50,42,50,0,20,0,20,18,0,10
3555,249,0,0,15,0,44,146,56,0,10
3556,70,17,22,22,6,18,28,30,0,10
3557,82,6,17,22,1,33,36,2,0,10
3558,70,0,20,9,0,20,10,10,0,10
3559,27,0,0,7,0,0,0,0,0,10
3561,19,18,1,1,0,0,0,0,0,10
3562,254,0,0,11,0,0,0,0,0,10
3563,99,26,76,18,20,38,39,10,0,10
3564,81,0,0,21,0,24,18,16,0,10
3567,70,0,9,12,24,8,40,20,0,10
3570,99,0,0,22,0,40,42,42,0,10
3573,12,0,0,1,0,0,0,0,0,10
3576,52,52,42,1,0,20,22,12,0,10
3577,90,0,0,57,7,30,54,20,0,10
3579,20,0,0,2,0,2,0,0,0,10
3580,70,3,0,9,20,36,35,0,0,10
3581,92,0,0,14,0,20,43,10,0,10
3583,70,17,20,24,16,29,40,20,0,10
3584,11,3,0,0,0,0,0,0,0,10
3587,90,27,36,29,50,27,40,40,0,10
3588,70,20,20,15,30,30,40,19,0,10
3591,50,19,20,10,10,2,20,0,0,10
3592,775,63,148,162,0,378,183,0,0,10
3593,22,0,0,0,0,10,0,0,0,10
3594,70,12,0,20,0,20,12,0,0,10
3596,80,78,80,45,40,30,50,20,0,10
3597,1006,6,0,19,10,146,494,0,0,10
3598,11,2,0,0,0,0,0,0,0,10
3605,80,40,40,21,12,54,26,0,0,10
3607,50,10,10,9,0,0,20,20,0,10
3609,183,0,0,14,15,22,109,31,0,10
3611,70,0,2,15,10,20,10,20,0,10
3615,60,18,9,22,4,30,40,10,0,10
3617,70,0,10,8,10,10,20,0,0,10
3622,50,2,0,15,1,20,23,0,0,10
3623,68,0,0,9,0,10,20,10,0,10
3624,70,35,30,25,36,40,40,10,0,10
3625,40,10,6,0,1,10,0,0,0,10
3628,85,0,0,10,0,4,39,10,0,10
3629,579,0,0,41,0,159,397,101,0,10
3630,20,10,10,1,10,10,10,0,0,10
3631,112,0,0,8,1,22,55,11,0,10
3632,48,0,0,9,0,6,23,13,0,10
3642,20,1,0,3,0,1,12,2,0,10
3645,70,23,30,15,13,30,29,10,0,10
3646,82,4,0,6,12,13,39,5,0,10
3652,95,0,0,28,3,23,34,20,0,10
3653,70,43,50,37,31,40,36,26,0,10
3661,60,50,50,23,27,30,37,0,0,10
3663,62,10,10,15,20,17,30,0,0,10
3664,41,0,0,8,0,1,7,2,0,10
3665,82,65,82,29,17,52,10,10,0,10
3666,60,21,11,11,30,20,40,30,0,10
3669,70,18,25,4,30,24,30,20,0,10
3672,72,10,10,20,10,3,0,10,0,10
3673,30,30,30,0,0,0,10,10,0,10
3675,79,26,20,43,30,41,38,30,0,10
3679,82,0,0,15,40,3,51,10,0,10
3680,130,62,80,40,60,64,88,10,0,10
3682,28,28,15,0,0,0,2,12,0,10
3684,124,0,0,30,0,33,23,18,0,10
3685,74,0,0,1,0,44,27,3,0,10
3686,22,1,0,7,0,20,10,10,0,10
3687,30,25,30,20,30,20,30,0,0,10
3689,80,20,19,14,11,10,30,10,0,10
3691,60,31,60,6,6,0,26,0,0,10
3693,46,4,0,4,0,15,13,12,0,10
3694,10,10,5,10,0,10,0,0,0,10
3698,50,46,24,2,1,7,14,2,0,10
3701,235,10,10,17,0,55,137,10,0,10
3702,82,82,82,47,0,20,20,10,0,10
3703,70,34,10,31,20,30,40,0,0,10
3704,30,20,20,10,0,0,10,0,0,10
3705,70,9,10,23,0,0,10,10,0,10
3706,70,67,55,49,14,38,30,20,0,10
3707,40,37,30,0,20,15,20,20,0,10
3708,60,35,60,20,0,17,10,0,10,10
3709,104,0,0,13,10,39,47,0,12,10
3710,10,10,0,9,0,0,0,0,0,10
3711,50,50,50,20,10,10,30,10,0,10
3712,30,10,10,10,8,20,20,0,10,10
3713,10,0,0,0,0,10,0,0,0,10
3714,10,10,10,0,0,0,0,0,10,10
4102,28,0,0,0,0,5,3,0,0,10
4104,80,3,0,34,0,0,20,0,0,10
4105,70,32,50,11,10,20,10,0,0,10
4106,70,18,14,0,1,0,10,0,0,10
4107,70,1,50,16,19,0,20,8,0,10
4108,20,0,0,10,0,20,10,0,0,10
4109,40,10,0,0,0,0,10,10,0,10
4111,70,0,0,15,0,0,30,20,0,10
4113,60,2,0,10,0,51,34,0,0,10
4114,82,28,19,31,4,22,30,11,0,10
4116,73,1,0,13,0,20,11,11,0,10
4119,70,34,39,31,22,20,20,0,0,10
4120,70,0,0,9,0,0,10,10,0,10
4121,60,11,11,3,20,10,40,0,0,10
4123,72,49,52,20,10,30,40,10,0,10
4126,70,3,20,20,10,10,30,0,0,10
4127,20,5,0,10,0,10,10,10,0,10
4128,22,21,22,12,1,4,0,0,0,10
4129,80,11,20,6,10,40,27,0,0,10
4130,78,23,13,1,6,15,12,0,0,10
4131,514,0,0,12,0,223,132,123,0,10
4133,70,20,27,23,10,10,11,10,0,10
4137,70,20,55,16,10,22,30,10,0,10
4138,72,0,0,22,0,0,0,0,0,10
4139,50,0,0,2,0,0,12,0,0,10
4141,29,12,11,10,3,11,3,1,0,10
4142,30,27,20,0,0,27,0,10,0,10
4144,80,7,0,10,0,11,0,12,0,10
4147,12,2,12,6,0,0,2,2,0,10
4148,50,5,0,7,10,20,20,0,0,10
4152,48,0,0,1,0,26,10,15,0,10
4153,50,5,0,11,0,14,20,30,0,10
4154,124,0,0,3,0,54,36,16,0,10
4155,246,1,0,50,0,126,20,10,0,10
4157,13,8,3,0,0,0,0,0,0,10
4160,44,0,0,18,0,11,22,0,0,10
4161,70,0,0,1,0,40,40,17,0,10
4162,70,27,56,16,0,29,40,9,0,10
4163,80,7,16,23,20,18,30,10,0,10
4164,70,17,10,26,10,20,40,10,0,10
4166,1131,8,0,16,0,0,0,0,0,10
4167,40,9,0,0,0,0,10,10,10,10
4168,20,0,0,9,0,10,0,7,0,10
4169,1056,0,0,70,0,0,0,0,0,10
4171,44,9,25,1,0,16,30,10,0,10
4173,80,6,8,3,20,25,36,13,0,10
4174,22,7,22,10,0,0,0,0,1,10
4175,138,0,7,24,7,0,50,13,0,10
4183,437,0,0,25,0,124,202,13,0,10
4188,20,0,0,9,0,0,19,0,0,10
4190,82,18,27,8,20,30,30,10,10,10
4192,24,2,4,2,2,10,0,2,0,10
4195,718,45,16,70,0,0,0,0,0,10
4198,35,0,0,0,0,13,16,12,0,10
4205,74,0,0,39,16,0,20,10,0,10
4207,50,0,0,25,0,10,21,0,0,10
4303,112,0,1,20,0,13,40,19,0,10
4304,355,0,0,22,0,76,143,76,0,10
4305,471,0,0,94,0,39,155,66,0,10
4306,82,39,20,15,10,29,30,10,0,10
4401,70,0,0,20,0,20,20,0,0,10
4402,63,0,0,4,0,13,26,35,0,10
4406,384,0,0,9,0,87,167,4,0,10
4413,529,0,0,7,0,241,186,0,0,10
4414,26,25,2,11,0,2,12,0,0,10
4416,591,0,0,67,0,274,191,87,0,10
4417,70,0,0,6,0,10,10,0,0,10
4419,1054,0,0,43,0,257,453,268,0,10
4420,110,6,0,35,1,36,44,34,0,10
4426,60,21,21,2,20,5,8,0,0,10
4429,417,0,0,53,0,122,251,46,0,10
4430,98,0,0,13,2,19,33,18,0,10
4432,52,0,0,0,0,12,10,2,0,10
4433,103,11,6,20,1,43,19,5,0,10
4438,189,0,0,5,7,86,26,12,0,10
4439,37,0,0,0,0,27,13,0,10,10
4440,400,0,0,6,0,62,5,0,0,10
4502,68,10,10,12,10,22,10,0,0,10
4503,42,1,2,11,10,20,11,0,0,10
4506,84,0,0,43,13,13,20,0,0,10
4510,50,0,0,4,0,20,10,0,0,10
4513,44,7,0,9,10,10,12,0,0,10
4523,58,0,0,4,1,4,29,15,0,10
4526,50,0,0,0,0,20,20,0,0,10
4527,83,0,0,28,10,7,27,13,0,10
4528,70,11,10,10,10,20,20,20,0,10
4529,10,0,0,1,0,0,10,0,0,10
4530,140,0,0,13,0,18,51,10,0,10
4532,70,11,10,14,0,10,0,0,0,10
4533,72,5,0,10,4,22,43,10,0,10
4534,40,11,10,10,10,10,30,10,0,10
4535,105,0,0,22,0,20,51,4,0,10
4536,70,8,20,20,10,12,40,20,0,10
4538,564,0,0,29,0,248,237,10,0,10
4540,492,31,86,42,0,280,97,0,0,10
4541,70,0,0,17,10,30,28,10,0,10
4542,269,0,0,14,0,123,87,12,0,10
4543,162,0,0,19,0,28,32,26,0,10
4545,70,0,0,20,7,30,20,20,0,10
4549,72,0,0,22,0,13,26,0,0,10
4550,100,0,0,14,10,29,41,26,1,10
4551,70,9,32,22,11,20,20,20,0,10
4552,60,10,10,20,0,0,0,0,5,10
4554,179,0,0,11,0,82,41,13,0,10
4555,72,0,0,0,0,27,30,10,0,10
4556,271,0,0,50,0,96,84,23,0,10
4557,72,0,0,23,0,21,10,20,10,10
4558,1426,0,0,0,0,521,533,0,0,10
4560,142,3,0,0,10,20,15,20,0,10
4561,289,0,0,56,0,178,134,0,0,10
4562,337,0,0,3,0,96,0,0,0,10
4563,503,0,0,5,0,111,32,7,0,10
4564,285,42,36,17,0,113,69,0,0,10
4566,247,0,0,0,0,10,10,0,0,10
4568,249,2,0,10,0,20,10,6,0,10
4571,43,0,0,6,0,10,20,10,1,10
4572,270,0,0,9,0,37,24,20,0,10
4576,97,0,0,0,0,22,49,0,0,10
4577,238,0,0,0,0,82,149,0,0,10
4580,174,0,0,23,0,23,55,18,0,10
4581,32,0,0,0,0,0,0,12,0,10
4582,337,5,0,38,0,0,0,0,0,10
4583,148,0,0,2,0,0,13,0,0,10
4584,50,0,0,0,0,0,0,0,0,10
4609,183,0,0,25,0,89,98,28,0,10
4702,34,0,0,11,0,20,26,0,0,10
4706,89,4,0,11,0,0,20,0,0,10
4707,70,25,0,15,9,12,10,10,0,10
4711,137,0,0,22,10,35,44,18,0,10
4712,42,0,0,1,0,19,10,1,0,10
4714,80,48,20,33,11,27,27,10,0,10
4716,72,0,0,24,10,7,25,0,0,10
4720,80,8,0,4,1,0,20,10,0,10
4721,70,40,43,19,38,27,42,10,0,10
4722,80,6,0,23,10,30,40,20,0,10
4725,28,4,3,3,0,14,15,4,0,10
4726,20,3,0,0,0,0,10,0,0,10
4728,52,0,0,5,10,32,29,0,0,10
4729,16,0,0,10,0,12,12,0,0,10
4733,22,14,15,0,0,0,0,0,0,10
4735,110,19,40,40,40,42,60,40,0,10
4736,70,22,58,13,30,40,40,10,0,10
4737,72,0,0,14,20,17,20,10,0,10
4739,100,81,83,21,46,40,60,40,0,10
4741,374,0,0,14,0,79,32,4,0,10
4743,18,15,12,8,1,13,1,0,0,10
4744,383,15,10,88,0,147,215,0,0,10
4745,72,3,10,16,0,29,20,10,0,10
4746,60,17,30,0,10,20,30,10,0,10
4747,191,0,0,14,0,20,15,32,0,10
4754,320,0,0,45,0,98,159,17,0,10
4755,88,10,10,32,31,27,22,20,0,10
4760,679,0,10,26,10,303,276,10,0,10
4763,80,0,0,21,11,30,26,17,10,10
4764,279,1,8,10,0,18,30,10,0,10
4766,222,1,10,11,0,12,20,0,0,10
4767,356,0,0,26,0,28,93,47,0,10
4768,240,2,32,19,0,95,177,0,0,10
4770,175,6,15,20,0,46,0,0,0,10
4771,21,0,0,0,0,0,0,0,0,10
4803,78,0,41,3,0,32,23,11,0,10
4804,46,0,0,0,0,0,14,0,0,10
4806,99,0,0,17,0,29,21,30,0,10
4807,152,0,0,2,0,23,26,2,0,10
4903,20,12,0,10,19,0,10,10,0,10
4904,70,70,70,37,0,0,10,10,0,10
4905,179,0,0,7,10,39,87,22,0,10
4906,60,53,50,19,10,10,20,0,0,10
4907,194,0,0,8,10,93,37,37,0,10
4908,70,7,10,8,14,20,28,19,0,10
4909,70,0,0,10,0,10,10,0,0,10
4911,34,0,0,4,0,16,6,0,0,10
4912,110,4,46,30,38,24,41,20,0,10
4915,70,70,70,20,10,5,10,0,0,10
4916,70,22,20,14,10,29,30,18,0,10
4919,92,89,92,66,40,20,30,2,0,10
4923,1056,6,5,39,0,440,334,0,0,10
4924,21,0,0,10,0,13,2,0,0,10
4927,70,44,40,29,29,10,20,10,0,10
4930,42,10,10,1,10,10,32,0,0,10
4931,397,3,0,15,0,116,62,0,0,10
4933,70,4,5,20,10,0,49,9,0,10
4934,40,40,30,16,10,10,20,10,0,10
4935,70,35,28,16,30,10,20,10,0,10
4938,72,72,72,30,17,12,10,0,0,10
4939,50,18,20,20,17,20,20,0,0,10
4942,70,35,10,27,10,14,46,16,0,10
4943,219,40,40,20,10,38,66,10,0,10
4944,46,4,0,15,1,8,31,20,0,10
4945,20,6,10,14,16,20,20,0,10,10
4946,34,6,0,10,0,11,20,10,0,10
4949,599,0,0,0,0,0,0,0,0,10
4950,333,0,0,10,0,128,178,66,0,10
4951,1032,5,0,60,0,225,429,0,0,10
4952,70,19,27,14,30,10,30,10,0,10
4953,80,10,28,15,30,40,50,19,0,10
4956,20,16,20,2,0,0,20,10,0,10
4958,72,72,72,10,11,20,20,10,0,10
4960,22,20,10,5,0,0,10,10,0,10
4961,462,66,53,70,30,229,103,23,0,10
4966,82,17,82,29,22,47,50,20,0,10
4967,517,23,23,19,10,138,306,0,0,10
4968,70,55,60,20,33,30,20,0,0,10
4971,70,1,7,15,4,38,20,10,0,10
4972,72,5,0,24,16,10,30,10,0,10
4973,71,21,10,12,20,20,28,7,0,10
4974,70,16,20,24,10,12,30,30,0,10
4976,30,28,30,5,20,10,20,0,0,10
4977,80,19,23,8,20,27,0,0,0,10
4979,40,27,14,7,0,1,0,0,0,10
4984,39,9,12,22,0,0,0,0,0,10
4987,108,0,0,32,0,21,17,3,0,10
4989,181,28,25,0,10,23,23,7,0,10
4991,62,13,26,18,0,12,0,10,0,10
4994,40,8,9,9,0,0,0,0,0,10
4995,99,0,0,26,11,45,24,41,0,10
4999,70,0,0,15,0,8,20,0,0,10
5007,72,1,0,0,0,20,22,20,0,10
5009,70,31,10,0,0,14,20,0,0,10
5011,272,20,20,36,0,102,173,80,0,10
5013,167,0,0,50,10,39,77,37,0,10
5014,37,27,22,0,20,15,10,0,0,10
5015,70,0,0,31,30,30,30,20,0,10
5016,156,0,0,52,1,21,53,34,0,10
5102,78,0,0,24,0,11,0,0,0,10
5201,69,0,0,15,10,12,29,10,0,10
5202,161,0,0,13,0,26,36,11,0,10
5203,70,5,10,10,13,0,20,10,0,10
5205,1165,0,0,8,0,473,491,468,0,10
5206,105,0,0,25,0,60,47,0,0,10
5209,219,0,0,81,0,54,20,53,0,10
5210,44,0,0,1,7,12,26,9,0,10
5211,52,0,0,0,0,0,20,0,0,10
5212,224,0,0,16,11,21,58,55,0,10
5213,80,22,10,37,0,42,30,20,0,10
5215,102,29,40,11,50,34,50,20,0,10
5220,384,7,0,28,0,157,167,0,0,10
5222,875,3,103,83,0,487,473,27,0,10
5223,50,6,10,20,10,14,16,6,10,10
5225,62,7,0,10,12,22,20,13,0,10
5227,60,41,10,7,0,30,30,20,0,10
5228,1403,0,0,0,0,438,526,0,0,10
5230,72,0,1,2,0,10,30,20,0,10
5234,70,8,10,20,25,0,20,20,0,10
5236,122,0,65,2,0,112,85,0,0,10
5243,70,44,40,32,11,20,17,20,0,10
5244,1070,3,0,106,0,221,649,0,0,10
5245,91,5,35,20,32,20,50,0,0,10
5251,50,15,5,19,0,6,4,0,0,10
5258,180,20,20,76,10,76,43,16,0,10
5259,143,0,0,7,0,25,0,0,0,10
5263,60,2,23,8,3,20,30,20,0,10
5264,78,62,78,27,9,15,31,12,0,10
5269,72,30,72,34,26,36,36,17,0,10
5272,40,1,2,1,10,8,20,20,0,10
5274,72,0,64,25,37,52,20,0,0,10
5276,379,0,0,18,0,30,150,28,0,10
5278,157,0,0,51,22,88,68,33,0,10
5281,79,0,1,14,0,13,22,10,0,10
5283,647,0,0,59,0,242,313,0,0,10
5284,88,0,0,18,10,3,22,10,0,10
5285,71,20,20,18,37,26,30,10,0,10
5287,115,0,8,46,1,10,12,25,0,10
5288,70,0,10,25,20,17,10,4,0,10
5289,70,21,63,32,20,40,20,30,0,10
5291,68,0,0,3,30,20,40,0,0,10
5292,445,0,0,0,0,0,175,0,0,10
5299,457,30,50,58,19,310,285,20,0,10
5301,30,0,0,0,0,0,10,0,0,10
5302,10,0,0,0,10,0,0,0,0,10
5304,106,4,0,6,0,0,0,0,0,10
5305,58,29,33,13,0,1,23,3,0,10
5306,86,10,22,23,10,40,24,10,0,10
5309,20,10,10,1,0,10,20,10,0,10
5310,27,0,0,3,0,7,6,0,0,10
5312,80,0,0,30,0,0,10,20,0,10
5314,142,0,0,25,0,5,62,28,0,10
5315,60,23,0,3,5,10,30,10,0,10
5317,56,31,21,15,0,0,0,0,0,10
5321,141,8,10,5,10,29,65,36,0,10
5324,40,0,0,0,0,16,14,11,0,10
5328,20,4,0,0,2,0,10,0,0,10
5340,16,0,0,0,0,2,2,2,0,10
5344,68,4,1,13,10,16,11,11,0,10
5345,128,0,0,0,0,32,33,10,0,10
5347,70,70,70,37,10,30,20,30,0,10
5348,529,0,0,48,0,116,215,121,0,10
5349,39,27,12,10,0,0,0,0,0,10
5351,30,30,20,11,10,10,10,10,0,10
5353,90,5,0,41,1,30,60,10,0,10
5355,10,1,0,0,0,0,0,0,0,10
5356,80,9,10,26,0,10,0,10,0,10
5364,721,0,0,11,0,143,215,98,0,10
5371,88,68,43,8,20,20,11,21,0,10
5381,135,0,0,9,1,15,55,31,0,10
5383,42,1,10,21,10,28,22,32,0,10
5386,136,14,6,4,19,52,114,40,0,10
5388,70,57,67,20,3,20,20,10,0,10
5392,72,25,10,23,0,14,30,0,0,10
5398,108,0,0,12,0,19,60,20,0,10
5403,70,0,0,58,10,43,30,10,0,10
5410,70,6,0,52,10,13,12,19,0,10
5425,70,68,70,13,30,20,20,23,0,10
5426,40,4,0,21,0,20,0,10,0,10
5432,373,0,0,54,0,68,145,123,0,10
5434,80,23,45,34,20,30,12,22,0,10
5438,72,11,9,26,0,16,42,12,0,10
5439,80,30,21,25,30,29,20,10,0,10
5443,70,42,24,21,24,20,50,10,0,10
5450,49,9,0,11,0,25,44,23,0,10
5452,60,25,10,10,22,26,37,7,0,10
5455,887,0,0,85,0,369,416,147,0,10
5457,40,31,37,10,10,20,20,3,0,10
5460,92,0,0,12,0,10,11,1,0,10
5464,50,0,0,7,10,10,20,0,0,10
5465,82,9,0,15,0,23,41,30,0,10
5468,349,0,0,17,0,31,113,140,0,10
5469,82,69,62,24,20,8,52,20,0,10
5471,70,21,30,17,20,10,40,20,0,10
5474,80,8,10,20,17,30,26,20,0,10
5475,30,21,10,0,12,30,20,0,0,10
5478,72,7,16,11,8,11,32,30,0,10
5481,42,6,0,6,0,18,12,2,0,10
5483,82,82,82,44,15,25,20,10,0,10
5484,30,0,0,10,0,10,0,0,0,10
5487,137,0,0,18,0,20,34,17,0,10
5488,30,13,0,20,14,0,10,0,0,10
5489,73,0,0,21,0,33,33,3,0,10
5490,70,10,20,11,0,20,15,0,0,10
5493,90,0,0,30,20,11,36,0,0,10
5498,42,5,0,4,5,10,20,10,0,10
5508,70,0,0,29,8,34,48,10,0,10
5511,102,0,0,31,0,34,40,0,0,10
5512,70,32,0,21,0,29,30,10,0,10
5514,111,0,0,34,11,26,31,4,0,10
5515,80,7,0,35,2,9,60,0,0,10
5516,287,0,0,35,0,140,125,75,0,10
5519,70,21,0,16,10,10,30,10,0,10
5520,126,0,0,40,0,45,51,10,0,10
5521,50,33,0,0,0,30,37,0,0,10
5522,90,41,37,18,16,26,50,30,0,10
5523,110,0,0,13,20,47,30,11,0,10
5525,80,0,0,13,10,20,22,9,0,10
5529,28,1,0,0,10,16,10,4,0,10
5530,70,0,10,18,1,19,40,14,0,10
5531,40,4,0,0,0,10,10,0,0,10
5533,70,1,0,23,0,40,30,0,0,10
5534,70,17,33,13,10,28,29,2,0,10
5536,80,7,32,48,20,43,24,10,0,10
5538,104,0,0,35,14,31,41,26,0,10
5543,219,0,0,38,0,66,129,61,1,10
5546,40,0,0,10,7,0,0,0,10,10
5547,467,0,0,0,0,0,0,0,0,10
5601,924,0,0,41,0,0,128,77,0,10
5603,62,0,0,8,19,10,20,4,0,10
5604,206,0,0,24,10,10,65,36,0,10
5607,60,31,20,42,33,20,20,10,0,10
5608,40,30,30,5,30,30,40,40,0,10
5609,80,36,40,42,50,40,51,21,0,10
5701,14,0,0,0,0,0,4,0,0,10
5703,893,0,0,87,0,18,299,134,0,10
5704,495,0,0,38,0,108,230,105,0,10
5706,70,5,10,29,0,10,20,10,0,10
5820,77,53,10,32,0,50,23,2,0,10
5864,364,13,10,75,11,240,298,0,0,10
5871,70,70,70,35,33,30,10,0,0,10
5876,210,188,119,72,0,10,0,10,0,10
5878,414,0,0,110,0,130,76,12,0,10
5880,80,80,80,71,9,19,20,25,0,10
5902,171,0,0,4,0,18,74,23,0,10
5903,84,1,2,25,3,0,12,12,0,10
5904,82,0,46,0,19,10,20,20,0,10
5905,70,15,7,3,8,0,19,10,0,10
5906,151,0,0,26,0,35,96,14,0,10
5907,70,0,0,2,10,0,20,10,0,10
6005,70,66,21,35,0,40,22,0,0,10
6015,40,24,10,6,23,26,15,0,0,10
6016,60,34,21,18,7,30,30,0,0,10
6020,61,0,0,20,9,55,30,10,0,10
6021,38,3,0,3,10,26,16,2,0,10
6023,90,0,0,25,3,29,10,20,0,10
6024,100,0,0,20,40,25,30,10,0,10
6026,97,41,26,25,37,63,44,10,0,10
6028,568,0,0,0,0,0,0,0,0,10
6101,25,0,0,5,0,0,9,11,0,10
6103,1057,0,0,10,0,494,530,176,0,10
6104,70,35,30,13,20,20,30,10,0,10
6108,60,24,1,15,20,0,23,0,0,10
6109,104,0,0,4,0,8,38,11,0,10
6111,42,10,13,21,1,40,20,10,0,10
6112,70,10,10,26,13,2,20,20,0,10
6113,10,0,0,10,0,10,10,0,0,10
6114,77,0,0,0,7,20,35,20,0,10
6115,72,0,0,34,0,20,30,20,0,10
6116,50,50,50,10,20,10,20,0,0,10
6117,38,0,0,13,0,12,24,5,0,10
6118,10,8,10,10,10,10,10,0,0,10
6120,50,34,20,19,10,10,10,0,0,10
6121,80,30,80,27,18,10,20,20,0,10
6122,40,0,0,10,0,19,10,10,0,10
6123,120,5,0,33,20,36,40,30,0,10
6124,70,0,0,3,0,10,25,15,0,10
6125,70,46,30,23,10,10,30,10,0,10
6126,50,13,10,7,10,10,20,20,0,10
6127,30,24,20,0,15,0,10,0,0,10
6128,81,0,0,17,10,40,20,10,0,10
6129,10,10,10,0,10,0,10,10,0,10
6130,97,3,0,18,0,22,27,26,0,10
6131,64,23,5,2,0,30,23,3,0,10
6133,83,10,0,29,0,21,25,16,0,10
6134,26,6,10,20,3,10,10,3,0,10
6136,70,0,0,8,0,20,20,0,0,10
6138,80,62,68,43,70,65,69,29,0,10
6139,70,23,20,11,18,30,14,0,0,10
6140,265,0,0,22,0,89,41,94,0,10
6141,74,30,12,18,14,10,20,10,0,10
6142,30,20,10,0,13,10,8,0,0,10
6143,70,33,31,38,22,20,30,10,0,10
6144,659,0,0,42,0,37,260,54,0,10
6145,28,7,2,1,0,0,0,0,0,10
6146,70,0,10,15,15,10,17,0,0,10
6147,70,70,70,18,10,12,40,10,0,10
6148,64,9,0,17,14,30,40,32,0,10
6150,50,43,40,21,27,23,40,0,0,10
6151,70,8,0,24,27,20,30,10,0,10
6152,10,10,0,10,0,0,0,0,0,10
6153,81,74,54,11,20,11,32,0,0,10
6154,77,0,0,22,0,20,30,10,0,10
6155,74,13,13,12,10,12,47,10,0,10
6156,72,20,5,20,0,12,28,6,0,10
6158,80,38,26,19,43,10,22,0,0,10
6160,40,2,0,0,10,30,10,10,0,10
6161,80,33,16,42,25,27,30,30,0,10
6163,40,11,10,22,10,28,30,9,0,10
6164,50,11,10,10,10,10,10,20,0,10
6165,14,5,0,5,0,0,14,0,0,10
6166,70,6,10,10,10,0,20,10,0,10
6167,10,10,10,10,10,10,10,10,0,10
6168,40,29,20,1,30,10,20,0,0,10
6169,20,3,0,10,0,0,10,0,0,10
6170,50,21,18,14,21,0,20,0,0,10
6171,227,1,0,52,16,102,135,55,0,10
6172,102,0,0,33,16,47,54,0,0,10
6173,80,66,58,27,30,42,50,10,0,10
6174,74,9,0,12,10,12,19,13,0,10
6175,70,43,30,26,34,50,40,10,0,10
6176,70,70,70,19,20,20,30,20,0,10
6177,80,9,10,43,4,42,29,20,0,10
6179,92,2,0,6,16,36,40,1,0,10
6180,60,50,43,20,10,38,20,19,0,10
6182,70,70,70,33,44,50,60,10,0,10
6183,74,0,0,43,10,28,27,0,0,10
6184,70,0,0,25,0,2,30,10,0,10
6185,80,10,0,10,0,10,30,10,0,10
6186,84,16,4,51,24,32,42,28,0,10
6187,70,33,48,23,20,27,40,10,0,10
6188,70,55,51,22,20,20,10,10,0,10
6189,70,2,0,41,10,27,35,0,0,10
6190,70,37,20,27,30,40,40,10,0,10
6191,70,70,50,31,29,0,50,10,0,10
6192,80,0,0,25,10,20,30,10,0,10
6194,80,0,0,18,10,40,30,0,0,10
6195,77,0,0,8,0,7,10,10,0,10
6196,70,40,60,35,42,30,40,30,0,10
6197,70,21,2,29,4,0,30,20,0,10
6198,733,0,0,22,0,256,283,52,0,10
6199,488,0,0,4,0,135,242,23,0,10
6201,78,0,0,40,0,1,32,0,0,10
6202,70,46,58,31,20,20,20,20,0,10
6203,74,10,20,12,10,41,40,20,0,10
6204,104,4,10,32,20,10,55,19,0,10
6205,70,17,13,20,24,20,10,10,0,10
6206,70,3,10,18,0,16,10,7,0,10
6207,70,20,19,15,14,48,20,10,0,10
6208,90,24,13,22,19,37,30,20,0,10
6209,30,24,20,10,10,10,9,0,0,10
6210,76,0,0,20,0,5,36,10,0,10
6212,625,5,0,133,0,202,319,52,0,10
6213,80,68,60,15,58,30,40,10,0,10
6214,70,14,17,26,10,10,20,0,0,10
6215,70,23,10,5,30,10,35,15,0,10
6216,70,0,0,13,0,18,20,11,0,10
6217,70,29,25,11,10,25,34,24,0,10
6218,76,5,0,37,9,34,22,12,0,10
6219,90,50,36,5,6,41,34,4,0,10
6220,82,31,17,19,11,20,35,3,0,10
6221,117,1,0,34,4,38,45,21,0,10
6222,333,0,0,30,0,144,156,15,0,10
6223,70,50,66,25,20,23,23,3,0,10
6224,82,14,40,22,10,36,12,22,0,10
6225,359,0,0,39,0,157,152,23,0,10
6226,50,33,15,20,16,9,30,0,0,10
6227,70,12,10,27,14,20,37,10,0,10
6228,111,0,0,11,0,40,26,14,0,10
6229,78,10,10,20,13,32,44,22,0,10
6230,70,27,40,20,27,37,20,10,0,10
6231,70,19,28,33,10,30,50,20,0,10
6233,10,5,5,0,0,0,10,0,0,10
6234,70,0,5,5,10,5,28,0,0,10
6235,50,31,20,10,26,32,30,10,0,10
6236,853,0,0,5,0,170,435,197,0,10
6237,70,35,37,10,34,40,64,18,0,10
6238,60,32,52,4,0,0,0,0,0,10
6239,70,70,70,35,24,20,20,20,0,10
6240,329,0,0,11,0,17,144,2,0,10
6241,102,0,0,0,2,56,26,28,0,10
6242,412,0,0,17,0,98,93,81,0,10
6243,20,15,10,10,6,10,20,0,0,10
6244,50,50,49,20,10,30,29,27,0,10
6245,70,20,20,7,17,10,16,12,0,10
6246,132,1,0,20,0,41,26,0,0,10
6247,352,0,0,23,0,86,108,13,0,10
6248,303,0,0,10,0,159,106,36,0,10
6251,50,45,43,20,0,11,27,13,0,10
6257,80,60,50,50,20,30,30,20,0,10
6259,281,0,0,15,0,12,221,97,0,10
6261,70,29,40,23,10,27,32,11,0,10
6263,70,0,0,64,0,0,0,10,0,10
6264,54,0,0,9,0,25,14,22,0,10
6265,22,10,10,20,10,10,15,2,0,10
6266,70,20,5,19,28,40,20,20,0,10
6269,70,68,70,22,20,30,20,20,0,10
6270,70,4,0,27,10,20,40,10,0,10
6271,82,67,82,33,20,20,50,20,0,10
6272,1040,31,7,46,0,0,0,0,0,10
6274,70,69,70,36,45,30,30,10,0,10
6275,50,10,10,20,11,10,20,0,0,10
6276,83,10,6,11,0,32,41,18,0,10
6277,90,0,0,14,0,5,17,7,0,10
6278,70,42,41,13,20,30,40,10,0,10
6279,70,16,50,20,9,10,11,7,0,10
6281,70,0,0,34,0,10,10,10,0,10
6282,72,71,50,26,19,0,33,10,0,10
6283,30,19,10,6,3,10,10,0,0,10
6284,80,50,60,32,25,30,30,10,0,10
6285,70,67,70,33,0,10,0,0,0,10
6286,11,0,1,0,0,0,0,0,0,10
6287,255,0,0,18,10,65,130,53,0,10
6288,51,20,10,9,0,21,1,0,1,10
6289,38,0,0,5,0,9,30,1,0,10
6290,70,60,50,27,19,10,30,20,0,10
6291,550,0,0,90,0,116,222,137,0,10
6292,77,0,0,30,5,10,31,17,0,10
6294,70,0,6,25,0,0,20,0,0,10
6404,90,0,0,2,0,1,13,6,0,10
6405,64,2,9,8,8,11,20,0,0,10
6409,72,0,45,36,31,31,0,6,0,10
6411,80,63,67,55,33,0,40,0,0,10
6412,100,27,40,30,20,32,24,10,0,10
6414,94,39,84,22,11,45,0,2,0,10
6415,70,0,70,32,42,44,40,20,0,10
6416,346,16,34,41,10,98,181,0,0,10
6417,162,0,0,41,0,21,47,32,0,10
6418,769,0,0,1,0,50,331,4,0,10
6419,79,0,0,0,10,2,40,10,0,10
6422,47,2,3,21,0,0,0,0,0,10
6423,794,36,41,70,0,0,0,0,0,10
6425,619,0,0,35,0,189,245,10,0,10
6426,106,30,50,23,20,40,60,34,0,10
6431,26,0,0,0,0,10,10,0,0,10
6432,76,10,10,16,10,12,10,0,1,10
6435,72,31,50,13,20,40,49,10,0,10
6438,246,31,60,56,12,64,93,12,0,10
6441,403,15,17,17,10,148,145,17,0,10
6442,103,1,0,25,0,15,51,27,0,10
6443,60,59,29,25,10,40,40,16,10,10
6446,90,37,61,22,10,64,0,0,0,10
6449,80,20,20,6,25,20,20,11,0,10
6451,70,25,55,0,10,16,20,10,0,10
6452,68,19,63,15,0,10,0,33,1,10
6456,70,70,70,25,10,20,39,20,10,10
6457,94,23,40,3,40,21,50,1,1,10
6461,241,1,0,58,0,128,0,0,0,10
6462,50,38,47,0,10,20,10,0,0,10
6464,252,0,0,30,0,12,10,34,0,10
6465,116,5,0,10,0,28,28,20,0,10
6469,158,2,20,64,50,148,38,40,0,10
6470,70,0,0,5,10,9,20,10,0,10
6472,365,13,42,36,66,207,207,36,0,10
6474,808,0,0,0,0,0,0,0,0,10
6477,132,32,30,19,30,62,30,0,0,10
6482,511,0,0,19,0,109,134,4,0,10
6485,60,20,20,9,20,20,30,10,0,10
6486,208,1,10,25,0,31,40,0,0,10
6488,82,70,70,10,38,20,20,11,0,10
6491,396,5,26,68,10,229,262,0,0,10
6492,196,18,23,44,0,10,15,15,0,10
6494,138,15,20,14,30,63,30,10,0,10
6496,74,0,0,2,0,10,10,20,0,10
6497,15,1,0,0,0,0,0,0,0,10
6498,991,0,0,103,0,0,0,0,0,10
6499,146,11,23,20,13,32,18,0,0,10
6504,70,10,17,10,10,10,0,10,0,10
6505,70,70,70,7,4,30,30,20,0,10
6506,72,0,0,8,3,20,10,12,0,10
6508,70,0,0,25,0,27,15,14,0,10
6509,70,43,40,23,20,30,30,10,0,10
6510,89,10,81,7,20,50,20,0,0,10
6512,181,0,0,10,0,10,46,56,0,10
6514,106,10,10,36,14,50,48,26,0,10
6515,202,0,168,24,0,10,63,0,0,10
6516,377,1,0,31,0,170,104,0,0,10
6517,278,0,0,0,0,29,0,0,0,10
6523,169,18,50,25,27,85,70,1,0,10
6525,70,15,32,26,20,30,20,20,0,10
6526,178,0,4,11,0,0,0,0,0,10
6527,770,0,0,17,0,299,332,10,0,10
6530,473,0,0,54,0,28,23,24,0,10
6531,122,40,40,8,23,62,49,0,0,10
6532,175,18,20,21,20,31,20,0,0,10
6533,231,40,50,63,23,75,29,0,0,10
6534,866,0,11,20,0,0,197,0,0,10
6535,128,1,3,10,0,15,28,0,0,10
6538,257,16,23,8,10,33,25,5,0,10
6541,327,10,10,17,5,0,39,20,0,10
6542,249,0,0,0,3,56,25,16,0,10
6546,503,1,0,68,0,46,29,0,0,10
6547,251,25,22,22,11,10,12,10,0,10
6548,269,36,40,71,40,62,62,21,0,10
6550,631,204,133,36,0,11,90,0,0,10
6552,245,20,25,24,20,31,63,10,0,10
6556,432,0,0,28,0,94,40,10,0,10
6558,469,30,10,92,0,104,215,10,0,10
6560,256,0,0,10,10,10,24,0,0,10
6561,139,0,21,18,10,0,0,0,0,10
6568,202,7,42,37,22,10,40,10,0,10
6569,240,0,0,16,0,25,27,11,0,10
6570,446,0,0,40,0,100,154,2,0,10
6573,48,0,0,0,0,0,0,0,18,10
6574,677,0,0,56,0,148,0,130,0,10
6576,429,20,22,31,10,17,199,0,0,10
6577,289,0,0,20,0,10,10,0,0,10
6578,434,0,0,19,0,39,10,20,0,10
6579,287,4,10,10,0,120,33,11,0,10
6581,308,0,0,34,0,82,75,20,0,10
6582,263,10,28,13,10,23,37,10,0,10
6584,1252,0,0,0,0,183,235,0,0,10
6585,1222,1,0,0,0,147,432,0,0,10
6588,693,7,43,60,0,201,205,0,0,10
6589,408,28,29,5,1,121,31,15,0,10
6590,618,0,0,33,0,205,113,10,0,10
6591,262,18,17,17,15,41,20,10,0,10
6592,237,10,20,44,0,29,0,10,0,10
6593,423,0,0,39,0,28,77,4,0,10
6594,73,6,0,5,2,3,23,2,0,10
6596,358,0,0,20,0,62,42,10,0,10
6597,946,0,0,0,0,0,0,0,0,10
6598,620,18,9,48,0,265,145,0,0,10
6603,70,20,20,21,10,12,20,20,0,10
6605,70,0,0,21,0,14,25,10,0,10
6606,235,0,0,24,0,81,120,0,0,10
6609,70,0,0,5,10,30,30,5,0,10
6612,383,0,0,11,1,74,10,10,0,10
6613,196,0,11,44,0,88,39,20,0,10
6615,233,0,0,9,0,0,34,37,0,10
6616,124,0,0,31,1,29,24,2,0,10
6617,396,4,97,115,0,0,0,0,0,10
6620,943,3,0,40,0,0,0,0,0,10
6624,448,0,0,22,0,185,174,2,0,10
6625,181,0,0,24,0,20,49,0,0,10
6629,90,0,0,27,2,44,15,0,2,10
6637,1021,0,0,0,0,0,0,0,0,10
6640,290,0,0,6,20,38,25,0,0,10
6641,51,0,0,5,0,0,10,10,3,10
6642,402,2,2,8,6,30,164,12,0,10
6643,235,4,40,4,0,47,50,0,0,10
6645,687,39,66,6,0,0,88,0,0,10
6649,358,0,0,0,0,19,32,19,0,10
6651,472,10,10,56,0,151,160,0,0,10
6654,199,0,6,3,6,40,66,20,0,10
6655,254,0,0,29,0,30,36,2,0,10
6657,437,1,0,14,0,147,0,0,0,10
6658,29,0,0,0,0,0,0,0,0,10
6661,594,0,0,52,0,244,204,0,0,10
6662,300,0,0,0,0,30,12,22,0,10
6664,176,0,0,29,0,10,33,0,0,10
6666,44,0,3,3,2,2,12,2,10,10
6667,266,4,1,5,20,50,20,0,0,10
6668,189,5,21,6,0,24,0,0,0,10
6669,224,34,195,32,18,194,102,0,0,10
6670,224,6,32,19,0,20,20,10,0,10
6671,48,0,0,30,0,1,2,0,0,10
6672,236,16,20,0,10,20,20,20,0,10
6674,246,0,0,20,0,0,10,0,0,10
6679,203,11,40,19,30,52,30,10,0,10
6680,534,0,0,20,0,93,0,54,0,10
6683,185,19,27,6,10,20,17,0,0,10
6684,649,7,20,5,0,237,127,0,0,10
6689,504,0,19,39,0,195,168,0,0,10
6690,321,0,0,13,0,48,27,4,0,10
6691,559,0,4,34,0,200,2,0,0,10
6692,567,0,0,29,0,0,238,0,0,10
6693,528,0,3,30,0,160,138,0,0,10
6695,442,14,15,66,0,151,110,0,0,10
6697,284,0,0,22,0,16,13,11,0,10
6698,218,10,10,9,0,31,32,10,0,10
6702,25,12,0,0,0,0,0,0,0,10
6703,335,0,0,29,0,84,0,0,0,10
6706,204,34,43,12,0,109,20,0,0,10
6708,250,4,9,14,0,67,92,0,0,10
6712,283,0,42,21,0,56,10,0,0,10
6715,179,3,17,9,0,74,37,0,0,10
6716,290,0,10,10,20,88,20,0,0,10
6719,117,25,108,53,0,107,95,0,0,10
6720,531,0,0,8,0,0,0,0,0,10
6721,561,0,0,28,0,0,183,0,0,10
6727,283,5,10,0,0,65,20,20,0,10
6728,407,0,0,22,0,122,50,0,0,10
6730,438,0,0,0,0,0,0,0,0,10
6732,168,4,140,0,0,141,10,0,0,10
6733,221,13,18,29,0,26,0,0,0,10
6735,340,0,0,18,0,157,253,0,0,10
6739,89,0,0,0,0,0,0,0,0,10
6741,10,0,10,0,0,10,0,0,10,10
6742,29,4,14,0,0,0,0,0,0,10
6743,156,5,48,1,0,88,33,0,0,10
6747,20,0,0,6,15,0,10,0,18,10
6751,252,0,0,12,0,17,0,0,0,10
6752,215,0,0,63,0,9,37,0,0,10
6753,100,0,0,2,0,52,43,0,0,10
6754,188,0,0,0,0,38,10,0,0,10
6756,195,13,37,0,0,129,34,10,0,10
6757,308,5,0,7,0,22,0,0,0,10
6761,329,0,8,47,0,120,40,0,0,10
6762,213,0,11,11,0,25,117,0,0,10
6763,223,0,64,17,0,156,0,0,0,10
6767,175,0,0,27,0,25,72,0,0,10
6768,20,0,0,0,0,0,0,0,10,10
6770,123,123,120,9,0,115,85,0,0,10
6771,245,0,0,1,0,0,0,0,0,10
6776,148,5,0,30,0,27,0,0,0,10
6781,20,0,20,10,10,0,0,0,10,10
6782,209,0,0,38,0,41,0,0,0,10
6785,249,0,0,0,0,0,88,0,0,10
6788,138,4,70,22,0,20,0,0,0,10
6789,111,13,100,11,0,57,54,0,0,10
6790,116,0,0,0,0,0,16,0,0,10
6791,156,0,0,0,0,30,67,0,0,10
6792,180,15,30,0,0,14,0,0,0,10
6794,175,3,0,19,0,0,0,0,0,10
6796,96,0,0,0,0,30,0,0,0,10
6799,156,12,69,36,0,134,93,0,0,10
6803,70,0,0,39,9,0,10,10,0,10
6804,240,0,0,0,0,12,62,0,0,10
6805,165,2,104,12,0,0,71,0,0,10
6806,10,7,10,0,0,10,0,0,0,10
6811,203,0,0,0,0,0,70,0,0,10
6821,105,0,0,4,0,0,0,0,0,10
6823,120,0,0,4,0,0,38,0,0,10
6829,32,0,0,0,0,0,0,0,0,10
6830,63,0,0,0,0,0,0,0,0,10
6831,70,0,0,0,0,0,0,0,0,10
6834,52,0,0,0,0,39,0,0,0,10
6835,55,0,0,0,0,0,0,0,0,10
6838,37,0,0,0,0,0,0,0,0,10
6841,43,0,0,0,0,0,0,0,0,10
6844,19,0,0,0,0,0,0,0,0,10
6859,15,0,0,0,0,0,0,0,0,10
6861,15,0,0,0,0,0,0,0,0,10
6865,2,0,0,0,0,0,0,0,0,10
6873,2,0,0,0,0,0,0,0,0,10
7402,238,0,0,10,0,73,80,31,0,10
7547,196,0,0,0,0,0,0,0,0,10
7556,206,0,0,0,0,0,10,0,0,10
7584,142,0,0,0,0,0,0,0,0,10
8011,30,11,2,6,1,20,20,0,0,10
8016,70,60,70,23,29,50,40,20,0,10
8021,80,33,21,20,11,10,20,20,0,10
8024,61,0,0,1,10,3,24,14,0,10
8027,60,18,23,19,24,23,30,10,0,10
8028,293,28,22,53,3,44,141,10,0,10
8032,165,7,0,25,0,35,60,5,0,10
8033,30,11,0,3,10,20,10,0,0,10
8034,36,20,18,12,10,25,2,2,0,10
8038,20,3,10,1,10,10,0,10,0,10
8039,70,50,47,21,9,12,23,10,0,10
8040,30,21,10,10,20,10,10,0,0,10
8042,80,16,10,28,0,0,20,0,0,10
8043,76,12,10,17,19,10,46,25,0,10
8044,54,28,54,17,0,4,20,0,0,10
8045,796,0,0,20,0,0,0,0,0,10
8046,70,49,40,11,40,20,40,0,0,10
8047,190,0,0,43,0,34,51,37,0,10
8048,70,0,0,12,10,0,40,10,0,10
8049,70,35,2,64,21,26,43,4,0,10
8050,92,20,20,46,16,15,39,9,0,10
8054,70,30,20,17,20,10,30,20,0,10
8059,30,0,0,4,0,19,0,0,0,10
8064,70,37,18,21,7,10,40,0,0,10
8066,80,6,20,1,10,10,10,0,0,10
8067,376,0,0,39,0,108,99,117,0,10
8068,48,0,0,10,0,8,12,10,0,10
8069,70,70,70,50,40,17,42,20,0,10
8070,122,36,65,49,20,49,40,20,0,10
8071,75,10,0,4,0,20,23,10,0,10
8072,84,0,0,30,0,11,40,10,0,10
8074,70,0,0,10,6,2,26,0,0,10
8076,70,33,30,10,0,32,40,20,0,10
8077,430,0,0,40,0,193,190,26,0,10
8080,91,0,0,10,0,42,55,23,0,10
8081,70,31,44,40,30,40,40,30,0,10
8083,70,0,0,20,0,20,0,10,0,10
8084,42,0,0,2,0,3,13,8,0,10
8085,14,0,0,0,10,0,14,0,0,10
8086,82,82,82,22,21,52,32,42,0,10
8087,473,0,0,16,0,8,270,210,0,10
8088,70,22,7,8,26,10,30,10,0,10
8089,362,12,4,24,0,149,140,10,0,10
8091,80,5,20,20,10,22,49,21,0,10
8092,10,7,0,9,4,10,0,0,0,10
8093,28,0,0,3,0,7,14,10,0,10
8096,50,26,10,20,0,16,13,10,0,10
8097,46,2,0,10,20,31,35,0,0,10
8099,80,11,0,27,31,4,25,20,0,10
8101,20,3,0,9,0,0,10,10,0,10
8103,70,23,21,11,8,30,20,10,0,10
8104,383,16,13,49,1,74,45,0,0,10
8105,50,43,21,29,10,15,20,10,0,10
8107,80,4,8,24,10,10,30,20,0,10
8109,80,0,0,20,10,27,40,20,0,10
8110,60,49,29,25,20,20,26,0,0,10
8111,40,30,20,30,15,20,10,0,0,10
8112,80,80,70,50,33,70,50,10,0,10
8114,85,5,13,14,0,53,30,26,0,10
8121,10,7,10,1,10,10,10,0,0,10
8131,70,10,1,31,10,0,10,20,0,10
8147,88,4,10,15,0,38,30,9,0,10
8150,73,71,60,30,10,10,50,41,0,10
8155,70,32,48,40,40,50,20,10,0,10
8163,70,63,50,34,30,20,45,5,0,10
8171,42,20,23,10,20,17,12,19,0,10
8176,60,0,0,0,0,10,10,0,0,10
8182,70,32,27,21,39,10,35,25,0,10
8183,60,45,50,24,30,22,30,10,0,10
8201,24,10,10,5,10,1,10,10,0,10
8210,70,7,20,3,30,30,10,10,0,10
8213,72,32,30,23,0,0,22,2,0,10
8215,60,56,41,2,10,2,20,0,0,10
8222,60,10,10,5,10,10,40,10,0,10
8227,58,36,45,0,0,26,50,0,0,10
8234,70,0,0,26,10,14,45,14,0,10
8240,50,0,0,9,10,10,25,5,0,10
8249,70,15,8,15,0,0,40,10,0,10
8255,90,30,52,12,26,20,30,20,0,10
8261,70,35,40,17,30,40,40,10,0,10
8266,26,0,0,10,0,0,0,0,0,10
8271,80,51,42,31,28,30,40,40,0,10
8277,10,3,0,0,0,0,0,10,0,10
8279,190,0,0,39,11,67,38,32,0,10
8284,971,0,0,7,0,298,568,16,0,10
8289,74,20,20,20,20,20,42,20,0,10
8291,640,0,0,31,0,139,70,200,0,10
8299,78,64,78,20,6,28,38,10,0,10
8341,70,1,43,1,28,20,20,0,0,10
8342,387,0,0,57,0,161,166,41,0,10
8349,74,2,12,1,10,10,21,0,0,10
8354,102,0,0,42,0,0,41,21,0,10
8358,60,60,52,11,39,40,40,27,0,10
8367,339,8,10,19,19,57,30,10,0,10
8374,60,3,0,20,17,10,30,30,0,10
8383,70,22,18,19,0,21,20,30,0,10
8390,70,15,6,30,10,10,20,10,0,10
8401,70,0,0,20,10,0,30,10,0,10
8403,80,9,10,16,10,20,20,0,0,10
8404,70,18,10,15,20,37,40,10,0,10
8406,80,14,58,10,1,21,19,0,0,10
8409,73,0,0,0,0,22,19,0,0,10
8410,88,3,0,20,14,31,53,21,0,10
8411,60,0,0,20,0,20,21,1,0,10
8415,170,28,20,20,20,30,40,0,0,10
8416,76,0,0,15,3,20,10,12,0,10
8418,52,0,0,15,0,9,7,11,0,10
8420,219,0,0,52,0,37,78,74,0,10
8421,67,7,0,10,10,11,34,1,0,10
8422,70,3,26,19,0,20,10,10,0,10
8423,452,0,0,69,0,75,154,98,0,10
8424,100,0,0,36,1,24,9,21,0,10
8426,105,0,0,0,10,33,24,31,0,10
8427,288,0,0,16,0,2,125,69,0,10
8429,60,6,10,5,0,10,10,10,0,10
8431,20,10,19,0,0,10,10,0,0,10
8432,72,5,11,15,1,5,32,22,0,10
8433,96,0,0,12,11,33,35,0,0,10
8435,84,0,0,31,0,19,30,33,0,10
8436,70,51,70,30,27,40,40,20,0,10
8437,70,0,0,24,16,40,20,10,0,10
8438,1417,0,0,0,0,450,493,0,0,10
8440,501,8,0,17,2,26,224,10,0,10
8442,56,0,0,16,0,13,32,2,10,10
8443,74,0,0,7,0,0,10,10,0,10
8444,82,0,0,35,1,32,46,0,0,10
8446,90,4,14,13,22,10,20,20,0,10
8450,56,4,16,10,15,0,20,20,0,10
8454,70,0,30,20,34,50,10,20,0,10
8455,276,0,0,21,10,52,61,15,10,10
8462,95,0,9,29,30,55,20,0,0,10
8463,70,0,9,15,20,20,10,0,0,10
8464,70,8,70,25,5,18,20,10,0,10
8466,68,0,0,2,0,26,10,10,10,10
8467,221,0,0,10,1,34,67,31,1,10
8472,122,0,0,15,0,4,31,17,0,10
8473,147,4,3,23,0,86,20,20,0,10
8476,239,0,0,25,0,99,55,2,0,10
8477,245,0,0,28,0,55,34,18,0,10
8478,446,10,18,10,10,180,184,0,0,10
8480,207,0,0,12,0,38,10,45,0,10
8481,246,0,0,12,0,23,10,10,0,10
8482,53,0,0,9,10,11,13,0,10,10
8487,1316,0,0,9,0,0,545,0,0,10
8488,171,0,0,5,0,34,57,5,0,10
8489,299,3,15,4,10,22,62,0,0,10
8497,91,0,0,23,1,13,0,0,2,10
8499,50,7,11,20,11,20,10,0,10,10
8905,80,5,0,3,10,30,33,20,0,10
8906,333,0,0,35,0,102,124,23,0,10
8908,350,0,0,95,1,96,105,102,0,10
8913,72,3,1,6,0,0,0,0,0,10
8916,70,7,1,12,10,28,26,9,0,10
8917,913,0,0,89,0,225,113,189,0,10
8921,1130,0,0,0,0,13,312,280,0,10
8923,831,0,0,176,0,182,414,140,0,10
8924,60,42,29,2,50,35,50,20,0,10
8926,70,25,12,22,10,20,20,0,0,10
8927,89,3,0,15,20,34,42,4,0,10
8928,70,0,0,18,11,50,40,10,0,10
8929,81,9,8,9,10,20,31,11,0,10
8930,60,0,0,0,14,14,30,20,0,10
8931,104,0,0,30,0,31,24,24,0,10
8932,135,0,0,10,0,14,25,10,0,10
8933,60,16,0,5,10,30,30,8,0,10
8934,546,0,0,8,0,0,0,0,0,10
8935,24,0,0,0,6,4,10,0,0,10
8936,70,26,16,10,0,20,30,10,0,10
8937,60,0,0,17,0,6,22,0,0,10
8938,70,10,10,10,40,32,40,0,0,10
8940,14,0,0,0,0,0,0,2,0,10
8941,215,0,0,30,0,11,63,28,0,10
8942,80,15,30,10,0,30,30,20,0,10
8996,70,14,19,16,20,12,35,0,0,10
9103,38,26,28,11,20,0,0,0,0,10
9105,130,99,14,19,20,12,0,0,0,10
9106,144,0,0,16,0,0,0,0,0,10
9110,125,0,0,4,0,0,0,0,0,10
9136,77,4,0,12,0,0,0,0,0,10
9157,63,8,0,13,0,0,0,0,0,10
9188,221,3,0,59,0,0,0,0,0,10
9802,100,27,49,17,31,50,58,8,0,10
9902,50,13,0,19,0,25,35,0,0,10
9904,70,70,70,4,0,0,30,10,0,10
9905,70,0,0,5,0,0,10,0,0,10
9906,30,0,0,10,7,10,10,0,0,10
9907,60,50,3,0,0,20,10,0,0,10
9908,70,0,0,22,0,0,22,2,0,10
9910,70,52,70,27,10,14,10,20,0,10
9911,80,24,19,47,30,20,30,14,0,10
9912,14,0,0,9,0,10,2,0,0,10
9914,70,26,70,20,18,10,20,20,0,10
9917,70,0,0,32,0,0,10,0,0,10
9918,425,1,0,108,0,65,137,129,0,10
9919,70,28,30,2,10,20,30,0,0,10
9921,70,24,70,15,10,10,17,13,0,10
9924,70,10,10,6,20,16,10,20,0,10
9925,70,0,0,37,0,0,17,0,0,10
9926,347,0,0,126,0,59,82,54,0,10
9927,80,3,9,20,0,13,22,6,0,10
9928,353,3,0,31,0,22,200,49,0,10
9929,125,0,0,17,0,6,65,8,0,10
9930,70,0,0,5,0,10,0,22,0,10
9931,558,0,0,152,0,82,184,82,0,10
9933,70,42,32,36,0,6,20,14,0,10
9934,70,31,10,10,10,0,30,10,0,10
9935,50,19,15,20,10,20,1,0,0,10
9937,122,2,12,68,0,29,34,16,0,10
9938,70,57,67,20,25,20,20,20,0,10
9939,70,38,38,0,0,10,20,0,0,10
9940,70,8,0,14,0,29,40,10,0,10
9941,70,23,47,44,30,10,20,30,0,10
9942,70,0,10,32,0,20,20,20,0,10
9943,72,8,1,32,1,0,10,0,0,10
9944,50,0,4,10,0,10,0,0,0,10
9945,90,90,90,47,40,50,77,10,0,10
9946,70,12,5,21,20,42,50,23,0,10
9949,56,0,0,12,0,1,14,4,0,10
9950,178,0,0,16,0,32,14,23,0,10
9951,70,18,38,23,2,10,20,0,0,10
9955,10,0,0,0,0,0,0,0,0,10
9958,70,48,50,22,13,45,40,12,0,10
9960,231,0,0,16,7,110,57,15,0,10
9962,60,14,0,11,10,30,22,0,0,10
1101,144,144,144,47,1,24,42,22,0,20
1102,140,140,140,58,40,28,80,0,0,20
1103,142,46,0,9,9,40,76,19,0,20
1104,140,5,0,18,0,13,40,0,0,20
1108,100,6,0,15,20,20,20,20,0,20
1109,180,9,0,71,0,79,80,20,0,20
1110,155,6,0,34,0,39,82,20,0,20
1201,80,42,20,23,20,0,24,0,0,20
1203,142,0,0,49,0,0,5,43,0,20
1210,140,129,136,51,28,20,48,30,0,20
1213,169,0,0,0,0,39,30,11,0,20
1215,140,87,104,52,46,12,60,20,0,20
1216,141,141,141,56,14,0,0,0,0,20
1217,40,15,0,3,0,0,3,0,0,20
1218,120,67,25,25,13,20,13,3,0,20
1219,155,4,0,45,0,52,65,40,0,20
1220,140,5,0,39,12,26,74,34,0,20
1225,248,0,0,103,19,40,60,27,0,20
1227,140,62,90,30,0,36,0,0,0,20
1229,162,141,111,113,53,75,34,9,0,20
1231,154,4,32,93,53,0,62,10,0,20
1232,140,0,0,55,25,20,34,34,0,20
1233,141,0,0,32,0,0,5,5,0,20
1234,140,0,0,70,0,20,40,20,0,20
1235,133,0,0,67,0,22,11,35,0,20
1236,144,10,13,20,18,21,61,0,0,20
1240,284,0,0,32,3,80,0,0,0,20
1256,160,0,1,40,30,26,69,9,0,20
1258,192,0,0,15,0,41,53,10,0,20
1259,224,0,0,39,8,0,8,58,0,20
1262,89,27,33,21,0,0,0,0,0,20
1264,156,0,0,42,0,0,20,1,0,20
1268,452,0,0,63,0,19,112,0,0,20
1301,140,140,140,12,0,76,80,20,0,20
1303,140,140,140,19,0,56,60,20,0,20
1304,140,88,40,18,26,52,60,20,0,20
1305,140,140,87,56,72,40,103,0,0,20
1307,140,3,0,19,0,20,40,40,0,20
1308,140,61,55,33,59,89,80,20,0,20
1309,80,49,43,33,40,28,20,0,0,20
1310,140,131,73,20,20,28,40,8,0,20
1312,100,100,96,8,55,48,60,18,0,20
1313,160,126,44,21,60,67,72,0,0,20
1314,80,80,80,1,0,40,40,0,0,20
1315,213,23,20,44,60,39,147,51,0,20
1316,82,30,20,16,15,27,18,0,0,20
1319,140,117,101,14,20,20,20,20,0,20
1321,40,0,0,0,0,8,0,0,0,20
1323,140,5,0,22,14,2,40,60,0,20
1324,164,0,0,45,0,12,51,45,0,20
1325,163,48,60,11,20,20,73,40,0,20
1326,140,140,140,16,15,53,60,20,0,20
1333,259,0,0,29,0,0,0,0,0,20
1336,102,1,0,35,0,40,40,20,0,20
1337,80,30,0,0,0,8,20,20,0,20
1338,140,6,40,20,0,0,20,20,0,20
1339,140,7,1,21,2,8,55,0,0,20
1340,100,11,9,7,0,20,0,5,0,20
1341,80,0,0,22,0,17,40,20,7,20
1342,242,0,0,31,0,45,0,0,0,20
1402,140,140,140,38,21,33,60,0,0,20
1409,140,116,70,31,59,60,91,19,0,20
1410,207,0,0,72,0,53,49,3,0,20
1413,37,0,0,4,0,20,24,20,0,20
1414,140,44,36,47,20,23,60,20,0,20
1416,162,13,0,37,0,80,50,40,0,20
1417,100,41,14,16,12,20,71,20,0,20
1418,709,0,0,22,0,94,185,266,0,20
1419,269,1,0,73,0,155,125,45,0,20
1423,84,4,0,41,25,28,41,1,0,20
1432,84,21,0,19,6,2,3,1,0,20
1434,140,122,95,44,20,32,60,20,0,20
1435,24,0,0,21,1,0,0,0,0,20
1436,144,0,0,60,0,67,51,0,0,20
1437,140,0,0,36,0,20,60,20,0,20
1438,207,0,0,28,0,53,101,24,0,20
1439,86,12,0,23,21,12,44,1,0,20
1440,140,97,64,24,37,40,100,60,0,20
1441,66,0,0,3,1,31,2,8,0,20
1442,140,13,0,24,0,62,43,0,0,20
1443,94,0,0,12,0,22,45,24,0,20
1444,80,57,13,0,15,15,60,0,0,20
1445,140,4,0,19,0,40,49,15,0,20
1446,140,5,0,29,1,37,72,23,0,20
1447,40,20,0,0,0,20,40,0,0,20
1449,69,4,0,5,20,0,23,0,0,20
1451,140,8,0,23,13,20,80,20,0,20
1452,140,42,34,25,5,62,40,40,0,20
1453,97,0,0,22,0,10,34,20,0,20
1454,150,13,0,26,13,28,58,4,0,20
1455,120,93,55,0,40,60,60,60,0,20
1456,237,0,0,3,3,27,140,73,0,20
1457,204,121,23,73,0,50,32,8,0,20
1459,60,0,0,8,3,13,40,0,0,20
1460,136,61,19,3,0,48,63,27,0,20
1463,140,19,18,23,20,60,78,0,0,20
1464,199,90,39,27,20,72,99,39,0,20
1465,153,0,0,12,0,40,21,22,0,20
1466,57,0,0,2,0,6,12,0,0,20
1467,40,18,0,0,0,0,20,0,0,20
1468,20,0,0,11,0,20,0,0,0,20
1469,394,0,0,2,0,0,0,0,0,20
1470,739,0,0,102,0,162,218,101,0,20
1471,40,17,0,0,4,0,0,0,0,20
1472,105,11,0,25,20,27,92,47,0,20
1473,140,19,17,0,20,44,40,0,0,20
1474,120,6,0,34,0,40,60,0,0,20
1475,359,0,0,57,0,149,143,104,0,20
1476,142,82,142,31,23,37,42,20,0,20
1477,160,118,160,53,32,27,20,50,0,20
1503,140,4,0,51,0,1,20,0,0,20
1504,140,140,140,18,19,17,37,37,0,20
1506,40,13,0,20,0,8,20,0,0,20
1507,148,6,12,24,0,15,20,41,0,20
1512,28,0,0,0,0,3,5,1,0,20
1513,140,81,60,36,20,52,45,21,0,20
1514,140,67,23,90,58,63,50,20,0,20
1515,140,108,91,34,75,84,83,43,0,20
1516,153,0,0,26,19,79,54,41,0,20
1517,140,67,45,30,40,40,85,25,0,20
1519,140,54,39,21,28,72,60,0,0,20
1521,140,0,0,31,0,23,3,20,0,20
1522,140,33,24,33,20,12,20,47,0,20
1524,140,18,0,24,0,28,40,40,0,20
1525,160,0,0,18,40,18,49,9,0,20
1526,160,42,21,38,41,60,48,12,0,20
1527,140,39,52,40,0,48,70,27,0,20
1528,151,35,0,21,36,32,91,0,0,20
1529,205,29,18,44,0,75,79,6,0,20
1530,160,0,0,11,0,34,66,0,0,20
1531,140,0,0,16,0,70,91,70,0,20
1532,140,14,7,0,40,33,60,40,0,20
1533,120,8,6,14,39,13,60,0,0,20
1535,146,0,0,14,0,21,80,40,0,20
1536,180,154,179,30,20,20,20,0,0,20
1537,140,0,12,102,4,16,5,30,0,20
1538,168,0,0,3,0,17,60,12,0,20
1539,120,24,5,55,1,12,48,33,0,20
1540,140,0,0,20,20,52,60,20,0,20
1541,123,0,0,8,20,50,53,0,0,20
1558,140,0,0,25,20,0,76,36,0,20
1560,140,41,40,30,25,23,20,20,0,20
1563,826,104,253,67,0,0,0,0,0,20
1565,140,5,140,20,20,20,70,52,0,20
1568,140,46,20,20,37,29,60,0,0,20
1569,140,73,55,31,45,53,60,0,0,20
1570,152,22,20,44,20,63,40,46,0,20
1580,150,0,4,37,20,29,40,29,0,20
1582,160,9,4,25,10,20,40,39,0,20
1583,213,0,0,29,0,70,83,16,0,20
1584,44,12,0,0,0,22,20,20,0,20
1586,140,15,20,28,52,49,20,0,0,20
1587,468,0,0,2,0,68,88,20,0,20
1589,140,47,86,29,22,0,31,0,0,20
1590,180,81,180,53,92,75,112,10,0,20
1591,149,0,0,12,0,3,51,3,0,20
1592,106,19,8,2,0,12,23,21,0,20
1593,172,5,0,39,12,24,40,40,0,20
1595,164,0,0,28,20,79,84,24,0,20
1597,140,52,87,9,40,95,80,55,0,20
1598,280,42,40,61,62,142,83,60,0,20
1599,142,4,0,38,20,60,51,11,0,20
1603,186,13,0,34,0,45,78,20,0,20
1604,160,76,0,70,23,20,46,46,0,20
1605,140,140,136,46,69,60,80,0,0,20
1608,80,56,24,7,38,55,2,0,0,20
1609,113,113,65,14,24,60,20,20,0,20
1611,140,63,20,55,38,0,19,0,0,20
1612,140,40,29,9,22,52,60,0,0,20
1613,24,0,0,10,0,0,19,1,0,20
1614,144,3,0,53,11,57,40,2,0,20
1615,179,13,8,45,63,61,87,0,0,20
1616,20,20,5,19,20,20,20,20,0,20
1617,171,6,0,33,0,75,56,11,0,20
1618,160,11,2,3,26,38,100,20,0,20
1626,120,0,0,34,20,13,20,0,0,20
1701,148,51,20,39,5,22,22,1,0,20
1702,140,34,45,14,0,20,11,20,0,20
1704,88,71,63,56,0,0,0,0,0,20
1707,140,11,100,11,0,20,0,0,0,20
1708,140,55,40,32,20,46,40,20,0,20
1709,160,77,25,55,11,42,72,7,0,20
1710,120,89,60,0,13,38,60,20,0,20
1711,140,76,45,19,10,32,40,20,0,20
1712,140,88,9,24,34,2,56,40,0,20
1713,164,0,0,20,1,58,63,20,0,20
1714,120,106,39,28,0,0,56,10,0,20
1715,67,14,0,21,0,0,0,0,0,20
1717,140,86,60,49,0,20,40,0,0,20
1718,100,100,49,17,8,30,40,0,0,20
1720,142,26,20,60,17,1,60,40,0,20
1721,100,32,20,17,0,39,0,0,0,20
1722,140,133,131,49,1,48,103,2,0,20
1723,140,1,62,6,12,60,23,40,0,20
1724,153,0,0,32,0,21,79,62,0,20
1725,140,9,8,32,31,48,40,0,0,20
1726,187,0,0,52,0,3,14,39,0,20
1727,122,20,20,6,20,20,40,0,0,20
1729,24,0,0,0,0,0,0,0,0,20
1730,160,0,0,45,48,23,40,20,0,20
1731,140,13,0,45,0,19,60,0,0,20
1732,46,25,24,19,6,0,4,4,0,20
1733,140,12,9,25,18,45,79,0,0,20
1734,143,49,48,37,20,0,81,46,0,20
1735,191,0,0,33,15,57,43,30,0,20
1736,140,40,42,22,20,38,60,40,0,20
1737,140,9,0,55,9,61,40,20,0,20
1742,42,0,0,0,0,21,40,0,0,20
1752,140,27,33,34,23,12,60,60,0,20
1760,346,72,119,7,18,94,57,40,0,20
1762,140,46,57,19,39,39,80,20,0,20
1773,140,14,53,71,47,57,20,53,0,20
1776,237,5,0,19,0,21,102,50,0,20
1777,175,0,0,52,20,57,49,0,0,20
1780,977,0,0,78,0,0,0,0,0,20
1781,24,0,0,0,0,0,0,0,0,20
1783,100,44,53,33,51,18,77,0,0,20
1784,100,33,40,14,20,20,40,0,0,20
1785,140,115,100,35,40,40,59,19,0,20
1786,140,40,60,17,40,62,60,0,0,20
1788,170,0,0,70,4,12,2,22,0,20
1789,140,38,46,17,21,38,32,0,0,20
1795,40,40,40,0,0,20,20,20,0,20
1796,363,0,0,27,0,96,134,22,0,20
1799,40,0,0,14,0,20,0,0,0,20
1802,100,86,59,10,21,20,60,0,0,20
1805,75,0,0,0,0,16,28,17,0,20
1806,20,19,0,14,19,0,20,20,0,20
1808,140,37,26,61,42,121,85,40,0,20
1809,161,86,41,49,0,51,61,40,0,20
1810,100,35,20,30,20,24,20,0,0,20
1813,128,0,0,1,0,28,62,2,0,20
1815,100,94,46,10,6,20,60,20,0,20
1817,140,0,0,29,0,12,15,0,0,20
1902,68,16,3,21,0,21,0,0,0,20
1903,34,2,0,0,0,2,20,0,0,20
1904,140,120,71,13,25,0,80,20,0,20
1905,100,50,20,4,20,0,60,20,0,20
1906,140,41,11,0,39,74,60,20,0,20
1907,120,98,60,11,20,5,60,37,0,20
1909,232,229,187,39,84,67,132,20,0,20
2002,140,140,140,0,16,61,60,20,0,20
2006,159,106,41,45,20,98,99,0,0,20
2007,40,20,15,0,20,31,22,0,0,20
2008,70,0,0,1,0,23,16,0,0,20
2009,40,40,40,0,40,40,40,0,0,20
2010,140,45,40,10,39,49,80,20,0,20
2012,164,2,0,26,59,61,90,20,0,20
2013,140,58,54,41,52,30,50,0,0,20
2014,60,60,40,0,40,40,40,0,0,20
2015,140,6,20,57,8,60,60,20,0,20
2017,100,39,20,0,43,7,60,20,0,20
2020,120,34,20,35,40,41,60,20,0,20
2022,60,26,20,0,20,48,60,18,0,20
2023,80,49,40,0,40,41,32,12,0,20
2024,142,19,16,16,21,36,60,41,0,20
2025,82,11,0,0,20,20,20,0,0,20
2027,202,182,142,64,70,122,122,24,0,20
2028,45,20,20,8,20,42,42,22,0,20
2029,140,44,33,8,56,40,100,40,0,20
2030,120,60,40,21,45,56,60,40,0,20
2031,140,80,64,30,62,54,60,40,0,20
2032,140,20,20,6,40,45,80,40,0,20
2033,132,19,18,4,21,13,41,4,0,20
2034,160,68,40,18,4,40,60,60,0,20
2035,400,0,0,24,0,121,220,92,0,20
2038,60,40,40,0,40,46,40,13,0,20
2049,180,167,180,39,40,84,100,9,0,20
2059,140,0,134,34,20,48,59,31,0,20
2061,82,0,0,41,0,16,47,2,0,20
2062,160,23,9,21,0,60,80,20,0,20
2063,240,0,0,20,0,121,113,10,0,20
2064,333,0,0,56,0,70,80,33,0,20
2065,388,0,0,76,7,100,117,52,0,20
2066,172,0,0,51,1,47,62,28,0,20
2067,210,0,0,11,0,62,80,65,0,20
2069,209,65,60,32,80,82,109,20,0,20
2070,582,0,0,21,0,111,42,20,0,20
2072,115,0,6,2,0,0,0,0,0,20
2073,57,0,0,0,0,0,0,0,0,20
2101,180,118,105,27,60,19,100,16,0,20
2102,82,33,20,0,0,0,0,0,0,20
2103,140,113,59,43,40,49,68,41,0,20
2104,144,128,106,34,40,52,53,8,0,20
2105,140,140,140,0,0,0,10,60,0,20
2106,140,46,30,12,0,0,32,0,0,20
2107,180,23,0,0,20,61,60,20,0,20
2108,140,76,60,38,42,40,80,40,0,20
2109,100,1,0,14,0,12,40,0,0,20
2114,140,0,1,55,52,40,41,0,0,20
2115,142,0,0,39,14,20,52,40,0,20
2201,142,138,112,16,0,0,80,20,0,20
2204,140,84,28,21,20,15,20,0,0,20
2206,142,91,25,55,0,0,41,0,0,20
2207,140,0,140,14,40,37,40,20,0,20
2208,100,78,40,0,8,0,20,20,0,20
2211,209,18,33,59,0,58,35,0,0,20
2221,140,16,24,45,66,80,80,40,0,20
2227,140,0,9,28,19,0,55,35,0,20
2228,140,4,28,26,24,40,39,40,0,20
2230,120,0,0,21,0,25,55,24,0,20
2231,162,25,161,14,6,52,40,60,0,20
2233,140,11,40,9,24,24,80,25,0,20
2235,212,0,0,6,19,44,23,35,0,20
2236,146,0,0,19,35,51,67,14,0,20
2237,941,9,0,108,0,0,0,0,0,20
2239,145,15,29,30,14,29,0,0,20,20
2241,728,24,60,108,0,303,348,0,0,20
2243,51,0,0,5,0,21,22,1,22,20
2247,579,0,4,25,0,69,1,0,0,20
2248,799,0,0,0,0,0,0,0,0,20
2250,40,1,20,0,0,0,0,0,20,20
2254,24,0,0,0,0,0,0,0,0,20
2301,160,160,160,50,40,0,67,0,0,20
2302,60,5,0,20,0,0,16,0,0,20
2303,141,141,141,41,38,40,101,0,0,20
2305,20,18,0,19,0,0,0,0,0,20
2308,140,140,140,17,29,20,20,20,0,20
2311,87,83,78,48,0,0,2,1,0,20
2312,140,134,80,30,0,35,40,19,0,20
2313,140,140,140,40,51,0,40,20,0,20
2314,120,105,58,33,36,31,60,20,0,20
2316,160,122,91,62,40,20,70,10,0,20
2317,162,162,162,53,20,40,20,0,0,20
2321,116,14,0,20,0,4,82,30,0,20
2323,80,80,80,17,7,0,45,0,0,20
2324,141,141,141,45,0,32,35,20,0,20
2325,66,58,46,14,0,0,1,14,0,20
2327,188,147,148,62,1,66,66,44,0,20
2328,140,133,98,20,75,50,69,19,0,20
2329,60,60,30,0,20,12,40,14,0,20
2330,291,291,291,113,137,87,100,80,0,20
2331,80,68,41,11,11,20,0,0,0,20
2332,120,119,55,15,0,0,20,0,0,20
2337,120,120,120,27,35,60,97,32,0,20
2338,100,80,75,22,40,66,40,0,0,20
2340,160,158,100,43,48,0,40,40,0,20
2342,100,60,40,48,44,33,41,0,0,20
2344,160,160,160,43,80,40,80,20,0,20
2345,140,140,140,54,82,60,80,20,0,20
2347,140,140,140,61,19,20,50,29,0,20
2348,305,5,20,42,30,95,124,43,0,20
2349,80,80,66,29,23,0,20,37,0,20
2351,140,95,93,40,97,40,40,0,0,20
2352,140,140,140,49,27,33,40,20,0,20
2353,140,140,140,30,38,40,60,0,0,20
2354,142,142,142,23,0,28,20,14,0,20
2355,140,97,104,25,20,20,49,20,0,20
2356,140,140,140,55,17,38,80,60,0,20
2357,140,124,140,27,0,39,20,40,0,20
2358,127,44,25,10,22,70,118,42,0,20
2359,140,48,13,27,1,25,60,20,0,20
2360,140,65,125,39,30,69,100,20,0,20
2362,140,24,17,15,0,70,60,0,0,20
2363,80,69,60,31,51,40,29,9,0,20
2364,70,0,0,2,1,4,60,1,0,20
2365,120,24,1,19,0,0,60,10,0,20
2367,100,100,80,14,23,20,40,0,0,20
2368,40,40,40,24,13,20,40,0,0,20
2369,100,60,40,10,40,20,60,20,0,20
2371,22,22,22,0,4,0,20,20,0,20
2373,162,0,0,90,3,0,20,0,0,20
2374,140,56,28,40,20,20,63,14,0,20
2375,142,110,103,23,29,82,67,28,0,20
2376,140,135,124,45,85,77,80,40,0,20
2377,140,140,140,74,60,60,67,43,0,20
2379,140,130,140,79,76,88,76,40,0,20
2380,40,20,13,20,20,0,20,0,0,20
2382,140,140,140,90,21,30,20,20,0,20
2383,140,140,140,105,67,40,52,28,0,20
2385,191,152,191,30,22,52,25,34,0,20
2387,166,80,64,50,20,39,115,20,0,20
2388,40,40,40,13,15,11,17,0,0,20
2390,60,24,20,0,1,0,29,0,0,20
2392,140,72,58,19,6,7,40,20,0,20
2393,140,103,108,34,13,17,40,0,0,20
2395,140,38,140,34,23,39,20,40,0,20
2397,144,2,2,31,19,89,40,2,0,20
2399,60,60,60,9,21,31,35,0,0,20
2401,140,134,100,59,40,19,40,0,0,20
2402,82,45,22,16,0,20,49,2,0,20
2404,160,114,134,41,75,80,51,40,0,20
2405,40,40,36,30,12,23,38,18,0,20
2406,80,78,27,14,3,0,42,0,0,20
2408,140,140,140,52,23,100,80,20,0,20
2409,120,120,120,14,30,20,60,40,0,20
2412,140,140,140,91,20,0,0,33,0,20
2413,40,15,18,19,0,0,0,0,0,20
2414,140,13,4,91,13,14,40,20,0,20
2415,160,46,38,20,80,20,100,60,0,20
2417,160,75,62,25,20,52,60,20,0,20
2419,160,116,85,68,20,69,68,40,0,20
2420,140,17,9,68,0,0,63,40,0,20
2421,140,99,87,34,53,27,60,40,0,20
2423,140,0,0,55,28,6,32,20,0,20
2424,628,0,0,37,0,311,134,128,0,20
2425,120,18,0,19,16,32,40,31,0,20
2426,140,123,66,33,57,46,80,20,0,20
2427,140,30,0,29,18,68,51,0,0,20
2428,140,43,97,62,71,12,72,52,0,20
2429,387,0,0,11,0,117,238,44,0,20
2430,140,6,0,44,41,12,80,20,0,20
2431,80,17,7,9,0,0,0,0,0,20
2433,140,0,0,53,0,13,40,20,0,20
2434,96,1,0,21,0,25,81,33,0,20
2436,160,131,102,50,40,70,100,40,0,20
2437,46,1,4,20,0,0,0,0,0,20
2438,79,0,0,10,0,1,31,6,0,20
2439,180,146,180,59,37,80,40,26,0,20
2440,67,6,0,10,0,0,12,37,0,20
2441,140,67,80,83,45,53,60,64,0,20
2442,120,78,22,46,20,54,60,0,0,20
2443,28,0,0,4,0,8,20,20,0,20
2444,80,61,40,35,26,12,8,0,0,20
2448,70,70,70,2,1,0,0,0,0,20
2449,140,140,140,49,23,60,40,40,0,20
2450,140,0,0,49,0,22,60,20,0,20
2451,140,45,87,24,0,40,20,40,0,20
2453,140,36,4,33,20,65,71,31,0,20
2454,142,142,142,64,46,61,80,60,0,20
2455,160,154,160,41,29,56,80,60,0,20
2456,193,176,172,43,0,76,51,26,0,20
2457,40,38,32,22,20,20,0,0,0,20
2458,160,160,160,69,33,53,80,0,0,20
2459,140,0,0,37,0,16,40,20,0,20
2460,20,17,20,0,14,0,20,20,0,20
2461,140,55,33,29,4,32,100,0,0,20
2462,120,4,0,28,20,0,20,0,0,20
2464,140,68,59,12,20,41,20,0,0,20
2465,60,34,20,29,20,22,40,20,0,20
2466,40,0,0,16,0,0,0,0,0,20
2467,120,56,35,37,56,66,40,0,0,20
2468,140,0,0,49,0,45,23,23,0,20
2471,140,5,0,49,20,0,95,20,0,20
2472,160,106,112,74,45,49,77,40,0,20
2474,141,141,141,27,20,20,47,20,0,20
2475,30,30,0,1,0,0,5,1,0,20
2476,140,40,40,46,40,28,60,0,0,20
2477,142,28,13,71,20,40,60,0,0,20
2478,180,95,87,12,39,41,80,40,0,20
2480,160,21,17,74,40,31,20,48,0,20
2481,140,124,110,49,60,20,60,0,0,20
2482,66,20,14,19,6,11,33,22,0,20
2483,140,5,0,12,0,48,60,20,0,20
2484,140,105,61,63,20,36,72,0,0,20
2485,100,72,50,13,4,9,40,0,0,20
2486,40,40,40,12,40,40,40,20,0,20
2488,140,18,20,61,20,48,40,0,0,20
2489,89,85,62,6,38,57,45,20,0,20
2491,92,6,11,1,40,25,31,38,0,20
2492,180,180,180,58,0,73,90,70,0,20
2493,140,12,20,22,20,21,60,20,0,20
2495,140,36,13,39,11,23,53,33,0,20
2496,233,2,31,7,0,99,90,31,0,20
2497,60,24,20,20,20,20,20,0,0,20
2498,42,42,42,6,20,0,22,2,0,20
2499,57,43,2,0,0,28,1,1,0,20
2501,140,58,20,20,20,40,59,20,0,20
2504,140,105,80,53,40,25,60,0,0,20
2505,180,53,40,29,40,84,51,2,0,20
2506,123,0,0,0,0,30,60,40,0,20
2509,140,8,0,53,20,76,60,0,0,20
2511,140,95,0,55,0,45,40,34,0,20
2514,122,9,0,27,1,62,74,26,0,20
2515,140,140,55,29,17,13,40,20,0,20
2516,60,9,0,15,0,33,20,0,0,20
2520,140,139,115,40,20,77,60,0,0,20
2524,42,0,0,7,0,2,10,0,0,20
2527,142,5,0,17,40,81,72,40,0,20
2528,109,0,0,7,17,48,50,5,0,20
2530,120,25,0,5,0,11,29,40,0,20
2534,160,78,42,60,21,57,89,43,0,20
2535,142,70,19,55,5,73,82,2,0,20
2536,140,7,0,43,7,33,60,3,0,20
2537,80,43,0,41,20,66,40,30,0,20
2538,140,57,15,26,6,43,40,20,0,20
2539,151,0,0,111,1,45,77,40,0,20
2540,256,0,0,21,0,132,105,39,0,20
2542,160,160,160,74,0,70,80,18,0,20
2543,65,0,0,5,0,22,42,22,0,20
2545,140,21,20,54,13,89,60,40,0,20
2546,142,0,0,31,40,75,81,0,0,20
2547,80,58,0,0,0,0,13,0,0,20
2548,140,63,100,21,23,85,81,20,0,20
2596,152,0,0,20,20,81,90,22,0,20
2597,163,0,16,41,60,60,80,69,0,20
2601,82,82,27,19,1,1,60,60,0,20
2603,120,120,120,8,56,44,80,20,0,20
2605,140,97,40,21,36,40,40,20,0,20
2606,140,88,60,13,40,60,80,20,0,20
2607,140,73,40,27,35,20,20,20,0,20
2608,140,25,37,14,15,0,20,20,0,20
2609,60,60,60,9,20,40,40,20,0,20
2610,80,80,80,11,20,20,40,0,0,20
2611,80,15,7,3,20,20,21,0,0,20
2612,140,39,40,0,44,20,80,0,0,20
2613,180,4,0,30,0,0,100,22,0,20
2614,120,106,71,16,60,27,83,23,0,20
2615,140,140,64,26,40,40,101,24,0,20
2616,140,2,0,52,17,51,60,20,0,20
2617,120,80,50,45,67,60,43,53,0,20
2618,140,140,140,23,23,30,20,31,0,20
2630,279,12,0,11,0,105,121,0,0,20
2633,186,182,133,48,20,0,61,20,0,20
2634,148,134,117,23,0,20,74,20,0,20
2636,166,77,85,39,66,86,106,12,0,20
2637,180,94,67,27,43,60,100,40,0,20
2640,262,0,0,100,65,17,49,28,0,20
2641,140,79,40,33,41,71,97,60,0,20
2642,140,45,57,20,60,0,49,0,0,20
2643,198,11,20,58,45,108,104,23,0,20
2701,146,0,0,12,0,0,15,0,0,20
2702,90,0,0,30,0,52,8,12,0,20
2704,100,5,0,27,0,0,0,0,0,20
2705,60,12,0,15,14,12,0,0,0,20
2706,140,5,0,5,0,0,31,20,0,20
2707,160,0,81,13,28,0,40,20,0,20
2712,476,0,0,148,0,33,87,87,0,20
2718,822,0,0,37,0,63,262,14,0,20
2719,250,0,0,11,0,13,171,32,0,20
2722,501,0,0,31,0,77,93,59,0,20
2723,160,20,151,38,31,0,60,27,0,20
2724,452,0,0,33,0,0,220,77,0,20
2726,184,0,7,29,0,16,66,55,0,20
2727,140,30,88,32,40,0,55,15,0,20
2729,140,0,0,16,20,0,0,0,0,20
2731,120,6,28,30,0,20,0,0,0,20
2732,140,17,40,25,27,61,40,40,0,20
2734,139,0,0,1,0,6,41,6,0,20
2736,167,0,0,0,0,22,21,38,0,20
2739,154,6,0,14,0,0,0,0,0,20
2740,293,0,0,17,0,16,112,69,0,20
2743,893,0,0,1,0,111,345,0,0,20
2745,568,0,0,16,0,36,89,0,0,20
2748,301,8,12,37,0,29,2,0,0,20
2752,335,0,0,14,1,96,30,30,0,20
2753,95,0,0,1,0,38,10,0,0,20
2754,257,0,0,5,0,37,7,7,0,20
2755,330,0,0,9,0,2,0,0,0,20
2756,210,0,0,15,0,17,43,0,0,20
2801,140,140,140,57,20,0,31,40,0,20
2809,146,111,59,13,0,40,59,30,0,20
2812,200,200,116,115,22,56,0,51,0,20
2816,140,0,0,5,0,26,41,17,0,20
2820,140,78,4,50,3,0,20,20,0,20
2823,189,189,179,74,13,45,83,22,0,20
2832,140,7,0,39,0,46,20,0,0,20
2834,140,140,139,64,33,4,34,23,0,20
2836,160,27,0,115,0,15,17,40,0,20
2838,140,90,0,58,20,23,20,20,0,20
2841,47,22,0,4,0,1,22,0,0,20
2845,140,140,21,72,19,24,9,17,0,20
2847,21,17,0,0,0,0,0,0,0,20
2849,142,1,0,47,0,19,42,20,0,20
2850,140,1,0,37,26,16,40,0,0,20
2851,140,20,20,23,23,12,60,20,0,20
2852,120,0,0,48,0,18,60,0,0,20
2855,140,63,33,42,11,74,60,12,0,20
2856,89,64,20,35,0,0,65,22,0,20
2867,184,171,6,14,0,0,81,30,0,20
2880,140,140,140,121,20,2,58,19,0,20
2881,160,160,160,39,48,21,80,0,0,20
2882,160,160,160,35,0,65,100,40,0,20
2883,140,140,140,50,40,29,80,0,0,20
2884,160,160,160,81,20,17,0,60,0,20
2885,160,160,160,29,20,42,40,20,0,20
2886,140,140,140,110,19,0,20,0,0,20
2887,140,140,140,108,0,40,20,16,0,20
2888,170,170,168,35,0,58,46,3,0,20
2889,201,201,94,111,0,103,40,80,0,20
2890,140,140,140,86,24,38,41,20,0,20
2891,160,160,160,89,0,60,40,20,0,20
2892,140,140,140,107,0,35,12,12,0,20
2897,236,103,0,58,0,15,20,20,0,20
2901,155,0,0,6,0,0,27,0,0,20
2903,140,108,22,35,24,0,60,40,0,20
2904,140,0,0,55,17,18,17,0,0,20
2905,140,52,4,45,20,49,73,37,0,20
2906,140,25,0,42,0,40,60,0,0,20
2908,140,37,0,35,0,0,20,0,0,20
2910,453,0,0,68,0,127,172,73,0,20
2911,40,0,0,0,0,0,20,0,0,20
2912,141,108,141,47,10,0,0,20,0,20
2913,100,61,11,20,10,32,18,0,0,20
2915,180,180,180,57,80,20,120,60,0,20
2916,326,0,0,76,0,18,107,36,0,20
2923,164,0,0,24,0,35,47,38,0,20
2924,317,0,0,37,0,0,91,22,0,20
2926,152,0,0,23,0,43,1,1,0,20
2928,137,0,7,22,0,20,63,0,0,20
2929,148,46,51,48,0,13,69,62,0,20
2936,75,0,0,14,0,0,2,3,0,20
2937,549,0,0,36,0,177,161,9,0,20
2938,1213,0,0,0,0,0,0,0,0,20
2939,175,0,0,5,0,0,1,1,0,20
2941,46,0,0,0,0,0,46,0,0,20
2945,447,2,0,14,0,15,166,0,0,20
2947,173,0,0,16,0,11,0,0,0,20
2948,207,0,0,0,0,0,154,0,0,20
3002,124,0,0,43,0,40,26,11,0,20
3003,140,62,73,1,20,40,60,40,0,20
3004,140,7,7,25,48,48,40,0,0,20
3005,140,120,123,34,20,33,20,0,0,20
3006,140,113,105,30,55,47,80,20,0,20
3008,140,14,140,61,20,1,37,37,0,20
3010,140,24,37,58,0,20,50,37,0,20
3011,20,13,0,5,20,20,20,0,0,20
3013,140,48,0,38,0,52,68,40,0,20
3014,140,56,60,49,43,60,60,20,0,20
3015,140,14,0,56,20,10,60,20,0,20
3016,120,120,120,47,80,60,80,38,0,20
3017,140,140,140,63,40,39,80,20,0,20
3018,62,21,22,25,21,3,20,20,0,20
3019,120,120,120,21,40,32,80,40,0,20
3021,140,16,0,42,21,20,80,0,0,20
3022,180,12,6,36,0,0,49,17,0,20
3023,140,78,120,74,60,7,36,0,0,20
3024,82,21,0,15,11,8,41,6,0,20
3025,100,32,14,25,40,20,50,0,0,20
3026,160,95,122,61,14,40,40,20,0,20
3027,60,0,0,1,0,10,20,15,0,20
3028,140,44,28,60,30,25,60,0,0,20
3029,160,83,63,45,30,75,68,20,0,20
3030,140,41,31,46,20,60,20,20,0,20
3031,140,45,20,16,48,22,40,40,0,20
3032,140,11,16,32,20,40,40,20,0,20
3033,160,59,40,22,35,27,60,51,0,20
3034,140,140,140,50,76,60,60,40,0,20
3035,140,140,140,23,57,32,80,40,0,20
3036,164,130,105,72,20,97,54,51,0,20
3037,140,140,133,77,80,30,111,51,0,20
3038,140,72,37,26,59,54,40,20,0,20
3040,140,10,18,49,40,33,80,20,0,20
3041,40,40,40,35,0,20,20,20,0,20
3042,140,103,91,51,37,29,79,44,0,20
3043,22,0,0,0,0,1,2,0,0,20
3044,140,122,140,40,58,19,60,20,0,20
3045,140,140,140,57,11,28,0,25,0,20
3046,79,20,18,34,20,38,69,50,0,20
3047,100,51,15,39,0,20,20,0,0,20
3048,141,53,21,17,38,5,61,0,0,20
3049,80,80,80,57,23,22,60,20,0,20
3050,160,82,25,58,20,18,79,47,0,20
3051,26,21,5,5,20,0,26,2,0,20
3052,120,30,0,19,7,43,24,10,0,20
3054,88,0,0,4,0,22,21,2,0,20
3055,161,7,1,22,50,77,40,0,0,20
3056,160,96,43,61,45,45,72,0,0,20
3057,60,34,0,29,0,8,40,20,0,20
3058,120,23,26,16,40,8,40,40,0,20
3059,140,113,93,25,19,40,63,60,0,20
3060,100,48,22,10,20,20,40,40,0,20
3062,140,109,55,19,20,20,40,0,0,20
3064,165,0,0,0,0,83,102,105,0,20
3066,163,4,0,37,1,19,117,28,0,20
3067,477,0,0,12,0,83,190,126,0,20
3071,160,71,12,44,20,40,77,17,0,20
3073,204,0,0,22,0,57,14,3,0,20
3078,140,89,73,32,37,59,82,21,0,20
3081,140,40,140,2,5,28,60,0,0,20
3083,20,12,12,9,0,0,20,0,0,20
3085,145,0,0,11,0,31,51,14,0,20
3086,348,0,0,43,0,84,196,21,0,20
3088,140,1,7,26,16,32,80,20,0,20
3089,123,1,0,16,0,7,70,24,0,20
3090,140,83,83,51,20,48,60,20,0,20
3092,140,54,59,27,71,60,60,49,0,20
3093,341,0,0,43,20,135,147,34,0,20
3094,140,67,41,28,8,0,80,0,0,20
3095,93,0,0,11,0,3,68,36,0,20
3105,160,160,160,39,45,51,80,40,0,20
3114,144,45,39,44,30,72,82,0,0,20
3115,350,0,0,12,0,70,130,111,0,20
3118,177,6,4,39,4,46,54,62,0,20
3122,109,21,20,11,20,21,53,53,0,20
3128,120,28,10,29,22,19,60,0,0,20
3130,289,0,0,91,0,11,63,86,0,20
3131,142,21,64,35,40,74,22,0,0,20
3135,25,0,0,0,0,0,0,0,0,20
3138,940,15,42,89,16,304,156,0,0,20
3141,140,76,61,42,40,60,100,40,0,20
3144,150,54,38,77,0,30,45,14,0,20
3147,664,13,2,20,25,202,206,0,0,20
3149,40,10,0,0,20,0,20,0,0,20
3150,957,0,0,107,0,0,0,0,0,20
3152,140,9,112,33,40,40,40,40,0,20
3158,753,0,0,105,0,0,0,0,0,20
3162,162,0,0,4,0,97,61,52,0,20
3163,100,34,40,25,29,20,29,0,0,20
3164,82,1,1,20,0,32,34,20,0,20
3167,140,37,54,38,43,48,77,17,0,20
3168,1229,0,0,26,0,0,767,0,0,20
3169,160,49,40,50,40,94,80,32,0,20
3171,203,0,0,43,0,19,116,28,0,20
3176,20,5,0,0,0,20,20,0,0,20
3178,548,11,26,36,21,162,191,0,0,20
3188,157,0,0,19,0,64,93,30,0,20
3189,140,140,140,47,60,56,60,20,0,20
3191,30,0,0,5,0,4,23,0,0,20
3202,48,16,0,28,0,3,25,4,0,20
3205,80,3,37,0,15,18,33,20,0,20
3206,140,8,0,37,20,37,40,0,0,20
3207,227,15,11,24,0,27,140,102,0,20
3209,160,23,13,36,1,27,60,6,0,20
3211,140,37,58,40,40,52,40,0,0,20
3213,140,7,7,56,20,40,60,20,0,20
3217,161,83,100,60,100,76,80,60,0,20
3218,160,63,77,18,49,48,94,20,0,20
3219,438,0,0,10,0,112,163,130,0,20
3221,160,100,94,88,81,71,80,20,0,20
3224,80,15,20,23,16,33,49,0,0,20
3226,203,0,0,25,0,74,86,13,0,20
3227,140,109,140,37,38,60,75,60,0,20
3228,43,18,20,1,20,0,20,0,0,20
3229,22,0,0,0,0,11,21,0,0,20
3230,112,2,0,1,0,40,21,30,0,20
3231,140,140,140,56,31,20,40,0,0,20
3232,129,16,2,0,18,54,82,53,0,20
3234,80,40,43,0,0,0,40,0,0,20
3236,140,64,30,55,51,40,41,11,0,20
3252,81,0,0,0,0,34,41,21,0,20
3257,140,29,29,49,35,49,89,9,0,20
3259,62,5,0,20,0,7,42,20,0,20
3260,140,136,136,29,47,60,100,20,0,20
3264,142,142,128,78,40,42,89,9,0,20
3265,140,5,0,12,8,50,60,0,0,20
3266,61,4,0,35,1,28,20,0,0,20
3268,55,5,11,7,40,23,47,19,0,20
3272,140,5,0,17,0,43,29,0,0,20
3276,149,25,0,35,35,35,72,27,0,20
3284,107,10,0,6,20,3,58,38,0,20
3285,140,6,0,35,1,36,54,0,0,20
3287,86,1,0,9,0,19,18,5,0,20
3288,490,0,0,15,0,34,242,132,0,20
3289,220,48,113,29,40,9,64,20,0,20
3290,140,40,29,50,21,18,40,20,0,20
3293,140,58,129,27,60,100,80,32,0,20
3294,140,20,20,20,7,0,34,0,0,20
3296,120,17,7,14,22,27,20,0,0,20
3297,100,8,0,15,5,12,40,0,0,20
3303,140,0,0,11,40,41,60,20,0,20
3305,142,40,40,28,60,52,81,20,0,20
3306,148,25,20,71,13,82,40,27,0,20
3308,88,5,0,8,7,14,46,14,0,20
3310,203,7,0,30,7,124,101,20,0,20
3311,60,7,0,4,0,0,0,0,0,20
3312,140,71,35,68,46,68,80,32,0,20
3313,20,2,0,10,0,0,0,0,0,20
3315,47,0,0,27,0,0,0,0,0,20
3317,100,59,62,25,60,20,76,19,0,20
3321,113,15,0,15,0,0,31,26,0,20
3322,44,18,15,19,20,21,20,2,0,20
3323,140,53,38,35,34,61,80,20,0,20
3324,160,138,149,43,57,95,79,59,0,20
3325,120,60,5,30,55,47,44,20,0,20
3332,701,0,0,139,0,77,185,144,0,20
3338,145,58,67,20,48,27,40,20,0,20
3339,191,25,19,41,18,56,80,38,0,20
3346,277,49,52,37,20,100,60,20,0,20
3349,1357,0,0,0,0,554,508,0,0,20
3354,172,39,7,38,7,5,20,20,0,20
3356,80,20,14,31,4,12,0,0,0,20
3357,908,24,58,91,0,296,170,0,0,20
3360,140,46,20,31,38,80,55,11,0,20
3362,111,83,91,41,60,33,51,0,0,20
3363,120,41,40,12,20,35,69,30,0,20
3372,42,12,8,14,20,20,20,21,0,20
3373,140,36,36,15,40,40,60,40,0,20
3374,60,48,40,0,0,9,20,0,0,20
3376,140,105,139,40,39,21,41,22,0,20
3379,50,5,0,4,0,25,7,0,0,20
3380,140,133,110,59,17,20,39,40,0,20
3383,54,5,0,8,0,7,24,4,0,20
3388,160,0,0,54,2,31,80,56,0,20
3390,140,14,10,70,32,35,80,20,0,20
3402,140,22,11,63,69,37,80,20,0,20
3406,120,120,120,72,60,78,40,0,0,20
3413,140,84,136,29,41,80,40,40,15,20
3416,140,0,0,50,10,42,60,40,0,20
3419,60,32,27,12,9,8,32,0,0,20
3426,242,0,0,35,0,64,20,35,0,20
3430,1104,0,0,34,0,319,557,0,0,20
3431,65,0,0,2,0,0,0,0,0,20
3432,140,9,0,40,9,13,60,9,0,20
3434,371,6,0,45,0,83,173,42,0,20
3437,80,30,20,5,19,0,9,0,0,20
3438,82,14,24,15,24,53,61,27,0,20
3441,120,27,35,25,20,60,60,14,0,20
3443,140,115,120,20,56,75,80,21,0,20
3444,147,21,30,29,40,23,80,41,0,20
3447,47,0,0,0,0,31,47,0,0,20
3450,140,73,118,15,17,20,79,19,0,20
3452,49,20,0,0,0,0,0,0,0,20
3454,148,12,43,20,0,42,28,21,0,20
3455,142,38,29,53,54,30,80,20,0,20
3465,619,0,16,52,20,118,256,119,0,20
3466,241,14,0,22,2,110,107,28,0,20
3474,23,23,23,21,0,0,0,0,0,20
3479,140,4,20,14,36,44,80,40,0,20
3481,140,140,140,16,46,40,60,40,0,20
3483,160,100,100,60,84,88,70,30,0,20
3484,140,41,39,37,31,38,29,13,0,20
3485,1285,0,0,0,0,0,0,0,0,20
3489,125,5,0,11,0,58,57,31,0,20
3490,180,60,27,34,0,60,108,40,0,20
3491,160,53,84,88,38,20,80,20,0,20
3492,146,14,0,15,20,20,80,40,0,20
3494,40,0,0,0,0,0,17,17,0,20
3498,100,28,35,2,0,29,20,0,0,20
3499,80,20,20,20,40,11,52,40,0,20
3501,140,1,0,46,20,12,20,20,0,20
3504,60,44,40,0,20,12,20,20,0,20
3508,20,20,20,20,20,20,20,0,0,20
3511,102,44,40,5,20,50,40,7,0,20
3512,84,0,0,11,8,48,57,0,0,20
3514,48,48,26,1,0,0,0,0,0,20
3515,140,76,94,58,58,69,63,16,0,20
3516,104,0,0,26,0,45,48,2,0,20
3518,60,4,0,4,0,0,20,0,0,20
3519,30,14,3,1,0,0,0,0,0,20
3520,62,3,0,26,0,44,20,20,0,20
3521,46,0,0,13,0,19,16,14,0,20
3522,20,0,0,0,0,0,0,0,0,20
3523,110,0,0,1,0,54,57,5,0,20
3526,160,110,120,39,67,94,80,40,0,20
3527,140,60,80,50,76,35,80,60,0,20
3528,140,0,0,67,3,62,20,0,0,20
3529,140,23,140,24,46,61,60,60,0,20
3530,446,41,60,28,20,311,281,20,0,20
3531,229,0,0,59,0,42,125,91,0,20
3532,160,134,140,37,77,40,100,20,0,20
3533,160,87,155,62,68,94,52,44,0,20
3535,40,13,11,15,0,8,20,0,0,20
3536,76,23,22,1,0,14,45,2,0,20
3537,140,24,20,43,32,46,60,0,0,20
3540,140,54,48,54,53,52,40,0,0,20
3541,160,6,17,20,39,73,60,60,0,20
3543,816,5,0,103,0,21,440,0,0,20
3545,160,160,130,35,73,76,130,60,0,20
3546,120,32,60,27,39,79,20,20,0,20
3548,140,30,24,19,40,64,80,16,0,20
3550,140,15,14,10,23,40,40,20,0,20
3551,141,31,48,63,3,21,100,60,0,20
3552,100,82,100,0,40,0,40,43,0,20
3555,299,0,0,14,0,59,183,85,0,20
3556,140,37,52,42,12,38,48,60,0,20
3557,162,20,37,50,11,73,80,2,0,20
3558,140,0,40,19,0,40,20,20,0,20
3559,47,1,1,13,0,0,0,0,0,20
3561,29,25,1,2,0,0,0,0,0,20
3562,276,2,0,20,0,0,0,0,0,20
3563,189,44,141,38,40,68,69,20,0,20
3564,131,0,0,30,0,37,26,24,0,20
3567,140,6,19,35,53,8,80,40,0,20
3570,168,0,0,50,0,67,62,71,0,20
3573,21,1,0,1,0,0,0,0,0,20
3576,102,102,82,1,6,31,36,22,0,20
3577,159,0,0,97,7,58,103,40,0,20
3579,30,3,0,2,0,1,0,0,0,20
3580,140,7,3,9,40,68,65,0,0,20
3581,156,5,0,29,0,56,74,20,0,20
3583,140,34,40,37,27,69,80,40,0,20
3584,21,9,0,0,0,0,0,0,0,20
3587,180,41,66,36,89,69,80,80,0,20
3588,140,45,50,45,60,60,80,29,0,20
3591,100,39,38,19,24,2,40,0,0,20
3592,811,69,163,179,0,389,187,0,0,20
3593,42,0,0,0,0,20,0,0,0,20
3594,140,18,5,40,0,28,32,3,0,20
3596,160,156,160,63,80,60,100,40,0,20
3597,1044,9,0,23,14,161,518,0,0,20
3598,21,5,0,0,0,0,0,0,0,20
3605,160,96,80,45,33,104,56,0,0,20
3607,100,14,10,9,0,0,40,40,0,20
3609,209,0,0,14,18,43,119,41,0,20
3611,140,0,2,21,23,48,20,40,0,20
3615,120,52,9,40,11,55,80,20,0,20
3617,140,6,17,8,14,25,40,0,0,20
3622,100,3,0,41,12,41,60,7,0,20
3623,128,0,0,9,0,20,40,20,0,20
3624,140,70,60,54,66,80,80,20,0,20
3625,80,23,16,0,1,20,0,0,0,20
3628,155,0,0,14,0,14,81,20,0,20
3629,610,0,0,43,0,172,406,104,0,20
3630,40,21,20,1,20,20,20,0,0,20
3631,137,0,0,9,2,32,72,22,0,20
3632,88,0,0,9,0,6,34,14,0,20
3642,30,1,0,1,0,0,22,2,0,20
3645,140,50,56,34,33,64,59,20,0,20
3646,151,4,0,11,22,41,79,5,0,20
3652,173,4,0,43,3,41,64,40,0,20
3653,140,88,100,71,63,80,76,47,0,20
3661,120,100,100,43,50,60,85,0,0,20
3663,121,20,20,30,40,34,58,0,0,20
3664,62,0,0,10,0,2,8,2,0,20
3665,162,116,162,45,31,93,20,20,0,20
3666,120,41,25,21,52,50,80,60,0,20
3669,140,26,44,4,53,34,60,40,0,20
3672,142,18,20,30,20,3,0,20,0,20
3673,60,60,60,0,0,0,20,20,0,20
3675,148,46,40,70,54,77,78,60,0,20
3679,161,0,7,22,80,3,100,20,0,20
3680,258,137,160,85,120,134,178,23,0,20
3682,48,48,24,10,0,0,3,22,0,20
3684,190,0,0,45,0,49,45,28,0,20
3685,118,5,3,11,0,77,47,5,0,20
3686,42,9,0,15,0,40,20,20,0,20
3687,60,49,60,34,51,40,60,0,0,20
3689,160,32,29,24,11,20,60,20,0,20
3691,120,52,110,16,15,0,56,0,0,20
3693,86,4,0,4,0,27,23,22,0,20
3694,20,14,5,20,0,12,0,0,0,20
3698,89,72,43,2,1,7,23,2,0,20
3701,263,20,20,28,0,68,150,23,0,20
3702,162,162,162,94,0,32,40,20,0,20
3703,140,62,20,68,40,60,80,0,0,20
3704,60,40,40,20,0,0,20,0,0,20
3705,140,18,20,37,0,2,20,20,0,20
3706,140,129,107,96,24,57,64,40,0,20
3707,80,76,60,6,40,25,40,40,0,20
3708,120,66,120,40,4,37,20,0,20,20
3709,152,0,0,17,20,54,65,0,23,20
3710,20,15,0,9,0,0,0,0,0,20
3711,100,100,100,30,19,15,60,25,0,20
3712,60,24,20,18,10,35,40,0,20,20
3713,20,0,0,0,0,20,0,0,0,20
3714,20,20,20,5,0,0,0,0,20,20
4102,48,0,0,0,0,13,3,0,0,20
4104,160,6,0,78,0,0,40,0,0,20
4105,140,54,90,11,20,33,20,0,0,20
4106,140,31,24,0,11,8,20,0,0,20
4107,140,5,96,42,30,0,49,17,0,20
4108,40,0,0,14,0,40,20,0,0,20
4109,80,13,0,0,0,8,20,20,0,20
4111,140,0,0,25,0,0,75,30,0,20
4113,120,2,0,20,0,92,64,0,0,20
4114,162,56,34,32,4,46,60,21,0,20
4116,143,8,0,14,0,30,21,21,0,20
4119,140,65,69,51,52,40,40,0,0,20
4120,140,0,0,17,1,4,20,20,0,20
4121,120,35,30,10,40,30,80,0,0,20
4123,142,93,102,40,20,60,80,20,0,20
4126,140,11,40,40,19,34,60,0,0,20
4127,40,13,0,20,0,20,20,20,0,20
4128,42,40,42,22,1,14,0,0,0,20
4129,160,33,40,19,20,81,52,0,0,20
4130,148,36,24,5,16,28,23,1,0,20
4131,525,0,0,21,0,242,133,122,0,20
4133,140,49,57,38,20,20,31,20,0,20
4137,140,40,116,32,20,60,60,20,0,20
4138,142,0,0,57,0,0,0,0,0,20
4139,100,3,8,12,7,0,32,0,0,20
4141,49,22,22,15,13,21,3,0,0,20
4142,60,51,40,0,0,49,9,29,0,20
4144,150,7,0,15,0,22,1,23,0,20
4147,22,8,22,16,0,0,2,2,0,20
4148,100,5,7,17,14,48,40,0,9,20
4152,78,0,0,9,0,47,20,26,0,20
4153,100,5,0,20,0,42,40,60,0,20
4154,131,0,0,4,0,52,45,26,0,20
4155,308,5,0,55,0,150,40,20,0,20
4157,23,17,3,0,0,0,0,0,0,20
4160,84,0,0,31,0,31,42,0,0,20
4161,140,2,0,13,0,75,75,27,0,20
4162,140,54,109,43,0,57,90,9,0,20
4163,160,7,26,28,33,38,60,20,0,20
4164,140,24,12,38,17,47,80,20,0,20
4166,1163,8,0,26,0,0,0,0,0,20
4167,80,19,0,0,0,7,20,20,20,20
4168,40,2,0,9,0,20,0,17,0,20
4169,1057,0,0,79,0,0,0,0,0,20
4171,74,24,54,1,0,25,50,20,0,20
4173,160,23,27,21,40,38,56,33,0,20
4174,42,15,42,14,0,0,0,0,1,20
4175,215,2,17,51,13,0,80,23,0,20
4183,496,0,0,26,0,126,208,13,0,20
4188,40,0,0,9,0,8,29,0,0,20
4190,162,33,57,10,40,63,61,20,20,20
4192,44,2,5,3,2,12,0,2,0,20
4195,721,47,18,75,0,0,0,0,0,20
4198,55,0,0,0,0,23,26,22,0,20
4205,144,0,0,65,27,0,40,20,0,20
4207,100,5,0,31,0,12,41,0,0,20
4303,182,9,8,51,0,13,97,40,0,20
4304,365,0,0,18,0,75,146,72,0,20
4305,517,0,0,104,0,58,172,64,0,20
4306,162,81,50,29,21,60,65,20,0,20
4401,140,1,0,38,0,40,40,0,0,20
4402,82,0,0,3,0,24,37,45,0,20
4406,396,0,0,15,0,96,177,4,0,20
4413,542,0,0,7,0,253,204,1,0,20
4414,46,37,2,15,0,2,23,0,0,20
4416,629,0,0,75,0,279,204,87,0,20
4417,140,1,0,11,3,17,20,0,0,20
4419,1078,0,0,47,0,268,460,275,0,20
4420,210,10,0,48,0,65,80,60,0,20
4426,120,22,42,2,40,5,28,0,0,20
4429,440,0,0,55,0,140,263,54,0,20
4430,166,0,0,9,3,29,51,38,0,20
4432,102,0,0,0,0,29,20,1,0,20
4433,170,14,6,29,1,60,38,14,0,20
4438,252,0,0,33,17,103,46,12,0,20
4439,66,0,0,0,0,46,25,0,20,20
4440,414,0,0,7,0,70,4,0,0,20
4502,117,13,10,17,20,42,20,0,0,20
4503,72,7,2,15,19,42,21,0,0,20
4506,164,0,0,57,30,25,40,0,0,20
4510,100,0,0,4,0,24,20,0,0,20
4513,73,12,0,9,20,20,21,0,0,20
4523,97,0,0,8,1,4,48,26,0,20
4526,100,0,0,0,0,40,40,0,0,20
4527,153,0,0,57,14,7,46,33,0,20
4528,140,11,20,20,20,40,40,40,0,20
4529,20,0,0,11,0,0,20,0,0,20
4530,144,0,0,22,0,28,63,20,0,20
4532,140,27,20,31,0,20,0,0,0,20
4533,142,18,0,37,9,52,83,20,0,20
4534,80,27,20,11,20,20,59,19,0,20
4535,173,0,0,36,0,29,79,5,0,20
4536,140,17,40,31,20,32,80,40,0,20
4538,624,0,0,40,0,278,264,20,0,20
4540,516,36,86,44,0,292,120,0,0,20
4541,140,5,0,43,10,60,48,20,0,20
4542,322,0,0,19,0,148,115,16,0,20
4543,217,0,0,29,0,28,52,25,0,20
4545,140,0,0,35,7,42,40,40,0,20
4549,141,0,0,46,0,41,56,10,0,20
4550,169,0,0,29,20,59,71,45,1,20
4551,140,24,85,46,31,40,40,40,0,20
4552,120,10,22,33,0,0,0,0,15,20
4554,220,0,0,20,0,92,72,13,0,20
4555,142,0,0,17,0,65,60,20,0,20
4556,336,0,0,60,0,131,105,29,0,20
4557,142,0,0,42,0,33,20,40,20,20
4558,1434,0,0,0,0,526,534,0,0,20
4560,199,3,0,5,20,40,25,40,0,20
4561,343,0,0,66,0,201,154,0,0,20
4562,383,0,0,5,0,114,0,0,0,20
4563,552,0,0,5,0,127,34,7,0,20
4564,339,63,66,22,0,121,79,0,0,20
4566,289,2,0,0,0,20,20,0,0,20
4568,286,2,0,21,0,35,19,6,0,20
4571,82,0,0,6,0,28,40,20,2,20
4572,293,1,0,14,0,57,36,40,0,20
4576,144,0,0,3,0,42,91,0,0,20
4577,250,0,0,0,0,86,159,0,0,20
4580,206,0,6,35,0,22,54,28,0,20
4581,62,0,0,0,0,17,0,13,0,20
4582,347,5,0,41,0,0,0,0,0,20
4583,149,0,0,2,0,0,19,0,0,20
4584,51,0,0,0,0,0,0,0,0,20
4609,187,0,0,20,0,97,97,26,0,20
4702,53,0,0,10,0,29,44,0,0,20
4706,157,4,0,11,0,6,40,0,0,20
4707,140,36,0,23,12,40,20,20,0,20
4711,202,0,1,31,20,47,74,19,0,20
4712,62,0,0,11,0,28,11,2,0,20
4714,160,81,36,50,21,47,59,22,0,20
4716,142,1,0,43,20,12,37,2,0,20
4720,160,18,0,4,2,10,42,20,0,20
4721,140,87,93,37,78,67,87,16,0,20
4722,159,14,0,40,15,58,79,40,0,20
4725,48,5,3,12,0,23,24,3,0,20
4726,40,3,0,0,0,1,20,0,0,20
4728,102,0,3,8,20,70,49,0,0,20
4729,26,0,0,14,0,21,21,0,0,20
4733,42,21,25,0,0,0,0,0,0,20
4735,220,53,75,73,82,84,120,80,0,20
4736,140,39,108,21,60,74,80,20,0,20
4737,142,0,0,14,39,34,40,20,0,20
4739,200,148,154,30,88,80,120,80,0,20
4741,427,0,0,26,0,92,62,4,0,20
4743,28,26,22,18,1,24,1,0,0,20
4744,446,25,12,97,6,179,246,0,0,20
4745,142,11,20,40,5,59,31,11,0,20
4746,120,40,53,18,20,32,60,20,0,20
4747,262,0,0,16,0,20,26,51,0,20
4754,377,0,0,49,0,127,177,27,0,20
4755,167,20,20,59,56,57,41,40,0,20
4760,734,2,28,29,20,334,313,20,0,20
4763,160,0,0,30,34,52,51,37,20,20
4764,331,2,9,27,0,33,39,16,0,20
4766,257,1,13,20,0,22,40,0,0,20
4767,396,0,0,24,0,50,114,51,0,20
4768,255,3,38,26,0,113,179,0,0,20
4770,190,6,22,23,0,43,0,0,0,20
4771,26,0,0,0,0,0,0,0,0,20
4803,147,1,69,7,0,60,42,21,0,20
4804,86,0,0,0,0,1,24,0,0,20
4806,127,0,0,13,0,49,22,42,0,20
4807,202,0,0,18,0,43,38,1,0,20
4903,40,15,0,20,25,0,20,20,0,20
4904,140,140,140,45,0,8,20,20,0,20
4905,263,0,0,8,25,48,123,40,0,20
4906,120,109,91,21,20,26,40,0,0,20
4907,242,0,0,18,23,109,60,60,0,20
4908,140,18,20,39,25,40,58,39,0,20
4909,140,5,0,16,3,10,20,0,0,20
4911,44,0,0,5,0,16,6,0,0,20
4912,213,5,96,60,68,54,86,40,0,20
4915,140,140,140,30,26,5,20,0,0,20
4916,140,48,40,25,13,59,60,38,0,20
4919,182,172,173,107,86,30,60,1,0,20
4923,1063,9,11,46,0,438,332,0,0,20
4924,32,0,0,14,1,23,2,0,0,20
4927,140,82,80,55,49,20,40,20,0,20
4930,82,20,15,7,20,20,61,0,0,20
4931,436,2,0,12,0,125,81,0,0,20
4933,140,11,5,30,20,0,99,19,0,20
4934,80,80,60,22,25,20,40,20,0,20
4935,140,57,48,16,55,20,40,20,0,20
4938,142,142,142,40,37,14,20,0,0,20
4939,100,44,30,30,34,40,40,0,0,20
4942,140,51,20,54,20,16,86,36,0,20
4943,277,81,87,40,20,53,85,20,0,20
4944,76,5,0,22,2,10,63,41,0,20
4945,40,10,12,25,20,40,40,0,20,20
4946,64,6,0,15,0,13,41,20,0,20
4949,594,0,0,0,0,0,0,0,0,20
4950,367,6,0,13,0,154,203,83,0,20
4951,1052,4,0,68,0,235,441,0,0,20
4952,140,37,47,24,58,20,60,20,0,20
4953,160,23,60,25,60,80,91,39,0,20
4956,40,36,40,12,0,0,40,20,0,20
4958,142,142,142,22,21,41,40,20,0,20
4960,42,40,20,10,0,0,20,20,0,20
4961,510,104,91,79,59,257,136,52,0,20
4966,162,48,162,73,42,87,101,40,0,20
4967,560,46,53,24,20,139,331,0,0,20
4968,140,104,113,40,58,60,40,0,0,20
4971,140,1,25,19,10,65,40,20,0,20
4972,142,5,0,32,33,21,60,20,0,20
4973,141,33,20,21,40,40,48,7,0,20
4974,140,26,34,34,26,32,60,60,0,20
4976,60,58,60,5,40,20,40,0,0,20
4977,160,35,53,18,40,53,2,0,0,20
4979,80,57,39,19,5,1,2,0,0,20
4984,68,14,21,34,0,0,0,0,0,20
4987,178,0,0,65,0,40,27,2,0,20
4989,228,48,38,0,20,49,43,17,0,20
4991,122,28,53,34,1,22,1,20,0,20
4994,80,9,9,9,0,0,0,0,0,20
4995,169,0,0,45,21,72,46,70,0,20
4999,140,0,0,22,1,25,40,0,0,20
5007,141,1,0,1,0,33,41,41,0,20
5009,140,59,20,0,0,34,50,0,0,20
5011,322,40,40,52,0,128,221,84,0,20
5013,247,0,0,91,20,70,118,47,0,20
5014,67,47,42,0,37,35,20,0,0,20
5015,140,0,0,56,56,60,60,40,0,20
5016,221,0,0,56,1,40,88,36,0,20
5102,148,0,0,38,0,20,0,0,0,20
5201,128,0,0,19,20,23,49,20,0,20
5202,174,0,0,13,0,25,34,13,0,20
5203,140,10,17,20,33,0,40,20,0,20
5205,1188,0,0,9,0,485,491,472,0,20
5206,170,0,0,26,0,102,74,0,0,20
5209,296,0,0,110,0,86,40,70,0,20
5210,58,0,0,0,17,24,38,10,0,20
5211,102,0,0,1,0,0,30,0,0,20
5212,281,0,0,24,12,37,77,74,0,20
5213,160,36,20,69,0,82,60,40,0,20
5215,201,52,79,21,100,66,95,35,0,20
5220,445,10,0,35,6,156,185,0,0,20
5222,898,10,121,87,0,496,479,26,0,20
5223,95,16,20,39,20,29,36,16,20,20
5225,122,7,0,19,32,42,40,33,0,20
5227,108,52,20,10,0,59,48,40,0,20
5228,1412,0,0,0,0,440,530,0,0,20
5230,142,5,11,7,0,20,60,42,0,20
5234,140,18,23,35,58,0,40,40,0,20
5236,135,0,75,2,0,115,83,0,0,20
5243,140,93,70,64,25,40,27,40,0,20
5244,1069,3,0,106,0,215,654,0,0,20
5245,176,21,68,40,64,38,95,0,0,20
5251,90,22,8,33,0,4,6,0,0,20
5258,217,40,40,93,17,91,48,26,0,20
5259,183,0,0,15,0,32,0,0,0,20
5263,120,3,36,9,3,40,60,40,0,20
5264,148,132,148,55,19,42,53,23,0,20
5269,142,59,142,73,43,76,76,27,0,20
5272,80,16,12,11,20,26,40,40,0,20
5274,142,0,131,55,68,101,46,6,0,20
5276,428,0,0,17,0,29,165,32,0,20
5278,273,0,0,81,52,152,129,52,0,20
5281,149,1,1,14,0,23,42,18,0,20
5283,704,0,8,70,0,253,330,0,0,20
5284,168,0,0,48,20,2,41,20,0,20
5285,141,40,47,30,75,54,60,20,0,20
5287,184,0,18,75,1,12,22,31,0,20
5288,140,1,26,47,40,29,20,4,0,20
5289,140,41,133,57,42,71,40,60,0,20
5291,127,0,8,11,59,33,79,0,0,20
5292,451,0,0,0,0,0,178,0,0,20
5299,501,64,100,70,32,352,313,40,0,20
5301,60,0,0,0,0,0,20,0,0,20
5302,20,0,0,0,20,0,0,0,0,20
5304,120,4,0,11,0,0,0,0,0,20
5305,108,55,50,36,0,2,43,3,0,20
5306,162,12,42,46,20,83,44,20,0,20
5309,40,20,20,11,0,20,40,20,0,20
5310,47,0,0,13,1,7,6,0,0,20
5312,150,0,0,58,0,0,28,40,0,20
5314,147,2,0,27,0,5,56,24,0,20
5315,120,27,0,3,14,20,60,20,0,20
5317,96,51,38,16,0,0,0,0,0,20
5321,153,13,20,5,20,36,76,30,0,20
5324,69,0,0,0,0,15,34,21,0,20
5328,40,4,0,0,4,0,20,0,0,20
5340,26,0,0,0,0,2,3,3,0,20
5344,75,12,2,23,21,15,12,12,0,20
5345,154,0,0,1,0,33,43,11,0,20
5347,140,140,140,48,24,60,40,60,0,20
5348,559,0,0,60,0,119,224,136,0,20
5349,69,36,12,17,0,0,0,0,0,20
5351,58,54,32,20,20,20,20,20,0,20
5353,180,9,0,80,10,70,120,20,0,20
5355,20,1,0,0,0,0,0,0,0,20
5356,160,19,17,45,0,22,0,20,0,20
5364,751,0,0,18,0,141,214,100,0,20
5371,167,116,83,17,40,38,22,42,0,20
5381,155,1,0,13,1,24,60,37,0,20
5383,62,15,16,34,20,47,42,52,0,20
5386,210,17,6,4,38,95,161,80,0,20
5388,140,96,129,26,11,28,40,20,0,20
5392,142,42,20,31,0,26,62,0,0,20
5398,157,0,0,22,0,30,89,19,0,20
5403,140,0,0,95,20,80,60,20,0,20
5410,140,17,4,95,21,30,22,39,0,20
5425,140,135,140,38,60,40,40,53,0,20
5426,80,5,0,28,0,40,0,20,0,20
5432,403,0,0,51,0,82,158,146,0,20
5434,160,32,79,55,43,63,29,42,0,20
5438,142,21,16,56,0,36,82,22,0,20
5439,160,60,56,56,52,59,40,20,0,20
5443,140,75,54,41,57,44,100,20,0,20
5450,59,9,0,12,0,32,55,23,0,20
5452,120,36,14,24,52,46,74,7,0,20
5455,928,0,0,78,0,385,421,143,0,20
5457,80,64,77,19,16,40,40,13,0,20
5460,182,0,0,31,0,20,31,11,0,20
5464,100,0,0,7,20,18,35,0,0,20
5465,140,15,0,28,0,43,69,50,0,20
5468,388,0,0,36,0,34,135,157,0,20
5469,161,138,121,43,40,18,101,40,0,20
5471,140,50,60,17,37,20,80,40,0,20
5474,150,10,16,36,37,60,46,40,0,20
5475,60,49,20,4,20,60,40,0,0,20
5478,142,9,30,10,23,31,62,41,0,20
5481,82,11,0,5,0,38,33,12,0,20
5483,161,161,161,70,27,47,40,20,0,20
5484,60,0,0,20,0,20,0,0,0,20
5487,207,0,0,25,1,37,53,16,0,20
5488,60,21,0,30,35,0,20,0,0,20
5489,143,0,0,34,0,63,63,3,0,20
5490,140,26,40,30,0,50,35,0,0,20
5493,169,0,0,55,40,13,66,0,0,20
5498,82,17,8,8,15,20,40,10,0,20
5508,140,0,0,59,13,72,91,20,0,20
5511,191,0,0,41,0,60,69,0,0,20
5512,140,68,0,47,0,70,60,20,0,20
5514,178,0,0,68,21,41,39,4,0,20
5515,160,13,0,88,11,25,120,0,0,20
5516,314,0,0,50,0,157,143,83,0,20
5519,140,41,0,46,20,40,49,22,0,20
5520,204,0,0,71,0,67,72,20,0,20
5521,100,50,0,0,0,49,77,0,0,20
5522,180,69,65,42,40,64,100,60,0,20
5523,160,0,0,22,36,52,60,11,0,20
5525,160,0,0,33,20,34,52,9,0,20
5529,48,3,0,0,20,18,20,4,0,20
5530,140,6,20,31,1,29,72,24,0,20
5531,80,13,0,0,0,20,20,0,0,20
5533,140,1,0,42,0,87,60,1,0,20
5534,140,26,67,23,20,48,39,12,0,20
5536,160,17,58,75,38,73,54,20,0,20
5538,168,0,0,61,33,61,72,38,0,20
5543,309,0,0,53,1,115,170,78,0,20
5546,80,0,1,20,8,8,0,0,19,20
5547,470,0,0,0,0,0,0,0,0,20
5601,947,0,0,47,0,0,133,89,0,20
5603,112,7,0,8,37,12,40,4,0,20
5604,268,0,1,39,20,20,93,52,0,20
5607,118,60,40,75,60,40,40,14,0,20
5608,75,55,55,15,55,55,75,75,0,20
5609,160,76,80,66,100,80,111,51,0,20
5701,24,0,0,0,0,0,4,0,0,20
5703,926,0,0,94,0,18,308,139,0,20
5704,543,0,0,52,0,110,248,113,0,20
5706,140,14,18,44,0,20,40,20,0,20
5820,147,91,18,41,0,107,43,2,0,20
5864,414,24,20,79,27,260,312,0,0,20
5871,140,140,140,60,63,60,20,0,0,20
5876,286,262,183,87,0,14,0,20,0,20
5878,453,0,0,126,0,141,86,10,0,20
5880,160,160,160,139,19,39,37,45,0,20
5902,178,0,0,5,0,18,71,22,0,20
5903,154,1,3,42,8,0,21,22,0,20
5904,162,0,82,9,38,25,40,40,0,20
5905,140,38,15,14,18,0,24,15,0,20
5906,187,0,0,33,0,47,114,17,0,20
5907,140,0,0,2,20,0,40,20,0,20
6005,140,131,51,59,0,70,52,0,0,20
6015,80,54,20,16,52,51,25,0,0,20
6016,120,66,34,34,16,68,60,0,0,20
6020,121,0,0,30,25,105,65,20,0,20
6021,68,7,0,3,20,46,26,2,0,20
6023,180,0,0,28,10,71,20,40,0,20
6024,200,4,0,40,70,49,60,20,0,20
6026,174,72,46,49,67,129,82,20,0,20
6028,563,0,0,0,0,0,0,0,0,20
6101,36,0,0,10,0,0,8,11,0,20
6103,1075,0,0,10,0,507,537,171,0,20
6104,140,61,58,23,40,40,60,20,0,20
6108,120,31,8,22,40,5,53,0,0,20
6109,175,0,0,21,0,8,59,13,0,20
6111,82,12,15,26,1,62,38,20,0,20
6112,140,20,20,51,23,2,40,40,0,20
6113,20,6,0,14,0,12,20,0,0,20
6114,145,0,0,5,17,44,65,40,0,20
6115,142,0,0,40,0,26,60,40,0,20
6116,100,100,100,15,43,20,40,0,0,20
6117,57,0,0,12,0,13,45,4,0,20
6118,20,18,20,20,20,12,20,0,0,20
6120,100,71,35,19,20,20,20,0,0,20
6121,160,57,160,41,38,20,40,40,0,20
6122,69,0,0,20,0,39,20,20,0,20
6123,223,5,0,46,40,66,79,57,0,20
6124,80,0,0,5,0,12,29,16,0,20
6125,140,89,60,30,20,20,60,20,0,20
6126,100,36,20,33,20,20,40,40,0,20
6127,60,52,39,11,29,0,20,0,0,20
6128,161,0,0,33,19,69,40,20,0,20
6129,20,20,20,0,20,8,20,20,0,20
6130,117,4,0,40,0,21,47,35,0,20
6131,104,42,5,1,0,52,43,3,0,20
6133,143,11,0,51,0,34,46,20,0,20
6134,46,20,15,39,6,16,20,3,0,20
6136,140,0,0,28,0,32,40,0,0,20
6138,160,126,138,96,140,117,129,49,0,20
6139,140,54,40,31,38,66,31,7,0,20
6140,276,0,0,31,0,90,40,89,0,20
6141,144,68,22,30,32,23,40,20,0,20
6142,60,34,16,0,20,16,8,0,0,20
6143,140,58,52,66,48,41,60,20,0,20
6144,676,0,0,42,0,53,282,59,0,20
6145,48,7,0,0,0,0,0,0,0,20
6146,140,0,22,21,25,11,37,0,0,20
6147,140,140,140,28,20,32,80,20,0,20
6148,124,16,0,26,23,57,80,62,0,20
6150,100,81,80,40,54,43,80,0,0,20
6151,140,13,0,44,51,40,60,20,0,20
6152,20,20,0,20,0,8,0,0,0,20
6153,161,150,111,16,40,21,65,3,0,20
6154,147,0,0,37,0,40,60,20,0,20
6155,144,37,30,33,20,31,98,20,0,20
6156,142,40,15,35,0,28,68,16,0,20
6158,160,56,46,41,82,20,44,0,0,20
6160,80,3,3,0,20,58,20,20,0,20
6161,160,60,28,60,55,61,60,60,0,20
6163,80,31,20,32,20,48,60,9,0,20
6164,100,21,14,12,20,20,20,40,0,20
6165,24,8,0,5,0,0,24,0,0,20
6166,140,9,14,20,20,2,38,20,0,20
6167,20,20,20,20,20,20,20,20,0,20
6168,80,49,40,11,60,20,49,0,0,20
6169,40,3,0,14,0,0,20,0,0,20
6170,100,31,30,24,39,0,40,0,0,20
6171,293,1,0,92,26,122,172,62,0,20
6172,126,0,0,44,34,58,70,0,0,20
6173,160,137,128,52,60,68,100,20,0,20
6174,123,13,7,22,21,21,29,13,0,20
6175,140,88,60,60,73,81,80,20,0,20
6176,140,140,140,29,40,44,60,40,0,20
6177,160,21,17,77,14,82,49,40,0,20
6179,182,6,0,26,36,60,80,4,0,20
6180,120,90,88,35,20,60,40,29,0,20
6182,130,130,130,56,84,90,110,24,0,20
6183,143,0,0,60,21,40,47,0,0,20
6184,140,0,0,40,0,2,60,20,0,20
6185,150,15,0,19,0,12,50,23,0,20
6186,164,21,4,80,44,71,72,58,0,20
6187,140,68,98,36,40,64,80,20,0,20
6188,140,112,106,31,40,40,20,20,0,20
6189,140,2,0,64,20,49,75,0,0,20
6190,140,77,40,55,64,73,80,20,0,20
6191,140,132,96,60,53,3,100,20,0,20
6192,160,4,9,45,22,31,63,14,0,20
6194,160,3,0,40,18,72,60,0,0,20
6195,146,0,0,9,0,27,21,20,0,20
6196,140,95,120,70,82,50,72,60,0,20
6197,140,26,2,49,4,0,60,40,0,20
6198,755,0,0,18,0,255,296,51,0,20
6199,516,0,0,4,0,151,260,25,0,20
6201,148,0,0,74,0,7,63,0,0,20
6202,140,81,106,52,41,45,40,40,0,20
6203,143,26,40,30,20,79,90,23,0,20
6204,193,14,17,66,40,29,101,49,0,20
6205,140,34,24,40,40,40,20,20,0,20
6206,140,6,17,22,0,36,20,17,0,20
6207,140,42,39,43,24,84,40,20,0,20
6208,180,54,41,52,40,75,60,40,0,20
6209,60,44,39,14,20,20,19,0,0,20
6210,146,0,0,38,0,13,66,20,0,20
6212,665,3,0,140,0,218,342,65,0,20
6213,160,133,120,20,115,58,80,20,0,20
6214,140,18,37,44,20,30,40,0,0,20
6215,140,54,20,29,60,33,75,35,0,20
6216,140,0,0,41,0,26,40,31,0,20
6217,140,65,48,14,24,55,74,54,0,20
6218,146,8,0,58,19,62,42,22,0,20
6219,180,100,66,19,20,85,57,8,0,20
6220,162,51,27,33,20,32,65,3,0,20
6221,187,5,0,56,20,57,69,29,0,20
6222,365,0,0,37,0,156,152,12,0,20
6223,140,96,123,51,34,34,40,3,0,20
6224,162,47,80,47,16,62,22,42,0,20
6225,381,0,0,41,0,168,154,25,0,20
6226,100,60,35,36,36,9,60,0,0,20
6227,140,25,16,51,31,56,67,20,0,20
6228,135,0,0,22,0,53,40,17,0,20
6229,146,25,22,28,29,62,83,42,0,20
6230,140,58,80,42,57,42,50,20,0,20
6231,140,43,48,63,26,61,100,40,0,20
6233,20,5,11,0,0,0,20,0,0,20
6234,140,10,15,11,20,25,58,7,0,20
6235,100,65,44,20,51,62,54,14,0,20
6236,868,0,0,6,0,170,447,209,0,20
6237,140,79,77,15,84,71,96,19,0,20
6238,110,52,86,4,0,0,0,0,0,20
6239,140,140,140,52,38,40,40,40,0,20
6240,346,0,0,21,0,16,152,2,0,20
6241,124,0,0,0,10,59,29,28,0,20
6242,468,0,0,31,1,100,124,97,0,20
6243,40,25,20,20,6,12,40,0,0,20
6244,100,100,92,40,20,60,59,47,0,20
6245,140,41,40,17,31,17,36,22,0,20
6246,177,1,0,28,0,51,47,1,0,20
6247,388,0,0,29,0,92,110,9,0,20
6248,345,4,0,23,0,188,121,60,0,20
6251,90,86,83,52,0,29,45,23,0,20
6257,160,117,100,98,40,68,60,40,0,20
6259,288,0,0,36,0,23,214,89,0,20
6261,140,57,72,67,20,47,72,21,0,20
6263,140,0,0,113,0,5,0,20,0,20
6264,83,0,0,16,0,40,24,42,0,20
6265,42,20,20,40,20,20,25,1,0,20
6266,140,25,5,33,49,77,39,40,0,20
6269,140,138,140,45,40,54,40,40,0,20
6270,140,20,0,62,20,31,80,20,0,20
6271,162,125,162,45,30,40,100,40,0,20
6272,1050,36,6,56,0,0,0,0,0,20
6274,140,139,140,69,85,57,60,20,0,20
6275,100,21,22,35,24,23,40,0,0,20
6276,144,19,6,16,0,54,70,28,0,20
6277,180,0,0,34,0,15,37,17,0,20
6278,140,90,91,27,40,60,80,20,0,20
6279,140,30,91,41,19,30,31,7,0,20
6281,140,0,0,57,0,20,20,20,0,20
6282,141,136,88,39,32,0,57,12,0,20
6283,60,31,30,7,3,11,20,0,0,20
6284,160,105,104,49,52,60,60,20,0,20
6285,140,136,140,44,0,18,0,0,0,20
6286,21,0,1,0,0,0,0,0,0,20
6287,279,0,0,14,20,79,150,64,0,20
6288,101,57,28,9,0,41,1,0,1,20
6289,57,0,0,12,0,9,51,2,0,20
6290,140,111,109,49,39,12,60,40,0,20
6291,578,0,0,100,0,119,222,141,0,20
6292,148,0,0,36,5,20,52,28,0,20
6294,140,0,6,49,0,0,40,0,0,20
6404,113,0,0,1,0,1,14,6,0,20
6405,122,12,19,20,19,30,40,0,0,20
6409,142,2,98,73,71,62,0,16,0,20
6411,160,104,127,94,66,16,80,0,0,20
6412,189,53,72,51,35,52,44,20,0,20
6414,184,82,170,41,20,87,2,4,0,20
6415,140,1,140,61,84,84,80,40,0,20
6416,402,27,63,45,20,117,178,0,0,20
6417,236,0,0,60,0,32,88,61,0,20
6418,803,8,0,6,0,60,332,4,0,20
6419,95,0,0,0,20,2,60,20,0,20
6422,87,6,4,21,0,0,0,0,0,20
6423,792,44,45,81,0,0,0,0,0,20
6425,663,0,0,30,0,215,256,20,0,20
6426,195,70,100,41,45,89,108,54,0,20
6431,46,0,0,0,0,20,20,0,0,20
6432,146,19,20,41,20,32,27,1,1,20
6435,142,54,99,36,40,74,89,20,0,20
6438,337,62,110,75,25,113,125,22,0,20
6441,453,28,34,25,20,173,152,27,0,20
6442,169,1,1,40,0,22,78,36,0,20
6443,120,111,49,45,20,79,76,36,20,20
6446,115,49,83,44,20,76,1,0,0,20
6449,160,40,40,10,55,56,41,25,0,20
6451,140,54,115,10,20,36,40,20,0,20
6452,128,33,107,18,0,21,0,63,1,20
6456,140,140,140,46,20,40,69,40,20,20
6457,172,57,80,14,80,45,100,1,1,20
6461,270,1,0,56,0,155,0,0,0,20
6462,100,70,87,0,20,40,20,0,0,20
6464,320,0,0,29,0,21,20,47,0,20
6465,172,5,0,20,0,54,37,30,0,20
6469,272,2,50,111,89,260,60,76,0,20
6470,140,2,0,7,20,19,40,20,10,20
6472,444,21,92,70,117,245,248,66,0,20
6474,817,0,0,0,0,0,0,0,0,20
6477,211,63,56,32,54,98,60,0,0,20
6482,545,0,0,28,0,134,152,11,0,20
6485,120,40,40,30,40,40,70,20,0,20
6486,271,17,30,45,0,50,80,0,0,20
6488,162,140,140,20,80,40,40,21,0,20
6491,438,10,46,69,29,258,299,0,0,20
6492,210,31,44,47,0,20,35,35,0,20
6494,210,31,40,29,60,79,60,20,0,20
6496,144,0,0,7,0,12,20,31,0,20
6497,25,3,1,0,0,0,0,0,0,20
6498,977,0,0,97,0,0,0,0,0,20
6499,190,13,25,35,23,61,38,0,0,20
6504,140,20,27,14,20,20,0,20,0,20
6505,140,140,140,16,10,60,60,40,0,20
6506,142,0,0,17,3,40,20,22,0,20
6508,140,0,0,47,0,57,35,24,0,20
6509,140,86,80,48,40,43,60,20,0,20
6510,162,20,154,11,40,82,40,0,0,20
6512,229,0,0,18,0,11,53,73,0,20
6514,173,16,14,44,22,73,89,45,0,20
6515,225,0,182,34,0,20,67,0,0,20
6516,429,1,0,28,0,182,125,0,0,20
6517,294,0,0,0,0,34,0,0,0,20
6523,271,39,76,50,52,149,140,2,0,20
6525,140,31,77,52,34,60,40,40,0,20
6526,198,0,5,11,0,0,0,0,0,20
6527,818,0,0,22,0,322,353,14,0,20
6530,529,8,0,69,0,29,43,45,0,20
6531,196,80,81,12,46,132,99,0,0,20
6532,242,40,40,52,40,61,40,0,0,20
6533,275,71,100,68,43,101,49,0,0,20
6534,884,0,13,20,0,0,199,0,0,20
6535,144,7,9,21,0,25,33,0,0,20
6538,315,31,43,8,20,51,45,5,0,20
6541,377,20,23,24,10,0,52,36,0,20
6542,267,0,0,0,4,62,23,14,0,20
6546,527,1,0,88,0,53,24,0,0,20
6547,279,45,42,23,21,20,22,20,0,20
6548,384,65,86,112,74,119,118,41,0,20
6550,630,194,126,33,0,12,86,0,0,20
6552,310,41,58,34,40,52,104,20,0,20
6556,484,0,0,37,0,140,70,20,0,20
6558,529,46,20,108,0,122,243,20,0,20
6560,308,0,0,20,20,20,54,0,0,20
6561,190,0,51,29,20,0,0,0,0,20
6568,269,21,72,53,42,20,46,20,0,20
6569,307,0,0,33,0,41,57,21,0,20
6570,491,0,0,58,0,125,188,1,0,20
6573,88,1,0,0,0,8,0,0,28,20
6574,709,0,0,51,0,154,0,138,0,20
6576,454,26,40,39,20,37,201,0,0,20
6577,350,0,0,33,0,20,20,0,0,20
6578,483,0,0,29,0,45,20,32,0,20
6579,341,4,10,10,0,136,61,21,0,20
6581,360,0,0,45,0,110,87,40,0,20
6582,322,12,58,12,20,43,66,20,0,20
6584,1264,0,0,0,0,186,241,0,0,20
6585,1259,2,0,0,0,154,446,0,0,20
6588,713,9,44,55,0,206,207,0,0,20
6589,429,56,58,5,8,136,51,34,0,20
6590,660,0,0,54,0,220,141,20,0,20
6591,337,31,27,27,25,81,40,20,0,20
6592,257,26,41,62,0,39,0,20,0,20
6593,456,0,0,48,0,27,90,14,0,20
6594,129,8,0,14,5,14,43,2,0,20
6596,433,0,0,37,0,97,72,20,0,20
6597,939,0,0,0,0,0,0,0,0,20
6598,633,20,7,46,0,272,146,0,0,20
6603,140,40,31,46,20,28,40,37,0,20
6605,140,0,0,26,0,26,55,20,0,20
6606,269,0,0,28,0,94,129,0,0,20
6609,140,0,0,15,20,60,60,15,0,20
6612,422,0,0,11,6,88,20,20,0,20
6613,245,0,11,54,0,111,58,40,0,20
6615,293,0,0,15,0,0,43,66,0,20
6616,186,0,0,43,1,50,44,2,0,20
6617,398,4,100,109,0,0,0,0,0,20
6620,929,3,0,38,0,0,0,0,0,20
6624,498,0,0,35,0,210,182,4,0,20
6625,228,0,0,34,0,34,58,0,0,20
6629,129,0,0,42,4,61,25,0,4,20
6637,1022,0,0,0,0,0,0,0,0,20
6640,335,0,0,6,40,56,44,0,0,20
6641,101,0,0,5,0,8,20,20,13,20
6642,455,4,12,8,16,60,194,28,0,20
6643,281,14,80,4,0,68,61,0,0,20
6645,698,38,63,5,0,0,96,0,0,20
6649,372,0,0,0,0,28,40,29,0,20
6651,517,17,20,70,0,163,187,0,0,20
6654,241,0,16,13,16,66,82,33,0,20
6655,310,0,0,40,0,28,66,1,0,20
6657,451,0,0,10,0,140,0,0,0,20
6658,32,0,0,0,0,0,0,0,0,20
6661,623,0,0,46,0,241,204,0,0,20
6662,329,0,0,0,0,39,22,41,0,20
6664,228,0,0,32,0,20,58,0,0,20
6666,84,0,3,3,2,2,22,2,20,20
6667,314,4,1,15,40,73,40,0,0,20
6668,243,21,47,6,0,32,0,0,0,20
6669,272,44,240,47,32,204,106,0,0,20
6670,269,15,62,21,0,40,40,20,0,20
6671,88,0,0,50,0,7,8,0,0,20
6672,273,27,40,0,20,40,40,40,0,20
6674,280,0,0,25,0,1,20,0,0,20
6679,248,34,80,34,60,70,60,20,0,20
6680,556,0,0,29,0,99,0,60,0,20
6683,233,29,57,15,20,42,27,0,0,20
6684,665,6,28,9,0,251,126,0,0,20
6689,505,0,25,44,0,196,174,0,0,20
6690,348,0,6,33,0,44,28,4,0,20
6691,573,0,4,40,0,210,3,0,0,20
6692,585,0,0,27,0,0,252,0,0,20
6693,541,0,4,28,0,174,156,0,0,20
6695,442,14,19,74,0,154,113,0,0,20
6697,310,0,0,27,0,27,22,21,0,20
6698,246,13,10,9,0,51,47,20,0,20
6702,44,21,0,0,0,0,0,0,0,20
6703,369,0,0,29,0,88,0,0,0,20
6706,246,74,83,24,0,134,40,0,0,20
6708,275,4,12,17,0,78,102,0,0,20
6712,286,0,52,19,0,67,20,0,0,20
6715,216,11,37,22,0,86,59,0,0,20
6716,313,1,16,17,40,118,40,0,0,20
6719,127,28,117,62,0,114,100,0,0,20
6720,549,0,0,12,0,0,0,0,0,20
6721,551,0,0,28,0,0,174,0,0,20
6727,301,7,20,0,0,75,40,40,0,20
6728,422,0,0,31,0,142,69,0,0,20
6730,435,0,0,0,0,0,0,0,0,20
6732,205,9,173,0,0,160,20,0,0,20
6733,229,12,19,40,0,32,0,0,0,20
6735,352,0,0,18,0,169,259,0,0,20
6739,92,0,0,0,0,0,0,0,0,20
6741,20,0,20,0,5,12,0,0,20,20
6742,31,8,19,0,0,0,0,0,0,20
6743,176,11,57,0,0,84,29,0,0,20
6747,40,0,0,6,25,0,20,0,28,20
6751,268,0,0,12,0,23,0,0,0,20
6752,239,0,0,68,0,14,39,0,0,20
6753,115,0,0,2,0,59,55,0,0,20
6754,208,0,0,0,0,54,20,0,0,20
6756,207,23,56,6,0,142,42,20,0,20
6757,311,5,0,6,0,21,0,0,0,20
6761,339,0,18,42,0,132,34,0,0,20
6762,235,0,14,8,0,23,119,0,0,20
6763,235,0,73,17,0,167,0,0,0,20
6767,188,0,0,25,0,34,84,0,0,20
6768,40,0,0,0,0,0,0,0,20,20
6770,135,135,130,15,0,129,87,0,0,20
6771,249,0,0,2,0,0,0,0,0,20
6776,175,5,0,37,0,46,0,0,0,20
6781,40,0,40,20,20,0,0,0,20,20
6782,218,0,0,42,0,46,0,0,0,20
6785,252,0,0,0,0,0,85,0,0,20
6788,152,3,85,29,0,27,0,0,0,20
6789,121,16,107,15,0,59,62,0,0,20
6790,129,0,0,0,0,0,18,0,0,20
6791,156,0,0,0,0,31,66,0,0,20
6792,183,20,39,0,0,12,0,0,0,20
6794,180,2,0,23,0,0,0,0,0,20
6796,106,0,0,0,0,34,0,0,0,20
6799,166,9,69,40,0,141,94,0,0,20
6803,140,0,0,65,14,0,20,20,0,20
6804,238,0,0,0,0,12,62,0,0,20
6805,175,3,114,15,0,0,78,0,0,20
6806,20,11,15,0,0,20,0,0,0,20
6811,201,0,0,0,0,0,74,0,0,20
6821,119,0,0,5,0,0,0,0,0,20
6823,117,0,0,4,0,0,36,0,0,20
6829,40,0,0,0,0,0,0,0,0,20
6830,73,0,0,0,0,0,0,0,0,20
6831,68,0,0,0,0,0,0,0,0,20
6834,55,0,0,0,0,40,0,0,0,20
6835,63,0,0,0,0,0,0,0,0,20
6838,44,0,0,0,0,0,0,0,0,20
6841,48,0,0,0,0,0,0,0,0,20
6844,28,0,0,0,0,0,0,0,0,20
6859,16,0,0,0,0,0,0,0,0,20
6861,22,0,0,0,0,0,0,0,0,20
6865,2,0,0,0,0,0,0,0,0,20
6873,2,0,0,0,0,0,0,0,0,20
7402,293,0,0,17,0,126,102,27,0,20
7547,199,0,0,0,0,0,0,0,0,20
7556,225,0,0,0,0,8,20,0,0,20
7584,146,0,0,0,0,0,0,0,0,20
8011,60,31,20,16,5,32,40,7,0,20
8016,140,128,140,33,61,96,80,40,0,20
8021,160,69,41,40,28,20,40,40,0,20
8024,110,0,0,1,20,10,43,23,0,20
8027,120,31,53,19,54,61,60,20,0,20
8028,354,54,49,57,7,74,163,20,0,20
8032,232,7,0,39,0,64,101,5,0,20
8033,60,29,7,3,24,40,20,0,0,20
8034,56,28,28,17,20,37,2,2,0,20
8038,40,8,14,6,20,28,0,20,0,20
8039,140,90,80,33,10,22,43,20,0,20
8040,60,39,20,24,37,25,20,0,0,20
8042,160,32,20,46,1,5,39,0,0,20
8043,146,25,20,37,39,20,96,35,0,20
8044,104,57,104,27,0,13,40,0,0,20
8045,808,0,0,26,0,0,0,0,0,20
8046,140,97,80,24,80,44,80,0,0,20
8047,241,0,0,69,0,58,62,39,0,20
8048,140,0,0,32,21,12,80,20,0,20
8049,140,56,2,115,41,46,93,14,0,20
8050,180,43,40,79,18,43,69,9,0,20
8054,140,53,40,25,40,20,60,40,0,20
8059,60,0,0,4,0,39,0,0,0,20
8064,131,81,38,30,13,18,80,0,0,20
8066,150,6,30,11,20,20,20,0,0,20
8067,414,0,0,37,0,119,113,128,0,20
8068,58,0,0,14,0,7,22,20,0,20
8069,140,140,140,92,83,32,93,28,0,20
8070,233,68,117,88,36,84,84,50,0,20
8071,145,16,4,5,0,40,44,10,0,20
8072,164,2,0,50,0,26,80,20,0,20
8074,140,4,0,11,6,12,46,0,0,20
8076,140,61,60,14,0,52,78,50,0,20
8077,445,0,0,27,0,200,190,24,0,20
8080,131,0,0,12,0,68,75,31,0,20
8081,140,56,94,76,55,73,80,60,0,20
8083,140,0,0,34,0,34,0,20,0,20
8084,51,0,0,2,0,5,12,7,0,20
8085,24,0,0,0,20,0,24,0,0,20
8086,162,162,162,37,41,102,62,82,0,20
8087,488,0,0,18,0,10,259,215,0,20
8088,140,42,20,13,42,27,60,20,0,20
8089,377,13,4,26,0,148,143,20,0,20
8091,160,16,40,48,20,42,99,41,0,20
8092,20,7,0,15,4,12,0,0,0,20
8093,38,0,0,2,0,5,14,12,0,20
8096,100,38,10,20,0,18,33,20,0,20
8097,65,8,0,19,38,51,53,0,0,20
8099,160,19,0,45,55,14,45,40,0,20
8101,40,3,0,9,0,0,20,20,0,20
8103,140,45,41,39,14,60,49,29,0,20
8104,428,30,23,61,1,88,50,0,0,20
8105,100,89,41,47,20,35,40,20,0,20
8107,160,12,18,40,20,20,70,40,0,20
8109,160,0,0,40,24,39,80,40,0,20
8110,120,91,53,41,40,40,46,0,0,20
8111,80,50,33,47,25,40,20,0,0,20
8112,160,158,140,84,63,132,94,20,0,20
8114,165,9,33,28,0,91,60,56,0,20
8121,20,17,20,11,20,20,20,0,0,20
8131,140,15,11,51,20,0,20,40,0,20
8147,148,11,12,38,0,69,59,8,0,20
8150,142,134,120,49,20,20,100,91,0,20
8155,140,69,88,57,80,100,40,20,0,20
8163,140,118,108,69,56,32,95,15,0,20
8171,72,37,43,20,40,37,12,19,0,20
8176,120,0,0,4,0,16,20,0,0,20
8182,140,71,50,55,74,24,75,55,0,20
8183,120,93,84,44,60,52,60,20,0,20
8201,44,20,20,9,20,2,20,20,0,20
8210,140,21,44,8,60,70,20,20,0,20
8213,142,62,58,32,0,8,40,2,0,20
8215,120,106,84,22,21,12,40,0,0,20
8222,120,20,20,6,20,12,80,20,0,20
8227,69,49,55,0,0,32,59,0,0,20
8234,140,5,0,50,13,42,86,38,0,20
8240,100,0,0,9,20,20,55,15,0,20
8249,140,24,17,25,0,5,80,20,0,20
8255,180,53,103,29,46,40,60,40,0,20
8261,140,80,78,33,60,72,86,20,0,20
8266,32,0,0,12,0,0,0,0,0,20
8271,160,110,83,65,48,52,80,80,0,20
8277,20,8,0,0,5,8,0,20,0,20
8279,261,0,0,48,27,85,55,62,0,20
8284,986,0,0,11,0,302,577,24,0,20
8289,144,40,40,45,40,40,81,40,0,20
8291,678,0,0,32,0,150,81,210,0,20
8299,148,112,148,30,6,51,68,20,0,20
8341,140,1,86,6,48,44,40,0,0,20
8342,433,0,0,76,0,166,187,52,0,20
8349,144,1,22,1,10,20,42,1,0,20
8354,171,0,0,54,0,0,64,24,0,20
8358,120,112,102,13,79,80,80,47,0,20
8367,382,12,20,27,37,72,60,20,0,20
8374,120,3,0,38,37,28,60,60,0,20
8383,140,36,28,39,0,41,40,60,0,20
8390,140,22,14,57,14,21,41,20,0,20
8401,140,0,0,36,20,8,60,20,0,20
8403,160,19,20,24,20,36,27,0,0,20
8404,140,40,43,30,38,51,80,20,0,20
8406,150,26,99,20,1,51,30,0,0,20
8409,94,0,0,0,0,24,19,0,0,20
8410,157,6,0,43,24,61,103,41,0,20
8411,120,0,0,26,0,40,41,1,0,20
8415,232,48,40,31,40,60,80,0,0,20
8416,144,0,0,15,13,32,20,21,0,20
8418,72,0,0,18,0,11,8,12,0,20
8420,271,0,0,45,0,65,112,88,0,20
8421,116,11,0,14,19,20,69,1,0,20
8422,140,8,48,45,0,37,20,20,0,20
8423,513,0,0,87,0,81,188,112,0,20
8424,166,0,0,66,1,44,29,50,0,20
8426,144,0,0,0,20,51,33,32,0,20
8427,336,0,0,26,0,4,136,66,0,20
8429,120,23,20,15,0,20,20,17,0,20
8431,40,19,29,0,0,20,20,0,0,20
8432,141,6,19,30,9,5,57,41,0,20
8433,165,0,4,12,17,52,64,0,0,20
8435,154,0,0,51,0,29,60,63,0,20
8436,140,95,140,47,47,75,80,40,0,20
8437,140,0,0,32,35,80,40,20,0,20
8438,1431,0,0,0,0,464,502,0,0,20
8440,557,14,0,14,2,46,257,20,0,20
8442,105,0,0,35,0,23,62,2,21,20
8443,144,0,0,20,0,0,20,20,0,20
8444,150,0,0,49,9,53,82,0,0,20
8446,180,4,24,16,32,16,40,34,0,20
8450,106,11,29,26,21,0,41,40,0,20
8454,140,0,60,40,64,100,20,40,0,20
8455,320,0,0,27,20,69,89,34,20,20
8462,162,0,24,50,60,87,40,0,0,20
8463,140,10,19,28,40,40,20,0,4,20
8464,140,22,140,41,12,38,40,20,0,20
8466,127,0,0,10,0,56,20,20,20,20
8467,284,0,0,14,2,64,95,37,1,20
8472,189,0,0,27,0,4,40,26,0,20
8473,237,4,3,38,0,124,40,40,0,20
8476,281,0,0,42,0,114,74,2,0,20
8477,330,0,0,47,0,75,64,28,0,20
8478,492,20,38,23,20,191,209,0,0,20
8480,262,0,0,11,0,49,21,62,0,20
8481,316,0,0,22,0,38,20,20,0,20
8482,91,0,0,9,19,20,24,0,20,20
8487,1326,0,0,7,0,0,537,0,0,20
8488,229,0,0,18,0,59,77,5,0,20
8489,354,3,35,5,20,29,84,0,0,20
8497,123,0,0,26,1,23,1,1,2,20
8499,100,11,16,30,21,40,22,2,20,20
8905,156,15,0,17,21,61,60,33,0,20
8906,367,0,0,51,0,102,122,23,0,20
8908,454,0,0,131,1,140,139,154,0,20
8913,128,5,0,8,0,0,0,0,0,20
8916,140,10,5,28,20,40,58,19,0,20
8917,953,0,0,120,0,235,126,194,0,20
8921,1179,0,0,0,0,16,331,296,0,20
8923,861,0,0,179,0,192,419,138,0,20
8924,120,61,64,2,100,65,110,40,0,20
8926,140,49,32,36,20,40,40,0,0,20
8927,147,3,0,31,40,62,68,4,0,20
8928,140,4,0,28,21,91,80,20,0,20
8929,150,9,8,14,20,41,61,21,0,20
8930,120,0,0,4,24,24,60,40,0,20
8931,171,0,0,47,0,60,45,45,0,20
8932,166,0,0,21,0,28,44,20,0,20
8933,120,28,0,12,20,54,60,18,0,20
8934,567,0,0,10,0,0,0,0,0,20
8935,44,0,0,6,14,14,20,0,0,20
8936,140,51,22,15,0,32,60,20,0,20
8937,100,0,0,25,0,15,45,3,0,20
8938,140,25,20,20,82,44,80,0,0,20
8940,23,0,0,0,0,0,0,1,0,20
8941,313,0,0,28,0,17,103,37,0,20
8942,160,32,60,20,0,60,60,40,0,20
8996,140,34,39,36,40,35,65,0,0,20
9103,68,56,58,20,40,0,0,0,0,20
9105,260,211,29,35,40,22,0,0,0,20
9106,154,2,0,22,0,0,0,0,0,20
9110,134,0,0,8,0,0,0,0,0,20
9136,146,12,0,20,0,0,0,0,0,20
9157,73,16,0,17,0,0,0,0,0,20
9188,354,3,0,98,0,0,0,0,0,20
9802,200,55,106,25,61,83,108,8,0,20
9902,100,13,0,28,0,37,65,0,0,20
9904,140,140,140,7,0,0,60,20,0,20
9905,140,0,0,14,0,8,20,0,0,20
9906,60,0,0,20,12,28,20,0,0,20
9907,120,93,13,2,0,45,20,0,0,20
9908,140,0,0,36,0,0,52,12,0,20
9910,140,91,140,30,20,27,20,40,0,20
9911,160,44,36,68,60,32,60,24,0,20
9912,24,0,0,9,0,12,2,0,0,20
9914,140,60,140,57,33,20,40,40,0,20
9917,140,0,0,46,0,0,20,0,0,20
9918,495,1,0,134,0,70,137,139,0,20
9919,140,58,60,12,20,40,60,0,0,20
9921,140,49,140,36,25,20,37,23,0,20
9924,140,20,15,6,39,36,20,40,0,20
9925,140,0,0,67,0,0,37,0,0,20
9926,396,0,0,137,0,70,92,58,0,20
9927,159,13,19,48,0,31,54,28,0,20
9928,386,3,0,36,0,24,208,54,0,20
9929,155,0,0,19,1,8,73,15,0,20
9930,140,0,0,7,0,20,0,52,0,20
9931,602,0,0,164,0,79,179,80,0,20
9933,140,91,78,53,0,24,40,24,0,20
9934,140,54,20,27,20,0,60,20,0,20
9935,100,34,25,29,27,30,11,0,0,20
9937,191,11,22,93,0,50,62,35,0,20
9938,140,118,137,42,44,38,40,40,0,20
9939,140,66,62,3,0,20,40,0,0,20
9940,140,16,8,14,2,68,80,20,0,20
9941,140,34,84,73,52,20,40,60,0,20
9942,140,0,20,55,0,40,40,40,0,20
9943,142,8,1,52,1,0,20,3,0,20
9944,100,5,12,20,0,20,0,0,0,20
9945,180,180,180,73,67,108,150,20,0,20
9946,140,19,5,40,37,88,97,53,0,20
9949,66,0,0,22,0,1,14,4,0,20
9950,217,0,0,16,0,45,14,21,0,20
9951,140,20,59,31,12,29,42,4,0,20
9955,20,0,0,0,0,0,0,0,0,20
9958,140,98,100,40,23,85,80,41,0,20
9960,278,0,0,17,7,126,78,25,0,20
9962,110,21,0,20,20,50,42,0,0,20
