scope,year,date,stock_id,sample_seed,decision_point,availability_status,violation,evidence_summary
market_context,2016,2016-03-08,MARKET_CONTEXT,20260930,AFTER_SESSION_CLOSE,UNKNOWN,False,TaiwanStockTotalReturnIndex has date/value but no retained actual available_at timestamp.
market_context,2016,2016-03-24,MARKET_CONTEXT,20260930,AFTER_SESSION_CLOSE,UNKNOWN,False,TaiwanStockTotalReturnIndex has date/value but no retained actual available_at timestamp.
market_context,2016,2016-04-26,MARKET_CONTEXT,20260930,AFTER_SESSION_CLOSE,UNKNOWN,False,TaiwanStockTotalReturnIndex has date/value but no retained actual available_at timestamp.
market_context,2016,2016-06-06,MARKET_CONTEXT,20260930,AFTER_SESSION_CLOSE,UNKNOWN,False,TaiwanStockTotalReturnIndex has date/value but no retained actual available_at timestamp.
market_context,2016,2016-07-20,MARKET_CONTEXT,20260930,AFTER_SESSION_CLOSE,UNKNOWN,False,TaiwanStockTotalReturnIndex has date/value but no retained actual available_at timestamp.
market_context,2016,2016-07-26,MARKET_CONTEXT,20260930,AFTER_SESSION_CLOSE,UNKNOWN,False,TaiwanStockTotalReturnIndex has date/value but no retained actual available_at timestamp.
market_context,2016,2016-08-22,MARKET_CONTEXT,20260930,AFTER_SESSION_CLOSE,UNKNOWN,False,TaiwanStockTotalReturnIndex has date/value but no retained actual available_at timestamp.
market_context,2016,2016-09-06,MARKET_CONTEXT,20260930,AFTER_SESSION_CLOSE,UNKNOWN,False,TaiwanStockTotalReturnIndex has date/value but no retained actual available_at timestamp.
market_context,2016,2016-10-31,MARKET_CONTEXT,20260930,AFTER_SESSION_CLOSE,UNKNOWN,False,TaiwanStockTotalReturnIndex has date/value but no retained actual available_at timestamp.
market_context,2016,2016-11-16,MARKET_CONTEXT,20260930,AFTER_SESSION_CLOSE,UNKNOWN,False,TaiwanStockTotalReturnIndex has date/value but no retained actual available_at timestamp.
market_context,2016,2016-11-18,MARKET_CONTEXT,20260930,AFTER_SESSION_CLOSE,UNKNOWN,False,TaiwanStockTotalReturnIndex has date/value but no retained actual available_at timestamp.
market_context,2016,2016-12-28,MARKET_CONTEXT,20260930,AFTER_SESSION_CLOSE,UNKNOWN,False,TaiwanStockTotalReturnIndex has date/value but no retained actual available_at timestamp.
stock_features,2016,2016-01-04,3035,20260930,AFTER_SESSION_CLOSE,UNKNOWN,False,Common stock feature inputs include adjusted EOD/tradability; source schemas do not retain actual provider available_at timestamps.
stock_features,2016,2016-01-07,3454,20260930,AFTER_SESSION_CLOSE,UNKNOWN,False,Common stock feature inputs include adjusted EOD/tradability; source schemas do not retain actual provider available_at timestamps.
stock_features,2016,2016-01-07,6451,20260930,AFTER_SESSION_CLOSE,UNKNOWN,False,Common stock feature inputs include adjusted EOD/tradability; source schemas do not retain actual provider available_at timestamps.
stock_features,2016,2016-01-08,4116,20260930,AFTER_SESSION_CLOSE,UNKNOWN,False,Common stock feature inputs include adjusted EOD/tradability; source schemas do not retain actual provider available_at timestamps.
stock_features,2016,2016-01-11,1477,20260930,AFTER_SESSION_CLOSE,UNKNOWN,False,Common stock feature inputs include adjusted EOD/tradability; source schemas do not retain actual provider available_at timestamps.
stock_features,2016,2016-01-13,2542,20260930,AFTER_SESSION_CLOSE,UNKNOWN,False,Common stock feature inputs include adjusted EOD/tradability; source schemas do not retain actual provider available_at timestamps.
stock_features,2016,2016-01-13,2847,20260930,AFTER_SESSION_CLOSE,UNKNOWN,False,Common stock feature inputs include adjusted EOD/tradability; source schemas do not retain actual provider available_at timestamps.
stock_features,2016,2016-01-13,4971,20260930,AFTER_SESSION_CLOSE,UNKNOWN,False,Common stock feature inputs include adjusted EOD/tradability; source schemas do not retain actual provider available_at timestamps.
stock_features,2016,2016-01-14,2383,20260930,AFTER_SESSION_CLOSE,UNKNOWN,False,Common stock feature inputs include adjusted EOD/tradability; source schemas do not retain actual provider available_at timestamps.
stock_features,2016,2016-01-14,2498,20260930,AFTER_SESSION_CLOSE,UNKNOWN,False,Common stock feature inputs include adjusted EOD/tradability; source schemas do not retain actual provider available_at timestamps.
stock_features,2016,2016-01-18,3474,20260930,AFTER_SESSION_CLOSE,UNKNOWN,False,Common stock feature inputs include adjusted EOD/tradability; source schemas do not retain actual provider available_at timestamps.
stock_features,2016,2016-01-18,4162,20260930,AFTER_SESSION_CLOSE,UNKNOWN,False,Common stock feature inputs include adjusted EOD/tradability; source schemas do not retain actual provider available_at timestamps.
stock_features,2016,2016-01-19,3035,20260930,AFTER_SESSION_CLOSE,UNKNOWN,False,Common stock feature inputs include adjusted EOD/tradability; source schemas do not retain actual provider available_at timestamps.
stock_features,2016,2016-01-19,3376,20260930,AFTER_SESSION_CLOSE,UNKNOWN,False,Common stock feature inputs include adjusted EOD/tradability; source schemas do not retain actual provider available_at timestamps.
stock_features,2016,2016-01-20,3450,20260930,AFTER_SESSION_CLOSE,UNKNOWN,False,Common stock feature inputs include adjusted EOD/tradability; source schemas do not retain actual provider available_at timestamps.
stock_features,2016,2016-01-20,5288,20260930,AFTER_SESSION_CLOSE,UNKNOWN,False,Common stock feature inputs include adjusted EOD/tradability; source schemas do not retain actual provider available_at timestamps.
stock_features,2016,2016-01-25,6180,20260930,AFTER_SESSION_CLOSE,UNKNOWN,False,Common stock feature inputs include adjusted EOD/tradability; source schemas do not retain actual provider available_at timestamps.
stock_features,2016,2016-01-27,2498,20260930,AFTER_SESSION_CLOSE,UNKNOWN,False,Common stock feature inputs include adjusted EOD/tradability; source schemas do not retain actual provider available_at timestamps.
stock_features,2016,2016-01-27,2618,20260930,AFTER_SESSION_CLOSE,UNKNOWN,False,Common stock feature inputs include adjusted EOD/tradability; source schemas do not retain actual provider available_at timestamps.
stock_features,2016,2016-01-27,5284,20260930,AFTER_SESSION_CLOSE,UNKNOWN,False,Common stock feature inputs include adjusted EOD/tradability; source schemas do not retain actual provider available_at timestamps.
stock_features,2016,2016-01-29,2484,20260930,AFTER_SESSION_CLOSE,UNKNOWN,False,Common stock feature inputs include adjusted EOD/tradability; source schemas do not retain actual provider available_at timestamps.
stock_features,2016,2016-01-30,2886,20260930,AFTER_SESSION_CLOSE,UNKNOWN,False,Common stock feature inputs include adjusted EOD/tradability; source schemas do not retain actual provider available_at timestamps.
stock_features,2016,2016-02-01,3176,20260930,AFTER_SESSION_CLOSE,UNKNOWN,False,Common stock feature inputs include adjusted EOD/tradability; source schemas do not retain actual provider available_at timestamps.
stock_features,2016,2016-02-01,4426,20260930,AFTER_SESSION_CLOSE,UNKNOWN,False,Common stock feature inputs include adjusted EOD/tradability; source schemas do not retain actual provider available_at timestamps.
stock_features,2016,2016-02-17,2498,20260930,AFTER_SESSION_CLOSE,UNKNOWN,False,Common stock feature inputs include adjusted EOD/tradability; source schemas do not retain actual provider available_at timestamps.
stock_features,2016,2016-02-17,6166,20260930,AFTER_SESSION_CLOSE,UNKNOWN,False,Common stock feature inputs include adjusted EOD/tradability; source schemas do not retain actual provider available_at timestamps.
stock_features,2016,2016-02-18,3698,20260930,AFTER_SESSION_CLOSE,UNKNOWN,False,Common stock feature inputs include adjusted EOD/tradability; source schemas do not retain actual provider available_at timestamps.
stock_features,2016,2016-02-23,2239,20260930,AFTER_SESSION_CLOSE,UNKNOWN,False,Common stock feature inputs include adjusted EOD/tradability; source schemas do not retain actual provider available_at timestamps.
stock_features,2016,2016-02-23,2449,20260930,AFTER_SESSION_CLOSE,UNKNOWN,False,Common stock feature inputs include adjusted EOD/tradability; source schemas do not retain actual provider available_at timestamps.
stock_features,2016,2016-02-24,1310,20260930,AFTER_SESSION_CLOSE,UNKNOWN,False,Common stock feature inputs include adjusted EOD/tradability; source schemas do not retain actual provider available_at timestamps.
stock_features,2016,2016-02-25,1301,20260930,AFTER_SESSION_CLOSE,UNKNOWN,False,Common stock feature inputs include adjusted EOD/tradability; source schemas do not retain actual provider available_at timestamps.
stock_features,2016,2016-03-01,6285,20260930,AFTER_SESSION_CLOSE,UNKNOWN,False,Common stock feature inputs include adjusted EOD/tradability; source schemas do not retain actual provider available_at timestamps.
stock_features,2016,2016-03-02,9921,20260930,AFTER_SESSION_CLOSE,UNKNOWN,False,Common stock feature inputs include adjusted EOD/tradability; source schemas do not retain actual provider available_at timestamps.
stock_features,2016,2016-03-03,8406,20260930,AFTER_SESSION_CLOSE,UNKNOWN,False,Common stock feature inputs include adjusted EOD/tradability; source schemas do not retain actual provider available_at timestamps.
stock_features,2016,2016-03-03,8996,20260930,AFTER_SESSION_CLOSE,UNKNOWN,False,Common stock feature inputs include adjusted EOD/tradability; source schemas do not retain actual provider available_at timestamps.
stock_features,2016,2016-03-07,9939,20260930,AFTER_SESSION_CLOSE,UNKNOWN,False,Common stock feature inputs include adjusted EOD/tradability; source schemas do not retain actual provider available_at timestamps.
stock_features,2016,2016-03-10,1477,20260930,AFTER_SESSION_CLOSE,UNKNOWN,False,Common stock feature inputs include adjusted EOD/tradability; source schemas do not retain actual provider available_at timestamps.
stock_features,2016,2016-03-10,2886,20260930,AFTER_SESSION_CLOSE,UNKNOWN,False,Common stock feature inputs include adjusted EOD/tradability; source schemas do not retain actual provider available_at timestamps.
stock_features,2016,2016-03-16,3413,20260930,AFTER_SESSION_CLOSE,UNKNOWN,False,Common stock feature inputs include adjusted EOD/tradability; source schemas do not retain actual provider available_at timestamps.
stock_features,2016,2016-03-18,1464,20260930,AFTER_SESSION_CLOSE,UNKNOWN,False,Common stock feature inputs include adjusted EOD/tradability; source schemas do not retain actual provider available_at timestamps.
stock_features,2016,2016-03-24,4966,20260930,AFTER_SESSION_CLOSE,UNKNOWN,False,Common stock feature inputs include adjusted EOD/tradability; source schemas do not retain actual provider available_at timestamps.
stock_features,2016,2016-03-29,3221,20260930,AFTER_SESSION_CLOSE,UNKNOWN,False,Common stock feature inputs include adjusted EOD/tradability; source schemas do not retain actual provider available_at timestamps.
stock_features,2016,2016-03-29,3514,20260930,AFTER_SESSION_CLOSE,UNKNOWN,False,Common stock feature inputs include adjusted EOD/tradability; source schemas do not retain actual provider available_at timestamps.
stock_features,2016,2016-03-29,3519,20260930,AFTER_SESSION_CLOSE,UNKNOWN,False,Common stock feature inputs include adjusted EOD/tradability; source schemas do not retain actual provider available_at timestamps.
stock_features,2016,2016-04-01,2474,20260930,AFTER_SESSION_CLOSE,UNKNOWN,False,Common stock feature inputs include adjusted EOD/tradability; source schemas do not retain actual provider available_at timestamps.
stock_features,2016,2016-04-06,3030,20260930,AFTER_SESSION_CLOSE,UNKNOWN,False,Common stock feature inputs include adjusted EOD/tradability; source schemas do not retain actual provider available_at timestamps.
stock_features,2016,2016-04-08,1303,20260930,AFTER_SESSION_CLOSE,UNKNOWN,False,Common stock feature inputs include adjusted EOD/tradability; source schemas do not retain actual provider available_at timestamps.
stock_features,2016,2016-04-11,4971,20260930,AFTER_SESSION_CLOSE,UNKNOWN,False,Common stock feature inputs include adjusted EOD/tradability; source schemas do not retain actual provider available_at timestamps.
stock_features,2016,2016-04-14,2356,20260930,AFTER_SESSION_CLOSE,UNKNOWN,False,Common stock feature inputs include adjusted EOD/tradability; source schemas do not retain actual provider available_at timestamps.
stock_features,2016,2016-04-14,6505,20260930,AFTER_SESSION_CLOSE,UNKNOWN,False,Common stock feature inputs include adjusted EOD/tradability; source schemas do not retain actual provider available_at timestamps.
stock_features,2016,2016-04-14,8076,20260930,AFTER_SESSION_CLOSE,UNKNOWN,False,Common stock feature inputs include adjusted EOD/tradability; source schemas do not retain actual provider available_at timestamps.
stock_features,2016,2016-04-15,5347,20260930,AFTER_SESSION_CLOSE,UNKNOWN,False,Common stock feature inputs include adjusted EOD/tradability; source schemas do not retain actual provider available_at timestamps.
stock_features,2016,2016-04-18,4161,20260930,AFTER_SESSION_CLOSE,UNKNOWN,False,Common stock feature inputs include adjusted EOD/tradability; source schemas do not retain actual provider available_at timestamps.
stock_features,2016,2016-04-28,5388,20260930,AFTER_SESSION_CLOSE,UNKNOWN,False,Common stock feature inputs include adjusted EOD/tradability; source schemas do not retain actual provider available_at timestamps.
stock_features,2016,2016-05-03,9939,20260930,AFTER_SESSION_CLOSE,UNKNOWN,False,Common stock feature inputs include adjusted EOD/tradability; source schemas do not retain actual provider available_at timestamps.
stock_features,2016,2016-05-04,2106,20260930,AFTER_SESSION_CLOSE,UNKNOWN,False,Common stock feature inputs include adjusted EOD/tradability; source schemas do not retain actual provider available_at timestamps.
stock_features,2016,2016-05-04,8210,20260930,AFTER_SESSION_CLOSE,UNKNOWN,False,Common stock feature inputs include adjusted EOD/tradability; source schemas do not retain actual provider available_at timestamps.
stock_features,2016,2016-05-09,6274,20260930,AFTER_SESSION_CLOSE,UNKNOWN,False,Common stock feature inputs include adjusted EOD/tradability; source schemas do not retain actual provider available_at timestamps.
stock_features,2016,2016-05-10,3479,20260930,AFTER_SESSION_CLOSE,UNKNOWN,False,Common stock feature inputs include adjusted EOD/tradability; source schemas do not retain actual provider available_at timestamps.
stock_features,2016,2016-05-12,3289,20260930,AFTER_SESSION_CLOSE,UNKNOWN,False,Common stock feature inputs include adjusted EOD/tradability; source schemas do not retain actual provider available_at timestamps.
stock_features,2016,2016-05-13,2439,20260930,AFTER_SESSION_CLOSE,UNKNOWN,False,Common stock feature inputs include adjusted EOD/tradability; source schemas do not retain actual provider available_at timestamps.
stock_features,2016,2016-05-13,2548,20260930,AFTER_SESSION_CLOSE,UNKNOWN,False,Common stock feature inputs include adjusted EOD/tradability; source schemas do not retain actual provider available_at timestamps.
stock_features,2016,2016-05-16,2347,20260930,AFTER_SESSION_CLOSE,UNKNOWN,False,Common stock feature inputs include adjusted EOD/tradability; source schemas do not retain actual provider available_at timestamps.
stock_features,2016,2016-05-17,5871,20260930,AFTER_SESSION_CLOSE,UNKNOWN,False,Common stock feature inputs include adjusted EOD/tradability; source schemas do not retain actual provider available_at timestamps.
stock_features,2016,2016-05-18,1592,20260930,AFTER_SESSION_CLOSE,UNKNOWN,False,Common stock feature inputs include adjusted EOD/tradability; source schemas do not retain actual provider available_at timestamps.
stock_features,2016,2016-05-23,2106,20260930,AFTER_SESSION_CLOSE,UNKNOWN,False,Common stock feature inputs include adjusted EOD/tradability; source schemas do not retain actual provider available_at timestamps.
stock_features,2016,2016-05-23,2377,20260930,AFTER_SESSION_CLOSE,UNKNOWN,False,Common stock feature inputs include adjusted EOD/tradability; source schemas do not retain actual provider available_at timestamps.
stock_features,2016,2016-05-23,6160,20260930,AFTER_SESSION_CLOSE,UNKNOWN,False,Common stock feature inputs include adjusted EOD/tradability; source schemas do not retain actual provider available_at timestamps.
stock_features,2016,2016-05-25,3008,20260930,AFTER_SESSION_CLOSE,UNKNOWN,False,Common stock feature inputs include adjusted EOD/tradability; source schemas do not retain actual provider available_at timestamps.
stock_features,2016,2016-05-25,8069,20260930,AFTER_SESSION_CLOSE,UNKNOWN,False,Common stock feature inputs include adjusted EOD/tradability; source schemas do not retain actual provider available_at timestamps.
stock_features,2016,2016-05-27,5264,20260930,AFTER_SESSION_CLOSE,UNKNOWN,False,Common stock feature inputs include adjusted EOD/tradability; source schemas do not retain actual provider available_at timestamps.
stock_features,2016,2016-05-27,8086,20260930,AFTER_SESSION_CLOSE,UNKNOWN,False,Common stock feature inputs include adjusted EOD/tradability; source schemas do not retain actual provider available_at timestamps.
stock_features,2016,2016-05-31,1476,20260930,AFTER_SESSION_CLOSE,UNKNOWN,False,Common stock feature inputs include adjusted EOD/tradability; source schemas do not retain actual provider available_at timestamps.
stock_features,2016,2016-06-03,1536,20260930,AFTER_SESSION_CLOSE,UNKNOWN,False,Common stock feature inputs include adjusted EOD/tradability; source schemas do not retain actual provider available_at timestamps.
stock_features,2016,2016-06-04,3546,20260930,AFTER_SESSION_CLOSE,UNKNOWN,False,Common stock feature inputs include adjusted EOD/tradability; source schemas do not retain actual provider available_at timestamps.
stock_features,2016,2016-06-04,4107,20260930,AFTER_SESSION_CLOSE,UNKNOWN,False,Common stock feature inputs include adjusted EOD/tradability; source schemas do not retain actual provider available_at timestamps.
stock_features,2016,2016-06-13,8406,20260930,AFTER_SESSION_CLOSE,UNKNOWN,False,Common stock feature inputs include adjusted EOD/tradability; source schemas do not retain actual provider available_at timestamps.
stock_features,2016,2016-06-15,6269,20260930,AFTER_SESSION_CLOSE,UNKNOWN,False,Common stock feature inputs include adjusted EOD/tradability; source schemas do not retain actual provider available_at timestamps.
stock_features,2016,2016-06-20,2448,20260930,AFTER_SESSION_CLOSE,UNKNOWN,False,Common stock feature inputs include adjusted EOD/tradability; source schemas do not retain actual provider available_at timestamps.
stock_features,2016,2016-06-21,2231,20260930,AFTER_SESSION_CLOSE,UNKNOWN,False,Common stock feature inputs include adjusted EOD/tradability; source schemas do not retain actual provider available_at timestamps.
stock_features,2016,2016-06-24,2354,20260930,AFTER_SESSION_CLOSE,UNKNOWN,False,Common stock feature inputs include adjusted EOD/tradability; source schemas do not retain actual provider available_at timestamps.
stock_features,2016,2016-06-28,2383,20260930,AFTER_SESSION_CLOSE,UNKNOWN,False,Common stock feature inputs include adjusted EOD/tradability; source schemas do not retain actual provider available_at timestamps.
stock_features,2016,2016-07-06,1707,20260930,AFTER_SESSION_CLOSE,UNKNOWN,False,Common stock feature inputs include adjusted EOD/tradability; source schemas do not retain actual provider available_at timestamps.
stock_features,2016,2016-07-06,2448,20260930,AFTER_SESSION_CLOSE,UNKNOWN,False,Common stock feature inputs include adjusted EOD/tradability; source schemas do not retain actual provider available_at timestamps.
stock_features,2016,2016-07-07,1707,20260930,AFTER_SESSION_CLOSE,UNKNOWN,False,Common stock feature inputs include adjusted EOD/tradability; source schemas do not retain actual provider available_at timestamps.
stock_features,2016,2016-07-07,3376,20260930,AFTER_SESSION_CLOSE,UNKNOWN,False,Common stock feature inputs include adjusted EOD/tradability; source schemas do not retain actual provider available_at timestamps.
stock_features,2016,2016-07-07,3548,20260930,AFTER_SESSION_CLOSE,UNKNOWN,False,Common stock feature inputs include adjusted EOD/tradability; source schemas do not retain actual provider available_at timestamps.
stock_features,2016,2016-07-11,2449,20260930,AFTER_SESSION_CLOSE,UNKNOWN,False,Common stock feature inputs include adjusted EOD/tradability; source schemas do not retain actual provider available_at timestamps.
stock_features,2016,2016-07-12,3535,20260930,AFTER_SESSION_CLOSE,UNKNOWN,False,Common stock feature inputs include adjusted EOD/tradability; source schemas do not retain actual provider available_at timestamps.
stock_features,2016,2016-07-12,4919,20260930,AFTER_SESSION_CLOSE,UNKNOWN,False,Common stock feature inputs include adjusted EOD/tradability; source schemas do not retain actual provider available_at timestamps.
stock_features,2016,2016-07-13,2379,20260930,AFTER_SESSION_CLOSE,UNKNOWN,False,Common stock feature inputs include adjusted EOD/tradability; source schemas do not retain actual provider available_at timestamps.
stock_features,2016,2016-07-20,5264,20260930,AFTER_SESSION_CLOSE,UNKNOWN,False,Common stock feature inputs include adjusted EOD/tradability; source schemas do not retain actual provider available_at timestamps.
stock_features,2016,2016-07-22,3141,20260930,AFTER_SESSION_CLOSE,UNKNOWN,False,Common stock feature inputs include adjusted EOD/tradability; source schemas do not retain actual provider available_at timestamps.
stock_features,2016,2016-07-28,2912,20260930,AFTER_SESSION_CLOSE,UNKNOWN,False,Common stock feature inputs include adjusted EOD/tradability; source schemas do not retain actual provider available_at timestamps.
stock_features,2016,2016-07-29,3042,20260930,AFTER_SESSION_CLOSE,UNKNOWN,False,Common stock feature inputs include adjusted EOD/tradability; source schemas do not retain actual provider available_at timestamps.
stock_features,2016,2016-08-01,3017,20260930,AFTER_SESSION_CLOSE,UNKNOWN,False,Common stock feature inputs include adjusted EOD/tradability; source schemas do not retain actual provider available_at timestamps.
stock_features,2016,2016-08-02,3231,20260930,AFTER_SESSION_CLOSE,UNKNOWN,False,Common stock feature inputs include adjusted EOD/tradability; source schemas do not retain actual provider available_at timestamps.
stock_features,2016,2016-08-02,4129,20260930,AFTER_SESSION_CLOSE,UNKNOWN,False,Common stock feature inputs include adjusted EOD/tradability; source schemas do not retain actual provider available_at timestamps.
stock_features,2016,2016-08-03,2412,20260930,AFTER_SESSION_CLOSE,UNKNOWN,False,Common stock feature inputs include adjusted EOD/tradability; source schemas do not retain actual provider available_at timestamps.
stock_features,2016,2016-08-03,3666,20260930,AFTER_SESSION_CLOSE,UNKNOWN,False,Common stock feature inputs include adjusted EOD/tradability; source schemas do not retain actual provider available_at timestamps.
stock_features,2016,2016-08-03,4746,20260930,AFTER_SESSION_CLOSE,UNKNOWN,False,Common stock feature inputs include adjusted EOD/tradability; source schemas do not retain actual provider available_at timestamps.
stock_features,2016,2016-08-03,8436,20260930,AFTER_SESSION_CLOSE,UNKNOWN,False,Common stock feature inputs include adjusted EOD/tradability; source schemas do not retain actual provider available_at timestamps.
stock_features,2016,2016-08-04,2485,20260930,AFTER_SESSION_CLOSE,UNKNOWN,False,Common stock feature inputs include adjusted EOD/tradability; source schemas do not retain actual provider available_at timestamps.
stock_features,2016,2016-08-04,3541,20260930,AFTER_SESSION_CLOSE,UNKNOWN,False,Common stock feature inputs include adjusted EOD/tradability; source schemas do not retain actual provider available_at timestamps.
stock_features,2016,2016-08-04,6285,20260930,AFTER_SESSION_CLOSE,UNKNOWN,False,Common stock feature inputs include adjusted EOD/tradability; source schemas do not retain actual provider available_at timestamps.
stock_features,2016,2016-08-09,2206,20260930,AFTER_SESSION_CLOSE,UNKNOWN,False,Common stock feature inputs include adjusted EOD/tradability; source schemas do not retain actual provider available_at timestamps.
stock_features,2016,2016-08-10,6104,20260930,AFTER_SESSION_CLOSE,UNKNOWN,False,Common stock feature inputs include adjusted EOD/tradability; source schemas do not retain actual provider available_at timestamps.
stock_features,2016,2016-08-11,1590,20260930,AFTER_SESSION_CLOSE,UNKNOWN,False,Common stock feature inputs include adjusted EOD/tradability; source schemas do not retain actual provider available_at timestamps.
stock_features,2016,2016-08-11,3552,20260930,AFTER_SESSION_CLOSE,UNKNOWN,False,Common stock feature inputs include adjusted EOD/tradability; source schemas do not retain actual provider available_at timestamps.
stock_features,2016,2016-08-11,8044,20260930,AFTER_SESSION_CLOSE,UNKNOWN,False,Common stock feature inputs include adjusted EOD/tradability; source schemas do not retain actual provider available_at timestamps.
stock_features,2016,2016-08-12,2929,20260930,AFTER_SESSION_CLOSE,UNKNOWN,False,Common stock feature inputs include adjusted EOD/tradability; source schemas do not retain actual provider available_at timestamps.
stock_features,2016,2016-08-12,8016,20260930,AFTER_SESSION_CLOSE,UNKNOWN,False,Common stock feature inputs include adjusted EOD/tradability; source schemas do not retain actual provider available_at timestamps.
stock_features,2016,2016-08-16,6245,20260930,AFTER_SESSION_CLOSE,UNKNOWN,False,Common stock feature inputs include adjusted EOD/tradability; source schemas do not retain actual provider available_at timestamps.
stock_features,2016,2016-08-17,6147,20260930,AFTER_SESSION_CLOSE,UNKNOWN,False,Common stock feature inputs include adjusted EOD/tradability; source schemas do not retain actual provider available_at timestamps.
stock_features,2016,2016-08-19,8044,20260930,AFTER_SESSION_CLOSE,UNKNOWN,False,Common stock feature inputs include adjusted EOD/tradability; source schemas do not retain actual provider available_at timestamps.
stock_features,2016,2016-08-29,5269,20260930,AFTER_SESSION_CLOSE,UNKNOWN,False,Common stock feature inputs include adjusted EOD/tradability; source schemas do not retain actual provider available_at timestamps.
stock_features,2016,2016-09-02,6235,20260930,AFTER_SESSION_CLOSE,UNKNOWN,False,Common stock feature inputs include adjusted EOD/tradability; source schemas do not retain actual provider available_at timestamps.
stock_features,2016,2016-09-06,6274,20260930,AFTER_SESSION_CLOSE,UNKNOWN,False,Common stock feature inputs include adjusted EOD/tradability; source schemas do not retain actual provider available_at timestamps.
stock_features,2016,2016-09-07,5443,20260930,AFTER_SESSION_CLOSE,UNKNOWN,False,Common stock feature inputs include adjusted EOD/tradability; source schemas do not retain actual provider available_at timestamps.
stock_features,2016,2016-09-09,2377,20260930,AFTER_SESSION_CLOSE,UNKNOWN,False,Common stock feature inputs include adjusted EOD/tradability; source schemas do not retain actual provider available_at timestamps.
stock_features,2016,2016-09-09,6462,20260930,AFTER_SESSION_CLOSE,UNKNOWN,False,Common stock feature inputs include adjusted EOD/tradability; source schemas do not retain actual provider available_at timestamps.
stock_features,2016,2016-09-10,4904,20260930,AFTER_SESSION_CLOSE,UNKNOWN,False,Common stock feature inputs include adjusted EOD/tradability; source schemas do not retain actual provider available_at timestamps.
stock_features,2016,2016-09-14,3484,20260930,AFTER_SESSION_CLOSE,UNKNOWN,False,Common stock feature inputs include adjusted EOD/tradability; source schemas do not retain actual provider available_at timestamps.
stock_features,2016,2016-09-20,6176,20260930,AFTER_SESSION_CLOSE,UNKNOWN,False,Common stock feature inputs include adjusted EOD/tradability; source schemas do not retain actual provider available_at timestamps.
stock_features,2016,2016-09-22,5871,20260930,AFTER_SESSION_CLOSE,UNKNOWN,False,Common stock feature inputs include adjusted EOD/tradability; source schemas do not retain actual provider available_at timestamps.
stock_features,2016,2016-09-26,3023,20260930,AFTER_SESSION_CLOSE,UNKNOWN,False,Common stock feature inputs include adjusted EOD/tradability; source schemas do not retain actual provider available_at timestamps.
stock_features,2016,2016-09-29,2723,20260930,AFTER_SESSION_CLOSE,UNKNOWN,False,Common stock feature inputs include adjusted EOD/tradability; source schemas do not retain actual provider available_at timestamps.
stock_features,2016,2016-09-30,2485,20260930,AFTER_SESSION_CLOSE,UNKNOWN,False,Common stock feature inputs include adjusted EOD/tradability; source schemas do not retain actual provider available_at timestamps.
stock_features,2016,2016-09-30,9921,20260930,AFTER_SESSION_CLOSE,UNKNOWN,False,Common stock feature inputs include adjusted EOD/tradability; source schemas do not retain actual provider available_at timestamps.
stock_features,2016,2016-10-04,6239,20260930,AFTER_SESSION_CLOSE,UNKNOWN,False,Common stock feature inputs include adjusted EOD/tradability; source schemas do not retain actual provider available_at timestamps.
stock_features,2016,2016-10-07,2313,20260930,AFTER_SESSION_CLOSE,UNKNOWN,False,Common stock feature inputs include adjusted EOD/tradability; source schemas do not retain actual provider available_at timestamps.
stock_features,2016,2016-10-07,3293,20260930,AFTER_SESSION_CLOSE,UNKNOWN,False,Common stock feature inputs include adjusted EOD/tradability; source schemas do not retain actual provider available_at timestamps.
stock_features,2016,2016-10-11,1402,20260930,AFTER_SESSION_CLOSE,UNKNOWN,False,Common stock feature inputs include adjusted EOD/tradability; source schemas do not retain actual provider available_at timestamps.
stock_features,2016,2016-10-11,2881,20260930,AFTER_SESSION_CLOSE,UNKNOWN,False,Common stock feature inputs include adjusted EOD/tradability; source schemas do not retain actual provider available_at timestamps.
stock_features,2016,2016-10-11,2882,20260930,AFTER_SESSION_CLOSE,UNKNOWN,False,Common stock feature inputs include adjusted EOD/tradability; source schemas do not retain actual provider available_at timestamps.
stock_features,2016,2016-10-11,3577,20260930,AFTER_SESSION_CLOSE,UNKNOWN,False,Common stock feature inputs include adjusted EOD/tradability; source schemas do not retain actual provider available_at timestamps.
stock_features,2016,2016-10-13,4979,20260930,AFTER_SESSION_CLOSE,UNKNOWN,False,Common stock feature inputs include adjusted EOD/tradability; source schemas do not retain actual provider available_at timestamps.
stock_features,2016,2016-10-14,2882,20260930,AFTER_SESSION_CLOSE,UNKNOWN,False,Common stock feature inputs include adjusted EOD/tradability; source schemas do not retain actual provider available_at timestamps.
stock_features,2016,2016-10-17,5245,20260930,AFTER_SESSION_CLOSE,UNKNOWN,False,Common stock feature inputs include adjusted EOD/tradability; source schemas do not retain actual provider available_at timestamps.
stock_features,2016,2016-10-18,6235,20260930,AFTER_SESSION_CLOSE,UNKNOWN,False,Common stock feature inputs include adjusted EOD/tradability; source schemas do not retain actual provider available_at timestamps.
stock_features,2016,2016-10-19,3059,20260930,AFTER_SESSION_CLOSE,UNKNOWN,False,Common stock feature inputs include adjusted EOD/tradability; source schemas do not retain actual provider available_at timestamps.
stock_features,2016,2016-10-19,3588,20260930,AFTER_SESSION_CLOSE,UNKNOWN,False,Common stock feature inputs include adjusted EOD/tradability; source schemas do not retain actual provider available_at timestamps.
stock_features,2016,2016-10-19,8016,20260930,AFTER_SESSION_CLOSE,UNKNOWN,False,Common stock feature inputs include adjusted EOD/tradability; source schemas do not retain actual provider available_at timestamps.
stock_features,2016,2016-10-20,8088,20260930,AFTER_SESSION_CLOSE,UNKNOWN,False,Common stock feature inputs include adjusted EOD/tradability; source schemas do not retain actual provider available_at timestamps.
stock_features,2016,2016-10-24,6187,20260930,AFTER_SESSION_CLOSE,UNKNOWN,False,Common stock feature inputs include adjusted EOD/tradability; source schemas do not retain actual provider available_at timestamps.
stock_features,2016,2016-10-25,2002,20260930,AFTER_SESSION_CLOSE,UNKNOWN,False,Common stock feature inputs include adjusted EOD/tradability; source schemas do not retain actual provider available_at timestamps.
stock_features,2016,2016-10-25,2929,20260930,AFTER_SESSION_CLOSE,UNKNOWN,False,Common stock feature inputs include adjusted EOD/tradability; source schemas do not retain actual provider available_at timestamps.
stock_features,2016,2016-10-25,5434,20260930,AFTER_SESSION_CLOSE,UNKNOWN,False,Common stock feature inputs include adjusted EOD/tradability; source schemas do not retain actual provider available_at timestamps.
stock_features,2016,2016-10-26,3272,20260930,AFTER_SESSION_CLOSE,UNKNOWN,False,Common stock feature inputs include adjusted EOD/tradability; source schemas do not retain actual provider available_at timestamps.
stock_features,2016,2016-10-31,5347,20260930,AFTER_SESSION_CLOSE,UNKNOWN,False,Common stock feature inputs include adjusted EOD/tradability; source schemas do not retain actual provider available_at timestamps.
stock_features,2016,2016-11-01,6446,20260930,AFTER_SESSION_CLOSE,UNKNOWN,False,Common stock feature inputs include adjusted EOD/tradability; source schemas do not retain actual provider available_at timestamps.
stock_features,2016,2016-11-03,2239,20260930,AFTER_SESSION_CLOSE,UNKNOWN,False,Common stock feature inputs include adjusted EOD/tradability; source schemas do not retain actual provider available_at timestamps.
stock_features,2016,2016-11-07,8064,20260930,AFTER_SESSION_CLOSE,UNKNOWN,False,Common stock feature inputs include adjusted EOD/tradability; source schemas do not retain actual provider available_at timestamps.
stock_features,2016,2016-11-08,2542,20260930,AFTER_SESSION_CLOSE,UNKNOWN,False,Common stock feature inputs include adjusted EOD/tradability; source schemas do not retain actual provider available_at timestamps.
stock_features,2016,2016-11-09,1704,20260930,AFTER_SESSION_CLOSE,UNKNOWN,False,Common stock feature inputs include adjusted EOD/tradability; source schemas do not retain actual provider available_at timestamps.
stock_features,2016,2016-11-09,8436,20260930,AFTER_SESSION_CLOSE,UNKNOWN,False,Common stock feature inputs include adjusted EOD/tradability; source schemas do not retain actual provider available_at timestamps.
stock_features,2016,2016-11-11,2301,20260930,AFTER_SESSION_CLOSE,UNKNOWN,False,Common stock feature inputs include adjusted EOD/tradability; source schemas do not retain actual provider available_at timestamps.
stock_features,2016,2016-11-15,1477,20260930,AFTER_SESSION_CLOSE,UNKNOWN,False,Common stock feature inputs include adjusted EOD/tradability; source schemas do not retain actual provider available_at timestamps.
stock_features,2016,2016-11-16,2886,20260930,AFTER_SESSION_CLOSE,UNKNOWN,False,Common stock feature inputs include adjusted EOD/tradability; source schemas do not retain actual provider available_at timestamps.
stock_features,2016,2016-11-16,8464,20260930,AFTER_SESSION_CLOSE,UNKNOWN,False,Common stock feature inputs include adjusted EOD/tradability; source schemas do not retain actual provider available_at timestamps.
stock_features,2016,2016-11-21,1704,20260930,AFTER_SESSION_CLOSE,UNKNOWN,False,Common stock feature inputs include adjusted EOD/tradability; source schemas do not retain actual provider available_at timestamps.
stock_features,2016,2016-11-21,3673,20260930,AFTER_SESSION_CLOSE,UNKNOWN,False,Common stock feature inputs include adjusted EOD/tradability; source schemas do not retain actual provider available_at timestamps.
stock_features,2016,2016-11-24,1215,20260930,AFTER_SESSION_CLOSE,UNKNOWN,False,Common stock feature inputs include adjusted EOD/tradability; source schemas do not retain actual provider available_at timestamps.
stock_features,2016,2016-11-24,2328,20260930,AFTER_SESSION_CLOSE,UNKNOWN,False,Common stock feature inputs include adjusted EOD/tradability; source schemas do not retain actual provider available_at timestamps.
stock_features,2016,2016-11-24,4551,20260930,AFTER_SESSION_CLOSE,UNKNOWN,False,Common stock feature inputs include adjusted EOD/tradability; source schemas do not retain actual provider available_at timestamps.
stock_features,2016,2016-11-25,2448,20260930,AFTER_SESSION_CLOSE,UNKNOWN,False,Common stock feature inputs include adjusted EOD/tradability; source schemas do not retain actual provider available_at timestamps.
stock_features,2016,2016-12-05,6456,20260930,AFTER_SESSION_CLOSE,UNKNOWN,False,Common stock feature inputs include adjusted EOD/tradability; source schemas do not retain actual provider available_at timestamps.
stock_features,2016,2016-12-09,2034,20260930,AFTER_SESSION_CLOSE,UNKNOWN,False,Common stock feature inputs include adjusted EOD/tradability; source schemas do not retain actual provider available_at timestamps.
stock_features,2016,2016-12-12,1589,20260930,AFTER_SESSION_CLOSE,UNKNOWN,False,Common stock feature inputs include adjusted EOD/tradability; source schemas do not retain actual provider available_at timestamps.
stock_features,2016,2016-12-13,2448,20260930,AFTER_SESSION_CLOSE,UNKNOWN,False,Common stock feature inputs include adjusted EOD/tradability; source schemas do not retain actual provider available_at timestamps.
stock_features,2016,2016-12-15,2103,20260930,AFTER_SESSION_CLOSE,UNKNOWN,False,Common stock feature inputs include adjusted EOD/tradability; source schemas do not retain actual provider available_at timestamps.
stock_features,2016,2016-12-16,1704,20260930,AFTER_SESSION_CLOSE,UNKNOWN,False,Common stock feature inputs include adjusted EOD/tradability; source schemas do not retain actual provider available_at timestamps.
stock_features,2016,2016-12-16,4551,20260930,AFTER_SESSION_CLOSE,UNKNOWN,False,Common stock feature inputs include adjusted EOD/tradability; source schemas do not retain actual provider available_at timestamps.
stock_features,2016,2016-12-16,8112,20260930,AFTER_SESSION_CLOSE,UNKNOWN,False,Common stock feature inputs include adjusted EOD/tradability; source schemas do not retain actual provider available_at timestamps.
stock_features,2016,2016-12-19,2059,20260930,AFTER_SESSION_CLOSE,UNKNOWN,False,Common stock feature inputs include adjusted EOD/tradability; source schemas do not retain actual provider available_at timestamps.
stock_features,2016,2016-12-22,6456,20260930,AFTER_SESSION_CLOSE,UNKNOWN,False,Common stock feature inputs include adjusted EOD/tradability; source schemas do not retain actual provider available_at timestamps.
stock_features,2016,2016-12-26,1215,20260930,AFTER_SESSION_CLOSE,UNKNOWN,False,Common stock feature inputs include adjusted EOD/tradability; source schemas do not retain actual provider available_at timestamps.
stock_features,2016,2016-12-27,6414,20260930,AFTER_SESSION_CLOSE,UNKNOWN,False,Common stock feature inputs include adjusted EOD/tradability; source schemas do not retain actual provider available_at timestamps.
stock_features,2016,2016-12-28,6414,20260930,AFTER_SESSION_CLOSE,UNKNOWN,False,Common stock feature inputs include adjusted EOD/tradability; source schemas do not retain actual provider available_at timestamps.
stock_features,2016,2016-12-30,2412,20260930,AFTER_SESSION_CLOSE,UNKNOWN,False,Common stock feature inputs include adjusted EOD/tradability; source schemas do not retain actual provider available_at timestamps.
market_context,2017,2017-03-09,MARKET_CONTEXT,20260930,AFTER_SESSION_CLOSE,UNKNOWN,False,TaiwanStockTotalReturnIndex has date/value but no retained actual available_at timestamp.
market_context,2017,2017-03-31,MARKET_CONTEXT,20260930,AFTER_SESSION_CLOSE,UNKNOWN,False,TaiwanStockTotalReturnIndex has date/value but no retained actual available_at timestamp.
market_context,2017,2017-04-13,MARKET_CONTEXT,20260930,AFTER_SESSION_CLOSE,UNKNOWN,False,TaiwanStockTotalReturnIndex has date/value but no retained actual available_at timestamp.
market_context,2017,2017-05-18,MARKET_CONTEXT,20260930,AFTER_SESSION_CLOSE,UNKNOWN,False,TaiwanStockTotalReturnIndex has date/value but no retained actual available_at timestamp.
market_context,2017,2017-06-22,MARKET_CONTEXT,20260930,AFTER_SESSION_CLOSE,UNKNOWN,False,TaiwanStockTotalReturnIndex has date/value but no retained actual available_at timestamp.
market_context,2017,2017-07-18,MARKET_CONTEXT,20260930,AFTER_SESSION_CLOSE,UNKNOWN,False,TaiwanStockTotalReturnIndex has date/value but no retained actual available_at timestamp.
market_context,2017,2017-09-27,MARKET_CONTEXT,20260930,AFTER_SESSION_CLOSE,UNKNOWN,False,TaiwanStockTotalReturnIndex has date/value but no retained actual available_at timestamp.
market_context,2017,2017-10-02,MARKET_CONTEXT,20260930,AFTER_SESSION_CLOSE,UNKNOWN,False,TaiwanStockTotalReturnIndex has date/value but no retained actual available_at timestamp.
market_context,2017,2017-10-17,MARKET_CONTEXT,20260930,AFTER_SESSION_CLOSE,UNKNOWN,False,TaiwanStockTotalReturnIndex has date/value but no retained actual available_at timestamp.
market_context,2017,2017-10-23,MARKET_CONTEXT,20260930,AFTER_SESSION_CLOSE,UNKNOWN,False,TaiwanStockTotalReturnIndex has date/value but no retained actual available_at timestamp.
market_context,2017,2017-11-08,MARKET_CONTEXT,20260930,AFTER_SESSION_CLOSE,UNKNOWN,False,TaiwanStockTotalReturnIndex has date/value but no retained actual available_at timestamp.
market_context,2017,2017-11-29,MARKET_CONTEXT,20260930,AFTER_SESSION_CLOSE,UNKNOWN,False,TaiwanStockTotalReturnIndex has date/value but no retained actual available_at timestamp.
stock_features,2017,2017-01-03,2395,20260930,AFTER_SESSION_CLOSE,UNKNOWN,False,Common stock feature inputs include adjusted EOD/tradability; source schemas do not retain actual provider available_at timestamps.
stock_features,2017,2017-01-05,2412,20260930,AFTER_SESSION_CLOSE,UNKNOWN,False,Common stock feature inputs include adjusted EOD/tradability; source schemas do not retain actual provider available_at timestamps.
stock_features,2017,2017-01-05,3455,20260930,AFTER_SESSION_CLOSE,UNKNOWN,False,Common stock feature inputs include adjusted EOD/tradability; source schemas do not retain actual provider available_at timestamps.
stock_features,2017,2017-01-10,1310,20260930,AFTER_SESSION_CLOSE,UNKNOWN,False,Common stock feature inputs include adjusted EOD/tradability; source schemas do not retain actual provider available_at timestamps.
stock_features,2017,2017-01-10,2379,20260930,AFTER_SESSION_CLOSE,UNKNOWN,False,Common stock feature inputs include adjusted EOD/tradability; source schemas do not retain actual provider available_at timestamps.
stock_features,2017,2017-01-10,3272,20260930,AFTER_SESSION_CLOSE,UNKNOWN,False,Common stock feature inputs include adjusted EOD/tradability; source schemas do not retain actual provider available_at timestamps.
stock_features,2017,2017-01-11,1319,20260930,AFTER_SESSION_CLOSE,UNKNOWN,False,Common stock feature inputs include adjusted EOD/tradability; source schemas do not retain actual provider available_at timestamps.
stock_features,2017,2017-01-11,1565,20260930,AFTER_SESSION_CLOSE,UNKNOWN,False,Common stock feature inputs include adjusted EOD/tradability; source schemas do not retain actual provider available_at timestamps.
stock_features,2017,2017-01-11,5269,20260930,AFTER_SESSION_CLOSE,UNKNOWN,False,Common stock feature inputs include adjusted EOD/tradability; source schemas do not retain actual provider available_at timestamps.
stock_features,2017,2017-01-12,2448,20260930,AFTER_SESSION_CLOSE,UNKNOWN,False,Common stock feature inputs include adjusted EOD/tradability; source schemas do not retain actual provider available_at timestamps.
stock_features,2017,2017-01-16,3227,20260930,AFTER_SESSION_CLOSE,UNKNOWN,False,Common stock feature inputs include adjusted EOD/tradability; source schemas do not retain actual provider available_at timestamps.
stock_features,2017,2017-01-16,3552,20260930,AFTER_SESSION_CLOSE,UNKNOWN,False,Common stock feature inputs include adjusted EOD/tradability; source schemas do not retain actual provider available_at timestamps.
stock_features,2017,2017-01-18,2867,20260930,AFTER_SESSION_CLOSE,UNKNOWN,False,Common stock feature inputs include adjusted EOD/tradability; source schemas do not retain actual provider available_at timestamps.
stock_features,2017,2017-01-18,8215,20260930,AFTER_SESSION_CLOSE,UNKNOWN,False,Common stock feature inputs include adjusted EOD/tradability; source schemas do not retain actual provider available_at timestamps.
stock_features,2017,2017-01-19,9910,20260930,AFTER_SESSION_CLOSE,UNKNOWN,False,Common stock feature inputs include adjusted EOD/tradability; source schemas do not retain actual provider available_at timestamps.
stock_features,2017,2017-01-19,9941,20260930,AFTER_SESSION_CLOSE,UNKNOWN,False,Common stock feature inputs include adjusted EOD/tradability; source schemas do not retain actual provider available_at timestamps.
stock_features,2017,2017-01-24,1477,20260930,AFTER_SESSION_CLOSE,UNKNOWN,False,Common stock feature inputs include adjusted EOD/tradability; source schemas do not retain actual provider available_at timestamps.
stock_features,2017,2017-02-03,2542,20260930,AFTER_SESSION_CLOSE,UNKNOWN,False,Common stock feature inputs include adjusted EOD/tradability; source schemas do not retain actual provider available_at timestamps.
stock_features,2017,2017-02-09,5009,20260930,AFTER_SESSION_CLOSE,UNKNOWN,False,Common stock feature inputs include adjusted EOD/tradability; source schemas do not retain actual provider available_at timestamps.
stock_features,2017,2017-02-09,6456,20260930,AFTER_SESSION_CLOSE,UNKNOWN,False,Common stock feature inputs include adjusted EOD/tradability; source schemas do not retain actual provider available_at timestamps.
stock_features,2017,2017-02-10,3293,20260930,AFTER_SESSION_CLOSE,UNKNOWN,False,Common stock feature inputs include adjusted EOD/tradability; source schemas do not retain actual provider available_at timestamps.
stock_features,2017,2017-02-13,1723,20260930,AFTER_SESSION_CLOSE,UNKNOWN,False,Common stock feature inputs include adjusted EOD/tradability; source schemas do not retain actual provider available_at timestamps.
stock_features,2017,2017-02-13,2412,20260930,AFTER_SESSION_CLOSE,UNKNOWN,False,Common stock feature inputs include adjusted EOD/tradability; source schemas do not retain actual provider available_at timestamps.
stock_features,2017,2017-02-16,1312,20260930,AFTER_SESSION_CLOSE,UNKNOWN,False,Common stock feature inputs include adjusted EOD/tradability; source schemas do not retain actual provider available_at timestamps.
stock_features,2017,2017-02-16,3260,20260930,AFTER_SESSION_CLOSE,UNKNOWN,False,Common stock feature inputs include adjusted EOD/tradability; source schemas do not retain actual provider available_at timestamps.
stock_features,2017,2017-02-18,3092,20260930,AFTER_SESSION_CLOSE,UNKNOWN,False,Common stock feature inputs include adjusted EOD/tradability; source schemas do not retain actual provider available_at timestamps.
stock_features,2017,2017-02-21,8069,20260930,AFTER_SESSION_CLOSE,UNKNOWN,False,Common stock feature inputs include adjusted EOD/tradability; source schemas do not retain actual provider available_at timestamps.
stock_features,2017,2017-02-22,2328,20260930,AFTER_SESSION_CLOSE,UNKNOWN,False,Common stock feature inputs include adjusted EOD/tradability; source schemas do not retain actual provider available_at timestamps.
stock_features,2017,2017-02-22,4919,20260930,AFTER_SESSION_CLOSE,UNKNOWN,False,Common stock feature inputs include adjusted EOD/tradability; source schemas do not retain actual provider available_at timestamps.
stock_features,2017,2017-02-23,1802,20260930,AFTER_SESSION_CLOSE,UNKNOWN,False,Common stock feature inputs include adjusted EOD/tradability; source schemas do not retain actual provider available_at timestamps.
stock_features,2017,2017-02-24,3645,20260930,AFTER_SESSION_CLOSE,UNKNOWN,False,Common stock feature inputs include adjusted EOD/tradability; source schemas do not retain actual provider available_at timestamps.
stock_features,2017,2017-03-06,9939,20260930,AFTER_SESSION_CLOSE,UNKNOWN,False,Common stock feature inputs include adjusted EOD/tradability; source schemas do not retain actual provider available_at timestamps.
stock_features,2017,2017-03-07,2723,20260930,AFTER_SESSION_CLOSE,UNKNOWN,False,Common stock feature inputs include adjusted EOD/tradability; source schemas do not retain actual provider available_at timestamps.
stock_features,2017,2017-03-08,2379,20260930,AFTER_SESSION_CLOSE,UNKNOWN,False,Common stock feature inputs include adjusted EOD/tradability; source schemas do not retain actual provider available_at timestamps.
stock_features,2017,2017-03-08,8341,20260930,AFTER_SESSION_CLOSE,UNKNOWN,False,Common stock feature inputs include adjusted EOD/tradability; source schemas do not retain actual provider available_at timestamps.
stock_features,2017,2017-03-09,5871,20260930,AFTER_SESSION_CLOSE,UNKNOWN,False,Common stock feature inputs include adjusted EOD/tradability; source schemas do not retain actual provider available_at timestamps.
stock_features,2017,2017-03-10,4916,20260930,AFTER_SESSION_CLOSE,UNKNOWN,False,Common stock feature inputs include adjusted EOD/tradability; source schemas do not retain actual provider available_at timestamps.
stock_features,2017,2017-03-13,1565,20260930,AFTER_SESSION_CLOSE,UNKNOWN,False,Common stock feature inputs include adjusted EOD/tradability; source schemas do not retain actual provider available_at timestamps.
stock_features,2017,2017-03-17,8464,20260930,AFTER_SESSION_CLOSE,UNKNOWN,False,Common stock feature inputs include adjusted EOD/tradability; source schemas do not retain actual provider available_at timestamps.
stock_features,2017,2017-03-20,4147,20260930,AFTER_SESSION_CLOSE,UNKNOWN,False,Common stock feature inputs include adjusted EOD/tradability; source schemas do not retain actual provider available_at timestamps.
stock_features,2017,2017-03-21,2464,20260930,AFTER_SESSION_CLOSE,UNKNOWN,False,Common stock feature inputs include adjusted EOD/tradability; source schemas do not retain actual provider available_at timestamps.
stock_features,2017,2017-03-23,2324,20260930,AFTER_SESSION_CLOSE,UNKNOWN,False,Common stock feature inputs include adjusted EOD/tradability; source schemas do not retain actual provider available_at timestamps.
stock_features,2017,2017-03-23,3483,20260930,AFTER_SESSION_CLOSE,UNKNOWN,False,Common stock feature inputs include adjusted EOD/tradability; source schemas do not retain actual provider available_at timestamps.
stock_features,2017,2017-03-24,3362,20260930,AFTER_SESSION_CLOSE,UNKNOWN,False,Common stock feature inputs include adjusted EOD/tradability; source schemas do not retain actual provider available_at timestamps.
stock_features,2017,2017-03-30,5871,20260930,AFTER_SESSION_CLOSE,UNKNOWN,False,Common stock feature inputs include adjusted EOD/tradability; source schemas do not retain actual provider available_at timestamps.
stock_features,2017,2017-03-31,3362,20260930,AFTER_SESSION_CLOSE,UNKNOWN,False,Common stock feature inputs include adjusted EOD/tradability; source schemas do not retain actual provider available_at timestamps.
stock_features,2017,2017-04-06,6470,20260930,AFTER_SESSION_CLOSE,UNKNOWN,False,Common stock feature inputs include adjusted EOD/tradability; source schemas do not retain actual provider available_at timestamps.
stock_features,2017,2017-04-07,3016,20260930,AFTER_SESSION_CLOSE,UNKNOWN,False,Common stock feature inputs include adjusted EOD/tradability; source schemas do not retain actual provider available_at timestamps.
stock_features,2017,2017-04-10,2331,20260930,AFTER_SESSION_CLOSE,UNKNOWN,False,Common stock feature inputs include adjusted EOD/tradability; source schemas do not retain actual provider available_at timestamps.
stock_features,2017,2017-04-11,2360,20260930,AFTER_SESSION_CLOSE,UNKNOWN,False,Common stock feature inputs include adjusted EOD/tradability; source schemas do not retain actual provider available_at timestamps.
stock_features,2017,2017-04-11,2542,20260930,AFTER_SESSION_CLOSE,UNKNOWN,False,Common stock feature inputs include adjusted EOD/tradability; source schemas do not retain actual provider available_at timestamps.
stock_features,2017,2017-04-12,3707,20260930,AFTER_SESSION_CLOSE,UNKNOWN,False,Common stock feature inputs include adjusted EOD/tradability; source schemas do not retain actual provider available_at timestamps.
stock_features,2017,2017-04-13,6426,20260930,AFTER_SESSION_CLOSE,UNKNOWN,False,Common stock feature inputs include adjusted EOD/tradability; source schemas do not retain actual provider available_at timestamps.
stock_features,2017,2017-04-18,2881,20260930,AFTER_SESSION_CLOSE,UNKNOWN,False,Common stock feature inputs include adjusted EOD/tradability; source schemas do not retain actual provider available_at timestamps.
stock_features,2017,2017-04-19,2542,20260930,AFTER_SESSION_CLOSE,UNKNOWN,False,Common stock feature inputs include adjusted EOD/tradability; source schemas do not retain actual provider available_at timestamps.
stock_features,2017,2017-04-20,9904,20260930,AFTER_SESSION_CLOSE,UNKNOWN,False,Common stock feature inputs include adjusted EOD/tradability; source schemas do not retain actual provider available_at timestamps.
stock_features,2017,2017-04-20,9933,20260930,AFTER_SESSION_CLOSE,UNKNOWN,False,Common stock feature inputs include adjusted EOD/tradability; source schemas do not retain actual provider available_at timestamps.
stock_features,2017,2017-04-24,6274,20260930,AFTER_SESSION_CLOSE,UNKNOWN,False,Common stock feature inputs include adjusted EOD/tradability; source schemas do not retain actual provider available_at timestamps.
stock_features,2017,2017-04-25,4976,20260930,AFTER_SESSION_CLOSE,UNKNOWN,False,Common stock feature inputs include adjusted EOD/tradability; source schemas do not retain actual provider available_at timestamps.
stock_features,2017,2017-04-25,6462,20260930,AFTER_SESSION_CLOSE,UNKNOWN,False,Common stock feature inputs include adjusted EOD/tradability; source schemas do not retain actual provider available_at timestamps.
stock_features,2017,2017-05-03,2498,20260930,AFTER_SESSION_CLOSE,UNKNOWN,False,Common stock feature inputs include adjusted EOD/tradability; source schemas do not retain actual provider available_at timestamps.
stock_features,2017,2017-05-04,3673,20260930,AFTER_SESSION_CLOSE,UNKNOWN,False,Common stock feature inputs include adjusted EOD/tradability; source schemas do not retain actual provider available_at timestamps.
stock_features,2017,2017-05-08,4991,20260930,AFTER_SESSION_CLOSE,UNKNOWN,False,Common stock feature inputs include adjusted EOD/tradability; source schemas do not retain actual provider available_at timestamps.
stock_features,2017,2017-05-10,2369,20260930,AFTER_SESSION_CLOSE,UNKNOWN,False,Common stock feature inputs include adjusted EOD/tradability; source schemas do not retain actual provider available_at timestamps.
stock_features,2017,2017-05-11,2360,20260930,AFTER_SESSION_CLOSE,UNKNOWN,False,Common stock feature inputs include adjusted EOD/tradability; source schemas do not retain actual provider available_at timestamps.
stock_features,2017,2017-05-15,2892,20260930,AFTER_SESSION_CLOSE,UNKNOWN,False,Common stock feature inputs include adjusted EOD/tradability; source schemas do not retain actual provider available_at timestamps.
stock_features,2017,2017-05-19,2345,20260930,AFTER_SESSION_CLOSE,UNKNOWN,False,Common stock feature inputs include adjusted EOD/tradability; source schemas do not retain actual provider available_at timestamps.
stock_features,2017,2017-05-19,6451,20260930,AFTER_SESSION_CLOSE,UNKNOWN,False,Common stock feature inputs include adjusted EOD/tradability; source schemas do not retain actual provider available_at timestamps.
stock_features,2017,2017-05-22,6510,20260930,AFTER_SESSION_CLOSE,UNKNOWN,False,Common stock feature inputs include adjusted EOD/tradability; source schemas do not retain actual provider available_at timestamps.
stock_features,2017,2017-05-23,2408,20260930,AFTER_SESSION_CLOSE,UNKNOWN,False,Common stock feature inputs include adjusted EOD/tradability; source schemas do not retain actual provider available_at timestamps.
stock_features,2017,2017-06-02,2542,20260930,AFTER_SESSION_CLOSE,UNKNOWN,False,Common stock feature inputs include adjusted EOD/tradability; source schemas do not retain actual provider available_at timestamps.
stock_features,2017,2017-06-02,3032,20260930,AFTER_SESSION_CLOSE,UNKNOWN,False,Common stock feature inputs include adjusted EOD/tradability; source schemas do not retain actual provider available_at timestamps.
stock_features,2017,2017-06-06,9939,20260930,AFTER_SESSION_CLOSE,UNKNOWN,False,Common stock feature inputs include adjusted EOD/tradability; source schemas do not retain actual provider available_at timestamps.
stock_features,2017,2017-06-09,2369,20260930,AFTER_SESSION_CLOSE,UNKNOWN,False,Common stock feature inputs include adjusted EOD/tradability; source schemas do not retain actual provider available_at timestamps.
stock_features,2017,2017-06-12,1586,20260930,AFTER_SESSION_CLOSE,UNKNOWN,False,Common stock feature inputs include adjusted EOD/tradability; source schemas do not retain actual provider available_at timestamps.
stock_features,2017,2017-06-14,2207,20260930,AFTER_SESSION_CLOSE,UNKNOWN,False,Common stock feature inputs include adjusted EOD/tradability; source schemas do not retain actual provider available_at timestamps.
stock_features,2017,2017-06-16,8016,20260930,AFTER_SESSION_CLOSE,UNKNOWN,False,Common stock feature inputs include adjusted EOD/tradability; source schemas do not retain actual provider available_at timestamps.
stock_features,2017,2017-06-20,1537,20260930,AFTER_SESSION_CLOSE,UNKNOWN,False,Common stock feature inputs include adjusted EOD/tradability; source schemas do not retain actual provider available_at timestamps.
stock_features,2017,2017-06-21,1210,20260930,AFTER_SESSION_CLOSE,UNKNOWN,False,Common stock feature inputs include adjusted EOD/tradability; source schemas do not retain actual provider available_at timestamps.
stock_features,2017,2017-06-21,2356,20260930,AFTER_SESSION_CLOSE,UNKNOWN,False,Common stock feature inputs include adjusted EOD/tradability; source schemas do not retain actual provider available_at timestamps.
stock_features,2017,2017-06-22,3231,20260930,AFTER_SESSION_CLOSE,UNKNOWN,False,Common stock feature inputs include adjusted EOD/tradability; source schemas do not retain actual provider available_at timestamps.
stock_features,2017,2017-06-23,2015,20260930,AFTER_SESSION_CLOSE,UNKNOWN,False,Common stock feature inputs include adjusted EOD/tradability; source schemas do not retain actual provider available_at timestamps.
stock_features,2017,2017-06-27,4991,20260930,AFTER_SESSION_CLOSE,UNKNOWN,False,Common stock feature inputs include adjusted EOD/tradability; source schemas do not retain actual provider available_at timestamps.
stock_features,2017,2017-06-30,8081,20260930,AFTER_SESSION_CLOSE,UNKNOWN,False,Common stock feature inputs include adjusted EOD/tradability; source schemas do not retain actual provider available_at timestamps.
stock_features,2017,2017-07-05,1216,20260930,AFTER_SESSION_CLOSE,UNKNOWN,False,Common stock feature inputs include adjusted EOD/tradability; source schemas do not retain actual provider available_at timestamps.
stock_features,2017,2017-07-06,5876,20260930,AFTER_SESSION_CLOSE,UNKNOWN,False,Common stock feature inputs include adjusted EOD/tradability; source schemas do not retain actual provider available_at timestamps.
stock_features,2017,2017-07-07,3605,20260930,AFTER_SESSION_CLOSE,UNKNOWN,False,Common stock feature inputs include adjusted EOD/tradability; source schemas do not retain actual provider available_at timestamps.
stock_features,2017,2017-07-10,9802,20260930,AFTER_SESSION_CLOSE,UNKNOWN,False,Common stock feature inputs include adjusted EOD/tradability; source schemas do not retain actual provider available_at timestamps.
stock_features,2017,2017-07-13,3552,20260930,AFTER_SESSION_CLOSE,UNKNOWN,False,Common stock feature inputs include adjusted EOD/tradability; source schemas do not retain actual provider available_at timestamps.
stock_features,2017,2017-07-14,3019,20260930,AFTER_SESSION_CLOSE,UNKNOWN,False,Common stock feature inputs include adjusted EOD/tradability; source schemas do not retain actual provider available_at timestamps.
stock_features,2017,2017-07-14,3552,20260930,AFTER_SESSION_CLOSE,UNKNOWN,False,Common stock feature inputs include adjusted EOD/tradability; source schemas do not retain actual provider available_at timestamps.
stock_features,2017,2017-07-17,6505,20260930,AFTER_SESSION_CLOSE,UNKNOWN,False,Common stock feature inputs include adjusted EOD/tradability; source schemas do not retain actual provider available_at timestamps.
stock_features,2017,2017-07-19,3045,20260930,AFTER_SESSION_CLOSE,UNKNOWN,False,Common stock feature inputs include adjusted EOD/tradability; source schemas do not retain actual provider available_at timestamps.
stock_features,2017,2017-07-20,6139,20260930,AFTER_SESSION_CLOSE,UNKNOWN,False,Common stock feature inputs include adjusted EOD/tradability; source schemas do not retain actual provider available_at timestamps.
stock_features,2017,2017-07-21,1597,20260930,AFTER_SESSION_CLOSE,UNKNOWN,False,Common stock feature inputs include adjusted EOD/tradability; source schemas do not retain actual provider available_at timestamps.
stock_features,2017,2017-07-21,3630,20260930,AFTER_SESSION_CLOSE,UNKNOWN,False,Common stock feature inputs include adjusted EOD/tradability; source schemas do not retain actual provider available_at timestamps.
stock_features,2017,2017-07-21,4721,20260930,AFTER_SESSION_CLOSE,UNKNOWN,False,Common stock feature inputs include adjusted EOD/tradability; source schemas do not retain actual provider available_at timestamps.
stock_features,2017,2017-07-25,6290,20260930,AFTER_SESSION_CLOSE,UNKNOWN,False,Common stock feature inputs include adjusted EOD/tradability; source schemas do not retain actual provider available_at timestamps.
stock_features,2017,2017-07-25,8016,20260930,AFTER_SESSION_CLOSE,UNKNOWN,False,Common stock feature inputs include adjusted EOD/tradability; source schemas do not retain actual provider available_at timestamps.
stock_features,2017,2017-07-31,3189,20260930,AFTER_SESSION_CLOSE,UNKNOWN,False,Common stock feature inputs include adjusted EOD/tradability; source schemas do not retain actual provider available_at timestamps.
stock_features,2017,2017-07-31,8064,20260930,AFTER_SESSION_CLOSE,UNKNOWN,False,Common stock feature inputs include adjusted EOD/tradability; source schemas do not retain actual provider available_at timestamps.
stock_features,2017,2017-08-02,2313,20260930,AFTER_SESSION_CLOSE,UNKNOWN,False,Common stock feature inputs include adjusted EOD/tradability; source schemas do not retain actual provider available_at timestamps.
stock_features,2017,2017-08-02,2454,20260930,AFTER_SESSION_CLOSE,UNKNOWN,False,Common stock feature inputs include adjusted EOD/tradability; source schemas do not retain actual provider available_at timestamps.
stock_features,2017,2017-08-04,6279,20260930,AFTER_SESSION_CLOSE,UNKNOWN,False,Common stock feature inputs include adjusted EOD/tradability; source schemas do not retain actual provider available_at timestamps.
stock_features,2017,2017-08-07,9910,20260930,AFTER_SESSION_CLOSE,UNKNOWN,False,Common stock feature inputs include adjusted EOD/tradability; source schemas do not retain actual provider available_at timestamps.
stock_features,2017,2017-08-09,2231,20260930,AFTER_SESSION_CLOSE,UNKNOWN,False,Common stock feature inputs include adjusted EOD/tradability; source schemas do not retain actual provider available_at timestamps.
stock_features,2017,2017-08-09,3605,20260930,AFTER_SESSION_CLOSE,UNKNOWN,False,Common stock feature inputs include adjusted EOD/tradability; source schemas do not retain actual provider available_at timestamps.
stock_features,2017,2017-08-10,3645,20260930,AFTER_SESSION_CLOSE,UNKNOWN,False,Common stock feature inputs include adjusted EOD/tradability; source schemas do not retain actual provider available_at timestamps.
stock_features,2017,2017-08-15,3059,20260930,AFTER_SESSION_CLOSE,UNKNOWN,False,Common stock feature inputs include adjusted EOD/tradability; source schemas do not retain actual provider available_at timestamps.
stock_features,2017,2017-08-16,1789,20260930,AFTER_SESSION_CLOSE,UNKNOWN,False,Common stock feature inputs include adjusted EOD/tradability; source schemas do not retain actual provider available_at timestamps.
stock_features,2017,2017-08-18,4148,20260930,AFTER_SESSION_CLOSE,UNKNOWN,False,Common stock feature inputs include adjusted EOD/tradability; source schemas do not retain actual provider available_at timestamps.
stock_features,2017,2017-08-21,1326,20260930,AFTER_SESSION_CLOSE,UNKNOWN,False,Common stock feature inputs include adjusted EOD/tradability; source schemas do not retain actual provider available_at timestamps.
stock_features,2017,2017-08-22,2448,20260930,AFTER_SESSION_CLOSE,UNKNOWN,False,Common stock feature inputs include adjusted EOD/tradability; source schemas do not retain actual provider available_at timestamps.
stock_features,2017,2017-08-22,3413,20260930,AFTER_SESSION_CLOSE,UNKNOWN,False,Common stock feature inputs include adjusted EOD/tradability; source schemas do not retain actual provider available_at timestamps.
stock_features,2017,2017-08-22,6220,20260930,AFTER_SESSION_CLOSE,UNKNOWN,False,Common stock feature inputs include adjusted EOD/tradability; source schemas do not retain actual provider available_at timestamps.
stock_features,2017,2017-08-22,8112,20260930,AFTER_SESSION_CLOSE,UNKNOWN,False,Common stock feature inputs include adjusted EOD/tradability; source schemas do not retain actual provider available_at timestamps.
stock_features,2017,2017-08-24,1563,20260930,AFTER_SESSION_CLOSE,UNKNOWN,False,Common stock feature inputs include adjusted EOD/tradability; source schemas do not retain actual provider available_at timestamps.
stock_features,2017,2017-08-28,6139,20260930,AFTER_SESSION_CLOSE,UNKNOWN,False,Common stock feature inputs include adjusted EOD/tradability; source schemas do not retain actual provider available_at timestamps.
stock_features,2017,2017-08-29,2615,20260930,AFTER_SESSION_CLOSE,UNKNOWN,False,Common stock feature inputs include adjusted EOD/tradability; source schemas do not retain actual provider available_at timestamps.
stock_features,2017,2017-08-29,2912,20260930,AFTER_SESSION_CLOSE,UNKNOWN,False,Common stock feature inputs include adjusted EOD/tradability; source schemas do not retain actual provider available_at timestamps.
stock_features,2017,2017-08-30,6411,20260930,AFTER_SESSION_CLOSE,UNKNOWN,False,Common stock feature inputs include adjusted EOD/tradability; source schemas do not retain actual provider available_at timestamps.
stock_features,2017,2017-08-31,4939,20260930,AFTER_SESSION_CLOSE,UNKNOWN,False,Common stock feature inputs include adjusted EOD/tradability; source schemas do not retain actual provider available_at timestamps.
stock_features,2017,2017-09-01,5263,20260930,AFTER_SESSION_CLOSE,UNKNOWN,False,Common stock feature inputs include adjusted EOD/tradability; source schemas do not retain actual provider available_at timestamps.
stock_features,2017,2017-09-05,3037,20260930,AFTER_SESSION_CLOSE,UNKNOWN,False,Common stock feature inputs include adjusted EOD/tradability; source schemas do not retain actual provider available_at timestamps.
stock_features,2017,2017-09-06,1707,20260930,AFTER_SESSION_CLOSE,UNKNOWN,False,Common stock feature inputs include adjusted EOD/tradability; source schemas do not retain actual provider available_at timestamps.
stock_features,2017,2017-09-08,4904,20260930,AFTER_SESSION_CLOSE,UNKNOWN,False,Common stock feature inputs include adjusted EOD/tradability; source schemas do not retain actual provider available_at timestamps.
stock_features,2017,2017-09-13,2328,20260930,AFTER_SESSION_CLOSE,UNKNOWN,False,Common stock feature inputs include adjusted EOD/tradability; source schemas do not retain actual provider available_at timestamps.
stock_features,2017,2017-09-14,3653,20260930,AFTER_SESSION_CLOSE,UNKNOWN,False,Common stock feature inputs include adjusted EOD/tradability; source schemas do not retain actual provider available_at timestamps.
stock_features,2017,2017-09-14,4426,20260930,AFTER_SESSION_CLOSE,UNKNOWN,False,Common stock feature inputs include adjusted EOD/tradability; source schemas do not retain actual provider available_at timestamps.
stock_features,2017,2017-09-18,1338,20260930,AFTER_SESSION_CLOSE,UNKNOWN,False,Common stock feature inputs include adjusted EOD/tradability; source schemas do not retain actual provider available_at timestamps.
stock_features,2017,2017-09-18,5269,20260930,AFTER_SESSION_CLOSE,UNKNOWN,False,Common stock feature inputs include adjusted EOD/tradability; source schemas do not retain actual provider available_at timestamps.
stock_features,2017,2017-09-19,2448,20260930,AFTER_SESSION_CLOSE,UNKNOWN,False,Common stock feature inputs include adjusted EOD/tradability; source schemas do not retain actual provider available_at timestamps.
stock_features,2017,2017-09-21,2413,20260930,AFTER_SESSION_CLOSE,UNKNOWN,False,Common stock feature inputs include adjusted EOD/tradability; source schemas do not retain actual provider available_at timestamps.
stock_features,2017,2017-09-25,2408,20260930,AFTER_SESSION_CLOSE,UNKNOWN,False,Common stock feature inputs include adjusted EOD/tradability; source schemas do not retain actual provider available_at timestamps.
stock_features,2017,2017-09-25,6274,20260930,AFTER_SESSION_CLOSE,UNKNOWN,False,Common stock feature inputs include adjusted EOD/tradability; source schemas do not retain actual provider available_at timestamps.
stock_features,2017,2017-09-27,4105,20260930,AFTER_SESSION_CLOSE,UNKNOWN,False,Common stock feature inputs include adjusted EOD/tradability; source schemas do not retain actual provider available_at timestamps.
stock_features,2017,2017-10-06,3661,20260930,AFTER_SESSION_CLOSE,UNKNOWN,False,Common stock feature inputs include adjusted EOD/tradability; source schemas do not retain actual provider available_at timestamps.
stock_features,2017,2017-10-12,6573,20260930,AFTER_SESSION_CLOSE,UNKNOWN,False,Common stock feature inputs include adjusted EOD/tradability; source schemas do not retain actual provider available_at timestamps.
stock_features,2017,2017-10-13,2351,20260930,AFTER_SESSION_CLOSE,UNKNOWN,False,Common stock feature inputs include adjusted EOD/tradability; source schemas do not retain actual provider available_at timestamps.
stock_features,2017,2017-10-17,2325,20260930,AFTER_SESSION_CLOSE,UNKNOWN,False,Common stock feature inputs include adjusted EOD/tradability; source schemas do not retain actual provider available_at timestamps.
stock_features,2017,2017-10-17,6165,20260930,AFTER_SESSION_CLOSE,UNKNOWN,False,Common stock feature inputs include adjusted EOD/tradability; source schemas do not retain actual provider available_at timestamps.
stock_features,2017,2017-10-18,2464,20260930,AFTER_SESSION_CLOSE,UNKNOWN,False,Common stock feature inputs include adjusted EOD/tradability; source schemas do not retain actual provider available_at timestamps.
stock_features,2017,2017-10-24,1215,20260930,AFTER_SESSION_CLOSE,UNKNOWN,False,Common stock feature inputs include adjusted EOD/tradability; source schemas do not retain actual provider available_at timestamps.
stock_features,2017,2017-10-26,3294,20260930,AFTER_SESSION_CLOSE,UNKNOWN,False,Common stock feature inputs include adjusted EOD/tradability; source schemas do not retain actual provider available_at timestamps.
stock_features,2017,2017-10-26,8404,20260930,AFTER_SESSION_CLOSE,UNKNOWN,False,Common stock feature inputs include adjusted EOD/tradability; source schemas do not retain actual provider available_at timestamps.
stock_features,2017,2017-10-27,6414,20260930,AFTER_SESSION_CLOSE,UNKNOWN,False,Common stock feature inputs include adjusted EOD/tradability; source schemas do not retain actual provider available_at timestamps.
stock_features,2017,2017-11-06,2548,20260930,AFTER_SESSION_CLOSE,UNKNOWN,False,Common stock feature inputs include adjusted EOD/tradability; source schemas do not retain actual provider available_at timestamps.
stock_features,2017,2017-11-07,1326,20260930,AFTER_SESSION_CLOSE,UNKNOWN,False,Common stock feature inputs include adjusted EOD/tradability; source schemas do not retain actual provider available_at timestamps.
stock_features,2017,2017-11-07,8016,20260930,AFTER_SESSION_CLOSE,UNKNOWN,False,Common stock feature inputs include adjusted EOD/tradability; source schemas do not retain actual provider available_at timestamps.
stock_features,2017,2017-11-08,1515,20260930,AFTER_SESSION_CLOSE,UNKNOWN,False,Common stock feature inputs include adjusted EOD/tradability; source schemas do not retain actual provider available_at timestamps.
stock_features,2017,2017-11-08,2408,20260930,AFTER_SESSION_CLOSE,UNKNOWN,False,Common stock feature inputs include adjusted EOD/tradability; source schemas do not retain actual provider available_at timestamps.
stock_features,2017,2017-11-16,2301,20260930,AFTER_SESSION_CLOSE,UNKNOWN,False,Common stock feature inputs include adjusted EOD/tradability; source schemas do not retain actual provider available_at timestamps.
stock_features,2017,2017-11-17,3630,20260930,AFTER_SESSION_CLOSE,UNKNOWN,False,Common stock feature inputs include adjusted EOD/tradability; source schemas do not retain actual provider available_at timestamps.
stock_features,2017,2017-11-20,3706,20260930,AFTER_SESSION_CLOSE,UNKNOWN,False,Common stock feature inputs include adjusted EOD/tradability; source schemas do not retain actual provider available_at timestamps.
stock_features,2017,2017-11-20,3707,20260930,AFTER_SESSION_CLOSE,UNKNOWN,False,Common stock feature inputs include adjusted EOD/tradability; source schemas do not retain actual provider available_at timestamps.
stock_features,2017,2017-11-21,3406,20260930,AFTER_SESSION_CLOSE,UNKNOWN,False,Common stock feature inputs include adjusted EOD/tradability; source schemas do not retain actual provider available_at timestamps.
stock_features,2017,2017-11-21,3443,20260930,AFTER_SESSION_CLOSE,UNKNOWN,False,Common stock feature inputs include adjusted EOD/tradability; source schemas do not retain actual provider available_at timestamps.
stock_features,2017,2017-11-22,1597,20260930,AFTER_SESSION_CLOSE,UNKNOWN,False,Common stock feature inputs include adjusted EOD/tradability; source schemas do not retain actual provider available_at timestamps.
stock_features,2017,2017-11-22,1605,20260930,AFTER_SESSION_CLOSE,UNKNOWN,False,Common stock feature inputs include adjusted EOD/tradability; source schemas do not retain actual provider available_at timestamps.
stock_features,2017,2017-11-23,2002,20260930,AFTER_SESSION_CLOSE,UNKNOWN,False,Common stock feature inputs include adjusted EOD/tradability; source schemas do not retain actual provider available_at timestamps.
stock_features,2017,2017-11-23,6220,20260930,AFTER_SESSION_CLOSE,UNKNOWN,False,Common stock feature inputs include adjusted EOD/tradability; source schemas do not retain actual provider available_at timestamps.
stock_features,2017,2017-11-24,6175,20260930,AFTER_SESSION_CLOSE,UNKNOWN,False,Common stock feature inputs include adjusted EOD/tradability; source schemas do not retain actual provider available_at timestamps.
stock_features,2017,2017-11-27,1326,20260930,AFTER_SESSION_CLOSE,UNKNOWN,False,Common stock feature inputs include adjusted EOD/tradability; source schemas do not retain actual provider available_at timestamps.
stock_features,2017,2017-11-30,2308,20260930,AFTER_SESSION_CLOSE,UNKNOWN,False,Common stock feature inputs include adjusted EOD/tradability; source schemas do not retain actual provider available_at timestamps.
stock_features,2017,2017-12-01,1102,20260930,AFTER_SESSION_CLOSE,UNKNOWN,False,Common stock feature inputs include adjusted EOD/tradability; source schemas do not retain actual provider available_at timestamps.
stock_features,2017,2017-12-05,4107,20260930,AFTER_SESSION_CLOSE,UNKNOWN,False,Common stock feature inputs include adjusted EOD/tradability; source schemas do not retain actual provider available_at timestamps.
stock_features,2017,2017-12-08,1560,20260930,AFTER_SESSION_CLOSE,UNKNOWN,False,Common stock feature inputs include adjusted EOD/tradability; source schemas do not retain actual provider available_at timestamps.
stock_features,2017,2017-12-08,2882,20260930,AFTER_SESSION_CLOSE,UNKNOWN,False,Common stock feature inputs include adjusted EOD/tradability; source schemas do not retain actual provider available_at timestamps.
stock_features,2017,2017-12-11,1310,20260930,AFTER_SESSION_CLOSE,UNKNOWN,False,Common stock feature inputs include adjusted EOD/tradability; source schemas do not retain actual provider available_at timestamps.
stock_features,2017,2017-12-13,1802,20260930,AFTER_SESSION_CLOSE,UNKNOWN,False,Common stock feature inputs include adjusted EOD/tradability; source schemas do not retain actual provider available_at timestamps.
stock_features,2017,2017-12-13,2104,20260930,AFTER_SESSION_CLOSE,UNKNOWN,False,Common stock feature inputs include adjusted EOD/tradability; source schemas do not retain actual provider available_at timestamps.
stock_features,2017,2017-12-14,1305,20260930,AFTER_SESSION_CLOSE,UNKNOWN,False,Common stock feature inputs include adjusted EOD/tradability; source schemas do not retain actual provider available_at timestamps.
stock_features,2017,2017-12-14,6245,20260930,AFTER_SESSION_CLOSE,UNKNOWN,False,Common stock feature inputs include adjusted EOD/tradability; source schemas do not retain actual provider available_at timestamps.
stock_features,2017,2017-12-15,6525,20260930,AFTER_SESSION_CLOSE,UNKNOWN,False,Common stock feature inputs include adjusted EOD/tradability; source schemas do not retain actual provider available_at timestamps.
stock_features,2017,2017-12-19,4966,20260930,AFTER_SESSION_CLOSE,UNKNOWN,False,Common stock feature inputs include adjusted EOD/tradability; source schemas do not retain actual provider available_at timestamps.
stock_features,2017,2017-12-20,4906,20260930,AFTER_SESSION_CLOSE,UNKNOWN,False,Common stock feature inputs include adjusted EOD/tradability; source schemas do not retain actual provider available_at timestamps.
stock_features,2017,2017-12-21,3019,20260930,AFTER_SESSION_CLOSE,UNKNOWN,False,Common stock feature inputs include adjusted EOD/tradability; source schemas do not retain actual provider available_at timestamps.
stock_features,2017,2017-12-21,8478,20260930,AFTER_SESSION_CLOSE,UNKNOWN,False,Common stock feature inputs include adjusted EOD/tradability; source schemas do not retain actual provider available_at timestamps.
stock_features,2017,2017-12-28,2347,20260930,AFTER_SESSION_CLOSE,UNKNOWN,False,Common stock feature inputs include adjusted EOD/tradability; source schemas do not retain actual provider available_at timestamps.
stock_features,2017,2017-12-29,4162,20260930,AFTER_SESSION_CLOSE,UNKNOWN,False,Common stock feature inputs include adjusted EOD/tradability; source schemas do not retain actual provider available_at timestamps.
market_context,2018,2018-01-02,MARKET_CONTEXT,20260930,AFTER_SESSION_CLOSE,UNKNOWN,False,TaiwanStockTotalReturnIndex has date/value but no retained actual available_at timestamp.
market_context,2018,2018-02-01,MARKET_CONTEXT,20260930,AFTER_SESSION_CLOSE,UNKNOWN,False,TaiwanStockTotalReturnIndex has date/value but no retained actual available_at timestamp.
market_context,2018,2018-04-30,MARKET_CONTEXT,20260930,AFTER_SESSION_CLOSE,UNKNOWN,False,TaiwanStockTotalReturnIndex has date/value but no retained actual available_at timestamp.
market_context,2018,2018-07-04,MARKET_CONTEXT,20260930,AFTER_SESSION_CLOSE,UNKNOWN,False,TaiwanStockTotalReturnIndex has date/value but no retained actual available_at timestamp.
market_context,2018,2018-07-13,MARKET_CONTEXT,20260930,AFTER_SESSION_CLOSE,UNKNOWN,False,TaiwanStockTotalReturnIndex has date/value but no retained actual available_at timestamp.
market_context,2018,2018-07-27,MARKET_CONTEXT,20260930,AFTER_SESSION_CLOSE,UNKNOWN,False,TaiwanStockTotalReturnIndex has date/value but no retained actual available_at timestamp.
market_context,2018,2018-08-13,MARKET_CONTEXT,20260930,AFTER_SESSION_CLOSE,UNKNOWN,False,TaiwanStockTotalReturnIndex has date/value but no retained actual available_at timestamp.
market_context,2018,2018-08-24,MARKET_CONTEXT,20260930,AFTER_SESSION_CLOSE,UNKNOWN,False,TaiwanStockTotalReturnIndex has date/value but no retained actual available_at timestamp.
market_context,2018,2018-09-07,MARKET_CONTEXT,20260930,AFTER_SESSION_CLOSE,UNKNOWN,False,TaiwanStockTotalReturnIndex has date/value but no retained actual available_at timestamp.
market_context,2018,2018-09-25,MARKET_CONTEXT,20260930,AFTER_SESSION_CLOSE,UNKNOWN,False,TaiwanStockTotalReturnIndex has date/value but no retained actual available_at timestamp.
market_context,2018,2018-10-08,MARKET_CONTEXT,20260930,AFTER_SESSION_CLOSE,UNKNOWN,False,TaiwanStockTotalReturnIndex has date/value but no retained actual available_at timestamp.
market_context,2018,2018-11-22,MARKET_CONTEXT,20260930,AFTER_SESSION_CLOSE,UNKNOWN,False,TaiwanStockTotalReturnIndex has date/value but no retained actual available_at timestamp.
stock_features,2018,2018-01-02,2002,20260930,AFTER_SESSION_CLOSE,UNKNOWN,False,Common stock feature inputs include adjusted EOD/tradability; source schemas do not retain actual provider available_at timestamps.
stock_features,2018,2018-01-03,8039,20260930,AFTER_SESSION_CLOSE,UNKNOWN,False,Common stock feature inputs include adjusted EOD/tradability; source schemas do not retain actual provider available_at timestamps.
stock_features,2018,2018-01-05,9933,20260930,AFTER_SESSION_CLOSE,UNKNOWN,False,Common stock feature inputs include adjusted EOD/tradability; source schemas do not retain actual provider available_at timestamps.
stock_features,2018,2018-01-08,2009,20260930,AFTER_SESSION_CLOSE,UNKNOWN,False,Common stock feature inputs include adjusted EOD/tradability; source schemas do not retain actual provider available_at timestamps.
stock_features,2018,2018-01-08,2355,20260930,AFTER_SESSION_CLOSE,UNKNOWN,False,Common stock feature inputs include adjusted EOD/tradability; source schemas do not retain actual provider available_at timestamps.
stock_features,2018,2018-01-09,3059,20260930,AFTER_SESSION_CLOSE,UNKNOWN,False,Common stock feature inputs include adjusted EOD/tradability; source schemas do not retain actual provider available_at timestamps.
stock_features,2018,2018-01-10,3665,20260930,AFTER_SESSION_CLOSE,UNKNOWN,False,Common stock feature inputs include adjusted EOD/tradability; source schemas do not retain actual provider available_at timestamps.
stock_features,2018,2018-01-16,8046,20260930,AFTER_SESSION_CLOSE,UNKNOWN,False,Common stock feature inputs include adjusted EOD/tradability; source schemas do not retain actual provider available_at timestamps.
stock_features,2018,2018-01-18,2360,20260930,AFTER_SESSION_CLOSE,UNKNOWN,False,Common stock feature inputs include adjusted EOD/tradability; source schemas do not retain actual provider available_at timestamps.
stock_features,2018,2018-01-19,3037,20260930,AFTER_SESSION_CLOSE,UNKNOWN,False,Common stock feature inputs include adjusted EOD/tradability; source schemas do not retain actual provider available_at timestamps.
stock_features,2018,2018-01-19,5871,20260930,AFTER_SESSION_CLOSE,UNKNOWN,False,Common stock feature inputs include adjusted EOD/tradability; source schemas do not retain actual provider available_at timestamps.
stock_features,2018,2018-01-31,2014,20260930,AFTER_SESSION_CLOSE,UNKNOWN,False,Common stock feature inputs include adjusted EOD/tradability; source schemas do not retain actual provider available_at timestamps.
stock_features,2018,2018-01-31,2401,20260930,AFTER_SESSION_CLOSE,UNKNOWN,False,Common stock feature inputs include adjusted EOD/tradability; source schemas do not retain actual provider available_at timestamps.
stock_features,2018,2018-01-31,3441,20260930,AFTER_SESSION_CLOSE,UNKNOWN,False,Common stock feature inputs include adjusted EOD/tradability; source schemas do not retain actual provider available_at timestamps.
stock_features,2018,2018-02-01,6533,20260930,AFTER_SESSION_CLOSE,UNKNOWN,False,Common stock feature inputs include adjusted EOD/tradability; source schemas do not retain actual provider available_at timestamps.
stock_features,2018,2018-02-05,2059,20260930,AFTER_SESSION_CLOSE,UNKNOWN,False,Common stock feature inputs include adjusted EOD/tradability; source schemas do not retain actual provider available_at timestamps.
stock_features,2018,2018-02-06,2606,20260930,AFTER_SESSION_CLOSE,UNKNOWN,False,Common stock feature inputs include adjusted EOD/tradability; source schemas do not retain actual provider available_at timestamps.
stock_features,2018,2018-02-06,3224,20260930,AFTER_SESSION_CLOSE,UNKNOWN,False,Common stock feature inputs include adjusted EOD/tradability; source schemas do not retain actual provider available_at timestamps.
stock_features,2018,2018-02-07,4739,20260930,AFTER_SESSION_CLOSE,UNKNOWN,False,Common stock feature inputs include adjusted EOD/tradability; source schemas do not retain actual provider available_at timestamps.
stock_features,2018,2018-02-08,1586,20260930,AFTER_SESSION_CLOSE,UNKNOWN,False,Common stock feature inputs include adjusted EOD/tradability; source schemas do not retain actual provider available_at timestamps.
stock_features,2018,2018-02-08,2311,20260930,AFTER_SESSION_CLOSE,UNKNOWN,False,Common stock feature inputs include adjusted EOD/tradability; source schemas do not retain actual provider available_at timestamps.
stock_features,2018,2018-02-09,1227,20260930,AFTER_SESSION_CLOSE,UNKNOWN,False,Common stock feature inputs include adjusted EOD/tradability; source schemas do not retain actual provider available_at timestamps.
stock_features,2018,2018-02-12,8042,20260930,AFTER_SESSION_CLOSE,UNKNOWN,False,Common stock feature inputs include adjusted EOD/tradability; source schemas do not retain actual provider available_at timestamps.
stock_features,2018,2018-02-21,1216,20260930,AFTER_SESSION_CLOSE,UNKNOWN,False,Common stock feature inputs include adjusted EOD/tradability; source schemas do not retain actual provider available_at timestamps.
stock_features,2018,2018-02-22,8464,20260930,AFTER_SESSION_CLOSE,UNKNOWN,False,Common stock feature inputs include adjusted EOD/tradability; source schemas do not retain actual provider available_at timestamps.
stock_features,2018,2018-02-23,2379,20260930,AFTER_SESSION_CLOSE,UNKNOWN,False,Common stock feature inputs include adjusted EOD/tradability; source schemas do not retain actual provider available_at timestamps.
stock_features,2018,2018-02-23,6176,20260930,AFTER_SESSION_CLOSE,UNKNOWN,False,Common stock feature inputs include adjusted EOD/tradability; source schemas do not retain actual provider available_at timestamps.
stock_features,2018,2018-02-27,2301,20260930,AFTER_SESSION_CLOSE,UNKNOWN,False,Common stock feature inputs include adjusted EOD/tradability; source schemas do not retain actual provider available_at timestamps.
stock_features,2018,2018-03-05,3536,20260930,AFTER_SESSION_CLOSE,UNKNOWN,False,Common stock feature inputs include adjusted EOD/tradability; source schemas do not retain actual provider available_at timestamps.
stock_features,2018,2018-03-06,2499,20260930,AFTER_SESSION_CLOSE,UNKNOWN,False,Common stock feature inputs include adjusted EOD/tradability; source schemas do not retain actual provider available_at timestamps.
stock_features,2018,2018-03-06,5392,20260930,AFTER_SESSION_CLOSE,UNKNOWN,False,Common stock feature inputs include adjusted EOD/tradability; source schemas do not retain actual provider available_at timestamps.
stock_features,2018,2018-03-12,8464,20260930,AFTER_SESSION_CLOSE,UNKNOWN,False,Common stock feature inputs include adjusted EOD/tradability; source schemas do not retain actual provider available_at timestamps.
stock_features,2018,2018-03-13,5439,20260930,AFTER_SESSION_CLOSE,UNKNOWN,False,Common stock feature inputs include adjusted EOD/tradability; source schemas do not retain actual provider available_at timestamps.
stock_features,2018,2018-03-14,6452,20260930,AFTER_SESSION_CLOSE,UNKNOWN,False,Common stock feature inputs include adjusted EOD/tradability; source schemas do not retain actual provider available_at timestamps.
stock_features,2018,2018-03-15,2451,20260930,AFTER_SESSION_CLOSE,UNKNOWN,False,Common stock feature inputs include adjusted EOD/tradability; source schemas do not retain actual provider available_at timestamps.
stock_features,2018,2018-03-16,5274,20260930,AFTER_SESSION_CLOSE,UNKNOWN,False,Common stock feature inputs include adjusted EOD/tradability; source schemas do not retain actual provider available_at timestamps.
stock_features,2018,2018-03-19,2353,20260930,AFTER_SESSION_CLOSE,UNKNOWN,False,Common stock feature inputs include adjusted EOD/tradability; source schemas do not retain actual provider available_at timestamps.
stock_features,2018,2018-03-19,3044,20260930,AFTER_SESSION_CLOSE,UNKNOWN,False,Common stock feature inputs include adjusted EOD/tradability; source schemas do not retain actual provider available_at timestamps.
stock_features,2018,2018-03-19,3323,20260930,AFTER_SESSION_CLOSE,UNKNOWN,False,Common stock feature inputs include adjusted EOD/tradability; source schemas do not retain actual provider available_at timestamps.
stock_features,2018,2018-03-20,6274,20260930,AFTER_SESSION_CLOSE,UNKNOWN,False,Common stock feature inputs include adjusted EOD/tradability; source schemas do not retain actual provider available_at timestamps.
stock_features,2018,2018-03-23,4162,20260930,AFTER_SESSION_CLOSE,UNKNOWN,False,Common stock feature inputs include adjusted EOD/tradability; source schemas do not retain actual provider available_at timestamps.
stock_features,2018,2018-03-26,1312,20260930,AFTER_SESSION_CLOSE,UNKNOWN,False,Common stock feature inputs include adjusted EOD/tradability; source schemas do not retain actual provider available_at timestamps.
stock_features,2018,2018-03-26,2345,20260930,AFTER_SESSION_CLOSE,UNKNOWN,False,Common stock feature inputs include adjusted EOD/tradability; source schemas do not retain actual provider available_at timestamps.
stock_features,2018,2018-03-26,4991,20260930,AFTER_SESSION_CLOSE,UNKNOWN,False,Common stock feature inputs include adjusted EOD/tradability; source schemas do not retain actual provider available_at timestamps.
stock_features,2018,2018-03-27,2439,20260930,AFTER_SESSION_CLOSE,UNKNOWN,False,Common stock feature inputs include adjusted EOD/tradability; source schemas do not retain actual provider available_at timestamps.
stock_features,2018,2018-03-28,9910,20260930,AFTER_SESSION_CLOSE,UNKNOWN,False,Common stock feature inputs include adjusted EOD/tradability; source schemas do not retain actual provider available_at timestamps.
stock_features,2018,2018-03-29,1597,20260930,AFTER_SESSION_CLOSE,UNKNOWN,False,Common stock feature inputs include adjusted EOD/tradability; source schemas do not retain actual provider available_at timestamps.
stock_features,2018,2018-03-29,2454,20260930,AFTER_SESSION_CLOSE,UNKNOWN,False,Common stock feature inputs include adjusted EOD/tradability; source schemas do not retain actual provider available_at timestamps.
stock_features,2018,2018-03-29,4745,20260930,AFTER_SESSION_CLOSE,UNKNOWN,False,Common stock feature inputs include adjusted EOD/tradability; source schemas do not retain actual provider available_at timestamps.
stock_features,2018,2018-04-03,1609,20260930,AFTER_SESSION_CLOSE,UNKNOWN,False,Common stock feature inputs include adjusted EOD/tradability; source schemas do not retain actual provider available_at timestamps.
stock_features,2018,2018-04-10,1476,20260930,AFTER_SESSION_CLOSE,UNKNOWN,False,Common stock feature inputs include adjusted EOD/tradability; source schemas do not retain actual provider available_at timestamps.
stock_features,2018,2018-04-10,4739,20260930,AFTER_SESSION_CLOSE,UNKNOWN,False,Common stock feature inputs include adjusted EOD/tradability; source schemas do not retain actual provider available_at timestamps.
stock_features,2018,2018-04-11,3205,20260930,AFTER_SESSION_CLOSE,UNKNOWN,False,Common stock feature inputs include adjusted EOD/tradability; source schemas do not retain actual provider available_at timestamps.
stock_features,2018,2018-04-16,4137,20260930,AFTER_SESSION_CLOSE,UNKNOWN,False,Common stock feature inputs include adjusted EOD/tradability; source schemas do not retain actual provider available_at timestamps.
stock_features,2018,2018-04-16,6127,20260930,AFTER_SESSION_CLOSE,UNKNOWN,False,Common stock feature inputs include adjusted EOD/tradability; source schemas do not retain actual provider available_at timestamps.
stock_features,2018,2018-04-17,4148,20260930,AFTER_SESSION_CLOSE,UNKNOWN,False,Common stock feature inputs include adjusted EOD/tradability; source schemas do not retain actual provider available_at timestamps.
stock_features,2018,2018-04-19,3645,20260930,AFTER_SESSION_CLOSE,UNKNOWN,False,Common stock feature inputs include adjusted EOD/tradability; source schemas do not retain actual provider available_at timestamps.
stock_features,2018,2018-04-25,5388,20260930,AFTER_SESSION_CLOSE,UNKNOWN,False,Common stock feature inputs include adjusted EOD/tradability; source schemas do not retain actual provider available_at timestamps.
stock_features,2018,2018-04-27,1760,20260930,AFTER_SESSION_CLOSE,UNKNOWN,False,Common stock feature inputs include adjusted EOD/tradability; source schemas do not retain actual provider available_at timestamps.
stock_features,2018,2018-04-27,3362,20260930,AFTER_SESSION_CLOSE,UNKNOWN,False,Common stock feature inputs include adjusted EOD/tradability; source schemas do not retain actual provider available_at timestamps.
stock_features,2018,2018-04-30,4915,20260930,AFTER_SESSION_CLOSE,UNKNOWN,False,Common stock feature inputs include adjusted EOD/tradability; source schemas do not retain actual provider available_at timestamps.
stock_features,2018,2018-05-03,4105,20260930,AFTER_SESSION_CLOSE,UNKNOWN,False,Common stock feature inputs include adjusted EOD/tradability; source schemas do not retain actual provider available_at timestamps.
stock_features,2018,2018-05-03,5478,20260930,AFTER_SESSION_CLOSE,UNKNOWN,False,Common stock feature inputs include adjusted EOD/tradability; source schemas do not retain actual provider available_at timestamps.
stock_features,2018,2018-05-07,6294,20260930,AFTER_SESSION_CLOSE,UNKNOWN,False,Common stock feature inputs include adjusted EOD/tradability; source schemas do not retain actual provider available_at timestamps.
stock_features,2018,2018-05-08,8489,20260930,AFTER_SESSION_CLOSE,UNKNOWN,False,Common stock feature inputs include adjusted EOD/tradability; source schemas do not retain actual provider available_at timestamps.
stock_features,2018,2018-05-09,2105,20260930,AFTER_SESSION_CLOSE,UNKNOWN,False,Common stock feature inputs include adjusted EOD/tradability; source schemas do not retain actual provider available_at timestamps.
stock_features,2018,2018-05-09,2498,20260930,AFTER_SESSION_CLOSE,UNKNOWN,False,Common stock feature inputs include adjusted EOD/tradability; source schemas do not retain actual provider available_at timestamps.
stock_features,2018,2018-05-10,1215,20260930,AFTER_SESSION_CLOSE,UNKNOWN,False,Common stock feature inputs include adjusted EOD/tradability; source schemas do not retain actual provider available_at timestamps.
stock_features,2018,2018-05-10,2439,20260930,AFTER_SESSION_CLOSE,UNKNOWN,False,Common stock feature inputs include adjusted EOD/tradability; source schemas do not retain actual provider available_at timestamps.
stock_features,2018,2018-05-11,1605,20260930,AFTER_SESSION_CLOSE,UNKNOWN,False,Common stock feature inputs include adjusted EOD/tradability; source schemas do not retain actual provider available_at timestamps.
stock_features,2018,2018-05-11,3231,20260930,AFTER_SESSION_CLOSE,UNKNOWN,False,Common stock feature inputs include adjusted EOD/tradability; source schemas do not retain actual provider available_at timestamps.
stock_features,2018,2018-05-11,4958,20260930,AFTER_SESSION_CLOSE,UNKNOWN,False,Common stock feature inputs include adjusted EOD/tradability; source schemas do not retain actual provider available_at timestamps.
stock_features,2018,2018-05-15,8076,20260930,AFTER_SESSION_CLOSE,UNKNOWN,False,Common stock feature inputs include adjusted EOD/tradability; source schemas do not retain actual provider available_at timestamps.
stock_features,2018,2018-05-18,8131,20260930,AFTER_SESSION_CLOSE,UNKNOWN,False,Common stock feature inputs include adjusted EOD/tradability; source schemas do not retain actual provider available_at timestamps.
stock_features,2018,2018-05-22,3624,20260930,AFTER_SESSION_CLOSE,UNKNOWN,False,Common stock feature inputs include adjusted EOD/tradability; source schemas do not retain actual provider available_at timestamps.
stock_features,2018,2018-05-22,4971,20260930,AFTER_SESSION_CLOSE,UNKNOWN,False,Common stock feature inputs include adjusted EOD/tradability; source schemas do not retain actual provider available_at timestamps.
stock_features,2018,2018-05-24,2356,20260930,AFTER_SESSION_CLOSE,UNKNOWN,False,Common stock feature inputs include adjusted EOD/tradability; source schemas do not retain actual provider available_at timestamps.
stock_features,2018,2018-05-28,3707,20260930,AFTER_SESSION_CLOSE,UNKNOWN,False,Common stock feature inputs include adjusted EOD/tradability; source schemas do not retain actual provider available_at timestamps.
stock_features,2018,2018-05-28,4137,20260930,AFTER_SESSION_CLOSE,UNKNOWN,False,Common stock feature inputs include adjusted EOD/tradability; source schemas do not retain actual provider available_at timestamps.
stock_features,2018,2018-05-28,4971,20260930,AFTER_SESSION_CLOSE,UNKNOWN,False,Common stock feature inputs include adjusted EOD/tradability; source schemas do not retain actual provider available_at timestamps.
stock_features,2018,2018-05-30,2353,20260930,AFTER_SESSION_CLOSE,UNKNOWN,False,Common stock feature inputs include adjusted EOD/tradability; source schemas do not retain actual provider available_at timestamps.
stock_features,2018,2018-05-30,6118,20260930,AFTER_SESSION_CLOSE,UNKNOWN,False,Common stock feature inputs include adjusted EOD/tradability; source schemas do not retain actual provider available_at timestamps.
stock_features,2018,2018-05-30,6505,20260930,AFTER_SESSION_CLOSE,UNKNOWN,False,Common stock feature inputs include adjusted EOD/tradability; source schemas do not retain actual provider available_at timestamps.
stock_features,2018,2018-05-30,8261,20260930,AFTER_SESSION_CLOSE,UNKNOWN,False,Common stock feature inputs include adjusted EOD/tradability; source schemas do not retain actual provider available_at timestamps.
stock_features,2018,2018-06-05,1565,20260930,AFTER_SESSION_CLOSE,UNKNOWN,False,Common stock feature inputs include adjusted EOD/tradability; source schemas do not retain actual provider available_at timestamps.
stock_features,2018,2018-06-08,1101,20260930,AFTER_SESSION_CLOSE,UNKNOWN,False,Common stock feature inputs include adjusted EOD/tradability; source schemas do not retain actual provider available_at timestamps.
stock_features,2018,2018-06-08,6175,20260930,AFTER_SESSION_CLOSE,UNKNOWN,False,Common stock feature inputs include adjusted EOD/tradability; source schemas do not retain actual provider available_at timestamps.
stock_features,2018,2018-06-11,3293,20260930,AFTER_SESSION_CLOSE,UNKNOWN,False,Common stock feature inputs include adjusted EOD/tradability; source schemas do not retain actual provider available_at timestamps.
stock_features,2018,2018-06-11,3624,20260930,AFTER_SESSION_CLOSE,UNKNOWN,False,Common stock feature inputs include adjusted EOD/tradability; source schemas do not retain actual provider available_at timestamps.
stock_features,2018,2018-06-11,8429,20260930,AFTER_SESSION_CLOSE,UNKNOWN,False,Common stock feature inputs include adjusted EOD/tradability; source schemas do not retain actual provider available_at timestamps.
stock_features,2018,2018-06-12,8341,20260930,AFTER_SESSION_CLOSE,UNKNOWN,False,Common stock feature inputs include adjusted EOD/tradability; source schemas do not retain actual provider available_at timestamps.
stock_features,2018,2018-06-13,3205,20260930,AFTER_SESSION_CLOSE,UNKNOWN,False,Common stock feature inputs include adjusted EOD/tradability; source schemas do not retain actual provider available_at timestamps.
stock_features,2018,2018-06-13,5410,20260930,AFTER_SESSION_CLOSE,UNKNOWN,False,Common stock feature inputs include adjusted EOD/tradability; source schemas do not retain actual provider available_at timestamps.
stock_features,2018,2018-06-19,1605,20260930,AFTER_SESSION_CLOSE,UNKNOWN,False,Common stock feature inputs include adjusted EOD/tradability; source schemas do not retain actual provider available_at timestamps.
stock_features,2018,2018-06-19,5907,20260930,AFTER_SESSION_CLOSE,UNKNOWN,False,Common stock feature inputs include adjusted EOD/tradability; source schemas do not retain actual provider available_at timestamps.
stock_features,2018,2018-06-20,8261,20260930,AFTER_SESSION_CLOSE,UNKNOWN,False,Common stock feature inputs include adjusted EOD/tradability; source schemas do not retain actual provider available_at timestamps.
stock_features,2018,2018-06-21,2402,20260930,AFTER_SESSION_CLOSE,UNKNOWN,False,Common stock feature inputs include adjusted EOD/tradability; source schemas do not retain actual provider available_at timestamps.
stock_features,2018,2018-06-22,1605,20260930,AFTER_SESSION_CLOSE,UNKNOWN,False,Common stock feature inputs include adjusted EOD/tradability; source schemas do not retain actual provider available_at timestamps.
stock_features,2018,2018-06-27,2486,20260930,AFTER_SESSION_CLOSE,UNKNOWN,False,Common stock feature inputs include adjusted EOD/tradability; source schemas do not retain actual provider available_at timestamps.
stock_features,2018,2018-07-02,3376,20260930,AFTER_SESSION_CLOSE,UNKNOWN,False,Common stock feature inputs include adjusted EOD/tradability; source schemas do not retain actual provider available_at timestamps.
stock_features,2018,2018-07-03,4803,20260930,AFTER_SESSION_CLOSE,UNKNOWN,False,Common stock feature inputs include adjusted EOD/tradability; source schemas do not retain actual provider available_at timestamps.
stock_features,2018,2018-07-06,2421,20260930,AFTER_SESSION_CLOSE,UNKNOWN,False,Common stock feature inputs include adjusted EOD/tradability; source schemas do not retain actual provider available_at timestamps.
stock_features,2018,2018-07-12,2388,20260930,AFTER_SESSION_CLOSE,UNKNOWN,False,Common stock feature inputs include adjusted EOD/tradability; source schemas do not retain actual provider available_at timestamps.
stock_features,2018,2018-07-19,1597,20260930,AFTER_SESSION_CLOSE,UNKNOWN,False,Common stock feature inputs include adjusted EOD/tradability; source schemas do not retain actual provider available_at timestamps.
stock_features,2018,2018-07-24,3374,20260930,AFTER_SESSION_CLOSE,UNKNOWN,False,Common stock feature inputs include adjusted EOD/tradability; source schemas do not retain actual provider available_at timestamps.
stock_features,2018,2018-07-30,3624,20260930,AFTER_SESSION_CLOSE,UNKNOWN,False,Common stock feature inputs include adjusted EOD/tradability; source schemas do not retain actual provider available_at timestamps.
stock_features,2018,2018-07-30,8076,20260930,AFTER_SESSION_CLOSE,UNKNOWN,False,Common stock feature inputs include adjusted EOD/tradability; source schemas do not retain actual provider available_at timestamps.
stock_features,2018,2018-07-31,6220,20260930,AFTER_SESSION_CLOSE,UNKNOWN,False,Common stock feature inputs include adjusted EOD/tradability; source schemas do not retain actual provider available_at timestamps.
stock_features,2018,2018-08-03,3257,20260930,AFTER_SESSION_CLOSE,UNKNOWN,False,Common stock feature inputs include adjusted EOD/tradability; source schemas do not retain actual provider available_at timestamps.
stock_features,2018,2018-08-07,4746,20260930,AFTER_SESSION_CLOSE,UNKNOWN,False,Common stock feature inputs include adjusted EOD/tradability; source schemas do not retain actual provider available_at timestamps.
stock_features,2018,2018-08-08,1795,20260930,AFTER_SESSION_CLOSE,UNKNOWN,False,Common stock feature inputs include adjusted EOD/tradability; source schemas do not retain actual provider available_at timestamps.
stock_features,2018,2018-08-08,3630,20260930,AFTER_SESSION_CLOSE,UNKNOWN,False,Common stock feature inputs include adjusted EOD/tradability; source schemas do not retain actual provider available_at timestamps.
stock_features,2018,2018-08-10,2395,20260930,AFTER_SESSION_CLOSE,UNKNOWN,False,Common stock feature inputs include adjusted EOD/tradability; source schemas do not retain actual provider available_at timestamps.
stock_features,2018,2018-08-13,3374,20260930,AFTER_SESSION_CLOSE,UNKNOWN,False,Common stock feature inputs include adjusted EOD/tradability; source schemas do not retain actual provider available_at timestamps.
stock_features,2018,2018-08-14,2809,20260930,AFTER_SESSION_CLOSE,UNKNOWN,False,Common stock feature inputs include adjusted EOD/tradability; source schemas do not retain actual provider available_at timestamps.
stock_features,2018,2018-08-14,4123,20260930,AFTER_SESSION_CLOSE,UNKNOWN,False,Common stock feature inputs include adjusted EOD/tradability; source schemas do not retain actual provider available_at timestamps.
stock_features,2018,2018-08-16,4162,20260930,AFTER_SESSION_CLOSE,UNKNOWN,False,Common stock feature inputs include adjusted EOD/tradability; source schemas do not retain actual provider available_at timestamps.
stock_features,2018,2018-08-20,8942,20260930,AFTER_SESSION_CLOSE,UNKNOWN,False,Common stock feature inputs include adjusted EOD/tradability; source schemas do not retain actual provider available_at timestamps.
stock_features,2018,2018-08-21,2542,20260930,AFTER_SESSION_CLOSE,UNKNOWN,False,Common stock feature inputs include adjusted EOD/tradability; source schemas do not retain actual provider available_at timestamps.
stock_features,2018,2018-08-23,2355,20260930,AFTER_SESSION_CLOSE,UNKNOWN,False,Common stock feature inputs include adjusted EOD/tradability; source schemas do not retain actual provider available_at timestamps.
stock_features,2018,2018-08-27,4915,20260930,AFTER_SESSION_CLOSE,UNKNOWN,False,Common stock feature inputs include adjusted EOD/tradability; source schemas do not retain actual provider available_at timestamps.
stock_features,2018,2018-08-28,2464,20260930,AFTER_SESSION_CLOSE,UNKNOWN,False,Common stock feature inputs include adjusted EOD/tradability; source schemas do not retain actual provider available_at timestamps.
stock_features,2018,2018-09-03,3665,20260930,AFTER_SESSION_CLOSE,UNKNOWN,False,Common stock feature inputs include adjusted EOD/tradability; source schemas do not retain actual provider available_at timestamps.
stock_features,2018,2018-09-03,9951,20260930,AFTER_SESSION_CLOSE,UNKNOWN,False,Common stock feature inputs include adjusted EOD/tradability; source schemas do not retain actual provider available_at timestamps.
stock_features,2018,2018-09-05,4904,20260930,AFTER_SESSION_CLOSE,UNKNOWN,False,Common stock feature inputs include adjusted EOD/tradability; source schemas do not retain actual provider available_at timestamps.
stock_features,2018,2018-09-07,2426,20260930,AFTER_SESSION_CLOSE,UNKNOWN,False,Common stock feature inputs include adjusted EOD/tradability; source schemas do not retain actual provider available_at timestamps.
stock_features,2018,2018-09-07,6153,20260930,AFTER_SESSION_CLOSE,UNKNOWN,False,Common stock feature inputs include adjusted EOD/tradability; source schemas do not retain actual provider available_at timestamps.
stock_features,2018,2018-09-10,3552,20260930,AFTER_SESSION_CLOSE,UNKNOWN,False,Common stock feature inputs include adjusted EOD/tradability; source schemas do not retain actual provider available_at timestamps.
stock_features,2018,2018-09-10,5264,20260930,AFTER_SESSION_CLOSE,UNKNOWN,False,Common stock feature inputs include adjusted EOD/tradability; source schemas do not retain actual provider available_at timestamps.
stock_features,2018,2018-09-10,8489,20260930,AFTER_SESSION_CLOSE,UNKNOWN,False,Common stock feature inputs include adjusted EOD/tradability; source schemas do not retain actual provider available_at timestamps.
stock_features,2018,2018-09-11,3264,20260930,AFTER_SESSION_CLOSE,UNKNOWN,False,Common stock feature inputs include adjusted EOD/tradability; source schemas do not retain actual provider available_at timestamps.
stock_features,2018,2018-09-11,4958,20260930,AFTER_SESSION_CLOSE,UNKNOWN,False,Common stock feature inputs include adjusted EOD/tradability; source schemas do not retain actual provider available_at timestamps.
stock_features,2018,2018-09-13,3653,20260930,AFTER_SESSION_CLOSE,UNKNOWN,False,Common stock feature inputs include adjusted EOD/tradability; source schemas do not retain actual provider available_at timestamps.
stock_features,2018,2018-09-14,2385,20260930,AFTER_SESSION_CLOSE,UNKNOWN,False,Common stock feature inputs include adjusted EOD/tradability; source schemas do not retain actual provider available_at timestamps.
stock_features,2018,2018-09-14,8446,20260930,AFTER_SESSION_CLOSE,UNKNOWN,False,Common stock feature inputs include adjusted EOD/tradability; source schemas do not retain actual provider available_at timestamps.
stock_features,2018,2018-09-17,1722,20260930,AFTER_SESSION_CLOSE,UNKNOWN,False,Common stock feature inputs include adjusted EOD/tradability; source schemas do not retain actual provider available_at timestamps.
stock_features,2018,2018-09-17,3231,20260930,AFTER_SESSION_CLOSE,UNKNOWN,False,Common stock feature inputs include adjusted EOD/tradability; source schemas do not retain actual provider available_at timestamps.
stock_features,2018,2018-09-18,1507,20260930,AFTER_SESSION_CLOSE,UNKNOWN,False,Common stock feature inputs include adjusted EOD/tradability; source schemas do not retain actual provider available_at timestamps.
stock_features,2018,2018-09-19,3090,20260930,AFTER_SESSION_CLOSE,UNKNOWN,False,Common stock feature inputs include adjusted EOD/tradability; source schemas do not retain actual provider available_at timestamps.
stock_features,2018,2018-09-19,4119,20260930,AFTER_SESSION_CLOSE,UNKNOWN,False,Common stock feature inputs include adjusted EOD/tradability; source schemas do not retain actual provider available_at timestamps.
stock_features,2018,2018-09-21,2474,20260930,AFTER_SESSION_CLOSE,UNKNOWN,False,Common stock feature inputs include adjusted EOD/tradability; source schemas do not retain actual provider available_at timestamps.
stock_features,2018,2018-09-28,2013,20260930,AFTER_SESSION_CLOSE,UNKNOWN,False,Common stock feature inputs include adjusted EOD/tradability; source schemas do not retain actual provider available_at timestamps.
stock_features,2018,2018-10-01,4966,20260930,AFTER_SESSION_CLOSE,UNKNOWN,False,Common stock feature inputs include adjusted EOD/tradability; source schemas do not retain actual provider available_at timestamps.
stock_features,2018,2018-10-02,2886,20260930,AFTER_SESSION_CLOSE,UNKNOWN,False,Common stock feature inputs include adjusted EOD/tradability; source schemas do not retain actual provider available_at timestamps.
stock_features,2018,2018-10-04,2441,20260930,AFTER_SESSION_CLOSE,UNKNOWN,False,Common stock feature inputs include adjusted EOD/tradability; source schemas do not retain actual provider available_at timestamps.
stock_features,2018,2018-10-09,2454,20260930,AFTER_SESSION_CLOSE,UNKNOWN,False,Common stock feature inputs include adjusted EOD/tradability; source schemas do not retain actual provider available_at timestamps.
stock_features,2018,2018-10-09,4919,20260930,AFTER_SESSION_CLOSE,UNKNOWN,False,Common stock feature inputs include adjusted EOD/tradability; source schemas do not retain actual provider available_at timestamps.
stock_features,2018,2018-10-16,2892,20260930,AFTER_SESSION_CLOSE,UNKNOWN,False,Common stock feature inputs include adjusted EOD/tradability; source schemas do not retain actual provider available_at timestamps.
stock_features,2018,2018-10-19,6180,20260930,AFTER_SESSION_CLOSE,UNKNOWN,False,Common stock feature inputs include adjusted EOD/tradability; source schemas do not retain actual provider available_at timestamps.
stock_features,2018,2018-10-22,8341,20260930,AFTER_SESSION_CLOSE,UNKNOWN,False,Common stock feature inputs include adjusted EOD/tradability; source schemas do not retain actual provider available_at timestamps.
stock_features,2018,2018-10-22,9910,20260930,AFTER_SESSION_CLOSE,UNKNOWN,False,Common stock feature inputs include adjusted EOD/tradability; source schemas do not retain actual provider available_at timestamps.
stock_features,2018,2018-10-25,2354,20260930,AFTER_SESSION_CLOSE,UNKNOWN,False,Common stock feature inputs include adjusted EOD/tradability; source schemas do not retain actual provider available_at timestamps.
stock_features,2018,2018-10-29,8043,20260930,AFTER_SESSION_CLOSE,UNKNOWN,False,Common stock feature inputs include adjusted EOD/tradability; source schemas do not retain actual provider available_at timestamps.
stock_features,2018,2018-10-29,8341,20260930,AFTER_SESSION_CLOSE,UNKNOWN,False,Common stock feature inputs include adjusted EOD/tradability; source schemas do not retain actual provider available_at timestamps.
stock_features,2018,2018-11-02,3362,20260930,AFTER_SESSION_CLOSE,UNKNOWN,False,Common stock feature inputs include adjusted EOD/tradability; source schemas do not retain actual provider available_at timestamps.
stock_features,2018,2018-11-06,6285,20260930,AFTER_SESSION_CLOSE,UNKNOWN,False,Common stock feature inputs include adjusted EOD/tradability; source schemas do not retain actual provider available_at timestamps.
stock_features,2018,2018-11-08,2498,20260930,AFTER_SESSION_CLOSE,UNKNOWN,False,Common stock feature inputs include adjusted EOD/tradability; source schemas do not retain actual provider available_at timestamps.
stock_features,2018,2018-11-08,3563,20260930,AFTER_SESSION_CLOSE,UNKNOWN,False,Common stock feature inputs include adjusted EOD/tradability; source schemas do not retain actual provider available_at timestamps.
stock_features,2018,2018-11-09,2377,20260930,AFTER_SESSION_CLOSE,UNKNOWN,False,Common stock feature inputs include adjusted EOD/tradability; source schemas do not retain actual provider available_at timestamps.
stock_features,2018,2018-11-13,1526,20260930,AFTER_SESSION_CLOSE,UNKNOWN,False,Common stock feature inputs include adjusted EOD/tradability; source schemas do not retain actual provider available_at timestamps.
stock_features,2018,2018-11-21,6435,20260930,AFTER_SESSION_CLOSE,UNKNOWN,False,Common stock feature inputs include adjusted EOD/tradability; source schemas do not retain actual provider available_at timestamps.
stock_features,2018,2018-11-21,6456,20260930,AFTER_SESSION_CLOSE,UNKNOWN,False,Common stock feature inputs include adjusted EOD/tradability; source schemas do not retain actual provider available_at timestamps.
stock_features,2018,2018-11-29,8046,20260930,AFTER_SESSION_CLOSE,UNKNOWN,False,Common stock feature inputs include adjusted EOD/tradability; source schemas do not retain actual provider available_at timestamps.
stock_features,2018,2018-11-30,4968,20260930,AFTER_SESSION_CLOSE,UNKNOWN,False,Common stock feature inputs include adjusted EOD/tradability; source schemas do not retain actual provider available_at timestamps.
stock_features,2018,2018-12-06,3374,20260930,AFTER_SESSION_CLOSE,UNKNOWN,False,Common stock feature inputs include adjusted EOD/tradability; source schemas do not retain actual provider available_at timestamps.
stock_features,2018,2018-12-06,8038,20260930,AFTER_SESSION_CLOSE,UNKNOWN,False,Common stock feature inputs include adjusted EOD/tradability; source schemas do not retain actual provider available_at timestamps.
stock_features,2018,2018-12-07,8046,20260930,AFTER_SESSION_CLOSE,UNKNOWN,False,Common stock feature inputs include adjusted EOD/tradability; source schemas do not retain actual provider available_at timestamps.
stock_features,2018,2018-12-10,3005,20260930,AFTER_SESSION_CLOSE,UNKNOWN,False,Common stock feature inputs include adjusted EOD/tradability; source schemas do not retain actual provider available_at timestamps.
stock_features,2018,2018-12-12,2880,20260930,AFTER_SESSION_CLOSE,UNKNOWN,False,Common stock feature inputs include adjusted EOD/tradability; source schemas do not retain actual provider available_at timestamps.
stock_features,2018,2018-12-13,1526,20260930,AFTER_SESSION_CLOSE,UNKNOWN,False,Common stock feature inputs include adjusted EOD/tradability; source schemas do not retain actual provider available_at timestamps.
stock_features,2018,2018-12-17,1305,20260930,AFTER_SESSION_CLOSE,UNKNOWN,False,Common stock feature inputs include adjusted EOD/tradability; source schemas do not retain actual provider available_at timestamps.
stock_features,2018,2018-12-17,2002,20260930,AFTER_SESSION_CLOSE,UNKNOWN,False,Common stock feature inputs include adjusted EOD/tradability; source schemas do not retain actual provider available_at timestamps.
stock_features,2018,2018-12-18,4162,20260930,AFTER_SESSION_CLOSE,UNKNOWN,False,Common stock feature inputs include adjusted EOD/tradability; source schemas do not retain actual provider available_at timestamps.
stock_features,2018,2018-12-19,3189,20260930,AFTER_SESSION_CLOSE,UNKNOWN,False,Common stock feature inputs include adjusted EOD/tradability; source schemas do not retain actual provider available_at timestamps.
stock_features,2018,2018-12-20,2421,20260930,AFTER_SESSION_CLOSE,UNKNOWN,False,Common stock feature inputs include adjusted EOD/tradability; source schemas do not retain actual provider available_at timestamps.
stock_features,2018,2018-12-24,2421,20260930,AFTER_SESSION_CLOSE,UNKNOWN,False,Common stock feature inputs include adjusted EOD/tradability; source schemas do not retain actual provider available_at timestamps.
stock_features,2018,2018-12-25,6525,20260930,AFTER_SESSION_CLOSE,UNKNOWN,False,Common stock feature inputs include adjusted EOD/tradability; source schemas do not retain actual provider available_at timestamps.
stock_features,2018,2018-12-27,3289,20260930,AFTER_SESSION_CLOSE,UNKNOWN,False,Common stock feature inputs include adjusted EOD/tradability; source schemas do not retain actual provider available_at timestamps.
stock_features,2018,2018-12-27,5299,20260930,AFTER_SESSION_CLOSE,UNKNOWN,False,Common stock feature inputs include adjusted EOD/tradability; source schemas do not retain actual provider available_at timestamps.
stock_features,2018,2018-12-28,3535,20260930,AFTER_SESSION_CLOSE,UNKNOWN,False,Common stock feature inputs include adjusted EOD/tradability; source schemas do not retain actual provider available_at timestamps.
market_context,2019,2019-01-21,MARKET_CONTEXT,20260930,AFTER_SESSION_CLOSE,UNKNOWN,False,TaiwanStockTotalReturnIndex has date/value but no retained actual available_at timestamp.
market_context,2019,2019-03-14,MARKET_CONTEXT,20260930,AFTER_SESSION_CLOSE,UNKNOWN,False,TaiwanStockTotalReturnIndex has date/value but no retained actual available_at timestamp.
market_context,2019,2019-04-24,MARKET_CONTEXT,20260930,AFTER_SESSION_CLOSE,UNKNOWN,False,TaiwanStockTotalReturnIndex has date/value but no retained actual available_at timestamp.
market_context,2019,2019-05-31,MARKET_CONTEXT,20260930,AFTER_SESSION_CLOSE,UNKNOWN,False,TaiwanStockTotalReturnIndex has date/value but no retained actual available_at timestamp.
market_context,2019,2019-06-24,MARKET_CONTEXT,20260930,AFTER_SESSION_CLOSE,UNKNOWN,False,TaiwanStockTotalReturnIndex has date/value but no retained actual available_at timestamp.
market_context,2019,2019-06-27,MARKET_CONTEXT,20260930,AFTER_SESSION_CLOSE,UNKNOWN,False,TaiwanStockTotalReturnIndex has date/value but no retained actual available_at timestamp.
market_context,2019,2019-07-01,MARKET_CONTEXT,20260930,AFTER_SESSION_CLOSE,UNKNOWN,False,TaiwanStockTotalReturnIndex has date/value but no retained actual available_at timestamp.
market_context,2019,2019-07-17,MARKET_CONTEXT,20260930,AFTER_SESSION_CLOSE,UNKNOWN,False,TaiwanStockTotalReturnIndex has date/value but no retained actual available_at timestamp.
market_context,2019,2019-09-23,MARKET_CONTEXT,20260930,AFTER_SESSION_CLOSE,UNKNOWN,False,TaiwanStockTotalReturnIndex has date/value but no retained actual available_at timestamp.
market_context,2019,2019-10-04,MARKET_CONTEXT,20260930,AFTER_SESSION_CLOSE,UNKNOWN,False,TaiwanStockTotalReturnIndex has date/value but no retained actual available_at timestamp.
market_context,2019,2019-11-28,MARKET_CONTEXT,20260930,AFTER_SESSION_CLOSE,UNKNOWN,False,TaiwanStockTotalReturnIndex has date/value but no retained actual available_at timestamp.
market_context,2019,2019-12-09,MARKET_CONTEXT,20260930,AFTER_SESSION_CLOSE,UNKNOWN,False,TaiwanStockTotalReturnIndex has date/value but no retained actual available_at timestamp.
stock_features,2019,2019-01-02,3045,20260930,AFTER_SESSION_CLOSE,UNKNOWN,False,Common stock feature inputs include adjusted EOD/tradability; source schemas do not retain actual provider available_at timestamps.
stock_features,2019,2019-01-04,6153,20260930,AFTER_SESSION_CLOSE,UNKNOWN,False,Common stock feature inputs include adjusted EOD/tradability; source schemas do not retain actual provider available_at timestamps.
stock_features,2019,2019-01-08,3630,20260930,AFTER_SESSION_CLOSE,UNKNOWN,False,Common stock feature inputs include adjusted EOD/tradability; source schemas do not retain actual provider available_at timestamps.
stock_features,2019,2019-01-11,5274,20260930,AFTER_SESSION_CLOSE,UNKNOWN,False,Common stock feature inputs include adjusted EOD/tradability; source schemas do not retain actual provider available_at timestamps.
stock_features,2019,2019-01-15,6435,20260930,AFTER_SESSION_CLOSE,UNKNOWN,False,Common stock feature inputs include adjusted EOD/tradability; source schemas do not retain actual provider available_at timestamps.
stock_features,2019,2019-01-16,4190,20260930,AFTER_SESSION_CLOSE,UNKNOWN,False,Common stock feature inputs include adjusted EOD/tradability; source schemas do not retain actual provider available_at timestamps.
stock_features,2019,2019-01-16,6643,20260930,AFTER_SESSION_CLOSE,UNKNOWN,False,Common stock feature inputs include adjusted EOD/tradability; source schemas do not retain actual provider available_at timestamps.
stock_features,2019,2019-01-17,3231,20260930,AFTER_SESSION_CLOSE,UNKNOWN,False,Common stock feature inputs include adjusted EOD/tradability; source schemas do not retain actual provider available_at timestamps.
stock_features,2019,2019-01-18,4147,20260930,AFTER_SESSION_CLOSE,UNKNOWN,False,Common stock feature inputs include adjusted EOD/tradability; source schemas do not retain actual provider available_at timestamps.
stock_features,2019,2019-01-21,3527,20260930,AFTER_SESSION_CLOSE,UNKNOWN,False,Common stock feature inputs include adjusted EOD/tradability; source schemas do not retain actual provider available_at timestamps.
stock_features,2019,2019-01-24,4123,20260930,AFTER_SESSION_CLOSE,UNKNOWN,False,Common stock feature inputs include adjusted EOD/tradability; source schemas do not retain actual provider available_at timestamps.
stock_features,2019,2019-01-28,3036,20260930,AFTER_SESSION_CLOSE,UNKNOWN,False,Common stock feature inputs include adjusted EOD/tradability; source schemas do not retain actual provider available_at timestamps.
stock_features,2019,2019-01-30,5299,20260930,AFTER_SESSION_CLOSE,UNKNOWN,False,Common stock feature inputs include adjusted EOD/tradability; source schemas do not retain actual provider available_at timestamps.
stock_features,2019,2019-01-30,6411,20260930,AFTER_SESSION_CLOSE,UNKNOWN,False,Common stock feature inputs include adjusted EOD/tradability; source schemas do not retain actual provider available_at timestamps.
stock_features,2019,2019-02-11,4958,20260930,AFTER_SESSION_CLOSE,UNKNOWN,False,Common stock feature inputs include adjusted EOD/tradability; source schemas do not retain actual provider available_at timestamps.
stock_features,2019,2019-02-12,1526,20260930,AFTER_SESSION_CLOSE,UNKNOWN,False,Common stock feature inputs include adjusted EOD/tradability; source schemas do not retain actual provider available_at timestamps.
stock_features,2019,2019-02-12,8464,20260930,AFTER_SESSION_CLOSE,UNKNOWN,False,Common stock feature inputs include adjusted EOD/tradability; source schemas do not retain actual provider available_at timestamps.
stock_features,2019,2019-02-13,2892,20260930,AFTER_SESSION_CLOSE,UNKNOWN,False,Common stock feature inputs include adjusted EOD/tradability; source schemas do not retain actual provider available_at timestamps.
stock_features,2019,2019-02-13,3044,20260930,AFTER_SESSION_CLOSE,UNKNOWN,False,Common stock feature inputs include adjusted EOD/tradability; source schemas do not retain actual provider available_at timestamps.
stock_features,2019,2019-02-18,8028,20260930,AFTER_SESSION_CLOSE,UNKNOWN,False,Common stock feature inputs include adjusted EOD/tradability; source schemas do not retain actual provider available_at timestamps.
stock_features,2019,2019-02-25,2207,20260930,AFTER_SESSION_CLOSE,UNKNOWN,False,Common stock feature inputs include adjusted EOD/tradability; source schemas do not retain actual provider available_at timestamps.
stock_features,2019,2019-02-26,4803,20260930,AFTER_SESSION_CLOSE,UNKNOWN,False,Common stock feature inputs include adjusted EOD/tradability; source schemas do not retain actual provider available_at timestamps.
stock_features,2019,2019-02-26,8039,20260930,AFTER_SESSION_CLOSE,UNKNOWN,False,Common stock feature inputs include adjusted EOD/tradability; source schemas do not retain actual provider available_at timestamps.
stock_features,2019,2019-02-27,3665,20260930,AFTER_SESSION_CLOSE,UNKNOWN,False,Common stock feature inputs include adjusted EOD/tradability; source schemas do not retain actual provider available_at timestamps.
stock_features,2019,2019-03-04,3530,20260930,AFTER_SESSION_CLOSE,UNKNOWN,False,Common stock feature inputs include adjusted EOD/tradability; source schemas do not retain actual provider available_at timestamps.
stock_features,2019,2019-03-04,8039,20260930,AFTER_SESSION_CLOSE,UNKNOWN,False,Common stock feature inputs include adjusted EOD/tradability; source schemas do not retain actual provider available_at timestamps.
stock_features,2019,2019-03-05,4162,20260930,AFTER_SESSION_CLOSE,UNKNOWN,False,Common stock feature inputs include adjusted EOD/tradability; source schemas do not retain actual provider available_at timestamps.
stock_features,2019,2019-03-05,6435,20260930,AFTER_SESSION_CLOSE,UNKNOWN,False,Common stock feature inputs include adjusted EOD/tradability; source schemas do not retain actual provider available_at timestamps.
stock_features,2019,2019-03-11,1565,20260930,AFTER_SESSION_CLOSE,UNKNOWN,False,Common stock feature inputs include adjusted EOD/tradability; source schemas do not retain actual provider available_at timestamps.
stock_features,2019,2019-03-11,2347,20260930,AFTER_SESSION_CLOSE,UNKNOWN,False,Common stock feature inputs include adjusted EOD/tradability; source schemas do not retain actual provider available_at timestamps.
stock_features,2019,2019-03-11,3665,20260930,AFTER_SESSION_CLOSE,UNKNOWN,False,Common stock feature inputs include adjusted EOD/tradability; source schemas do not retain actual provider available_at timestamps.
stock_features,2019,2019-03-13,1515,20260930,AFTER_SESSION_CLOSE,UNKNOWN,False,Common stock feature inputs include adjusted EOD/tradability; source schemas do not retain actual provider available_at timestamps.
stock_features,2019,2019-03-13,1522,20260930,AFTER_SESSION_CLOSE,UNKNOWN,False,Common stock feature inputs include adjusted EOD/tradability; source schemas do not retain actual provider available_at timestamps.
stock_features,2019,2019-03-13,4739,20260930,AFTER_SESSION_CLOSE,UNKNOWN,False,Common stock feature inputs include adjusted EOD/tradability; source schemas do not retain actual provider available_at timestamps.
stock_features,2019,2019-03-18,3583,20260930,AFTER_SESSION_CLOSE,UNKNOWN,False,Common stock feature inputs include adjusted EOD/tradability; source schemas do not retain actual provider available_at timestamps.
stock_features,2019,2019-03-21,1597,20260930,AFTER_SESSION_CLOSE,UNKNOWN,False,Common stock feature inputs include adjusted EOD/tradability; source schemas do not retain actual provider available_at timestamps.
stock_features,2019,2019-03-21,1904,20260930,AFTER_SESSION_CLOSE,UNKNOWN,False,Common stock feature inputs include adjusted EOD/tradability; source schemas do not retain actual provider available_at timestamps.
stock_features,2019,2019-03-22,5876,20260930,AFTER_SESSION_CLOSE,UNKNOWN,False,Common stock feature inputs include adjusted EOD/tradability; source schemas do not retain actual provider available_at timestamps.
stock_features,2019,2019-03-25,6668,20260930,AFTER_SESSION_CLOSE,UNKNOWN,False,Common stock feature inputs include adjusted EOD/tradability; source schemas do not retain actual provider available_at timestamps.
stock_features,2019,2019-03-26,3016,20260930,AFTER_SESSION_CLOSE,UNKNOWN,False,Common stock feature inputs include adjusted EOD/tradability; source schemas do not retain actual provider available_at timestamps.
stock_features,2019,2019-03-29,6269,20260930,AFTER_SESSION_CLOSE,UNKNOWN,False,Common stock feature inputs include adjusted EOD/tradability; source schemas do not retain actual provider available_at timestamps.
stock_features,2019,2019-04-08,3023,20260930,AFTER_SESSION_CLOSE,UNKNOWN,False,Common stock feature inputs include adjusted EOD/tradability; source schemas do not retain actual provider available_at timestamps.
stock_features,2019,2019-04-11,2467,20260930,AFTER_SESSION_CLOSE,UNKNOWN,False,Common stock feature inputs include adjusted EOD/tradability; source schemas do not retain actual provider available_at timestamps.
stock_features,2019,2019-04-11,5871,20260930,AFTER_SESSION_CLOSE,UNKNOWN,False,Common stock feature inputs include adjusted EOD/tradability; source schemas do not retain actual provider available_at timestamps.
stock_features,2019,2019-04-12,1589,20260930,AFTER_SESSION_CLOSE,UNKNOWN,False,Common stock feature inputs include adjusted EOD/tradability; source schemas do not retain actual provider available_at timestamps.
stock_features,2019,2019-04-16,1504,20260930,AFTER_SESSION_CLOSE,UNKNOWN,False,Common stock feature inputs include adjusted EOD/tradability; source schemas do not retain actual provider available_at timestamps.
stock_features,2019,2019-04-18,3004,20260930,AFTER_SESSION_CLOSE,UNKNOWN,False,Common stock feature inputs include adjusted EOD/tradability; source schemas do not retain actual provider available_at timestamps.
stock_features,2019,2019-04-19,3217,20260930,AFTER_SESSION_CLOSE,UNKNOWN,False,Common stock feature inputs include adjusted EOD/tradability; source schemas do not retain actual provider available_at timestamps.
stock_features,2019,2019-04-19,3596,20260930,AFTER_SESSION_CLOSE,UNKNOWN,False,Common stock feature inputs include adjusted EOD/tradability; source schemas do not retain actual provider available_at timestamps.
stock_features,2019,2019-04-24,2002,20260930,AFTER_SESSION_CLOSE,UNKNOWN,False,Common stock feature inputs include adjusted EOD/tradability; source schemas do not retain actual provider available_at timestamps.
stock_features,2019,2019-04-25,1515,20260930,AFTER_SESSION_CLOSE,UNKNOWN,False,Common stock feature inputs include adjusted EOD/tradability; source schemas do not retain actual provider available_at timestamps.
stock_features,2019,2019-05-03,3059,20260930,AFTER_SESSION_CLOSE,UNKNOWN,False,Common stock feature inputs include adjusted EOD/tradability; source schemas do not retain actual provider available_at timestamps.
stock_features,2019,2019-05-03,6505,20260930,AFTER_SESSION_CLOSE,UNKNOWN,False,Common stock feature inputs include adjusted EOD/tradability; source schemas do not retain actual provider available_at timestamps.
stock_features,2019,2019-05-10,2732,20260930,AFTER_SESSION_CLOSE,UNKNOWN,False,Common stock feature inputs include adjusted EOD/tradability; source schemas do not retain actual provider available_at timestamps.
stock_features,2019,2019-05-10,3504,20260930,AFTER_SESSION_CLOSE,UNKNOWN,False,Common stock feature inputs include adjusted EOD/tradability; source schemas do not retain actual provider available_at timestamps.
stock_features,2019,2019-05-14,6239,20260930,AFTER_SESSION_CLOSE,UNKNOWN,False,Common stock feature inputs include adjusted EOD/tradability; source schemas do not retain actual provider available_at timestamps.
stock_features,2019,2019-05-15,2385,20260930,AFTER_SESSION_CLOSE,UNKNOWN,False,Common stock feature inputs include adjusted EOD/tradability; source schemas do not retain actual provider available_at timestamps.
stock_features,2019,2019-05-15,3450,20260930,AFTER_SESSION_CLOSE,UNKNOWN,False,Common stock feature inputs include adjusted EOD/tradability; source schemas do not retain actual provider available_at timestamps.
stock_features,2019,2019-05-15,3527,20260930,AFTER_SESSION_CLOSE,UNKNOWN,False,Common stock feature inputs include adjusted EOD/tradability; source schemas do not retain actual provider available_at timestamps.
stock_features,2019,2019-05-16,2605,20260930,AFTER_SESSION_CLOSE,UNKNOWN,False,Common stock feature inputs include adjusted EOD/tradability; source schemas do not retain actual provider available_at timestamps.
stock_features,2019,2019-05-20,1537,20260930,AFTER_SESSION_CLOSE,UNKNOWN,False,Common stock feature inputs include adjusted EOD/tradability; source schemas do not retain actual provider available_at timestamps.
stock_features,2019,2019-05-22,3450,20260930,AFTER_SESSION_CLOSE,UNKNOWN,False,Common stock feature inputs include adjusted EOD/tradability; source schemas do not retain actual provider available_at timestamps.
stock_features,2019,2019-05-23,1210,20260930,AFTER_SESSION_CLOSE,UNKNOWN,False,Common stock feature inputs include adjusted EOD/tradability; source schemas do not retain actual provider available_at timestamps.
stock_features,2019,2019-05-23,2891,20260930,AFTER_SESSION_CLOSE,UNKNOWN,False,Common stock feature inputs include adjusted EOD/tradability; source schemas do not retain actual provider available_at timestamps.
stock_features,2019,2019-05-23,3708,20260930,AFTER_SESSION_CLOSE,UNKNOWN,False,Common stock feature inputs include adjusted EOD/tradability; source schemas do not retain actual provider available_at timestamps.
stock_features,2019,2019-05-28,2301,20260930,AFTER_SESSION_CLOSE,UNKNOWN,False,Common stock feature inputs include adjusted EOD/tradability; source schemas do not retain actual provider available_at timestamps.
stock_features,2019,2019-05-29,6510,20260930,AFTER_SESSION_CLOSE,UNKNOWN,False,Common stock feature inputs include adjusted EOD/tradability; source schemas do not retain actual provider available_at timestamps.
stock_features,2019,2019-05-30,2913,20260930,AFTER_SESSION_CLOSE,UNKNOWN,False,Common stock feature inputs include adjusted EOD/tradability; source schemas do not retain actual provider available_at timestamps.
stock_features,2019,2019-05-31,2520,20260930,AFTER_SESSION_CLOSE,UNKNOWN,False,Common stock feature inputs include adjusted EOD/tradability; source schemas do not retain actual provider available_at timestamps.
stock_features,2019,2019-06-03,1301,20260930,AFTER_SESSION_CLOSE,UNKNOWN,False,Common stock feature inputs include adjusted EOD/tradability; source schemas do not retain actual provider available_at timestamps.
stock_features,2019,2019-06-04,3413,20260930,AFTER_SESSION_CLOSE,UNKNOWN,False,Common stock feature inputs include adjusted EOD/tradability; source schemas do not retain actual provider available_at timestamps.
stock_features,2019,2019-06-04,4919,20260930,AFTER_SESSION_CLOSE,UNKNOWN,False,Common stock feature inputs include adjusted EOD/tradability; source schemas do not retain actual provider available_at timestamps.
stock_features,2019,2019-06-05,1536,20260930,AFTER_SESSION_CLOSE,UNKNOWN,False,Common stock feature inputs include adjusted EOD/tradability; source schemas do not retain actual provider available_at timestamps.
stock_features,2019,2019-06-05,3044,20260930,AFTER_SESSION_CLOSE,UNKNOWN,False,Common stock feature inputs include adjusted EOD/tradability; source schemas do not retain actual provider available_at timestamps.
stock_features,2019,2019-06-11,6505,20260930,AFTER_SESSION_CLOSE,UNKNOWN,False,Common stock feature inputs include adjusted EOD/tradability; source schemas do not retain actual provider available_at timestamps.
stock_features,2019,2019-06-12,2324,20260930,AFTER_SESSION_CLOSE,UNKNOWN,False,Common stock feature inputs include adjusted EOD/tradability; source schemas do not retain actual provider available_at timestamps.
stock_features,2019,2019-06-14,2633,20260930,AFTER_SESSION_CLOSE,UNKNOWN,False,Common stock feature inputs include adjusted EOD/tradability; source schemas do not retain actual provider available_at timestamps.
stock_features,2019,2019-06-17,6269,20260930,AFTER_SESSION_CLOSE,UNKNOWN,False,Common stock feature inputs include adjusted EOD/tradability; source schemas do not retain actual provider available_at timestamps.
stock_features,2019,2019-06-18,2548,20260930,AFTER_SESSION_CLOSE,UNKNOWN,False,Common stock feature inputs include adjusted EOD/tradability; source schemas do not retain actual provider available_at timestamps.
stock_features,2019,2019-06-18,9914,20260930,AFTER_SESSION_CLOSE,UNKNOWN,False,Common stock feature inputs include adjusted EOD/tradability; source schemas do not retain actual provider available_at timestamps.
stock_features,2019,2019-06-19,4904,20260930,AFTER_SESSION_CLOSE,UNKNOWN,False,Common stock feature inputs include adjusted EOD/tradability; source schemas do not retain actual provider available_at timestamps.
stock_features,2019,2019-06-20,2891,20260930,AFTER_SESSION_CLOSE,UNKNOWN,False,Common stock feature inputs include adjusted EOD/tradability; source schemas do not retain actual provider available_at timestamps.
stock_features,2019,2019-06-25,2474,20260930,AFTER_SESSION_CLOSE,UNKNOWN,False,Common stock feature inputs include adjusted EOD/tradability; source schemas do not retain actual provider available_at timestamps.
stock_features,2019,2019-06-26,3563,20260930,AFTER_SESSION_CLOSE,UNKNOWN,False,Common stock feature inputs include adjusted EOD/tradability; source schemas do not retain actual provider available_at timestamps.
stock_features,2019,2019-06-27,2385,20260930,AFTER_SESSION_CLOSE,UNKNOWN,False,Common stock feature inputs include adjusted EOD/tradability; source schemas do not retain actual provider available_at timestamps.
stock_features,2019,2019-06-27,8046,20260930,AFTER_SESSION_CLOSE,UNKNOWN,False,Common stock feature inputs include adjusted EOD/tradability; source schemas do not retain actual provider available_at timestamps.
stock_features,2019,2019-07-03,2484,20260930,AFTER_SESSION_CLOSE,UNKNOWN,False,Common stock feature inputs include adjusted EOD/tradability; source schemas do not retain actual provider available_at timestamps.
stock_features,2019,2019-07-04,1515,20260930,AFTER_SESSION_CLOSE,UNKNOWN,False,Common stock feature inputs include adjusted EOD/tradability; source schemas do not retain actual provider available_at timestamps.
stock_features,2019,2019-07-05,1326,20260930,AFTER_SESSION_CLOSE,UNKNOWN,False,Common stock feature inputs include adjusted EOD/tradability; source schemas do not retain actual provider available_at timestamps.
stock_features,2019,2019-07-08,1795,20260930,AFTER_SESSION_CLOSE,UNKNOWN,False,Common stock feature inputs include adjusted EOD/tradability; source schemas do not retain actual provider available_at timestamps.
stock_features,2019,2019-07-08,2634,20260930,AFTER_SESSION_CLOSE,UNKNOWN,False,Common stock feature inputs include adjusted EOD/tradability; source schemas do not retain actual provider available_at timestamps.
stock_features,2019,2019-07-15,3044,20260930,AFTER_SESSION_CLOSE,UNKNOWN,False,Common stock feature inputs include adjusted EOD/tradability; source schemas do not retain actual provider available_at timestamps.
stock_features,2019,2019-07-23,4803,20260930,AFTER_SESSION_CLOSE,UNKNOWN,False,Common stock feature inputs include adjusted EOD/tradability; source schemas do not retain actual provider available_at timestamps.
stock_features,2019,2019-07-25,3711,20260930,AFTER_SESSION_CLOSE,UNKNOWN,False,Common stock feature inputs include adjusted EOD/tradability; source schemas do not retain actual provider available_at timestamps.
stock_features,2019,2019-07-25,4906,20260930,AFTER_SESSION_CLOSE,UNKNOWN,False,Common stock feature inputs include adjusted EOD/tradability; source schemas do not retain actual provider available_at timestamps.
stock_features,2019,2019-07-30,5871,20260930,AFTER_SESSION_CLOSE,UNKNOWN,False,Common stock feature inputs include adjusted EOD/tradability; source schemas do not retain actual provider available_at timestamps.
stock_features,2019,2019-07-30,6239,20260930,AFTER_SESSION_CLOSE,UNKNOWN,False,Common stock feature inputs include adjusted EOD/tradability; source schemas do not retain actual provider available_at timestamps.
stock_features,2019,2019-07-30,6568,20260930,AFTER_SESSION_CLOSE,UNKNOWN,False,Common stock feature inputs include adjusted EOD/tradability; source schemas do not retain actual provider available_at timestamps.
stock_features,2019,2019-07-31,5264,20260930,AFTER_SESSION_CLOSE,UNKNOWN,False,Common stock feature inputs include adjusted EOD/tradability; source schemas do not retain actual provider available_at timestamps.
stock_features,2019,2019-08-01,4915,20260930,AFTER_SESSION_CLOSE,UNKNOWN,False,Common stock feature inputs include adjusted EOD/tradability; source schemas do not retain actual provider available_at timestamps.
stock_features,2019,2019-08-01,4938,20260930,AFTER_SESSION_CLOSE,UNKNOWN,False,Common stock feature inputs include adjusted EOD/tradability; source schemas do not retain actual provider available_at timestamps.
stock_features,2019,2019-08-01,6290,20260930,AFTER_SESSION_CLOSE,UNKNOWN,False,Common stock feature inputs include adjusted EOD/tradability; source schemas do not retain actual provider available_at timestamps.
stock_features,2019,2019-08-06,2367,20260930,AFTER_SESSION_CLOSE,UNKNOWN,False,Common stock feature inputs include adjusted EOD/tradability; source schemas do not retain actual provider available_at timestamps.
stock_features,2019,2019-08-07,2105,20260930,AFTER_SESSION_CLOSE,UNKNOWN,False,Common stock feature inputs include adjusted EOD/tradability; source schemas do not retain actual provider available_at timestamps.
stock_features,2019,2019-08-08,5434,20260930,AFTER_SESSION_CLOSE,UNKNOWN,False,Common stock feature inputs include adjusted EOD/tradability; source schemas do not retain actual provider available_at timestamps.
stock_features,2019,2019-08-13,1760,20260930,AFTER_SESSION_CLOSE,UNKNOWN,False,Common stock feature inputs include adjusted EOD/tradability; source schemas do not retain actual provider available_at timestamps.
stock_features,2019,2019-08-13,2347,20260930,AFTER_SESSION_CLOSE,UNKNOWN,False,Common stock feature inputs include adjusted EOD/tradability; source schemas do not retain actual provider available_at timestamps.
stock_features,2019,2019-08-13,8081,20260930,AFTER_SESSION_CLOSE,UNKNOWN,False,Common stock feature inputs include adjusted EOD/tradability; source schemas do not retain actual provider available_at timestamps.
stock_features,2019,2019-08-14,4927,20260930,AFTER_SESSION_CLOSE,UNKNOWN,False,Common stock feature inputs include adjusted EOD/tradability; source schemas do not retain actual provider available_at timestamps.
stock_features,2019,2019-08-16,4137,20260930,AFTER_SESSION_CLOSE,UNKNOWN,False,Common stock feature inputs include adjusted EOD/tradability; source schemas do not retain actual provider available_at timestamps.
stock_features,2019,2019-08-19,6462,20260930,AFTER_SESSION_CLOSE,UNKNOWN,False,Common stock feature inputs include adjusted EOD/tradability; source schemas do not retain actual provider available_at timestamps.
stock_features,2019,2019-08-20,2461,20260930,AFTER_SESSION_CLOSE,UNKNOWN,False,Common stock feature inputs include adjusted EOD/tradability; source schemas do not retain actual provider available_at timestamps.
stock_features,2019,2019-08-21,1312,20260930,AFTER_SESSION_CLOSE,UNKNOWN,False,Common stock feature inputs include adjusted EOD/tradability; source schemas do not retain actual provider available_at timestamps.
stock_features,2019,2019-08-22,8086,20260930,AFTER_SESSION_CLOSE,UNKNOWN,False,Common stock feature inputs include adjusted EOD/tradability; source schemas do not retain actual provider available_at timestamps.
stock_features,2019,2019-08-26,3036,20260930,AFTER_SESSION_CLOSE,UNKNOWN,False,Common stock feature inputs include adjusted EOD/tradability; source schemas do not retain actual provider available_at timestamps.
stock_features,2019,2019-08-28,1102,20260930,AFTER_SESSION_CLOSE,UNKNOWN,False,Common stock feature inputs include adjusted EOD/tradability; source schemas do not retain actual provider available_at timestamps.
stock_features,2019,2019-08-28,2723,20260930,AFTER_SESSION_CLOSE,UNKNOWN,False,Common stock feature inputs include adjusted EOD/tradability; source schemas do not retain actual provider available_at timestamps.
stock_features,2019,2019-08-29,1589,20260930,AFTER_SESSION_CLOSE,UNKNOWN,False,Common stock feature inputs include adjusted EOD/tradability; source schemas do not retain actual provider available_at timestamps.
stock_features,2019,2019-08-30,3227,20260930,AFTER_SESSION_CLOSE,UNKNOWN,False,Common stock feature inputs include adjusted EOD/tradability; source schemas do not retain actual provider available_at timestamps.
stock_features,2019,2019-09-02,2382,20260930,AFTER_SESSION_CLOSE,UNKNOWN,False,Common stock feature inputs include adjusted EOD/tradability; source schemas do not retain actual provider available_at timestamps.
stock_features,2019,2019-09-03,3217,20260930,AFTER_SESSION_CLOSE,UNKNOWN,False,Common stock feature inputs include adjusted EOD/tradability; source schemas do not retain actual provider available_at timestamps.
stock_features,2019,2019-09-06,2448,20260930,AFTER_SESSION_CLOSE,UNKNOWN,False,Common stock feature inputs include adjusted EOD/tradability; source schemas do not retain actual provider available_at timestamps.
stock_features,2019,2019-09-11,3611,20260930,AFTER_SESSION_CLOSE,UNKNOWN,False,Common stock feature inputs include adjusted EOD/tradability; source schemas do not retain actual provider available_at timestamps.
stock_features,2019,2019-09-12,3034,20260930,AFTER_SESSION_CLOSE,UNKNOWN,False,Common stock feature inputs include adjusted EOD/tradability; source schemas do not retain actual provider available_at timestamps.
stock_features,2019,2019-09-12,3661,20260930,AFTER_SESSION_CLOSE,UNKNOWN,False,Common stock feature inputs include adjusted EOD/tradability; source schemas do not retain actual provider available_at timestamps.
stock_features,2019,2019-09-12,8210,20260930,AFTER_SESSION_CLOSE,UNKNOWN,False,Common stock feature inputs include adjusted EOD/tradability; source schemas do not retain actual provider available_at timestamps.
stock_features,2019,2019-09-19,1434,20260930,AFTER_SESSION_CLOSE,UNKNOWN,False,Common stock feature inputs include adjusted EOD/tradability; source schemas do not retain actual provider available_at timestamps.
stock_features,2019,2019-09-19,1590,20260930,AFTER_SESSION_CLOSE,UNKNOWN,False,Common stock feature inputs include adjusted EOD/tradability; source schemas do not retain actual provider available_at timestamps.
stock_features,2019,2019-09-19,5457,20260930,AFTER_SESSION_CLOSE,UNKNOWN,False,Common stock feature inputs include adjusted EOD/tradability; source schemas do not retain actual provider available_at timestamps.
stock_features,2019,2019-09-19,9914,20260930,AFTER_SESSION_CLOSE,UNKNOWN,False,Common stock feature inputs include adjusted EOD/tradability; source schemas do not retain actual provider available_at timestamps.
stock_features,2019,2019-09-23,2015,20260930,AFTER_SESSION_CLOSE,UNKNOWN,False,Common stock feature inputs include adjusted EOD/tradability; source schemas do not retain actual provider available_at timestamps.
stock_features,2019,2019-09-23,8462,20260930,AFTER_SESSION_CLOSE,UNKNOWN,False,Common stock feature inputs include adjusted EOD/tradability; source schemas do not retain actual provider available_at timestamps.
stock_features,2019,2019-09-25,3023,20260930,AFTER_SESSION_CLOSE,UNKNOWN,False,Common stock feature inputs include adjusted EOD/tradability; source schemas do not retain actual provider available_at timestamps.
stock_features,2019,2019-09-27,1536,20260930,AFTER_SESSION_CLOSE,UNKNOWN,False,Common stock feature inputs include adjusted EOD/tradability; source schemas do not retain actual provider available_at timestamps.
stock_features,2019,2019-10-02,6670,20260930,AFTER_SESSION_CLOSE,UNKNOWN,False,Common stock feature inputs include adjusted EOD/tradability; source schemas do not retain actual provider available_at timestamps.
stock_features,2019,2019-10-07,2377,20260930,AFTER_SESSION_CLOSE,UNKNOWN,False,Common stock feature inputs include adjusted EOD/tradability; source schemas do not retain actual provider available_at timestamps.
stock_features,2019,2019-10-07,4915,20260930,AFTER_SESSION_CLOSE,UNKNOWN,False,Common stock feature inputs include adjusted EOD/tradability; source schemas do not retain actual provider available_at timestamps.
stock_features,2019,2019-10-14,3374,20260930,AFTER_SESSION_CLOSE,UNKNOWN,False,Common stock feature inputs include adjusted EOD/tradability; source schemas do not retain actual provider available_at timestamps.
stock_features,2019,2019-10-16,6643,20260930,AFTER_SESSION_CLOSE,UNKNOWN,False,Common stock feature inputs include adjusted EOD/tradability; source schemas do not retain actual provider available_at timestamps.
stock_features,2019,2019-10-16,6670,20260930,AFTER_SESSION_CLOSE,UNKNOWN,False,Common stock feature inputs include adjusted EOD/tradability; source schemas do not retain actual provider available_at timestamps.
stock_features,2019,2019-10-21,1476,20260930,AFTER_SESSION_CLOSE,UNKNOWN,False,Common stock feature inputs include adjusted EOD/tradability; source schemas do not retain actual provider available_at timestamps.
stock_features,2019,2019-10-22,3673,20260930,AFTER_SESSION_CLOSE,UNKNOWN,False,Common stock feature inputs include adjusted EOD/tradability; source schemas do not retain actual provider available_at timestamps.
stock_features,2019,2019-10-23,2454,20260930,AFTER_SESSION_CLOSE,UNKNOWN,False,Common stock feature inputs include adjusted EOD/tradability; source schemas do not retain actual provider available_at timestamps.
stock_features,2019,2019-10-23,3008,20260930,AFTER_SESSION_CLOSE,UNKNOWN,False,Common stock feature inputs include adjusted EOD/tradability; source schemas do not retain actual provider available_at timestamps.
stock_features,2019,2019-10-25,3019,20260930,AFTER_SESSION_CLOSE,UNKNOWN,False,Common stock feature inputs include adjusted EOD/tradability; source schemas do not retain actual provider available_at timestamps.
stock_features,2019,2019-10-25,8489,20260930,AFTER_SESSION_CLOSE,UNKNOWN,False,Common stock feature inputs include adjusted EOD/tradability; source schemas do not retain actual provider available_at timestamps.
stock_features,2019,2019-11-01,2461,20260930,AFTER_SESSION_CLOSE,UNKNOWN,False,Common stock feature inputs include adjusted EOD/tradability; source schemas do not retain actual provider available_at timestamps.
stock_features,2019,2019-11-06,2412,20260930,AFTER_SESSION_CLOSE,UNKNOWN,False,Common stock feature inputs include adjusted EOD/tradability; source schemas do not retain actual provider available_at timestamps.
stock_features,2019,2019-11-11,2362,20260930,AFTER_SESSION_CLOSE,UNKNOWN,False,Common stock feature inputs include adjusted EOD/tradability; source schemas do not retain actual provider available_at timestamps.
stock_features,2019,2019-11-12,1752,20260930,AFTER_SESSION_CLOSE,UNKNOWN,False,Common stock feature inputs include adjusted EOD/tradability; source schemas do not retain actual provider available_at timestamps.
stock_features,2019,2019-11-13,6230,20260930,AFTER_SESSION_CLOSE,UNKNOWN,False,Common stock feature inputs include adjusted EOD/tradability; source schemas do not retain actual provider available_at timestamps.
stock_features,2019,2019-11-14,2301,20260930,AFTER_SESSION_CLOSE,UNKNOWN,False,Common stock feature inputs include adjusted EOD/tradability; source schemas do not retain actual provider available_at timestamps.
stock_features,2019,2019-11-18,2049,20260930,AFTER_SESSION_CLOSE,UNKNOWN,False,Common stock feature inputs include adjusted EOD/tradability; source schemas do not retain actual provider available_at timestamps.
stock_features,2019,2019-11-25,1795,20260930,AFTER_SESSION_CLOSE,UNKNOWN,False,Common stock feature inputs include adjusted EOD/tradability; source schemas do not retain actual provider available_at timestamps.
stock_features,2019,2019-11-25,2301,20260930,AFTER_SESSION_CLOSE,UNKNOWN,False,Common stock feature inputs include adjusted EOD/tradability; source schemas do not retain actual provider available_at timestamps.
stock_features,2019,2019-11-27,6176,20260930,AFTER_SESSION_CLOSE,UNKNOWN,False,Common stock feature inputs include adjusted EOD/tradability; source schemas do not retain actual provider available_at timestamps.
stock_features,2019,2019-12-04,2357,20260930,AFTER_SESSION_CLOSE,UNKNOWN,False,Common stock feature inputs include adjusted EOD/tradability; source schemas do not retain actual provider available_at timestamps.
stock_features,2019,2019-12-04,3189,20260930,AFTER_SESSION_CLOSE,UNKNOWN,False,Common stock feature inputs include adjusted EOD/tradability; source schemas do not retain actual provider available_at timestamps.
stock_features,2019,2019-12-06,6285,20260930,AFTER_SESSION_CLOSE,UNKNOWN,False,Common stock feature inputs include adjusted EOD/tradability; source schemas do not retain actual provider available_at timestamps.
stock_features,2019,2019-12-09,2912,20260930,AFTER_SESSION_CLOSE,UNKNOWN,False,Common stock feature inputs include adjusted EOD/tradability; source schemas do not retain actual provider available_at timestamps.
stock_features,2019,2019-12-10,2103,20260930,AFTER_SESSION_CLOSE,UNKNOWN,False,Common stock feature inputs include adjusted EOD/tradability; source schemas do not retain actual provider available_at timestamps.
stock_features,2019,2019-12-10,6510,20260930,AFTER_SESSION_CLOSE,UNKNOWN,False,Common stock feature inputs include adjusted EOD/tradability; source schemas do not retain actual provider available_at timestamps.
stock_features,2019,2019-12-12,2308,20260930,AFTER_SESSION_CLOSE,UNKNOWN,False,Common stock feature inputs include adjusted EOD/tradability; source schemas do not retain actual provider available_at timestamps.
stock_features,2019,2019-12-12,2347,20260930,AFTER_SESSION_CLOSE,UNKNOWN,False,Common stock feature inputs include adjusted EOD/tradability; source schemas do not retain actual provider available_at timestamps.
stock_features,2019,2019-12-12,8081,20260930,AFTER_SESSION_CLOSE,UNKNOWN,False,Common stock feature inputs include adjusted EOD/tradability; source schemas do not retain actual provider available_at timestamps.
stock_features,2019,2019-12-13,3293,20260930,AFTER_SESSION_CLOSE,UNKNOWN,False,Common stock feature inputs include adjusted EOD/tradability; source schemas do not retain actual provider available_at timestamps.
stock_features,2019,2019-12-13,4915,20260930,AFTER_SESSION_CLOSE,UNKNOWN,False,Common stock feature inputs include adjusted EOD/tradability; source schemas do not retain actual provider available_at timestamps.
stock_features,2019,2019-12-16,2421,20260930,AFTER_SESSION_CLOSE,UNKNOWN,False,Common stock feature inputs include adjusted EOD/tradability; source schemas do not retain actual provider available_at timestamps.
stock_features,2019,2019-12-16,6176,20260930,AFTER_SESSION_CLOSE,UNKNOWN,False,Common stock feature inputs include adjusted EOD/tradability; source schemas do not retain actual provider available_at timestamps.
stock_features,2019,2019-12-16,6274,20260930,AFTER_SESSION_CLOSE,UNKNOWN,False,Common stock feature inputs include adjusted EOD/tradability; source schemas do not retain actual provider available_at timestamps.
stock_features,2019,2019-12-17,6592,20260930,AFTER_SESSION_CLOSE,UNKNOWN,False,Common stock feature inputs include adjusted EOD/tradability; source schemas do not retain actual provider available_at timestamps.
stock_features,2019,2019-12-18,2809,20260930,AFTER_SESSION_CLOSE,UNKNOWN,False,Common stock feature inputs include adjusted EOD/tradability; source schemas do not retain actual provider available_at timestamps.
stock_features,2019,2019-12-18,2892,20260930,AFTER_SESSION_CLOSE,UNKNOWN,False,Common stock feature inputs include adjusted EOD/tradability; source schemas do not retain actual provider available_at timestamps.
stock_features,2019,2019-12-20,4958,20260930,AFTER_SESSION_CLOSE,UNKNOWN,False,Common stock feature inputs include adjusted EOD/tradability; source schemas do not retain actual provider available_at timestamps.
stock_features,2019,2019-12-24,6411,20260930,AFTER_SESSION_CLOSE,UNKNOWN,False,Common stock feature inputs include adjusted EOD/tradability; source schemas do not retain actual provider available_at timestamps.
stock_features,2019,2019-12-25,1605,20260930,AFTER_SESSION_CLOSE,UNKNOWN,False,Common stock feature inputs include adjusted EOD/tradability; source schemas do not retain actual provider available_at timestamps.
stock_features,2019,2019-12-25,2449,20260930,AFTER_SESSION_CLOSE,UNKNOWN,False,Common stock feature inputs include adjusted EOD/tradability; source schemas do not retain actual provider available_at timestamps.
stock_features,2019,2019-12-25,3631,20260930,AFTER_SESSION_CLOSE,UNKNOWN,False,Common stock feature inputs include adjusted EOD/tradability; source schemas do not retain actual provider available_at timestamps.
stock_features,2019,2019-12-26,4938,20260930,AFTER_SESSION_CLOSE,UNKNOWN,False,Common stock feature inputs include adjusted EOD/tradability; source schemas do not retain actual provider available_at timestamps.
stock_features,2019,2019-12-30,6217,20260930,AFTER_SESSION_CLOSE,UNKNOWN,False,Common stock feature inputs include adjusted EOD/tradability; source schemas do not retain actual provider available_at timestamps.
market_context,2020,2020-01-09,MARKET_CONTEXT,20260930,AFTER_SESSION_CLOSE,UNKNOWN,False,TaiwanStockTotalReturnIndex has date/value but no retained actual available_at timestamp.
market_context,2020,2020-02-05,MARKET_CONTEXT,20260930,AFTER_SESSION_CLOSE,UNKNOWN,False,TaiwanStockTotalReturnIndex has date/value but no retained actual available_at timestamp.
market_context,2020,2020-02-11,MARKET_CONTEXT,20260930,AFTER_SESSION_CLOSE,UNKNOWN,False,TaiwanStockTotalReturnIndex has date/value but no retained actual available_at timestamp.
market_context,2020,2020-03-18,MARKET_CONTEXT,20260930,AFTER_SESSION_CLOSE,UNKNOWN,False,TaiwanStockTotalReturnIndex has date/value but no retained actual available_at timestamp.
market_context,2020,2020-03-20,MARKET_CONTEXT,20260930,AFTER_SESSION_CLOSE,UNKNOWN,False,TaiwanStockTotalReturnIndex has date/value but no retained actual available_at timestamp.
market_context,2020,2020-05-29,MARKET_CONTEXT,20260930,AFTER_SESSION_CLOSE,UNKNOWN,False,TaiwanStockTotalReturnIndex has date/value but no retained actual available_at timestamp.
market_context,2020,2020-06-18,MARKET_CONTEXT,20260930,AFTER_SESSION_CLOSE,UNKNOWN,False,TaiwanStockTotalReturnIndex has date/value but no retained actual available_at timestamp.
market_context,2020,2020-06-29,MARKET_CONTEXT,20260930,AFTER_SESSION_CLOSE,UNKNOWN,False,TaiwanStockTotalReturnIndex has date/value but no retained actual available_at timestamp.
market_context,2020,2020-07-30,MARKET_CONTEXT,20260930,AFTER_SESSION_CLOSE,UNKNOWN,False,TaiwanStockTotalReturnIndex has date/value but no retained actual available_at timestamp.
market_context,2020,2020-08-10,MARKET_CONTEXT,20260930,AFTER_SESSION_CLOSE,UNKNOWN,False,TaiwanStockTotalReturnIndex has date/value but no retained actual available_at timestamp.
market_context,2020,2020-10-19,MARKET_CONTEXT,20260930,AFTER_SESSION_CLOSE,UNKNOWN,False,TaiwanStockTotalReturnIndex has date/value but no retained actual available_at timestamp.
market_context,2020,2020-10-23,MARKET_CONTEXT,20260930,AFTER_SESSION_CLOSE,UNKNOWN,False,TaiwanStockTotalReturnIndex has date/value but no retained actual available_at timestamp.
stock_features,2020,2020-01-03,2353,20260930,AFTER_SESSION_CLOSE,UNKNOWN,False,Common stock feature inputs include adjusted EOD/tradability; source schemas do not retain actual provider available_at timestamps.
stock_features,2020,2020-01-03,3048,20260930,AFTER_SESSION_CLOSE,UNKNOWN,False,Common stock feature inputs include adjusted EOD/tradability; source schemas do not retain actual provider available_at timestamps.
stock_features,2020,2020-01-03,3583,20260930,AFTER_SESSION_CLOSE,UNKNOWN,False,Common stock feature inputs include adjusted EOD/tradability; source schemas do not retain actual provider available_at timestamps.
stock_features,2020,2020-01-03,5264,20260930,AFTER_SESSION_CLOSE,UNKNOWN,False,Common stock feature inputs include adjusted EOD/tradability; source schemas do not retain actual provider available_at timestamps.
stock_features,2020,2020-01-07,6290,20260930,AFTER_SESSION_CLOSE,UNKNOWN,False,Common stock feature inputs include adjusted EOD/tradability; source schemas do not retain actual provider available_at timestamps.
stock_features,2020,2020-01-08,2880,20260930,AFTER_SESSION_CLOSE,UNKNOWN,False,Common stock feature inputs include adjusted EOD/tradability; source schemas do not retain actual provider available_at timestamps.
stock_features,2020,2020-01-09,4958,20260930,AFTER_SESSION_CLOSE,UNKNOWN,False,Common stock feature inputs include adjusted EOD/tradability; source schemas do not retain actual provider available_at timestamps.
stock_features,2020,2020-01-10,4906,20260930,AFTER_SESSION_CLOSE,UNKNOWN,False,Common stock feature inputs include adjusted EOD/tradability; source schemas do not retain actual provider available_at timestamps.
stock_features,2020,2020-01-13,3231,20260930,AFTER_SESSION_CLOSE,UNKNOWN,False,Common stock feature inputs include adjusted EOD/tradability; source schemas do not retain actual provider available_at timestamps.
stock_features,2020,2020-01-15,4107,20260930,AFTER_SESSION_CLOSE,UNKNOWN,False,Common stock feature inputs include adjusted EOD/tradability; source schemas do not retain actual provider available_at timestamps.
stock_features,2020,2020-01-16,1504,20260930,AFTER_SESSION_CLOSE,UNKNOWN,False,Common stock feature inputs include adjusted EOD/tradability; source schemas do not retain actual provider available_at timestamps.
stock_features,2020,2020-01-16,4977,20260930,AFTER_SESSION_CLOSE,UNKNOWN,False,Common stock feature inputs include adjusted EOD/tradability; source schemas do not retain actual provider available_at timestamps.
stock_features,2020,2020-01-16,6683,20260930,AFTER_SESSION_CLOSE,UNKNOWN,False,Common stock feature inputs include adjusted EOD/tradability; source schemas do not retain actual provider available_at timestamps.
stock_features,2020,2020-02-03,3546,20260930,AFTER_SESSION_CLOSE,UNKNOWN,False,Common stock feature inputs include adjusted EOD/tradability; source schemas do not retain actual provider available_at timestamps.
stock_features,2020,2020-02-06,1210,20260930,AFTER_SESSION_CLOSE,UNKNOWN,False,Common stock feature inputs include adjusted EOD/tradability; source schemas do not retain actual provider available_at timestamps.
stock_features,2020,2020-02-06,2881,20260930,AFTER_SESSION_CLOSE,UNKNOWN,False,Common stock feature inputs include adjusted EOD/tradability; source schemas do not retain actual provider available_at timestamps.
stock_features,2020,2020-02-07,2385,20260930,AFTER_SESSION_CLOSE,UNKNOWN,False,Common stock feature inputs include adjusted EOD/tradability; source schemas do not retain actual provider available_at timestamps.
stock_features,2020,2020-02-07,3081,20260930,AFTER_SESSION_CLOSE,UNKNOWN,False,Common stock feature inputs include adjusted EOD/tradability; source schemas do not retain actual provider available_at timestamps.
stock_features,2020,2020-02-10,4958,20260930,AFTER_SESSION_CLOSE,UNKNOWN,False,Common stock feature inputs include adjusted EOD/tradability; source schemas do not retain actual provider available_at timestamps.
stock_features,2020,2020-02-11,1605,20260930,AFTER_SESSION_CLOSE,UNKNOWN,False,Common stock feature inputs include adjusted EOD/tradability; source schemas do not retain actual provider available_at timestamps.
stock_features,2020,2020-02-13,2354,20260930,AFTER_SESSION_CLOSE,UNKNOWN,False,Common stock feature inputs include adjusted EOD/tradability; source schemas do not retain actual provider available_at timestamps.
stock_features,2020,2020-02-17,3711,20260930,AFTER_SESSION_CLOSE,UNKNOWN,False,Common stock feature inputs include adjusted EOD/tradability; source schemas do not retain actual provider available_at timestamps.
stock_features,2020,2020-02-18,6547,20260930,AFTER_SESSION_CLOSE,UNKNOWN,False,Common stock feature inputs include adjusted EOD/tradability; source schemas do not retain actual provider available_at timestamps.
stock_features,2020,2020-02-18,6643,20260930,AFTER_SESSION_CLOSE,UNKNOWN,False,Common stock feature inputs include adjusted EOD/tradability; source schemas do not retain actual provider available_at timestamps.
stock_features,2020,2020-02-19,2104,20260930,AFTER_SESSION_CLOSE,UNKNOWN,False,Common stock feature inputs include adjusted EOD/tradability; source schemas do not retain actual provider available_at timestamps.
stock_features,2020,2020-02-19,3260,20260930,AFTER_SESSION_CLOSE,UNKNOWN,False,Common stock feature inputs include adjusted EOD/tradability; source schemas do not retain actual provider available_at timestamps.
stock_features,2020,2020-02-19,9919,20260930,AFTER_SESSION_CLOSE,UNKNOWN,False,Common stock feature inputs include adjusted EOD/tradability; source schemas do not retain actual provider available_at timestamps.
stock_features,2020,2020-02-27,2801,20260930,AFTER_SESSION_CLOSE,UNKNOWN,False,Common stock feature inputs include adjusted EOD/tradability; source schemas do not retain actual provider available_at timestamps.
stock_features,2020,2020-02-27,6505,20260930,AFTER_SESSION_CLOSE,UNKNOWN,False,Common stock feature inputs include adjusted EOD/tradability; source schemas do not retain actual provider available_at timestamps.
stock_features,2020,2020-02-27,8088,20260930,AFTER_SESSION_CLOSE,UNKNOWN,False,Common stock feature inputs include adjusted EOD/tradability; source schemas do not retain actual provider available_at timestamps.
stock_features,2020,2020-03-02,1904,20260930,AFTER_SESSION_CLOSE,UNKNOWN,False,Common stock feature inputs include adjusted EOD/tradability; source schemas do not retain actual provider available_at timestamps.
stock_features,2020,2020-03-03,3511,20260930,AFTER_SESSION_CLOSE,UNKNOWN,False,Common stock feature inputs include adjusted EOD/tradability; source schemas do not retain actual provider available_at timestamps.
stock_features,2020,2020-03-09,2015,20260930,AFTER_SESSION_CLOSE,UNKNOWN,False,Common stock feature inputs include adjusted EOD/tradability; source schemas do not retain actual provider available_at timestamps.
stock_features,2020,2020-03-09,2412,20260930,AFTER_SESSION_CLOSE,UNKNOWN,False,Common stock feature inputs include adjusted EOD/tradability; source schemas do not retain actual provider available_at timestamps.
stock_features,2020,2020-03-10,4915,20260930,AFTER_SESSION_CLOSE,UNKNOWN,False,Common stock feature inputs include adjusted EOD/tradability; source schemas do not retain actual provider available_at timestamps.
stock_features,2020,2020-03-10,8210,20260930,AFTER_SESSION_CLOSE,UNKNOWN,False,Common stock feature inputs include adjusted EOD/tradability; source schemas do not retain actual provider available_at timestamps.
stock_features,2020,2020-03-11,5289,20260930,AFTER_SESSION_CLOSE,UNKNOWN,False,Common stock feature inputs include adjusted EOD/tradability; source schemas do not retain actual provider available_at timestamps.
stock_features,2020,2020-03-12,3563,20260930,AFTER_SESSION_CLOSE,UNKNOWN,False,Common stock feature inputs include adjusted EOD/tradability; source schemas do not retain actual provider available_at timestamps.
stock_features,2020,2020-03-20,1565,20260930,AFTER_SESSION_CLOSE,UNKNOWN,False,Common stock feature inputs include adjusted EOD/tradability; source schemas do not retain actual provider available_at timestamps.
stock_features,2020,2020-03-20,3324,20260930,AFTER_SESSION_CLOSE,UNKNOWN,False,Common stock feature inputs include adjusted EOD/tradability; source schemas do not retain actual provider available_at timestamps.
stock_features,2020,2020-03-25,3260,20260930,AFTER_SESSION_CLOSE,UNKNOWN,False,Common stock feature inputs include adjusted EOD/tradability; source schemas do not retain actual provider available_at timestamps.
stock_features,2020,2020-03-26,6538,20260930,AFTER_SESSION_CLOSE,UNKNOWN,False,Common stock feature inputs include adjusted EOD/tradability; source schemas do not retain actual provider available_at timestamps.
stock_features,2020,2020-03-30,9904,20260930,AFTER_SESSION_CLOSE,UNKNOWN,False,Common stock feature inputs include adjusted EOD/tradability; source schemas do not retain actual provider available_at timestamps.
stock_features,2020,2020-03-31,2376,20260930,AFTER_SESSION_CLOSE,UNKNOWN,False,Common stock feature inputs include adjusted EOD/tradability; source schemas do not retain actual provider available_at timestamps.
stock_features,2020,2020-03-31,6409,20260930,AFTER_SESSION_CLOSE,UNKNOWN,False,Common stock feature inputs include adjusted EOD/tradability; source schemas do not retain actual provider available_at timestamps.
stock_features,2020,2020-04-01,6409,20260930,AFTER_SESSION_CLOSE,UNKNOWN,False,Common stock feature inputs include adjusted EOD/tradability; source schemas do not retain actual provider available_at timestamps.
stock_features,2020,2020-04-08,1476,20260930,AFTER_SESSION_CLOSE,UNKNOWN,False,Common stock feature inputs include adjusted EOD/tradability; source schemas do not retain actual provider available_at timestamps.
stock_features,2020,2020-04-14,3260,20260930,AFTER_SESSION_CLOSE,UNKNOWN,False,Common stock feature inputs include adjusted EOD/tradability; source schemas do not retain actual provider available_at timestamps.
stock_features,2020,2020-04-16,3260,20260930,AFTER_SESSION_CLOSE,UNKNOWN,False,Common stock feature inputs include adjusted EOD/tradability; source schemas do not retain actual provider available_at timestamps.
stock_features,2020,2020-04-17,2884,20260930,AFTER_SESSION_CLOSE,UNKNOWN,False,Common stock feature inputs include adjusted EOD/tradability; source schemas do not retain actual provider available_at timestamps.
stock_features,2020,2020-04-17,3373,20260930,AFTER_SESSION_CLOSE,UNKNOWN,False,Common stock feature inputs include adjusted EOD/tradability; source schemas do not retain actual provider available_at timestamps.
stock_features,2020,2020-04-21,4958,20260930,AFTER_SESSION_CLOSE,UNKNOWN,False,Common stock feature inputs include adjusted EOD/tradability; source schemas do not retain actual provider available_at timestamps.
stock_features,2020,2020-04-23,6643,20260930,AFTER_SESSION_CLOSE,UNKNOWN,False,Common stock feature inputs include adjusted EOD/tradability; source schemas do not retain actual provider available_at timestamps.
stock_features,2020,2020-04-23,8088,20260930,AFTER_SESSION_CLOSE,UNKNOWN,False,Common stock feature inputs include adjusted EOD/tradability; source schemas do not retain actual provider available_at timestamps.
stock_features,2020,2020-05-05,6643,20260930,AFTER_SESSION_CLOSE,UNKNOWN,False,Common stock feature inputs include adjusted EOD/tradability; source schemas do not retain actual provider available_at timestamps.
stock_features,2020,2020-05-08,1476,20260930,AFTER_SESSION_CLOSE,UNKNOWN,False,Common stock feature inputs include adjusted EOD/tradability; source schemas do not retain actual provider available_at timestamps.
stock_features,2020,2020-05-08,3558,20260930,AFTER_SESSION_CLOSE,UNKNOWN,False,Common stock feature inputs include adjusted EOD/tradability; source schemas do not retain actual provider available_at timestamps.
stock_features,2020,2020-05-08,5457,20260930,AFTER_SESSION_CLOSE,UNKNOWN,False,Common stock feature inputs include adjusted EOD/tradability; source schemas do not retain actual provider available_at timestamps.
stock_features,2020,2020-05-15,5483,20260930,AFTER_SESSION_CLOSE,UNKNOWN,False,Common stock feature inputs include adjusted EOD/tradability; source schemas do not retain actual provider available_at timestamps.
stock_features,2020,2020-05-19,3653,20260930,AFTER_SESSION_CLOSE,UNKNOWN,False,Common stock feature inputs include adjusted EOD/tradability; source schemas do not retain actual provider available_at timestamps.
stock_features,2020,2020-05-21,6274,20260930,AFTER_SESSION_CLOSE,UNKNOWN,False,Common stock feature inputs include adjusted EOD/tradability; source schemas do not retain actual provider available_at timestamps.
stock_features,2020,2020-05-21,6582,20260930,AFTER_SESSION_CLOSE,UNKNOWN,False,Common stock feature inputs include adjusted EOD/tradability; source schemas do not retain actual provider available_at timestamps.
stock_features,2020,2020-05-22,8044,20260930,AFTER_SESSION_CLOSE,UNKNOWN,False,Common stock feature inputs include adjusted EOD/tradability; source schemas do not retain actual provider available_at timestamps.
stock_features,2020,2020-05-25,2484,20260930,AFTER_SESSION_CLOSE,UNKNOWN,False,Common stock feature inputs include adjusted EOD/tradability; source schemas do not retain actual provider available_at timestamps.
stock_features,2020,2020-05-25,2882,20260930,AFTER_SESSION_CLOSE,UNKNOWN,False,Common stock feature inputs include adjusted EOD/tradability; source schemas do not retain actual provider available_at timestamps.
stock_features,2020,2020-05-25,8069,20260930,AFTER_SESSION_CLOSE,UNKNOWN,False,Common stock feature inputs include adjusted EOD/tradability; source schemas do not retain actual provider available_at timestamps.
stock_features,2020,2020-05-29,6111,20260930,AFTER_SESSION_CLOSE,UNKNOWN,False,Common stock feature inputs include adjusted EOD/tradability; source schemas do not retain actual provider available_at timestamps.
stock_features,2020,2020-05-29,6409,20260930,AFTER_SESSION_CLOSE,UNKNOWN,False,Common stock feature inputs include adjusted EOD/tradability; source schemas do not retain actual provider available_at timestamps.
stock_features,2020,2020-06-01,2548,20260930,AFTER_SESSION_CLOSE,UNKNOWN,False,Common stock feature inputs include adjusted EOD/tradability; source schemas do not retain actual provider available_at timestamps.
stock_features,2020,2020-06-01,3588,20260930,AFTER_SESSION_CLOSE,UNKNOWN,False,Common stock feature inputs include adjusted EOD/tradability; source schemas do not retain actual provider available_at timestamps.
stock_features,2020,2020-06-01,8436,20260930,AFTER_SESSION_CLOSE,UNKNOWN,False,Common stock feature inputs include adjusted EOD/tradability; source schemas do not retain actual provider available_at timestamps.
stock_features,2020,2020-06-02,6153,20260930,AFTER_SESSION_CLOSE,UNKNOWN,False,Common stock feature inputs include adjusted EOD/tradability; source schemas do not retain actual provider available_at timestamps.
stock_features,2020,2020-06-03,2227,20260930,AFTER_SESSION_CLOSE,UNKNOWN,False,Common stock feature inputs include adjusted EOD/tradability; source schemas do not retain actual provider available_at timestamps.
stock_features,2020,2020-06-04,4171,20260930,AFTER_SESSION_CLOSE,UNKNOWN,False,Common stock feature inputs include adjusted EOD/tradability; source schemas do not retain actual provider available_at timestamps.
stock_features,2020,2020-06-08,3529,20260930,AFTER_SESSION_CLOSE,UNKNOWN,False,Common stock feature inputs include adjusted EOD/tradability; source schemas do not retain actual provider available_at timestamps.
stock_features,2020,2020-06-08,6414,20260930,AFTER_SESSION_CLOSE,UNKNOWN,False,Common stock feature inputs include adjusted EOD/tradability; source schemas do not retain actual provider available_at timestamps.
stock_features,2020,2020-06-09,3289,20260930,AFTER_SESSION_CLOSE,UNKNOWN,False,Common stock feature inputs include adjusted EOD/tradability; source schemas do not retain actual provider available_at timestamps.
stock_features,2020,2020-06-11,2454,20260930,AFTER_SESSION_CLOSE,UNKNOWN,False,Common stock feature inputs include adjusted EOD/tradability; source schemas do not retain actual provider available_at timestamps.
stock_features,2020,2020-06-11,6446,20260930,AFTER_SESSION_CLOSE,UNKNOWN,False,Common stock feature inputs include adjusted EOD/tradability; source schemas do not retain actual provider available_at timestamps.
stock_features,2020,2020-06-16,9919,20260930,AFTER_SESSION_CLOSE,UNKNOWN,False,Common stock feature inputs include adjusted EOD/tradability; source schemas do not retain actual provider available_at timestamps.
stock_features,2020,2020-06-19,3529,20260930,AFTER_SESSION_CLOSE,UNKNOWN,False,Common stock feature inputs include adjusted EOD/tradability; source schemas do not retain actual provider available_at timestamps.
stock_features,2020,2020-06-29,4908,20260930,AFTER_SESSION_CLOSE,UNKNOWN,False,Common stock feature inputs include adjusted EOD/tradability; source schemas do not retain actual provider available_at timestamps.
stock_features,2020,2020-06-29,6538,20260930,AFTER_SESSION_CLOSE,UNKNOWN,False,Common stock feature inputs include adjusted EOD/tradability; source schemas do not retain actual provider available_at timestamps.
stock_features,2020,2020-07-01,1101,20260930,AFTER_SESSION_CLOSE,UNKNOWN,False,Common stock feature inputs include adjusted EOD/tradability; source schemas do not retain actual provider available_at timestamps.
stock_features,2020,2020-07-03,5876,20260930,AFTER_SESSION_CLOSE,UNKNOWN,False,Common stock feature inputs include adjusted EOD/tradability; source schemas do not retain actual provider available_at timestamps.
stock_features,2020,2020-07-06,6510,20260930,AFTER_SESSION_CLOSE,UNKNOWN,False,Common stock feature inputs include adjusted EOD/tradability; source schemas do not retain actual provider available_at timestamps.
stock_features,2020,2020-07-07,3023,20260930,AFTER_SESSION_CLOSE,UNKNOWN,False,Common stock feature inputs include adjusted EOD/tradability; source schemas do not retain actual provider available_at timestamps.
stock_features,2020,2020-07-07,5880,20260930,AFTER_SESSION_CLOSE,UNKNOWN,False,Common stock feature inputs include adjusted EOD/tradability; source schemas do not retain actual provider available_at timestamps.
stock_features,2020,2020-07-07,9921,20260930,AFTER_SESSION_CLOSE,UNKNOWN,False,Common stock feature inputs include adjusted EOD/tradability; source schemas do not retain actual provider available_at timestamps.
stock_features,2020,2020-07-08,1720,20260930,AFTER_SESSION_CLOSE,UNKNOWN,False,Common stock feature inputs include adjusted EOD/tradability; source schemas do not retain actual provider available_at timestamps.
stock_features,2020,2020-07-08,2356,20260930,AFTER_SESSION_CLOSE,UNKNOWN,False,Common stock feature inputs include adjusted EOD/tradability; source schemas do not retain actual provider available_at timestamps.
stock_features,2020,2020-07-14,2301,20260930,AFTER_SESSION_CLOSE,UNKNOWN,False,Common stock feature inputs include adjusted EOD/tradability; source schemas do not retain actual provider available_at timestamps.
stock_features,2020,2020-07-16,5321,20260930,AFTER_SESSION_CLOSE,UNKNOWN,False,Common stock feature inputs include adjusted EOD/tradability; source schemas do not retain actual provider available_at timestamps.
stock_features,2020,2020-07-21,2885,20260930,AFTER_SESSION_CLOSE,UNKNOWN,False,Common stock feature inputs include adjusted EOD/tradability; source schemas do not retain actual provider available_at timestamps.
stock_features,2020,2020-07-22,5434,20260930,AFTER_SESSION_CLOSE,UNKNOWN,False,Common stock feature inputs include adjusted EOD/tradability; source schemas do not retain actual provider available_at timestamps.
stock_features,2020,2020-07-23,6449,20260930,AFTER_SESSION_CLOSE,UNKNOWN,False,Common stock feature inputs include adjusted EOD/tradability; source schemas do not retain actual provider available_at timestamps.
stock_features,2020,2020-07-29,6213,20260930,AFTER_SESSION_CLOSE,UNKNOWN,False,Common stock feature inputs include adjusted EOD/tradability; source schemas do not retain actual provider available_at timestamps.
stock_features,2020,2020-07-30,3694,20260930,AFTER_SESSION_CLOSE,UNKNOWN,False,Common stock feature inputs include adjusted EOD/tradability; source schemas do not retain actual provider available_at timestamps.
stock_features,2020,2020-08-03,4108,20260930,AFTER_SESSION_CLOSE,UNKNOWN,False,Common stock feature inputs include adjusted EOD/tradability; source schemas do not retain actual provider available_at timestamps.
stock_features,2020,2020-08-05,4966,20260930,AFTER_SESSION_CLOSE,UNKNOWN,False,Common stock feature inputs include adjusted EOD/tradability; source schemas do not retain actual provider available_at timestamps.
stock_features,2020,2020-08-06,6230,20260930,AFTER_SESSION_CLOSE,UNKNOWN,False,Common stock feature inputs include adjusted EOD/tradability; source schemas do not retain actual provider available_at timestamps.
stock_features,2020,2020-08-11,2301,20260930,AFTER_SESSION_CLOSE,UNKNOWN,False,Common stock feature inputs include adjusted EOD/tradability; source schemas do not retain actual provider available_at timestamps.
stock_features,2020,2020-08-13,3014,20260930,AFTER_SESSION_CLOSE,UNKNOWN,False,Common stock feature inputs include adjusted EOD/tradability; source schemas do not retain actual provider available_at timestamps.
stock_features,2020,2020-08-13,3081,20260930,AFTER_SESSION_CLOSE,UNKNOWN,False,Common stock feature inputs include adjusted EOD/tradability; source schemas do not retain actual provider available_at timestamps.
stock_features,2020,2020-08-13,4979,20260930,AFTER_SESSION_CLOSE,UNKNOWN,False,Common stock feature inputs include adjusted EOD/tradability; source schemas do not retain actual provider available_at timestamps.
stock_features,2020,2020-08-14,3010,20260930,AFTER_SESSION_CLOSE,UNKNOWN,False,Common stock feature inputs include adjusted EOD/tradability; source schemas do not retain actual provider available_at timestamps.
stock_features,2020,2020-08-14,3078,20260930,AFTER_SESSION_CLOSE,UNKNOWN,False,Common stock feature inputs include adjusted EOD/tradability; source schemas do not retain actual provider available_at timestamps.
stock_features,2020,2020-08-21,3015,20260930,AFTER_SESSION_CLOSE,UNKNOWN,False,Common stock feature inputs include adjusted EOD/tradability; source schemas do not retain actual provider available_at timestamps.
stock_features,2020,2020-08-21,3044,20260930,AFTER_SESSION_CLOSE,UNKNOWN,False,Common stock feature inputs include adjusted EOD/tradability; source schemas do not retain actual provider available_at timestamps.
stock_features,2020,2020-08-21,9938,20260930,AFTER_SESSION_CLOSE,UNKNOWN,False,Common stock feature inputs include adjusted EOD/tradability; source schemas do not retain actual provider available_at timestamps.
stock_features,2020,2020-08-24,2347,20260930,AFTER_SESSION_CLOSE,UNKNOWN,False,Common stock feature inputs include adjusted EOD/tradability; source schemas do not retain actual provider available_at timestamps.
stock_features,2020,2020-08-24,2498,20260930,AFTER_SESSION_CLOSE,UNKNOWN,False,Common stock feature inputs include adjusted EOD/tradability; source schemas do not retain actual provider available_at timestamps.
stock_features,2020,2020-08-25,4142,20260930,AFTER_SESSION_CLOSE,UNKNOWN,False,Common stock feature inputs include adjusted EOD/tradability; source schemas do not retain actual provider available_at timestamps.
stock_features,2020,2020-08-27,3548,20260930,AFTER_SESSION_CLOSE,UNKNOWN,False,Common stock feature inputs include adjusted EOD/tradability; source schemas do not retain actual provider available_at timestamps.
stock_features,2020,2020-08-31,2498,20260930,AFTER_SESSION_CLOSE,UNKNOWN,False,Common stock feature inputs include adjusted EOD/tradability; source schemas do not retain actual provider available_at timestamps.
stock_features,2020,2020-08-31,6560,20260930,AFTER_SESSION_CLOSE,UNKNOWN,False,Common stock feature inputs include adjusted EOD/tradability; source schemas do not retain actual provider available_at timestamps.
stock_features,2020,2020-09-02,1734,20260930,AFTER_SESSION_CLOSE,UNKNOWN,False,Common stock feature inputs include adjusted EOD/tradability; source schemas do not retain actual provider available_at timestamps.
stock_features,2020,2020-09-04,2344,20260930,AFTER_SESSION_CLOSE,UNKNOWN,False,Common stock feature inputs include adjusted EOD/tradability; source schemas do not retain actual provider available_at timestamps.
stock_features,2020,2020-09-04,6582,20260930,AFTER_SESSION_CLOSE,UNKNOWN,False,Common stock feature inputs include adjusted EOD/tradability; source schemas do not retain actual provider available_at timestamps.
stock_features,2020,2020-09-07,1711,20260930,AFTER_SESSION_CLOSE,UNKNOWN,False,Common stock feature inputs include adjusted EOD/tradability; source schemas do not retain actual provider available_at timestamps.
stock_features,2020,2020-09-08,2881,20260930,AFTER_SESSION_CLOSE,UNKNOWN,False,Common stock feature inputs include adjusted EOD/tradability; source schemas do not retain actual provider available_at timestamps.
stock_features,2020,2020-09-09,6469,20260930,AFTER_SESSION_CLOSE,UNKNOWN,False,Common stock feature inputs include adjusted EOD/tradability; source schemas do not retain actual provider available_at timestamps.
stock_features,2020,2020-09-09,9919,20260930,AFTER_SESSION_CLOSE,UNKNOWN,False,Common stock feature inputs include adjusted EOD/tradability; source schemas do not retain actual provider available_at timestamps.
stock_features,2020,2020-09-10,3484,20260930,AFTER_SESSION_CLOSE,UNKNOWN,False,Common stock feature inputs include adjusted EOD/tradability; source schemas do not retain actual provider available_at timestamps.
stock_features,2020,2020-09-11,2231,20260930,AFTER_SESSION_CLOSE,UNKNOWN,False,Common stock feature inputs include adjusted EOD/tradability; source schemas do not retain actual provider available_at timestamps.
stock_features,2020,2020-09-15,6187,20260930,AFTER_SESSION_CLOSE,UNKNOWN,False,Common stock feature inputs include adjusted EOD/tradability; source schemas do not retain actual provider available_at timestamps.
stock_features,2020,2020-09-16,3008,20260930,AFTER_SESSION_CLOSE,UNKNOWN,False,Common stock feature inputs include adjusted EOD/tradability; source schemas do not retain actual provider available_at timestamps.
stock_features,2020,2020-09-16,6510,20260930,AFTER_SESSION_CLOSE,UNKNOWN,False,Common stock feature inputs include adjusted EOD/tradability; source schemas do not retain actual provider available_at timestamps.
stock_features,2020,2020-09-18,2376,20260930,AFTER_SESSION_CLOSE,UNKNOWN,False,Common stock feature inputs include adjusted EOD/tradability; source schemas do not retain actual provider available_at timestamps.
stock_features,2020,2020-09-18,6706,20260930,AFTER_SESSION_CLOSE,UNKNOWN,False,Common stock feature inputs include adjusted EOD/tradability; source schemas do not retain actual provider available_at timestamps.
stock_features,2020,2020-09-21,3325,20260930,AFTER_SESSION_CLOSE,UNKNOWN,False,Common stock feature inputs include adjusted EOD/tradability; source schemas do not retain actual provider available_at timestamps.
stock_features,2020,2020-09-21,8436,20260930,AFTER_SESSION_CLOSE,UNKNOWN,False,Common stock feature inputs include adjusted EOD/tradability; source schemas do not retain actual provider available_at timestamps.
stock_features,2020,2020-09-22,3034,20260930,AFTER_SESSION_CLOSE,UNKNOWN,False,Common stock feature inputs include adjusted EOD/tradability; source schemas do not retain actual provider available_at timestamps.
stock_features,2020,2020-09-28,1526,20260930,AFTER_SESSION_CLOSE,UNKNOWN,False,Common stock feature inputs include adjusted EOD/tradability; source schemas do not retain actual provider available_at timestamps.
stock_features,2020,2020-10-07,1513,20260930,AFTER_SESSION_CLOSE,UNKNOWN,False,Common stock feature inputs include adjusted EOD/tradability; source schemas do not retain actual provider available_at timestamps.
stock_features,2020,2020-10-08,3264,20260930,AFTER_SESSION_CLOSE,UNKNOWN,False,Common stock feature inputs include adjusted EOD/tradability; source schemas do not retain actual provider available_at timestamps.
stock_features,2020,2020-10-08,4958,20260930,AFTER_SESSION_CLOSE,UNKNOWN,False,Common stock feature inputs include adjusted EOD/tradability; source schemas do not retain actual provider available_at timestamps.
stock_features,2020,2020-10-12,2354,20260930,AFTER_SESSION_CLOSE,UNKNOWN,False,Common stock feature inputs include adjusted EOD/tradability; source schemas do not retain actual provider available_at timestamps.
stock_features,2020,2020-10-12,3317,20260930,AFTER_SESSION_CLOSE,UNKNOWN,False,Common stock feature inputs include adjusted EOD/tradability; source schemas do not retain actual provider available_at timestamps.
stock_features,2020,2020-10-13,6592,20260930,AFTER_SESSION_CLOSE,UNKNOWN,False,Common stock feature inputs include adjusted EOD/tradability; source schemas do not retain actual provider available_at timestamps.
stock_features,2020,2020-10-19,5305,20260930,AFTER_SESSION_CLOSE,UNKNOWN,False,Common stock feature inputs include adjusted EOD/tradability; source schemas do not retain actual provider available_at timestamps.
stock_features,2020,2020-10-20,5215,20260930,AFTER_SESSION_CLOSE,UNKNOWN,False,Common stock feature inputs include adjusted EOD/tradability; source schemas do not retain actual provider available_at timestamps.
stock_features,2020,2020-10-20,6282,20260930,AFTER_SESSION_CLOSE,UNKNOWN,False,Common stock feature inputs include adjusted EOD/tradability; source schemas do not retain actual provider available_at timestamps.
stock_features,2020,2020-10-21,5223,20260930,AFTER_SESSION_CLOSE,UNKNOWN,False,Common stock feature inputs include adjusted EOD/tradability; source schemas do not retain actual provider available_at timestamps.
stock_features,2020,2020-10-22,6285,20260930,AFTER_SESSION_CLOSE,UNKNOWN,False,Common stock feature inputs include adjusted EOD/tradability; source schemas do not retain actual provider available_at timestamps.
stock_features,2020,2020-10-22,9103,20260930,AFTER_SESSION_CLOSE,UNKNOWN,False,Common stock feature inputs include adjusted EOD/tradability; source schemas do not retain actual provider available_at timestamps.
stock_features,2020,2020-10-23,4968,20260930,AFTER_SESSION_CLOSE,UNKNOWN,False,Common stock feature inputs include adjusted EOD/tradability; source schemas do not retain actual provider available_at timestamps.
stock_features,2020,2020-10-26,6538,20260930,AFTER_SESSION_CLOSE,UNKNOWN,False,Common stock feature inputs include adjusted EOD/tradability; source schemas do not retain actual provider available_at timestamps.
stock_features,2020,2020-10-28,1515,20260930,AFTER_SESSION_CLOSE,UNKNOWN,False,Common stock feature inputs include adjusted EOD/tradability; source schemas do not retain actual provider available_at timestamps.
stock_features,2020,2020-10-28,3033,20260930,AFTER_SESSION_CLOSE,UNKNOWN,False,Common stock feature inputs include adjusted EOD/tradability; source schemas do not retain actual provider available_at timestamps.
stock_features,2020,2020-10-28,4938,20260930,AFTER_SESSION_CLOSE,UNKNOWN,False,Common stock feature inputs include adjusted EOD/tradability; source schemas do not retain actual provider available_at timestamps.
stock_features,2020,2020-10-30,2884,20260930,AFTER_SESSION_CLOSE,UNKNOWN,False,Common stock feature inputs include adjusted EOD/tradability; source schemas do not retain actual provider available_at timestamps.
stock_features,2020,2020-10-30,5522,20260930,AFTER_SESSION_CLOSE,UNKNOWN,False,Common stock feature inputs include adjusted EOD/tradability; source schemas do not retain actual provider available_at timestamps.
stock_features,2020,2020-10-30,6224,20260930,AFTER_SESSION_CLOSE,UNKNOWN,False,Common stock feature inputs include adjusted EOD/tradability; source schemas do not retain actual provider available_at timestamps.
stock_features,2020,2020-10-30,6560,20260930,AFTER_SESSION_CLOSE,UNKNOWN,False,Common stock feature inputs include adjusted EOD/tradability; source schemas do not retain actual provider available_at timestamps.
stock_features,2020,2020-11-03,2383,20260930,AFTER_SESSION_CLOSE,UNKNOWN,False,Common stock feature inputs include adjusted EOD/tradability; source schemas do not retain actual provider available_at timestamps.
stock_features,2020,2020-11-09,4105,20260930,AFTER_SESSION_CLOSE,UNKNOWN,False,Common stock feature inputs include adjusted EOD/tradability; source schemas do not retain actual provider available_at timestamps.
stock_features,2020,2020-11-13,2330,20260930,AFTER_SESSION_CLOSE,UNKNOWN,False,Common stock feature inputs include adjusted EOD/tradability; source schemas do not retain actual provider available_at timestamps.
stock_features,2020,2020-11-13,2399,20260930,AFTER_SESSION_CLOSE,UNKNOWN,False,Common stock feature inputs include adjusted EOD/tradability; source schemas do not retain actual provider available_at timestamps.
stock_features,2020,2020-11-16,3037,20260930,AFTER_SESSION_CLOSE,UNKNOWN,False,Common stock feature inputs include adjusted EOD/tradability; source schemas do not retain actual provider available_at timestamps.
stock_features,2020,2020-11-17,6643,20260930,AFTER_SESSION_CLOSE,UNKNOWN,False,Common stock feature inputs include adjusted EOD/tradability; source schemas do not retain actual provider available_at timestamps.
stock_features,2020,2020-11-18,8086,20260930,AFTER_SESSION_CLOSE,UNKNOWN,False,Common stock feature inputs include adjusted EOD/tradability; source schemas do not retain actual provider available_at timestamps.
stock_features,2020,2020-11-25,3338,20260930,AFTER_SESSION_CLOSE,UNKNOWN,False,Common stock feature inputs include adjusted EOD/tradability; source schemas do not retain actual provider available_at timestamps.
stock_features,2020,2020-11-26,3706,20260930,AFTER_SESSION_CLOSE,UNKNOWN,False,Common stock feature inputs include adjusted EOD/tradability; source schemas do not retain actual provider available_at timestamps.
stock_features,2020,2020-11-30,3016,20260930,AFTER_SESSION_CLOSE,UNKNOWN,False,Common stock feature inputs include adjusted EOD/tradability; source schemas do not retain actual provider available_at timestamps.
stock_features,2020,2020-12-02,2449,20260930,AFTER_SESSION_CLOSE,UNKNOWN,False,Common stock feature inputs include adjusted EOD/tradability; source schemas do not retain actual provider available_at timestamps.
stock_features,2020,2020-12-02,3189,20260930,AFTER_SESSION_CLOSE,UNKNOWN,False,Common stock feature inputs include adjusted EOD/tradability; source schemas do not retain actual provider available_at timestamps.
stock_features,2020,2020-12-04,3042,20260930,AFTER_SESSION_CLOSE,UNKNOWN,False,Common stock feature inputs include adjusted EOD/tradability; source schemas do not retain actual provider available_at timestamps.
stock_features,2020,2020-12-07,4919,20260930,AFTER_SESSION_CLOSE,UNKNOWN,False,Common stock feature inputs include adjusted EOD/tradability; source schemas do not retain actual provider available_at timestamps.
stock_features,2020,2020-12-10,6510,20260930,AFTER_SESSION_CLOSE,UNKNOWN,False,Common stock feature inputs include adjusted EOD/tradability; source schemas do not retain actual provider available_at timestamps.
stock_features,2020,2020-12-11,5457,20260930,AFTER_SESSION_CLOSE,UNKNOWN,False,Common stock feature inputs include adjusted EOD/tradability; source schemas do not retain actual provider available_at timestamps.
stock_features,2020,2020-12-18,6257,20260930,AFTER_SESSION_CLOSE,UNKNOWN,False,Common stock feature inputs include adjusted EOD/tradability; source schemas do not retain actual provider available_at timestamps.
stock_features,2020,2020-12-21,3673,20260930,AFTER_SESSION_CLOSE,UNKNOWN,False,Common stock feature inputs include adjusted EOD/tradability; source schemas do not retain actual provider available_at timestamps.
stock_features,2020,2020-12-22,6451,20260930,AFTER_SESSION_CLOSE,UNKNOWN,False,Common stock feature inputs include adjusted EOD/tradability; source schemas do not retain actual provider available_at timestamps.
stock_features,2020,2020-12-25,6488,20260930,AFTER_SESSION_CLOSE,UNKNOWN,False,Common stock feature inputs include adjusted EOD/tradability; source schemas do not retain actual provider available_at timestamps.
stock_features,2020,2020-12-28,2009,20260930,AFTER_SESSION_CLOSE,UNKNOWN,False,Common stock feature inputs include adjusted EOD/tradability; source schemas do not retain actual provider available_at timestamps.
stock_features,2020,2020-12-28,3419,20260930,AFTER_SESSION_CLOSE,UNKNOWN,False,Common stock feature inputs include adjusted EOD/tradability; source schemas do not retain actual provider available_at timestamps.
stock_features,2020,2020-12-29,1313,20260930,AFTER_SESSION_CLOSE,UNKNOWN,False,Common stock feature inputs include adjusted EOD/tradability; source schemas do not retain actual provider available_at timestamps.
stock_features,2020,2020-12-30,1313,20260930,AFTER_SESSION_CLOSE,UNKNOWN,False,Common stock feature inputs include adjusted EOD/tradability; source schemas do not retain actual provider available_at timestamps.
stock_features,2020,2020-12-30,2353,20260930,AFTER_SESSION_CLOSE,UNKNOWN,False,Common stock feature inputs include adjusted EOD/tradability; source schemas do not retain actual provider available_at timestamps.
market_context,2021,2021-01-14,MARKET_CONTEXT,20260930,AFTER_SESSION_CLOSE,UNKNOWN,False,TaiwanStockTotalReturnIndex has date/value but no retained actual available_at timestamp.
market_context,2021,2021-01-26,MARKET_CONTEXT,20260930,AFTER_SESSION_CLOSE,UNKNOWN,False,TaiwanStockTotalReturnIndex has date/value but no retained actual available_at timestamp.
market_context,2021,2021-02-04,MARKET_CONTEXT,20260930,AFTER_SESSION_CLOSE,UNKNOWN,False,TaiwanStockTotalReturnIndex has date/value but no retained actual available_at timestamp.
market_context,2021,2021-03-18,MARKET_CONTEXT,20260930,AFTER_SESSION_CLOSE,UNKNOWN,False,TaiwanStockTotalReturnIndex has date/value but no retained actual available_at timestamp.
market_context,2021,2021-04-08,MARKET_CONTEXT,20260930,AFTER_SESSION_CLOSE,UNKNOWN,False,TaiwanStockTotalReturnIndex has date/value but no retained actual available_at timestamp.
market_context,2021,2021-04-12,MARKET_CONTEXT,20260930,AFTER_SESSION_CLOSE,UNKNOWN,False,TaiwanStockTotalReturnIndex has date/value but no retained actual available_at timestamp.
market_context,2021,2021-05-05,MARKET_CONTEXT,20260930,AFTER_SESSION_CLOSE,UNKNOWN,False,TaiwanStockTotalReturnIndex has date/value but no retained actual available_at timestamp.
market_context,2021,2021-10-12,MARKET_CONTEXT,20260930,AFTER_SESSION_CLOSE,UNKNOWN,False,TaiwanStockTotalReturnIndex has date/value but no retained actual available_at timestamp.
market_context,2021,2021-10-26,MARKET_CONTEXT,20260930,AFTER_SESSION_CLOSE,UNKNOWN,False,TaiwanStockTotalReturnIndex has date/value but no retained actual available_at timestamp.
market_context,2021,2021-11-03,MARKET_CONTEXT,20260930,AFTER_SESSION_CLOSE,UNKNOWN,False,TaiwanStockTotalReturnIndex has date/value but no retained actual available_at timestamp.
market_context,2021,2021-11-11,MARKET_CONTEXT,20260930,AFTER_SESSION_CLOSE,UNKNOWN,False,TaiwanStockTotalReturnIndex has date/value but no retained actual available_at timestamp.
market_context,2021,2021-12-15,MARKET_CONTEXT,20260930,AFTER_SESSION_CLOSE,UNKNOWN,False,TaiwanStockTotalReturnIndex has date/value but no retained actual available_at timestamp.
stock_features,2021,2021-01-04,1504,20260930,AFTER_SESSION_CLOSE,UNKNOWN,False,Common stock feature inputs include adjusted EOD/tradability; source schemas do not retain actual provider available_at timestamps.
stock_features,2021,2021-01-08,6104,20260930,AFTER_SESSION_CLOSE,UNKNOWN,False,Common stock feature inputs include adjusted EOD/tradability; source schemas do not retain actual provider available_at timestamps.
stock_features,2021,2021-01-08,8183,20260930,AFTER_SESSION_CLOSE,UNKNOWN,False,Common stock feature inputs include adjusted EOD/tradability; source schemas do not retain actual provider available_at timestamps.
stock_features,2021,2021-01-11,6492,20260930,AFTER_SESSION_CLOSE,UNKNOWN,False,Common stock feature inputs include adjusted EOD/tradability; source schemas do not retain actual provider available_at timestamps.
stock_features,2021,2021-01-11,8299,20260930,AFTER_SESSION_CLOSE,UNKNOWN,False,Common stock feature inputs include adjusted EOD/tradability; source schemas do not retain actual provider available_at timestamps.
stock_features,2021,2021-01-12,2231,20260930,AFTER_SESSION_CLOSE,UNKNOWN,False,Common stock feature inputs include adjusted EOD/tradability; source schemas do not retain actual provider available_at timestamps.
stock_features,2021,2021-01-12,2344,20260930,AFTER_SESSION_CLOSE,UNKNOWN,False,Common stock feature inputs include adjusted EOD/tradability; source schemas do not retain actual provider available_at timestamps.
stock_features,2021,2021-01-12,6509,20260930,AFTER_SESSION_CLOSE,UNKNOWN,False,Common stock feature inputs include adjusted EOD/tradability; source schemas do not retain actual provider available_at timestamps.
stock_features,2021,2021-01-13,6706,20260930,AFTER_SESSION_CLOSE,UNKNOWN,False,Common stock feature inputs include adjusted EOD/tradability; source schemas do not retain actual provider available_at timestamps.
stock_features,2021,2021-01-13,8110,20260930,AFTER_SESSION_CLOSE,UNKNOWN,False,Common stock feature inputs include adjusted EOD/tradability; source schemas do not retain actual provider available_at timestamps.
stock_features,2021,2021-01-14,3324,20260930,AFTER_SESSION_CLOSE,UNKNOWN,False,Common stock feature inputs include adjusted EOD/tradability; source schemas do not retain actual provider available_at timestamps.
stock_features,2021,2021-01-15,2401,20260930,AFTER_SESSION_CLOSE,UNKNOWN,False,Common stock feature inputs include adjusted EOD/tradability; source schemas do not retain actual provider available_at timestamps.
stock_features,2021,2021-01-19,2801,20260930,AFTER_SESSION_CLOSE,UNKNOWN,False,Common stock feature inputs include adjusted EOD/tradability; source schemas do not retain actual provider available_at timestamps.
stock_features,2021,2021-01-20,1210,20260930,AFTER_SESSION_CLOSE,UNKNOWN,False,Common stock feature inputs include adjusted EOD/tradability; source schemas do not retain actual provider available_at timestamps.
stock_features,2021,2021-01-20,4968,20260930,AFTER_SESSION_CLOSE,UNKNOWN,False,Common stock feature inputs include adjusted EOD/tradability; source schemas do not retain actual provider available_at timestamps.
stock_features,2021,2021-01-20,8049,20260930,AFTER_SESSION_CLOSE,UNKNOWN,False,Common stock feature inputs include adjusted EOD/tradability; source schemas do not retain actual provider available_at timestamps.
stock_features,2021,2021-01-29,5871,20260930,AFTER_SESSION_CLOSE,UNKNOWN,False,Common stock feature inputs include adjusted EOD/tradability; source schemas do not retain actual provider available_at timestamps.
stock_features,2021,2021-02-01,2347,20260930,AFTER_SESSION_CLOSE,UNKNOWN,False,Common stock feature inputs include adjusted EOD/tradability; source schemas do not retain actual provider available_at timestamps.
stock_features,2021,2021-02-02,2357,20260930,AFTER_SESSION_CLOSE,UNKNOWN,False,Common stock feature inputs include adjusted EOD/tradability; source schemas do not retain actual provider available_at timestamps.
stock_features,2021,2021-02-03,2912,20260930,AFTER_SESSION_CLOSE,UNKNOWN,False,Common stock feature inputs include adjusted EOD/tradability; source schemas do not retain actual provider available_at timestamps.
stock_features,2021,2021-02-03,6743,20260930,AFTER_SESSION_CLOSE,UNKNOWN,False,Common stock feature inputs include adjusted EOD/tradability; source schemas do not retain actual provider available_at timestamps.
stock_features,2021,2021-02-04,4935,20260930,AFTER_SESSION_CLOSE,UNKNOWN,False,Common stock feature inputs include adjusted EOD/tradability; source schemas do not retain actual provider available_at timestamps.
stock_features,2021,2021-02-17,3217,20260930,AFTER_SESSION_CLOSE,UNKNOWN,False,Common stock feature inputs include adjusted EOD/tradability; source schemas do not retain actual provider available_at timestamps.
stock_features,2021,2021-02-17,6223,20260930,AFTER_SESSION_CLOSE,UNKNOWN,False,Common stock feature inputs include adjusted EOD/tradability; source schemas do not retain actual provider available_at timestamps.
stock_features,2021,2021-02-19,2347,20260930,AFTER_SESSION_CLOSE,UNKNOWN,False,Common stock feature inputs include adjusted EOD/tradability; source schemas do not retain actual provider available_at timestamps.
stock_features,2021,2021-02-23,6203,20260930,AFTER_SESSION_CLOSE,UNKNOWN,False,Common stock feature inputs include adjusted EOD/tradability; source schemas do not retain actual provider available_at timestamps.
stock_features,2021,2021-02-26,3305,20260930,AFTER_SESSION_CLOSE,UNKNOWN,False,Common stock feature inputs include adjusted EOD/tradability; source schemas do not retain actual provider available_at timestamps.
stock_features,2021,2021-03-02,6237,20260930,AFTER_SESSION_CLOSE,UNKNOWN,False,Common stock feature inputs include adjusted EOD/tradability; source schemas do not retain actual provider available_at timestamps.
stock_features,2021,2021-03-02,9942,20260930,AFTER_SESSION_CLOSE,UNKNOWN,False,Common stock feature inputs include adjusted EOD/tradability; source schemas do not retain actual provider available_at timestamps.
stock_features,2021,2021-03-04,1504,20260930,AFTER_SESSION_CLOSE,UNKNOWN,False,Common stock feature inputs include adjusted EOD/tradability; source schemas do not retain actual provider available_at timestamps.
stock_features,2021,2021-03-05,4976,20260930,AFTER_SESSION_CLOSE,UNKNOWN,False,Common stock feature inputs include adjusted EOD/tradability; source schemas do not retain actual provider available_at timestamps.
stock_features,2021,2021-03-15,2345,20260930,AFTER_SESSION_CLOSE,UNKNOWN,False,Common stock feature inputs include adjusted EOD/tradability; source schemas do not retain actual provider available_at timestamps.
stock_features,2021,2021-03-17,2377,20260930,AFTER_SESSION_CLOSE,UNKNOWN,False,Common stock feature inputs include adjusted EOD/tradability; source schemas do not retain actual provider available_at timestamps.
stock_features,2021,2021-03-17,3138,20260930,AFTER_SESSION_CLOSE,UNKNOWN,False,Common stock feature inputs include adjusted EOD/tradability; source schemas do not retain actual provider available_at timestamps.
stock_features,2021,2021-03-24,2610,20260930,AFTER_SESSION_CLOSE,UNKNOWN,False,Common stock feature inputs include adjusted EOD/tradability; source schemas do not retain actual provider available_at timestamps.
stock_features,2021,2021-03-24,6213,20260930,AFTER_SESSION_CLOSE,UNKNOWN,False,Common stock feature inputs include adjusted EOD/tradability; source schemas do not retain actual provider available_at timestamps.
stock_features,2021,2021-03-24,9933,20260930,AFTER_SESSION_CLOSE,UNKNOWN,False,Common stock feature inputs include adjusted EOD/tradability; source schemas do not retain actual provider available_at timestamps.
stock_features,2021,2021-03-25,2376,20260930,AFTER_SESSION_CLOSE,UNKNOWN,False,Common stock feature inputs include adjusted EOD/tradability; source schemas do not retain actual provider available_at timestamps.
stock_features,2021,2021-03-26,5274,20260930,AFTER_SESSION_CLOSE,UNKNOWN,False,Common stock feature inputs include adjusted EOD/tradability; source schemas do not retain actual provider available_at timestamps.
stock_features,2021,2021-03-29,3045,20260930,AFTER_SESSION_CLOSE,UNKNOWN,False,Common stock feature inputs include adjusted EOD/tradability; source schemas do not retain actual provider available_at timestamps.
stock_features,2021,2021-03-29,6494,20260930,AFTER_SESSION_CLOSE,UNKNOWN,False,Common stock feature inputs include adjusted EOD/tradability; source schemas do not retain actual provider available_at timestamps.
stock_features,2021,2021-03-31,5457,20260930,AFTER_SESSION_CLOSE,UNKNOWN,False,Common stock feature inputs include adjusted EOD/tradability; source schemas do not retain actual provider available_at timestamps.
stock_features,2021,2021-04-01,3138,20260930,AFTER_SESSION_CLOSE,UNKNOWN,False,Common stock feature inputs include adjusted EOD/tradability; source schemas do not retain actual provider available_at timestamps.
stock_features,2021,2021-04-01,4123,20260930,AFTER_SESSION_CLOSE,UNKNOWN,False,Common stock feature inputs include adjusted EOD/tradability; source schemas do not retain actual provider available_at timestamps.
stock_features,2021,2021-04-01,8299,20260930,AFTER_SESSION_CLOSE,UNKNOWN,False,Common stock feature inputs include adjusted EOD/tradability; source schemas do not retain actual provider available_at timestamps.
stock_features,2021,2021-04-06,2356,20260930,AFTER_SESSION_CLOSE,UNKNOWN,False,Common stock feature inputs include adjusted EOD/tradability; source schemas do not retain actual provider available_at timestamps.
stock_features,2021,2021-04-06,3048,20260930,AFTER_SESSION_CLOSE,UNKNOWN,False,Common stock feature inputs include adjusted EOD/tradability; source schemas do not retain actual provider available_at timestamps.
stock_features,2021,2021-04-08,1598,20260930,AFTER_SESSION_CLOSE,UNKNOWN,False,Common stock feature inputs include adjusted EOD/tradability; source schemas do not retain actual provider available_at timestamps.
stock_features,2021,2021-04-09,2017,20260930,AFTER_SESSION_CLOSE,UNKNOWN,False,Common stock feature inputs include adjusted EOD/tradability; source schemas do not retain actual provider available_at timestamps.
stock_features,2021,2021-04-09,4551,20260930,AFTER_SESSION_CLOSE,UNKNOWN,False,Common stock feature inputs include adjusted EOD/tradability; source schemas do not retain actual provider available_at timestamps.
stock_features,2021,2021-04-13,6643,20260930,AFTER_SESSION_CLOSE,UNKNOWN,False,Common stock feature inputs include adjusted EOD/tradability; source schemas do not retain actual provider available_at timestamps.
stock_features,2021,2021-04-15,2441,20260930,AFTER_SESSION_CLOSE,UNKNOWN,False,Common stock feature inputs include adjusted EOD/tradability; source schemas do not retain actual provider available_at timestamps.
stock_features,2021,2021-04-16,3189,20260930,AFTER_SESSION_CLOSE,UNKNOWN,False,Common stock feature inputs include adjusted EOD/tradability; source schemas do not retain actual provider available_at timestamps.
stock_features,2021,2021-04-16,3483,20260930,AFTER_SESSION_CLOSE,UNKNOWN,False,Common stock feature inputs include adjusted EOD/tradability; source schemas do not retain actual provider available_at timestamps.
stock_features,2021,2021-04-20,1513,20260930,AFTER_SESSION_CLOSE,UNKNOWN,False,Common stock feature inputs include adjusted EOD/tradability; source schemas do not retain actual provider available_at timestamps.
stock_features,2021,2021-04-20,6643,20260930,AFTER_SESSION_CLOSE,UNKNOWN,False,Common stock feature inputs include adjusted EOD/tradability; source schemas do not retain actual provider available_at timestamps.
stock_features,2021,2021-04-21,2476,20260930,AFTER_SESSION_CLOSE,UNKNOWN,False,Common stock feature inputs include adjusted EOD/tradability; source schemas do not retain actual provider available_at timestamps.
stock_features,2021,2021-04-21,3552,20260930,AFTER_SESSION_CLOSE,UNKNOWN,False,Common stock feature inputs include adjusted EOD/tradability; source schemas do not retain actual provider available_at timestamps.
stock_features,2021,2021-04-26,2345,20260930,AFTER_SESSION_CLOSE,UNKNOWN,False,Common stock feature inputs include adjusted EOD/tradability; source schemas do not retain actual provider available_at timestamps.
stock_features,2021,2021-04-29,5871,20260930,AFTER_SESSION_CLOSE,UNKNOWN,False,Common stock feature inputs include adjusted EOD/tradability; source schemas do not retain actual provider available_at timestamps.
stock_features,2021,2021-05-04,3042,20260930,AFTER_SESSION_CLOSE,UNKNOWN,False,Common stock feature inputs include adjusted EOD/tradability; source schemas do not retain actual provider available_at timestamps.
stock_features,2021,2021-05-04,6129,20260930,AFTER_SESSION_CLOSE,UNKNOWN,False,Common stock feature inputs include adjusted EOD/tradability; source schemas do not retain actual provider available_at timestamps.
stock_features,2021,2021-05-05,2353,20260930,AFTER_SESSION_CLOSE,UNKNOWN,False,Common stock feature inputs include adjusted EOD/tradability; source schemas do not retain actual provider available_at timestamps.
stock_features,2021,2021-05-06,4904,20260930,AFTER_SESSION_CLOSE,UNKNOWN,False,Common stock feature inputs include adjusted EOD/tradability; source schemas do not retain actual provider available_at timestamps.
stock_features,2021,2021-05-07,1326,20260930,AFTER_SESSION_CLOSE,UNKNOWN,False,Common stock feature inputs include adjusted EOD/tradability; source schemas do not retain actual provider available_at timestamps.
stock_features,2021,2021-05-07,2421,20260930,AFTER_SESSION_CLOSE,UNKNOWN,False,Common stock feature inputs include adjusted EOD/tradability; source schemas do not retain actual provider available_at timestamps.
stock_features,2021,2021-05-07,6462,20260930,AFTER_SESSION_CLOSE,UNKNOWN,False,Common stock feature inputs include adjusted EOD/tradability; source schemas do not retain actual provider available_at timestamps.
stock_features,2021,2021-05-13,3003,20260930,AFTER_SESSION_CLOSE,UNKNOWN,False,Common stock feature inputs include adjusted EOD/tradability; source schemas do not retain actual provider available_at timestamps.
stock_features,2021,2021-05-14,2449,20260930,AFTER_SESSION_CLOSE,UNKNOWN,False,Common stock feature inputs include adjusted EOD/tradability; source schemas do not retain actual provider available_at timestamps.
stock_features,2021,2021-05-14,2498,20260930,AFTER_SESSION_CLOSE,UNKNOWN,False,Common stock feature inputs include adjusted EOD/tradability; source schemas do not retain actual provider available_at timestamps.
stock_features,2021,2021-05-14,3680,20260930,AFTER_SESSION_CLOSE,UNKNOWN,False,Common stock feature inputs include adjusted EOD/tradability; source schemas do not retain actual provider available_at timestamps.
stock_features,2021,2021-05-17,3264,20260930,AFTER_SESSION_CLOSE,UNKNOWN,False,Common stock feature inputs include adjusted EOD/tradability; source schemas do not retain actual provider available_at timestamps.
stock_features,2021,2021-05-17,3437,20260930,AFTER_SESSION_CLOSE,UNKNOWN,False,Common stock feature inputs include adjusted EOD/tradability; source schemas do not retain actual provider available_at timestamps.
stock_features,2021,2021-05-17,3661,20260930,AFTER_SESSION_CLOSE,UNKNOWN,False,Common stock feature inputs include adjusted EOD/tradability; source schemas do not retain actual provider available_at timestamps.
stock_features,2021,2021-05-20,2069,20260930,AFTER_SESSION_CLOSE,UNKNOWN,False,Common stock feature inputs include adjusted EOD/tradability; source schemas do not retain actual provider available_at timestamps.
stock_features,2021,2021-05-24,5876,20260930,AFTER_SESSION_CLOSE,UNKNOWN,False,Common stock feature inputs include adjusted EOD/tradability; source schemas do not retain actual provider available_at timestamps.
stock_features,2021,2021-05-25,2412,20260930,AFTER_SESSION_CLOSE,UNKNOWN,False,Common stock feature inputs include adjusted EOD/tradability; source schemas do not retain actual provider available_at timestamps.
stock_features,2021,2021-05-25,3131,20260930,AFTER_SESSION_CLOSE,UNKNOWN,False,Common stock feature inputs include adjusted EOD/tradability; source schemas do not retain actual provider available_at timestamps.
stock_features,2021,2021-05-31,2014,20260930,AFTER_SESSION_CLOSE,UNKNOWN,False,Common stock feature inputs include adjusted EOD/tradability; source schemas do not retain actual provider available_at timestamps.
stock_features,2021,2021-06-01,1565,20260930,AFTER_SESSION_CLOSE,UNKNOWN,False,Common stock feature inputs include adjusted EOD/tradability; source schemas do not retain actual provider available_at timestamps.
stock_features,2021,2021-06-01,6485,20260930,AFTER_SESSION_CLOSE,UNKNOWN,False,Common stock feature inputs include adjusted EOD/tradability; source schemas do not retain actual provider available_at timestamps.
stock_features,2021,2021-06-01,8016,20260930,AFTER_SESSION_CLOSE,UNKNOWN,False,Common stock feature inputs include adjusted EOD/tradability; source schemas do not retain actual provider available_at timestamps.
stock_features,2021,2021-06-03,3530,20260930,AFTER_SESSION_CLOSE,UNKNOWN,False,Common stock feature inputs include adjusted EOD/tradability; source schemas do not retain actual provider available_at timestamps.
stock_features,2021,2021-06-07,1907,20260930,AFTER_SESSION_CLOSE,UNKNOWN,False,Common stock feature inputs include adjusted EOD/tradability; source schemas do not retain actual provider available_at timestamps.
stock_features,2021,2021-06-07,1909,20260930,AFTER_SESSION_CLOSE,UNKNOWN,False,Common stock feature inputs include adjusted EOD/tradability; source schemas do not retain actual provider available_at timestamps.
stock_features,2021,2021-06-17,6147,20260930,AFTER_SESSION_CLOSE,UNKNOWN,False,Common stock feature inputs include adjusted EOD/tradability; source schemas do not retain actual provider available_at timestamps.
stock_features,2021,2021-06-22,2049,20260930,AFTER_SESSION_CLOSE,UNKNOWN,False,Common stock feature inputs include adjusted EOD/tradability; source schemas do not retain actual provider available_at timestamps.
stock_features,2021,2021-06-22,6176,20260930,AFTER_SESSION_CLOSE,UNKNOWN,False,Common stock feature inputs include adjusted EOD/tradability; source schemas do not retain actual provider available_at timestamps.
stock_features,2021,2021-06-23,3317,20260930,AFTER_SESSION_CLOSE,UNKNOWN,False,Common stock feature inputs include adjusted EOD/tradability; source schemas do not retain actual provider available_at timestamps.
stock_features,2021,2021-06-24,6213,20260930,AFTER_SESSION_CLOSE,UNKNOWN,False,Common stock feature inputs include adjusted EOD/tradability; source schemas do not retain actual provider available_at timestamps.
stock_features,2021,2021-06-25,4736,20260930,AFTER_SESSION_CLOSE,UNKNOWN,False,Common stock feature inputs include adjusted EOD/tradability; source schemas do not retain actual provider available_at timestamps.
stock_features,2021,2021-06-28,6409,20260930,AFTER_SESSION_CLOSE,UNKNOWN,False,Common stock feature inputs include adjusted EOD/tradability; source schemas do not retain actual provider available_at timestamps.
stock_features,2021,2021-06-29,1903,20260930,AFTER_SESSION_CLOSE,UNKNOWN,False,Common stock feature inputs include adjusted EOD/tradability; source schemas do not retain actual provider available_at timestamps.
stock_features,2021,2021-06-30,2012,20260930,AFTER_SESSION_CLOSE,UNKNOWN,False,Common stock feature inputs include adjusted EOD/tradability; source schemas do not retain actual provider available_at timestamps.
stock_features,2021,2021-06-30,6129,20260930,AFTER_SESSION_CLOSE,UNKNOWN,False,Common stock feature inputs include adjusted EOD/tradability; source schemas do not retain actual provider available_at timestamps.
stock_features,2021,2021-07-02,1608,20260930,AFTER_SESSION_CLOSE,UNKNOWN,False,Common stock feature inputs include adjusted EOD/tradability; source schemas do not retain actual provider available_at timestamps.
stock_features,2021,2021-07-07,5905,20260930,AFTER_SESSION_CLOSE,UNKNOWN,False,Common stock feature inputs include adjusted EOD/tradability; source schemas do not retain actual provider available_at timestamps.
stock_features,2021,2021-07-08,1708,20260930,AFTER_SESSION_CLOSE,UNKNOWN,False,Common stock feature inputs include adjusted EOD/tradability; source schemas do not retain actual provider available_at timestamps.
stock_features,2021,2021-07-12,2353,20260930,AFTER_SESSION_CLOSE,UNKNOWN,False,Common stock feature inputs include adjusted EOD/tradability; source schemas do not retain actual provider available_at timestamps.
stock_features,2021,2021-07-13,6494,20260930,AFTER_SESSION_CLOSE,UNKNOWN,False,Common stock feature inputs include adjusted EOD/tradability; source schemas do not retain actual provider available_at timestamps.
stock_features,2021,2021-07-13,6756,20260930,AFTER_SESSION_CLOSE,UNKNOWN,False,Common stock feature inputs include adjusted EOD/tradability; source schemas do not retain actual provider available_at timestamps.
stock_features,2021,2021-07-14,2385,20260930,AFTER_SESSION_CLOSE,UNKNOWN,False,Common stock feature inputs include adjusted EOD/tradability; source schemas do not retain actual provider available_at timestamps.
stock_features,2021,2021-07-16,2618,20260930,AFTER_SESSION_CLOSE,UNKNOWN,False,Common stock feature inputs include adjusted EOD/tradability; source schemas do not retain actual provider available_at timestamps.
stock_features,2021,2021-07-16,4743,20260930,AFTER_SESSION_CLOSE,UNKNOWN,False,Common stock feature inputs include adjusted EOD/tradability; source schemas do not retain actual provider available_at timestamps.
stock_features,2021,2021-07-19,8081,20260930,AFTER_SESSION_CLOSE,UNKNOWN,False,Common stock feature inputs include adjusted EOD/tradability; source schemas do not retain actual provider available_at timestamps.
stock_features,2021,2021-07-20,2408,20260930,AFTER_SESSION_CLOSE,UNKNOWN,False,Common stock feature inputs include adjusted EOD/tradability; source schemas do not retain actual provider available_at timestamps.
stock_features,2021,2021-07-20,9941,20260930,AFTER_SESSION_CLOSE,UNKNOWN,False,Common stock feature inputs include adjusted EOD/tradability; source schemas do not retain actual provider available_at timestamps.
stock_features,2021,2021-07-22,1313,20260930,AFTER_SESSION_CLOSE,UNKNOWN,False,Common stock feature inputs include adjusted EOD/tradability; source schemas do not retain actual provider available_at timestamps.
stock_features,2021,2021-07-22,2367,20260930,AFTER_SESSION_CLOSE,UNKNOWN,False,Common stock feature inputs include adjusted EOD/tradability; source schemas do not retain actual provider available_at timestamps.
stock_features,2021,2021-07-22,8436,20260930,AFTER_SESSION_CLOSE,UNKNOWN,False,Common stock feature inputs include adjusted EOD/tradability; source schemas do not retain actual provider available_at timestamps.
stock_features,2021,2021-07-27,3711,20260930,AFTER_SESSION_CLOSE,UNKNOWN,False,Common stock feature inputs include adjusted EOD/tradability; source schemas do not retain actual provider available_at timestamps.
stock_features,2021,2021-07-27,8110,20260930,AFTER_SESSION_CLOSE,UNKNOWN,False,Common stock feature inputs include adjusted EOD/tradability; source schemas do not retain actual provider available_at timestamps.
stock_features,2021,2021-07-29,5457,20260930,AFTER_SESSION_CLOSE,UNKNOWN,False,Common stock feature inputs include adjusted EOD/tradability; source schemas do not retain actual provider available_at timestamps.
stock_features,2021,2021-07-30,6491,20260930,AFTER_SESSION_CLOSE,UNKNOWN,False,Common stock feature inputs include adjusted EOD/tradability; source schemas do not retain actual provider available_at timestamps.
stock_features,2021,2021-08-03,1210,20260930,AFTER_SESSION_CLOSE,UNKNOWN,False,Common stock feature inputs include adjusted EOD/tradability; source schemas do not retain actual provider available_at timestamps.
stock_features,2021,2021-08-06,3675,20260930,AFTER_SESSION_CLOSE,UNKNOWN,False,Common stock feature inputs include adjusted EOD/tradability; source schemas do not retain actual provider available_at timestamps.
stock_features,2021,2021-08-12,3673,20260930,AFTER_SESSION_CLOSE,UNKNOWN,False,Common stock feature inputs include adjusted EOD/tradability; source schemas do not retain actual provider available_at timestamps.
stock_features,2021,2021-08-12,6715,20260930,AFTER_SESSION_CLOSE,UNKNOWN,False,Common stock feature inputs include adjusted EOD/tradability; source schemas do not retain actual provider available_at timestamps.
stock_features,2021,2021-08-17,2426,20260930,AFTER_SESSION_CLOSE,UNKNOWN,False,Common stock feature inputs include adjusted EOD/tradability; source schemas do not retain actual provider available_at timestamps.
stock_features,2021,2021-08-18,3324,20260930,AFTER_SESSION_CLOSE,UNKNOWN,False,Common stock feature inputs include adjusted EOD/tradability; source schemas do not retain actual provider available_at timestamps.
stock_features,2021,2021-08-25,1312,20260930,AFTER_SESSION_CLOSE,UNKNOWN,False,Common stock feature inputs include adjusted EOD/tradability; source schemas do not retain actual provider available_at timestamps.
stock_features,2021,2021-08-26,6226,20260930,AFTER_SESSION_CLOSE,UNKNOWN,False,Common stock feature inputs include adjusted EOD/tradability; source schemas do not retain actual provider available_at timestamps.
stock_features,2021,2021-09-01,2542,20260930,AFTER_SESSION_CLOSE,UNKNOWN,False,Common stock feature inputs include adjusted EOD/tradability; source schemas do not retain actual provider available_at timestamps.
stock_features,2021,2021-09-06,1773,20260930,AFTER_SESSION_CLOSE,UNKNOWN,False,Common stock feature inputs include adjusted EOD/tradability; source schemas do not retain actual provider available_at timestamps.
stock_features,2021,2021-09-06,6125,20260930,AFTER_SESSION_CLOSE,UNKNOWN,False,Common stock feature inputs include adjusted EOD/tradability; source schemas do not retain actual provider available_at timestamps.
stock_features,2021,2021-09-07,3317,20260930,AFTER_SESSION_CLOSE,UNKNOWN,False,Common stock feature inputs include adjusted EOD/tradability; source schemas do not retain actual provider available_at timestamps.
stock_features,2021,2021-09-07,3323,20260930,AFTER_SESSION_CLOSE,UNKNOWN,False,Common stock feature inputs include adjusted EOD/tradability; source schemas do not retain actual provider available_at timestamps.
stock_features,2021,2021-09-08,6409,20260930,AFTER_SESSION_CLOSE,UNKNOWN,False,Common stock feature inputs include adjusted EOD/tradability; source schemas do not retain actual provider available_at timestamps.
stock_features,2021,2021-09-09,6233,20260930,AFTER_SESSION_CLOSE,UNKNOWN,False,Common stock feature inputs include adjusted EOD/tradability; source schemas do not retain actual provider available_at timestamps.
stock_features,2021,2021-09-09,6509,20260930,AFTER_SESSION_CLOSE,UNKNOWN,False,Common stock feature inputs include adjusted EOD/tradability; source schemas do not retain actual provider available_at timestamps.
stock_features,2021,2021-09-10,2605,20260930,AFTER_SESSION_CLOSE,UNKNOWN,False,Common stock feature inputs include adjusted EOD/tradability; source schemas do not retain actual provider available_at timestamps.
stock_features,2021,2021-09-13,4938,20260930,AFTER_SESSION_CLOSE,UNKNOWN,False,Common stock feature inputs include adjusted EOD/tradability; source schemas do not retain actual provider available_at timestamps.
stock_features,2021,2021-09-14,2880,20260930,AFTER_SESSION_CLOSE,UNKNOWN,False,Common stock feature inputs include adjusted EOD/tradability; source schemas do not retain actual provider available_at timestamps.
stock_features,2021,2021-09-14,6257,20260930,AFTER_SESSION_CLOSE,UNKNOWN,False,Common stock feature inputs include adjusted EOD/tradability; source schemas do not retain actual provider available_at timestamps.
stock_features,2021,2021-09-24,6732,20260930,AFTER_SESSION_CLOSE,UNKNOWN,False,Common stock feature inputs include adjusted EOD/tradability; source schemas do not retain actual provider available_at timestamps.
stock_features,2021,2021-09-27,1434,20260930,AFTER_SESSION_CLOSE,UNKNOWN,False,Common stock feature inputs include adjusted EOD/tradability; source schemas do not retain actual provider available_at timestamps.
stock_features,2021,2021-09-27,6669,20260930,AFTER_SESSION_CLOSE,UNKNOWN,False,Common stock feature inputs include adjusted EOD/tradability; source schemas do not retain actual provider available_at timestamps.
stock_features,2021,2021-09-28,3189,20260930,AFTER_SESSION_CLOSE,UNKNOWN,False,Common stock feature inputs include adjusted EOD/tradability; source schemas do not retain actual provider available_at timestamps.
stock_features,2021,2021-09-29,3031,20260930,AFTER_SESSION_CLOSE,UNKNOWN,False,Common stock feature inputs include adjusted EOD/tradability; source schemas do not retain actual provider available_at timestamps.
stock_features,2021,2021-09-30,6202,20260930,AFTER_SESSION_CLOSE,UNKNOWN,False,Common stock feature inputs include adjusted EOD/tradability; source schemas do not retain actual provider available_at timestamps.
stock_features,2021,2021-10-08,3709,20260930,AFTER_SESSION_CLOSE,UNKNOWN,False,Common stock feature inputs include adjusted EOD/tradability; source schemas do not retain actual provider available_at timestamps.
stock_features,2021,2021-10-12,2379,20260930,AFTER_SESSION_CLOSE,UNKNOWN,False,Common stock feature inputs include adjusted EOD/tradability; source schemas do not retain actual provider available_at timestamps.
stock_features,2021,2021-10-12,3044,20260930,AFTER_SESSION_CLOSE,UNKNOWN,False,Common stock feature inputs include adjusted EOD/tradability; source schemas do not retain actual provider available_at timestamps.
stock_features,2021,2021-10-13,6741,20260930,AFTER_SESSION_CLOSE,UNKNOWN,False,Common stock feature inputs include adjusted EOD/tradability; source schemas do not retain actual provider available_at timestamps.
stock_features,2021,2021-10-14,3037,20260930,AFTER_SESSION_CLOSE,UNKNOWN,False,Common stock feature inputs include adjusted EOD/tradability; source schemas do not retain actual provider available_at timestamps.
stock_features,2021,2021-10-15,1313,20260930,AFTER_SESSION_CLOSE,UNKNOWN,False,Common stock feature inputs include adjusted EOD/tradability; source schemas do not retain actual provider available_at timestamps.
stock_features,2021,2021-10-15,4142,20260930,AFTER_SESSION_CLOSE,UNKNOWN,False,Common stock feature inputs include adjusted EOD/tradability; source schemas do not retain actual provider available_at timestamps.
stock_features,2021,2021-10-15,6261,20260930,AFTER_SESSION_CLOSE,UNKNOWN,False,Common stock feature inputs include adjusted EOD/tradability; source schemas do not retain actual provider available_at timestamps.
stock_features,2021,2021-10-18,2457,20260930,AFTER_SESSION_CLOSE,UNKNOWN,False,Common stock feature inputs include adjusted EOD/tradability; source schemas do not retain actual provider available_at timestamps.
stock_features,2021,2021-10-18,4513,20260930,AFTER_SESSION_CLOSE,UNKNOWN,False,Common stock feature inputs include adjusted EOD/tradability; source schemas do not retain actual provider available_at timestamps.
stock_features,2021,2021-10-18,5386,20260930,AFTER_SESSION_CLOSE,UNKNOWN,False,Common stock feature inputs include adjusted EOD/tradability; source schemas do not retain actual provider available_at timestamps.
stock_features,2021,2021-10-19,6788,20260930,AFTER_SESSION_CLOSE,UNKNOWN,False,Common stock feature inputs include adjusted EOD/tradability; source schemas do not retain actual provider available_at timestamps.
stock_features,2021,2021-10-21,8121,20260930,AFTER_SESSION_CLOSE,UNKNOWN,False,Common stock feature inputs include adjusted EOD/tradability; source schemas do not retain actual provider available_at timestamps.
stock_features,2021,2021-10-28,6176,20260930,AFTER_SESSION_CLOSE,UNKNOWN,False,Common stock feature inputs include adjusted EOD/tradability; source schemas do not retain actual provider available_at timestamps.
stock_features,2021,2021-11-02,6547,20260930,AFTER_SESSION_CLOSE,UNKNOWN,False,Common stock feature inputs include adjusted EOD/tradability; source schemas do not retain actual provider available_at timestamps.
stock_features,2021,2021-11-08,2104,20260930,AFTER_SESSION_CLOSE,UNKNOWN,False,Common stock feature inputs include adjusted EOD/tradability; source schemas do not retain actual provider available_at timestamps.
stock_features,2021,2021-11-10,2548,20260930,AFTER_SESSION_CLOSE,UNKNOWN,False,Common stock feature inputs include adjusted EOD/tradability; source schemas do not retain actual provider available_at timestamps.
stock_features,2021,2021-11-10,2636,20260930,AFTER_SESSION_CLOSE,UNKNOWN,False,Common stock feature inputs include adjusted EOD/tradability; source schemas do not retain actual provider available_at timestamps.
stock_features,2021,2021-11-12,6491,20260930,AFTER_SESSION_CLOSE,UNKNOWN,False,Common stock feature inputs include adjusted EOD/tradability; source schemas do not retain actual provider available_at timestamps.
stock_features,2021,2021-11-15,5011,20260930,AFTER_SESSION_CLOSE,UNKNOWN,False,Common stock feature inputs include adjusted EOD/tradability; source schemas do not retain actual provider available_at timestamps.
stock_features,2021,2021-11-18,8464,20260930,AFTER_SESSION_CLOSE,UNKNOWN,False,Common stock feature inputs include adjusted EOD/tradability; source schemas do not retain actual provider available_at timestamps.
stock_features,2021,2021-11-19,6456,20260930,AFTER_SESSION_CLOSE,UNKNOWN,False,Common stock feature inputs include adjusted EOD/tradability; source schemas do not retain actual provider available_at timestamps.
stock_features,2021,2021-11-23,8464,20260930,AFTER_SESSION_CLOSE,UNKNOWN,False,Common stock feature inputs include adjusted EOD/tradability; source schemas do not retain actual provider available_at timestamps.
stock_features,2021,2021-11-25,2105,20260930,AFTER_SESSION_CLOSE,UNKNOWN,False,Common stock feature inputs include adjusted EOD/tradability; source schemas do not retain actual provider available_at timestamps.
stock_features,2021,2021-11-26,6533,20260930,AFTER_SESSION_CLOSE,UNKNOWN,False,Common stock feature inputs include adjusted EOD/tradability; source schemas do not retain actual provider available_at timestamps.
stock_features,2021,2021-12-01,6533,20260930,AFTER_SESSION_CLOSE,UNKNOWN,False,Common stock feature inputs include adjusted EOD/tradability; source schemas do not retain actual provider available_at timestamps.
stock_features,2021,2021-12-02,3264,20260930,AFTER_SESSION_CLOSE,UNKNOWN,False,Common stock feature inputs include adjusted EOD/tradability; source schemas do not retain actual provider available_at timestamps.
stock_features,2021,2021-12-03,4739,20260930,AFTER_SESSION_CLOSE,UNKNOWN,False,Common stock feature inputs include adjusted EOD/tradability; source schemas do not retain actual provider available_at timestamps.
stock_features,2021,2021-12-06,3231,20260930,AFTER_SESSION_CLOSE,UNKNOWN,False,Common stock feature inputs include adjusted EOD/tradability; source schemas do not retain actual provider available_at timestamps.
stock_features,2021,2021-12-09,3014,20260930,AFTER_SESSION_CLOSE,UNKNOWN,False,Common stock feature inputs include adjusted EOD/tradability; source schemas do not retain actual provider available_at timestamps.
stock_features,2021,2021-12-14,3232,20260930,AFTER_SESSION_CLOSE,UNKNOWN,False,Common stock feature inputs include adjusted EOD/tradability; source schemas do not retain actual provider available_at timestamps.
stock_features,2021,2021-12-15,9914,20260930,AFTER_SESSION_CLOSE,UNKNOWN,False,Common stock feature inputs include adjusted EOD/tradability; source schemas do not retain actual provider available_at timestamps.
stock_features,2021,2021-12-21,2379,20260930,AFTER_SESSION_CLOSE,UNKNOWN,False,Common stock feature inputs include adjusted EOD/tradability; source schemas do not retain actual provider available_at timestamps.
stock_features,2021,2021-12-22,2497,20260930,AFTER_SESSION_CLOSE,UNKNOWN,False,Common stock feature inputs include adjusted EOD/tradability; source schemas do not retain actual provider available_at timestamps.
stock_features,2021,2021-12-24,5258,20260930,AFTER_SESSION_CLOSE,UNKNOWN,False,Common stock feature inputs include adjusted EOD/tradability; source schemas do not retain actual provider available_at timestamps.
stock_features,2021,2021-12-24,6111,20260930,AFTER_SESSION_CLOSE,UNKNOWN,False,Common stock feature inputs include adjusted EOD/tradability; source schemas do not retain actual provider available_at timestamps.
stock_features,2021,2021-12-27,3293,20260930,AFTER_SESSION_CLOSE,UNKNOWN,False,Common stock feature inputs include adjusted EOD/tradability; source schemas do not retain actual provider available_at timestamps.
stock_features,2021,2021-12-27,8147,20260930,AFTER_SESSION_CLOSE,UNKNOWN,False,Common stock feature inputs include adjusted EOD/tradability; source schemas do not retain actual provider available_at timestamps.
stock_features,2021,2021-12-28,2303,20260930,AFTER_SESSION_CLOSE,UNKNOWN,False,Common stock feature inputs include adjusted EOD/tradability; source schemas do not retain actual provider available_at timestamps.
stock_features,2021,2021-12-28,6485,20260930,AFTER_SESSION_CLOSE,UNKNOWN,False,Common stock feature inputs include adjusted EOD/tradability; source schemas do not retain actual provider available_at timestamps.
