record_type,config_id,config_a,config_b,config_a_high_score,config_b_high_score,top_trade_count_a,top_trade_count_b,stock_set_size_a,stock_set_size_b,stock_intersection,stock_jaccard,stock_entry_set_size_a,stock_entry_set_size_b,stock_entry_intersection,stock_entry_jaccard,overlap_warning,high_score_config_count,expectancy,expectancy_ex_top1,expectancy_ex_top3,expectancy_ex_top5,n_closed,n_closed_ex_top1,n_closed_ex_top3,n_closed_ex_top5
PAIR,,VCP-R1-001,VCP-R1-002,True,True,20,20.0,20.0,20.0,15.0,0.6,20.0,20.0,15.0,0.6,,27,,,,,,,,
PAIR,,VCP-R1-001,VCP-R1-003,True,True,20,20.0,20.0,20.0,10.0,0.3333333333333333,20.0,20.0,10.0,0.3333333333333333,,27,,,,,,,,
PAIR,,VCP-R1-001,VCP-R1-004,True,True,20,20.0,20.0,19.0,10.0,0.3448275862068966,20.0,20.0,9.0,0.2903225806451613,,27,,,,,,,,
PAIR,,VCP-R1-001,VCP-R1-005,True,True,20,20.0,20.0,19.0,11.0,0.39285714285714285,20.0,20.0,10.0,0.3333333333333333,,27,,,,,,,,
PAIR,,VCP-R1-001,VCP-R1-006,True,False,20,20.0,20.0,19.0,10.0,0.3448275862068966,20.0,20.0,10.0,0.3333333333333333,,27,,,,,,,,
PAIR,,VCP-R1-001,VCP-R1-007,True,False,20,20.0,20.0,19.0,9.0,0.3,20.0,20.0,8.0,0.25,,27,,,,,,,,
PAIR,,VCP-R1-001,VCP-R1-008,True,True,20,20.0,20.0,19.0,8.0,0.25806451612903225,20.0,20.0,7.0,0.21212121212121213,,27,,,,,,,,
PAIR,,VCP-R1-001,VCP-R1-009,True,True,20,20.0,20.0,20.0,9.0,0.2903225806451613,20.0,20.0,8.0,0.25,,27,,,,,,,,
PAIR,,VCP-R1-001,VCP-R1-010,True,False,20,20.0,20.0,20.0,18.0,0.8181818181818182,20.0,20.0,17.0,0.7391304347826086,,27,,,,,,,,
PAIR,,VCP-R1-001,VCP-R1-011,True,True,20,20.0,20.0,19.0,15.0,0.625,20.0,20.0,15.0,0.6,參數組合的主要贏家重疊，需檢查高原是否依賴共同個股／行情,27,,,,,,,,
PAIR,,VCP-R1-001,VCP-R1-012,True,True,20,20.0,20.0,19.0,10.0,0.3448275862068966,20.0,20.0,10.0,0.3333333333333333,,27,,,,,,,,
PAIR,,VCP-R1-001,VCP-R1-013,True,False,20,20.0,20.0,19.0,10.0,0.3448275862068966,20.0,20.0,9.0,0.2903225806451613,,27,,,,,,,,
PAIR,,VCP-R1-001,VCP-R1-014,True,True,20,20.0,20.0,19.0,10.0,0.3448275862068966,20.0,20.0,9.0,0.2903225806451613,,27,,,,,,,,
PAIR,,VCP-R1-001,VCP-R1-015,True,False,20,20.0,20.0,19.0,10.0,0.3448275862068966,20.0,20.0,10.0,0.3333333333333333,,27,,,,,,,,
PAIR,,VCP-R1-001,VCP-R1-016,True,False,20,20.0,20.0,20.0,9.0,0.2903225806451613,20.0,20.0,8.0,0.25,,27,,,,,,,,
PAIR,,VCP-R1-001,VCP-R1-017,True,True,20,20.0,20.0,19.0,8.0,0.25806451612903225,20.0,20.0,7.0,0.21212121212121213,,27,,,,,,,,
PAIR,,VCP-R1-001,VCP-R1-018,True,False,20,20.0,20.0,20.0,9.0,0.2903225806451613,20.0,20.0,8.0,0.25,,27,,,,,,,,
PAIR,,VCP-R1-001,VCP-R1-019,True,False,20,20.0,20.0,20.0,18.0,0.8181818181818182,20.0,20.0,17.0,0.7391304347826086,,27,,,,,,,,
PAIR,,VCP-R1-001,VCP-R1-020,True,True,20,20.0,20.0,19.0,15.0,0.625,20.0,20.0,15.0,0.6,參數組合的主要贏家重疊，需檢查高原是否依賴共同個股／行情,27,,,,,,,,
PAIR,,VCP-R1-001,VCP-R1-021,True,True,20,20.0,20.0,19.0,10.0,0.3448275862068966,20.0,20.0,10.0,0.3333333333333333,,27,,,,,,,,
PAIR,,VCP-R1-001,VCP-R1-022,True,False,20,20.0,20.0,19.0,10.0,0.3448275862068966,20.0,20.0,9.0,0.2903225806451613,,27,,,,,,,,
PAIR,,VCP-R1-001,VCP-R1-023,True,False,20,20.0,20.0,19.0,10.0,0.3448275862068966,20.0,20.0,9.0,0.2903225806451613,,27,,,,,,,,
PAIR,,VCP-R1-001,VCP-R1-024,True,False,20,20.0,20.0,19.0,10.0,0.3448275862068966,20.0,20.0,10.0,0.3333333333333333,,27,,,,,,,,
PAIR,,VCP-R1-001,VCP-R1-025,True,False,20,20.0,20.0,20.0,9.0,0.2903225806451613,20.0,20.0,8.0,0.25,,27,,,,,,,,
PAIR,,VCP-R1-001,VCP-R1-026,True,True,20,20.0,20.0,19.0,7.0,0.21875,20.0,20.0,6.0,0.17647058823529413,,27,,,,,,,,
PAIR,,VCP-R1-001,VCP-R1-027,True,False,20,20.0,20.0,20.0,9.0,0.2903225806451613,20.0,20.0,8.0,0.25,,27,,,,,,,,
PAIR,,VCP-R1-001,VCP-R1-028,True,False,20,20.0,20.0,20.0,3.0,0.08108108108108109,20.0,20.0,2.0,0.05263157894736842,,27,,,,,,,,
PAIR,,VCP-R1-001,VCP-R1-029,True,False,20,20.0,20.0,20.0,2.0,0.05263157894736842,20.0,20.0,1.0,0.02564102564102564,,27,,,,,,,,
PAIR,,VCP-R1-001,VCP-R1-030,True,True,20,20.0,20.0,18.0,1.0,0.02702702702702703,20.0,20.0,0.0,0.0,,27,,,,,,,,
PAIR,,VCP-R1-001,VCP-R1-031,True,True,20,20.0,20.0,20.0,1.0,0.02564102564102564,20.0,20.0,1.0,0.02564102564102564,,27,,,,,,,,
PAIR,,VCP-R1-001,VCP-R1-032,True,True,20,20.0,20.0,20.0,2.0,0.05263157894736842,20.0,20.0,1.0,0.02564102564102564,,27,,,,,,,,
PAIR,,VCP-R1-001,VCP-R1-033,True,True,20,20.0,20.0,19.0,1.0,0.02631578947368421,20.0,20.0,0.0,0.0,,27,,,,,,,,
PAIR,,VCP-R1-001,VCP-R1-034,True,False,20,20.0,20.0,19.0,1.0,0.02631578947368421,20.0,20.0,1.0,0.02564102564102564,,27,,,,,,,,
PAIR,,VCP-R1-001,VCP-R1-035,True,False,20,20.0,20.0,20.0,1.0,0.02564102564102564,20.0,20.0,1.0,0.02564102564102564,,27,,,,,,,,
PAIR,,VCP-R1-001,VCP-R1-036,True,True,20,20.0,20.0,20.0,1.0,0.02564102564102564,20.0,20.0,0.0,0.0,,27,,,,,,,,
PAIR,,VCP-R1-001,VCP-R1-037,True,False,20,20.0,20.0,19.0,4.0,0.11428571428571428,20.0,20.0,3.0,0.08108108108108109,,27,,,,,,,,
PAIR,,VCP-R1-001,VCP-R1-038,True,False,20,20.0,20.0,20.0,2.0,0.05263157894736842,20.0,20.0,1.0,0.02564102564102564,,27,,,,,,,,
PAIR,,VCP-R1-001,VCP-R1-039,True,False,20,20.0,20.0,20.0,1.0,0.02564102564102564,20.0,20.0,0.0,0.0,,27,,,,,,,,
PAIR,,VCP-R1-001,VCP-R1-040,True,True,20,20.0,20.0,19.0,1.0,0.02631578947368421,20.0,20.0,1.0,0.02564102564102564,,27,,,,,,,,
PAIR,,VCP-R1-001,VCP-R1-041,True,False,20,20.0,20.0,20.0,1.0,0.02564102564102564,20.0,20.0,1.0,0.02564102564102564,,27,,,,,,,,
PAIR,,VCP-R1-001,VCP-R1-042,True,True,20,20.0,20.0,20.0,1.0,0.02564102564102564,20.0,20.0,0.0,0.0,,27,,,,,,,,
PAIR,,VCP-R1-001,VCP-R1-043,True,True,20,20.0,20.0,19.0,1.0,0.02631578947368421,20.0,20.0,1.0,0.02564102564102564,,27,,,,,,,,
PAIR,,VCP-R1-001,VCP-R1-044,True,False,20,20.0,20.0,20.0,0.0,0.0,20.0,20.0,0.0,0.0,,27,,,,,,,,
PAIR,,VCP-R1-001,VCP-R1-045,True,True,20,20.0,20.0,20.0,0.0,0.0,20.0,20.0,0.0,0.0,,27,,,,,,,,
PAIR,,VCP-R1-001,VCP-R1-046,True,False,20,20.0,20.0,19.0,4.0,0.11428571428571428,20.0,20.0,3.0,0.08108108108108109,,27,,,,,,,,
PAIR,,VCP-R1-001,VCP-R1-047,True,False,20,20.0,20.0,20.0,2.0,0.05263157894736842,20.0,20.0,1.0,0.02564102564102564,,27,,,,,,,,
PAIR,,VCP-R1-001,VCP-R1-048,True,False,20,20.0,20.0,20.0,1.0,0.02564102564102564,20.0,20.0,0.0,0.0,,27,,,,,,,,
PAIR,,VCP-R1-001,VCP-R1-049,True,True,20,20.0,20.0,20.0,1.0,0.02564102564102564,20.0,20.0,1.0,0.02564102564102564,,27,,,,,,,,
PAIR,,VCP-R1-001,VCP-R1-050,True,False,20,20.0,20.0,20.0,1.0,0.02564102564102564,20.0,20.0,1.0,0.02564102564102564,,27,,,,,,,,
PAIR,,VCP-R1-001,VCP-R1-051,True,True,20,20.0,20.0,20.0,1.0,0.02564102564102564,20.0,20.0,0.0,0.0,,27,,,,,,,,
PAIR,,VCP-R1-001,VCP-R1-052,True,True,20,20.0,20.0,19.0,1.0,0.02631578947368421,20.0,20.0,1.0,0.02564102564102564,,27,,,,,,,,
PAIR,,VCP-R1-001,VCP-R1-053,True,False,20,20.0,20.0,20.0,0.0,0.0,20.0,20.0,0.0,0.0,,27,,,,,,,,
PAIR,,VCP-R1-001,VCP-R1-054,True,True,20,20.0,20.0,20.0,0.0,0.0,20.0,20.0,0.0,0.0,,27,,,,,,,,
PAIR,,VCP-R1-001,VCP-R1-055,True,False,20,20.0,20.0,18.0,0.0,0.0,20.0,20.0,0.0,0.0,,27,,,,,,,,
PAIR,,VCP-R1-001,VCP-R1-056,True,False,20,20.0,20.0,20.0,1.0,0.02564102564102564,20.0,20.0,0.0,0.0,,27,,,,,,,,
PAIR,,VCP-R1-001,VCP-R1-057,True,False,20,19.0,20.0,18.0,1.0,0.02702702702702703,20.0,19.0,0.0,0.0,,27,,,,,,,,
PAIR,,VCP-R1-001,VCP-R1-058,True,False,20,20.0,20.0,19.0,0.0,0.0,20.0,20.0,0.0,0.0,,27,,,,,,,,
PAIR,,VCP-R1-001,VCP-R1-059,True,False,20,20.0,20.0,19.0,0.0,0.0,20.0,20.0,0.0,0.0,,27,,,,,,,,
PAIR,,VCP-R1-001,VCP-R1-060,True,False,20,20.0,20.0,20.0,0.0,0.0,20.0,20.0,0.0,0.0,,27,,,,,,,,
PAIR,,VCP-R1-001,VCP-R1-061,True,False,20,20.0,20.0,20.0,0.0,0.0,20.0,20.0,0.0,0.0,,27,,,,,,,,
PAIR,,VCP-R1-001,VCP-R1-062,True,False,20,20.0,20.0,20.0,0.0,0.0,20.0,20.0,0.0,0.0,,27,,,,,,,,
PAIR,,VCP-R1-001,VCP-R1-063,True,False,20,20.0,20.0,20.0,0.0,0.0,20.0,20.0,0.0,0.0,,27,,,,,,,,
PAIR,,VCP-R1-001,VCP-R1-064,True,False,20,20.0,20.0,19.0,1.0,0.02631578947368421,20.0,20.0,0.0,0.0,,27,,,,,,,,
PAIR,,VCP-R1-001,VCP-R1-065,True,False,20,20.0,20.0,20.0,1.0,0.02564102564102564,20.0,20.0,0.0,0.0,,27,,,,,,,,
PAIR,,VCP-R1-001,VCP-R1-066,True,False,20,20.0,20.0,20.0,2.0,0.05263157894736842,20.0,20.0,0.0,0.0,,27,,,,,,,,
PAIR,,VCP-R1-001,VCP-R1-067,True,False,20,20.0,20.0,20.0,1.0,0.02564102564102564,20.0,20.0,0.0,0.0,,27,,,,,,,,
PAIR,,VCP-R1-001,VCP-R1-068,True,False,20,20.0,20.0,19.0,1.0,0.02631578947368421,20.0,20.0,0.0,0.0,,27,,,,,,,,
PAIR,,VCP-R1-001,VCP-R1-069,True,False,20,20.0,20.0,20.0,1.0,0.02564102564102564,20.0,20.0,0.0,0.0,,27,,,,,,,,
PAIR,,VCP-R1-001,VCP-R1-070,True,False,20,20.0,20.0,20.0,1.0,0.02564102564102564,20.0,20.0,0.0,0.0,,27,,,,,,,,
PAIR,,VCP-R1-001,VCP-R1-071,True,False,20,20.0,20.0,20.0,1.0,0.02564102564102564,20.0,20.0,0.0,0.0,,27,,,,,,,,
PAIR,,VCP-R1-001,VCP-R1-072,True,False,20,20.0,20.0,20.0,1.0,0.02564102564102564,20.0,20.0,0.0,0.0,,27,,,,,,,,
PAIR,,VCP-R1-001,VCP-R1-073,True,False,20,20.0,20.0,20.0,1.0,0.02564102564102564,20.0,20.0,0.0,0.0,,27,,,,,,,,
PAIR,,VCP-R1-001,VCP-R1-074,True,False,20,20.0,20.0,20.0,1.0,0.02564102564102564,20.0,20.0,0.0,0.0,,27,,,,,,,,
PAIR,,VCP-R1-001,VCP-R1-075,True,False,20,20.0,20.0,20.0,2.0,0.05263157894736842,20.0,20.0,0.0,0.0,,27,,,,,,,,
PAIR,,VCP-R1-001,VCP-R1-076,True,False,20,20.0,20.0,20.0,1.0,0.02564102564102564,20.0,20.0,0.0,0.0,,27,,,,,,,,
PAIR,,VCP-R1-001,VCP-R1-077,True,False,20,20.0,20.0,19.0,1.0,0.02631578947368421,20.0,20.0,0.0,0.0,,27,,,,,,,,
PAIR,,VCP-R1-001,VCP-R1-078,True,False,20,20.0,20.0,20.0,1.0,0.02564102564102564,20.0,20.0,0.0,0.0,,27,,,,,,,,
PAIR,,VCP-R1-001,VCP-R1-079,True,False,20,20.0,20.0,20.0,1.0,0.02564102564102564,20.0,20.0,0.0,0.0,,27,,,,,,,,
PAIR,,VCP-R1-001,VCP-R1-080,True,False,20,20.0,20.0,20.0,1.0,0.02564102564102564,20.0,20.0,0.0,0.0,,27,,,,,,,,
PAIR,,VCP-R1-001,VCP-R1-081,True,False,20,20.0,20.0,20.0,1.0,0.02564102564102564,20.0,20.0,0.0,0.0,,27,,,,,,,,
PAIR,,VCP-R1-001,VCP-R1-082,True,False,20,20.0,20.0,20.0,1.0,0.02564102564102564,20.0,20.0,0.0,0.0,,27,,,,,,,,
PAIR,,VCP-R1-001,VCP-R1-083,True,False,20,20.0,20.0,20.0,0.0,0.0,20.0,20.0,0.0,0.0,,27,,,,,,,,
PAIR,,VCP-R1-001,VCP-R1-084,True,False,20,18.0,20.0,18.0,0.0,0.0,20.0,18.0,0.0,0.0,,27,,,,,,,,
PAIR,,VCP-R1-001,VCP-R1-085,True,False,20,20.0,20.0,19.0,0.0,0.0,20.0,20.0,0.0,0.0,,27,,,,,,,,
PAIR,,VCP-R1-001,VCP-R1-086,True,False,20,20.0,20.0,20.0,0.0,0.0,20.0,20.0,0.0,0.0,,27,,,,,,,,
PAIR,,VCP-R1-001,VCP-R1-087,True,False,20,20.0,20.0,19.0,1.0,0.02631578947368421,20.0,20.0,0.0,0.0,,27,,,,,,,,
PAIR,,VCP-R1-001,VCP-R1-088,True,False,20,20.0,20.0,19.0,1.0,0.02631578947368421,20.0,20.0,0.0,0.0,,27,,,,,,,,
PAIR,,VCP-R1-001,VCP-R1-089,True,False,20,20.0,20.0,19.0,1.0,0.02631578947368421,20.0,20.0,0.0,0.0,,27,,,,,,,,
PAIR,,VCP-R1-001,VCP-R1-090,True,False,20,20.0,20.0,20.0,1.0,0.02564102564102564,20.0,20.0,0.0,0.0,,27,,,,,,,,
PAIR,,VCP-R1-001,VCP-R1-091,True,False,20,20.0,20.0,19.0,1.0,0.02631578947368421,20.0,20.0,0.0,0.0,,27,,,,,,,,
PAIR,,VCP-R1-001,VCP-R1-092,True,False,20,20.0,20.0,19.0,1.0,0.02631578947368421,20.0,20.0,0.0,0.0,,27,,,,,,,,
PAIR,,VCP-R1-001,VCP-R1-093,True,False,20,20.0,20.0,19.0,1.0,0.02631578947368421,20.0,20.0,0.0,0.0,,27,,,,,,,,
PAIR,,VCP-R1-001,VCP-R1-094,True,False,20,20.0,20.0,19.0,0.0,0.0,20.0,20.0,0.0,0.0,,27,,,,,,,,
PAIR,,VCP-R1-001,VCP-R1-095,True,False,20,20.0,20.0,20.0,1.0,0.02564102564102564,20.0,20.0,0.0,0.0,,27,,,,,,,,
PAIR,,VCP-R1-001,VCP-R1-096,True,False,20,20.0,20.0,20.0,1.0,0.02564102564102564,20.0,20.0,0.0,0.0,,27,,,,,,,,
PAIR,,VCP-R1-001,VCP-R1-097,True,False,20,20.0,20.0,20.0,1.0,0.02564102564102564,20.0,20.0,0.0,0.0,,27,,,,,,,,
PAIR,,VCP-R1-001,VCP-R1-098,True,False,20,20.0,20.0,20.0,1.0,0.02564102564102564,20.0,20.0,0.0,0.0,,27,,,,,,,,
PAIR,,VCP-R1-001,VCP-R1-099,True,False,20,20.0,20.0,20.0,3.0,0.08108108108108109,20.0,20.0,0.0,0.0,,27,,,,,,,,
PAIR,,VCP-R1-001,VCP-R1-100,True,False,20,20.0,20.0,19.0,1.0,0.02631578947368421,20.0,20.0,0.0,0.0,,27,,,,,,,,
PAIR,,VCP-R1-001,VCP-R1-101,True,False,20,20.0,20.0,19.0,1.0,0.02631578947368421,20.0,20.0,0.0,0.0,,27,,,,,,,,
PAIR,,VCP-R1-001,VCP-R1-102,True,False,20,20.0,20.0,19.0,1.0,0.02631578947368421,20.0,20.0,0.0,0.0,,27,,,,,,,,
PAIR,,VCP-R1-001,VCP-R1-103,True,False,20,20.0,20.0,19.0,0.0,0.0,20.0,20.0,0.0,0.0,,27,,,,,,,,
PAIR,,VCP-R1-001,VCP-R1-104,True,False,20,20.0,20.0,20.0,1.0,0.02564102564102564,20.0,20.0,0.0,0.0,,27,,,,,,,,
PAIR,,VCP-R1-001,VCP-R1-105,True,False,20,20.0,20.0,20.0,1.0,0.02564102564102564,20.0,20.0,0.0,0.0,,27,,,,,,,,
PAIR,,VCP-R1-001,VCP-R1-106,True,False,20,20.0,20.0,19.0,1.0,0.02631578947368421,20.0,20.0,0.0,0.0,,27,,,,,,,,
PAIR,,VCP-R1-001,VCP-R1-107,True,False,20,20.0,20.0,20.0,1.0,0.02564102564102564,20.0,20.0,0.0,0.0,,27,,,,,,,,
PAIR,,VCP-R1-001,VCP-R1-108,True,False,20,20.0,20.0,20.0,2.0,0.05263157894736842,20.0,20.0,0.0,0.0,,27,,,,,,,,
PAIR,,VCP-R1-002,VCP-R1-003,True,True,20,20.0,20.0,20.0,12.0,0.42857142857142855,20.0,20.0,12.0,0.42857142857142855,,27,,,,,,,,
PAIR,,VCP-R1-002,VCP-R1-004,True,True,20,20.0,20.0,19.0,7.0,0.21875,20.0,20.0,6.0,0.17647058823529413,,27,,,,,,,,
PAIR,,VCP-R1-002,VCP-R1-005,True,True,20,20.0,20.0,19.0,11.0,0.39285714285714285,20.0,20.0,10.0,0.3333333333333333,,27,,,,,,,,
PAIR,,VCP-R1-002,VCP-R1-006,True,False,20,20.0,20.0,19.0,12.0,0.4444444444444444,20.0,20.0,12.0,0.42857142857142855,,27,,,,,,,,
PAIR,,VCP-R1-002,VCP-R1-007,True,False,20,20.0,20.0,19.0,6.0,0.18181818181818182,20.0,20.0,5.0,0.14285714285714285,,27,,,,,,,,
PAIR,,VCP-R1-002,VCP-R1-008,True,True,20,20.0,20.0,19.0,8.0,0.25806451612903225,20.0,20.0,7.0,0.21212121212121213,,27,,,,,,,,
PAIR,,VCP-R1-002,VCP-R1-009,True,True,20,20.0,20.0,20.0,9.0,0.2903225806451613,20.0,20.0,8.0,0.25,,27,,,,,,,,
PAIR,,VCP-R1-002,VCP-R1-010,True,False,20,20.0,20.0,20.0,13.0,0.48148148148148145,20.0,20.0,12.0,0.42857142857142855,,27,,,,,,,,
PAIR,,VCP-R1-002,VCP-R1-011,True,True,20,20.0,20.0,19.0,16.0,0.6956521739130435,20.0,20.0,16.0,0.6666666666666666,參數組合的主要贏家重疊，需檢查高原是否依賴共同個股／行情,27,,,,,,,,
PAIR,,VCP-R1-002,VCP-R1-012,True,True,20,20.0,20.0,19.0,12.0,0.4444444444444444,20.0,20.0,12.0,0.42857142857142855,,27,,,,,,,,
PAIR,,VCP-R1-002,VCP-R1-013,True,False,20,20.0,20.0,19.0,7.0,0.21875,20.0,20.0,6.0,0.17647058823529413,,27,,,,,,,,
PAIR,,VCP-R1-002,VCP-R1-014,True,True,20,20.0,20.0,19.0,10.0,0.3448275862068966,20.0,20.0,9.0,0.2903225806451613,,27,,,,,,,,
PAIR,,VCP-R1-002,VCP-R1-015,True,False,20,20.0,20.0,19.0,11.0,0.39285714285714285,20.0,20.0,11.0,0.3793103448275862,,27,,,,,,,,
PAIR,,VCP-R1-002,VCP-R1-016,True,False,20,20.0,20.0,20.0,6.0,0.17647058823529413,20.0,20.0,5.0,0.14285714285714285,,27,,,,,,,,
PAIR,,VCP-R1-002,VCP-R1-017,True,True,20,20.0,20.0,19.0,8.0,0.25806451612903225,20.0,20.0,7.0,0.21212121212121213,,27,,,,,,,,
PAIR,,VCP-R1-002,VCP-R1-018,True,False,20,20.0,20.0,20.0,9.0,0.2903225806451613,20.0,20.0,8.0,0.25,,27,,,,,,,,
PAIR,,VCP-R1-002,VCP-R1-019,True,False,20,20.0,20.0,20.0,13.0,0.48148148148148145,20.0,20.0,12.0,0.42857142857142855,,27,,,,,,,,
PAIR,,VCP-R1-002,VCP-R1-020,True,True,20,20.0,20.0,19.0,15.0,0.625,20.0,20.0,15.0,0.6,參數組合的主要贏家重疊，需檢查高原是否依賴共同個股／行情,27,,,,,,,,
PAIR,,VCP-R1-002,VCP-R1-021,True,True,20,20.0,20.0,19.0,12.0,0.4444444444444444,20.0,20.0,12.0,0.42857142857142855,,27,,,,,,,,
PAIR,,VCP-R1-002,VCP-R1-022,True,False,20,20.0,20.0,19.0,7.0,0.21875,20.0,20.0,6.0,0.17647058823529413,,27,,,,,,,,
PAIR,,VCP-R1-002,VCP-R1-023,True,False,20,20.0,20.0,19.0,10.0,0.3448275862068966,20.0,20.0,9.0,0.2903225806451613,,27,,,,,,,,
PAIR,,VCP-R1-002,VCP-R1-024,True,False,20,20.0,20.0,19.0,11.0,0.39285714285714285,20.0,20.0,11.0,0.3793103448275862,,27,,,,,,,,
PAIR,,VCP-R1-002,VCP-R1-025,True,False,20,20.0,20.0,20.0,6.0,0.17647058823529413,20.0,20.0,5.0,0.14285714285714285,,27,,,,,,,,
PAIR,,VCP-R1-002,VCP-R1-026,True,True,20,20.0,20.0,19.0,7.0,0.21875,20.0,20.0,6.0,0.17647058823529413,,27,,,,,,,,
PAIR,,VCP-R1-002,VCP-R1-027,True,False,20,20.0,20.0,20.0,9.0,0.2903225806451613,20.0,20.0,8.0,0.25,,27,,,,,,,,
PAIR,,VCP-R1-002,VCP-R1-028,True,False,20,20.0,20.0,20.0,2.0,0.05263157894736842,20.0,20.0,1.0,0.02564102564102564,,27,,,,,,,,
PAIR,,VCP-R1-002,VCP-R1-029,True,False,20,20.0,20.0,20.0,2.0,0.05263157894736842,20.0,20.0,1.0,0.02564102564102564,,27,,,,,,,,
PAIR,,VCP-R1-002,VCP-R1-030,True,True,20,20.0,20.0,18.0,1.0,0.02702702702702703,20.0,20.0,0.0,0.0,,27,,,,,,,,
PAIR,,VCP-R1-002,VCP-R1-031,True,True,20,20.0,20.0,20.0,0.0,0.0,20.0,20.0,0.0,0.0,,27,,,,,,,,
PAIR,,VCP-R1-002,VCP-R1-032,True,True,20,20.0,20.0,20.0,2.0,0.05263157894736842,20.0,20.0,1.0,0.02564102564102564,,27,,,,,,,,
PAIR,,VCP-R1-002,VCP-R1-033,True,True,20,20.0,20.0,19.0,1.0,0.02631578947368421,20.0,20.0,0.0,0.0,,27,,,,,,,,
PAIR,,VCP-R1-002,VCP-R1-034,True,False,20,20.0,20.0,19.0,0.0,0.0,20.0,20.0,0.0,0.0,,27,,,,,,,,
PAIR,,VCP-R1-002,VCP-R1-035,True,False,20,20.0,20.0,20.0,1.0,0.02564102564102564,20.0,20.0,1.0,0.02564102564102564,,27,,,,,,,,
PAIR,,VCP-R1-002,VCP-R1-036,True,True,20,20.0,20.0,20.0,1.0,0.02564102564102564,20.0,20.0,0.0,0.0,,27,,,,,,,,
PAIR,,VCP-R1-002,VCP-R1-037,True,False,20,20.0,20.0,19.0,3.0,0.08333333333333333,20.0,20.0,1.0,0.02564102564102564,,27,,,,,,,,
PAIR,,VCP-R1-002,VCP-R1-038,True,False,20,20.0,20.0,20.0,2.0,0.05263157894736842,20.0,20.0,1.0,0.02564102564102564,,27,,,,,,,,
PAIR,,VCP-R1-002,VCP-R1-039,True,False,20,20.0,20.0,20.0,1.0,0.02564102564102564,20.0,20.0,0.0,0.0,,27,,,,,,,,
PAIR,,VCP-R1-002,VCP-R1-040,True,True,20,20.0,20.0,19.0,0.0,0.0,20.0,20.0,0.0,0.0,,27,,,,,,,,
PAIR,,VCP-R1-002,VCP-R1-041,True,False,20,20.0,20.0,20.0,1.0,0.02564102564102564,20.0,20.0,1.0,0.02564102564102564,,27,,,,,,,,
PAIR,,VCP-R1-002,VCP-R1-042,True,True,20,20.0,20.0,20.0,1.0,0.02564102564102564,20.0,20.0,0.0,0.0,,27,,,,,,,,
PAIR,,VCP-R1-002,VCP-R1-043,True,True,20,20.0,20.0,19.0,0.0,0.0,20.0,20.0,0.0,0.0,,27,,,,,,,,
PAIR,,VCP-R1-002,VCP-R1-044,True,False,20,20.0,20.0,20.0,0.0,0.0,20.0,20.0,0.0,0.0,,27,,,,,,,,
PAIR,,VCP-R1-002,VCP-R1-045,True,True,20,20.0,20.0,20.0,0.0,0.0,20.0,20.0,0.0,0.0,,27,,,,,,,,
PAIR,,VCP-R1-002,VCP-R1-046,True,False,20,20.0,20.0,19.0,3.0,0.08333333333333333,20.0,20.0,1.0,0.02564102564102564,,27,,,,,,,,
PAIR,,VCP-R1-002,VCP-R1-047,True,False,20,20.0,20.0,20.0,2.0,0.05263157894736842,20.0,20.0,1.0,0.02564102564102564,,27,,,,,,,,
PAIR,,VCP-R1-002,VCP-R1-048,True,False,20,20.0,20.0,20.0,1.0,0.02564102564102564,20.0,20.0,0.0,0.0,,27,,,,,,,,
PAIR,,VCP-R1-002,VCP-R1-049,True,True,20,20.0,20.0,20.0,0.0,0.0,20.0,20.0,0.0,0.0,,27,,,,,,,,
PAIR,,VCP-R1-002,VCP-R1-050,True,False,20,20.0,20.0,20.0,1.0,0.02564102564102564,20.0,20.0,1.0,0.02564102564102564,,27,,,,,,,,
PAIR,,VCP-R1-002,VCP-R1-051,True,True,20,20.0,20.0,20.0,1.0,0.02564102564102564,20.0,20.0,0.0,0.0,,27,,,,,,,,
PAIR,,VCP-R1-002,VCP-R1-052,True,True,20,20.0,20.0,19.0,0.0,0.0,20.0,20.0,0.0,0.0,,27,,,,,,,,
PAIR,,VCP-R1-002,VCP-R1-053,True,False,20,20.0,20.0,20.0,0.0,0.0,20.0,20.0,0.0,0.0,,27,,,,,,,,
PAIR,,VCP-R1-002,VCP-R1-054,True,True,20,20.0,20.0,20.0,0.0,0.0,20.0,20.0,0.0,0.0,,27,,,,,,,,
PAIR,,VCP-R1-002,VCP-R1-055,True,False,20,20.0,20.0,18.0,0.0,0.0,20.0,20.0,0.0,0.0,,27,,,,,,,,
PAIR,,VCP-R1-002,VCP-R1-056,True,False,20,20.0,20.0,20.0,1.0,0.02564102564102564,20.0,20.0,0.0,0.0,,27,,,,,,,,
PAIR,,VCP-R1-002,VCP-R1-057,True,False,20,19.0,20.0,18.0,1.0,0.02702702702702703,20.0,19.0,0.0,0.0,,27,,,,,,,,
PAIR,,VCP-R1-002,VCP-R1-058,True,False,20,20.0,20.0,19.0,0.0,0.0,20.0,20.0,0.0,0.0,,27,,,,,,,,
PAIR,,VCP-R1-002,VCP-R1-059,True,False,20,20.0,20.0,19.0,0.0,0.0,20.0,20.0,0.0,0.0,,27,,,,,,,,
PAIR,,VCP-R1-002,VCP-R1-060,True,False,20,20.0,20.0,20.0,0.0,0.0,20.0,20.0,0.0,0.0,,27,,,,,,,,
PAIR,,VCP-R1-002,VCP-R1-061,True,False,20,20.0,20.0,20.0,0.0,0.0,20.0,20.0,0.0,0.0,,27,,,,,,,,
PAIR,,VCP-R1-002,VCP-R1-062,True,False,20,20.0,20.0,20.0,0.0,0.0,20.0,20.0,0.0,0.0,,27,,,,,,,,
PAIR,,VCP-R1-002,VCP-R1-063,True,False,20,20.0,20.0,20.0,0.0,0.0,20.0,20.0,0.0,0.0,,27,,,,,,,,
PAIR,,VCP-R1-002,VCP-R1-064,True,False,20,20.0,20.0,19.0,1.0,0.02631578947368421,20.0,20.0,0.0,0.0,,27,,,,,,,,
PAIR,,VCP-R1-002,VCP-R1-065,True,False,20,20.0,20.0,20.0,1.0,0.02564102564102564,20.0,20.0,0.0,0.0,,27,,,,,,,,
PAIR,,VCP-R1-002,VCP-R1-066,True,False,20,20.0,20.0,20.0,2.0,0.05263157894736842,20.0,20.0,0.0,0.0,,27,,,,,,,,
PAIR,,VCP-R1-002,VCP-R1-067,True,False,20,20.0,20.0,20.0,1.0,0.02564102564102564,20.0,20.0,0.0,0.0,,27,,,,,,,,
PAIR,,VCP-R1-002,VCP-R1-068,True,False,20,20.0,20.0,19.0,1.0,0.02631578947368421,20.0,20.0,0.0,0.0,,27,,,,,,,,
PAIR,,VCP-R1-002,VCP-R1-069,True,False,20,20.0,20.0,20.0,1.0,0.02564102564102564,20.0,20.0,0.0,0.0,,27,,,,,,,,
PAIR,,VCP-R1-002,VCP-R1-070,True,False,20,20.0,20.0,20.0,1.0,0.02564102564102564,20.0,20.0,0.0,0.0,,27,,,,,,,,
PAIR,,VCP-R1-002,VCP-R1-071,True,False,20,20.0,20.0,20.0,1.0,0.02564102564102564,20.0,20.0,0.0,0.0,,27,,,,,,,,
PAIR,,VCP-R1-002,VCP-R1-072,True,False,20,20.0,20.0,20.0,1.0,0.02564102564102564,20.0,20.0,0.0,0.0,,27,,,,,,,,
PAIR,,VCP-R1-002,VCP-R1-073,True,False,20,20.0,20.0,20.0,1.0,0.02564102564102564,20.0,20.0,0.0,0.0,,27,,,,,,,,
PAIR,,VCP-R1-002,VCP-R1-074,True,False,20,20.0,20.0,20.0,1.0,0.02564102564102564,20.0,20.0,0.0,0.0,,27,,,,,,,,
PAIR,,VCP-R1-002,VCP-R1-075,True,False,20,20.0,20.0,20.0,2.0,0.05263157894736842,20.0,20.0,0.0,0.0,,27,,,,,,,,
PAIR,,VCP-R1-002,VCP-R1-076,True,False,20,20.0,20.0,20.0,1.0,0.02564102564102564,20.0,20.0,0.0,0.0,,27,,,,,,,,
PAIR,,VCP-R1-002,VCP-R1-077,True,False,20,20.0,20.0,19.0,1.0,0.02631578947368421,20.0,20.0,0.0,0.0,,27,,,,,,,,
PAIR,,VCP-R1-002,VCP-R1-078,True,False,20,20.0,20.0,20.0,1.0,0.02564102564102564,20.0,20.0,0.0,0.0,,27,,,,,,,,
PAIR,,VCP-R1-002,VCP-R1-079,True,False,20,20.0,20.0,20.0,1.0,0.02564102564102564,20.0,20.0,0.0,0.0,,27,,,,,,,,
PAIR,,VCP-R1-002,VCP-R1-080,True,False,20,20.0,20.0,20.0,1.0,0.02564102564102564,20.0,20.0,0.0,0.0,,27,,,,,,,,
PAIR,,VCP-R1-002,VCP-R1-081,True,False,20,20.0,20.0,20.0,1.0,0.02564102564102564,20.0,20.0,0.0,0.0,,27,,,,,,,,
PAIR,,VCP-R1-002,VCP-R1-082,True,False,20,20.0,20.0,20.0,0.0,0.0,20.0,20.0,0.0,0.0,,27,,,,,,,,
PAIR,,VCP-R1-002,VCP-R1-083,True,False,20,20.0,20.0,20.0,0.0,0.0,20.0,20.0,0.0,0.0,,27,,,,,,,,
PAIR,,VCP-R1-002,VCP-R1-084,True,False,20,18.0,20.0,18.0,0.0,0.0,20.0,18.0,0.0,0.0,,27,,,,,,,,
PAIR,,VCP-R1-002,VCP-R1-085,True,False,20,20.0,20.0,19.0,0.0,0.0,20.0,20.0,0.0,0.0,,27,,,,,,,,
PAIR,,VCP-R1-002,VCP-R1-086,True,False,20,20.0,20.0,20.0,0.0,0.0,20.0,20.0,0.0,0.0,,27,,,,,,,,
PAIR,,VCP-R1-002,VCP-R1-087,True,False,20,20.0,20.0,19.0,0.0,0.0,20.0,20.0,0.0,0.0,,27,,,,,,,,
PAIR,,VCP-R1-002,VCP-R1-088,True,False,20,20.0,20.0,19.0,0.0,0.0,20.0,20.0,0.0,0.0,,27,,,,,,,,
PAIR,,VCP-R1-002,VCP-R1-089,True,False,20,20.0,20.0,19.0,0.0,0.0,20.0,20.0,0.0,0.0,,27,,,,,,,,
PAIR,,VCP-R1-002,VCP-R1-090,True,False,20,20.0,20.0,20.0,0.0,0.0,20.0,20.0,0.0,0.0,,27,,,,,,,,
PAIR,,VCP-R1-002,VCP-R1-091,True,False,20,20.0,20.0,19.0,1.0,0.02631578947368421,20.0,20.0,0.0,0.0,,27,,,,,,,,
PAIR,,VCP-R1-002,VCP-R1-092,True,False,20,20.0,20.0,19.0,1.0,0.02631578947368421,20.0,20.0,0.0,0.0,,27,,,,,,,,
PAIR,,VCP-R1-002,VCP-R1-093,True,False,20,20.0,20.0,19.0,1.0,0.02631578947368421,20.0,20.0,0.0,0.0,,27,,,,,,,,
PAIR,,VCP-R1-002,VCP-R1-094,True,False,20,20.0,20.0,19.0,1.0,0.02631578947368421,20.0,20.0,0.0,0.0,,27,,,,,,,,
PAIR,,VCP-R1-002,VCP-R1-095,True,False,20,20.0,20.0,20.0,1.0,0.02564102564102564,20.0,20.0,0.0,0.0,,27,,,,,,,,
PAIR,,VCP-R1-002,VCP-R1-096,True,False,20,20.0,20.0,20.0,1.0,0.02564102564102564,20.0,20.0,0.0,0.0,,27,,,,,,,,
PAIR,,VCP-R1-002,VCP-R1-097,True,False,20,20.0,20.0,20.0,1.0,0.02564102564102564,20.0,20.0,0.0,0.0,,27,,,,,,,,
PAIR,,VCP-R1-002,VCP-R1-098,True,False,20,20.0,20.0,20.0,1.0,0.02564102564102564,20.0,20.0,0.0,0.0,,27,,,,,,,,
PAIR,,VCP-R1-002,VCP-R1-099,True,False,20,20.0,20.0,20.0,2.0,0.05263157894736842,20.0,20.0,0.0,0.0,,27,,,,,,,,
PAIR,,VCP-R1-002,VCP-R1-100,True,False,20,20.0,20.0,19.0,1.0,0.02631578947368421,20.0,20.0,0.0,0.0,,27,,,,,,,,
PAIR,,VCP-R1-002,VCP-R1-101,True,False,20,20.0,20.0,19.0,1.0,0.02631578947368421,20.0,20.0,0.0,0.0,,27,,,,,,,,
PAIR,,VCP-R1-002,VCP-R1-102,True,False,20,20.0,20.0,19.0,1.0,0.02631578947368421,20.0,20.0,0.0,0.0,,27,,,,,,,,
PAIR,,VCP-R1-002,VCP-R1-103,True,False,20,20.0,20.0,19.0,1.0,0.02631578947368421,20.0,20.0,0.0,0.0,,27,,,,,,,,
PAIR,,VCP-R1-002,VCP-R1-104,True,False,20,20.0,20.0,20.0,1.0,0.02564102564102564,20.0,20.0,0.0,0.0,,27,,,,,,,,
PAIR,,VCP-R1-002,VCP-R1-105,True,False,20,20.0,20.0,20.0,1.0,0.02564102564102564,20.0,20.0,0.0,0.0,,27,,,,,,,,
PAIR,,VCP-R1-002,VCP-R1-106,True,False,20,20.0,20.0,19.0,2.0,0.05405405405405406,20.0,20.0,0.0,0.0,,27,,,,,,,,
PAIR,,VCP-R1-002,VCP-R1-107,True,False,20,20.0,20.0,20.0,2.0,0.05263157894736842,20.0,20.0,0.0,0.0,,27,,,,,,,,
PAIR,,VCP-R1-002,VCP-R1-108,True,False,20,20.0,20.0,20.0,1.0,0.02564102564102564,20.0,20.0,0.0,0.0,,27,,,,,,,,
PAIR,,VCP-R1-003,VCP-R1-004,True,True,20,20.0,20.0,19.0,6.0,0.18181818181818182,20.0,20.0,5.0,0.14285714285714285,,27,,,,,,,,
PAIR,,VCP-R1-003,VCP-R1-005,True,True,20,20.0,20.0,19.0,8.0,0.25806451612903225,20.0,20.0,7.0,0.21212121212121213,,27,,,,,,,,
PAIR,,VCP-R1-003,VCP-R1-006,True,False,20,20.0,20.0,19.0,13.0,0.5,20.0,20.0,13.0,0.48148148148148145,,27,,,,,,,,
PAIR,,VCP-R1-003,VCP-R1-007,True,False,20,20.0,20.0,19.0,5.0,0.14705882352941177,20.0,20.0,4.0,0.1111111111111111,,27,,,,,,,,
PAIR,,VCP-R1-003,VCP-R1-008,True,True,20,20.0,20.0,19.0,6.0,0.18181818181818182,20.0,20.0,5.0,0.14285714285714285,,27,,,,,,,,
PAIR,,VCP-R1-003,VCP-R1-009,True,True,20,20.0,20.0,20.0,9.0,0.2903225806451613,20.0,20.0,8.0,0.25,,27,,,,,,,,
PAIR,,VCP-R1-003,VCP-R1-010,True,False,20,20.0,20.0,20.0,9.0,0.2903225806451613,20.0,20.0,8.0,0.25,,27,,,,,,,,
PAIR,,VCP-R1-003,VCP-R1-011,True,True,20,20.0,20.0,19.0,10.0,0.3448275862068966,20.0,20.0,10.0,0.3333333333333333,,27,,,,,,,,
PAIR,,VCP-R1-003,VCP-R1-012,True,True,20,20.0,20.0,19.0,18.0,0.8571428571428571,20.0,20.0,18.0,0.8181818181818182,參數組合的主要贏家重疊，需檢查高原是否依賴共同個股／行情,27,,,,,,,,
PAIR,,VCP-R1-003,VCP-R1-013,True,False,20,20.0,20.0,19.0,6.0,0.18181818181818182,20.0,20.0,5.0,0.14285714285714285,,27,,,,,,,,
PAIR,,VCP-R1-003,VCP-R1-014,True,True,20,20.0,20.0,19.0,8.0,0.25806451612903225,20.0,20.0,7.0,0.21212121212121213,,27,,,,,,,,
PAIR,,VCP-R1-003,VCP-R1-015,True,False,20,20.0,20.0,19.0,11.0,0.39285714285714285,20.0,20.0,11.0,0.3793103448275862,,27,,,,,,,,
PAIR,,VCP-R1-003,VCP-R1-016,True,False,20,20.0,20.0,20.0,5.0,0.14285714285714285,20.0,20.0,4.0,0.1111111111111111,,27,,,,,,,,
PAIR,,VCP-R1-003,VCP-R1-017,True,True,20,20.0,20.0,19.0,6.0,0.18181818181818182,20.0,20.0,5.0,0.14285714285714285,,27,,,,,,,,
PAIR,,VCP-R1-003,VCP-R1-018,True,False,20,20.0,20.0,20.0,9.0,0.2903225806451613,20.0,20.0,8.0,0.25,,27,,,,,,,,
PAIR,,VCP-R1-003,VCP-R1-019,True,False,20,20.0,20.0,20.0,9.0,0.2903225806451613,20.0,20.0,8.0,0.25,,27,,,,,,,,
PAIR,,VCP-R1-003,VCP-R1-020,True,True,20,20.0,20.0,19.0,10.0,0.3448275862068966,20.0,20.0,10.0,0.3333333333333333,,27,,,,,,,,
PAIR,,VCP-R1-003,VCP-R1-021,True,True,20,20.0,20.0,19.0,17.0,0.7727272727272727,20.0,20.0,17.0,0.7391304347826086,參數組合的主要贏家重疊，需檢查高原是否依賴共同個股／行情,27,,,,,,,,
PAIR,,VCP-R1-003,VCP-R1-022,True,False,20,20.0,20.0,19.0,6.0,0.18181818181818182,20.0,20.0,5.0,0.14285714285714285,,27,,,,,,,,
PAIR,,VCP-R1-003,VCP-R1-023,True,False,20,20.0,20.0,19.0,8.0,0.25806451612903225,20.0,20.0,7.0,0.21212121212121213,,27,,,,,,,,
PAIR,,VCP-R1-003,VCP-R1-024,True,False,20,20.0,20.0,19.0,11.0,0.39285714285714285,20.0,20.0,11.0,0.3793103448275862,,27,,,,,,,,
PAIR,,VCP-R1-003,VCP-R1-025,True,False,20,20.0,20.0,20.0,5.0,0.14285714285714285,20.0,20.0,4.0,0.1111111111111111,,27,,,,,,,,
PAIR,,VCP-R1-003,VCP-R1-026,True,True,20,20.0,20.0,19.0,7.0,0.21875,20.0,20.0,5.0,0.14285714285714285,,27,,,,,,,,
PAIR,,VCP-R1-003,VCP-R1-027,True,False,20,20.0,20.0,20.0,9.0,0.2903225806451613,20.0,20.0,8.0,0.25,,27,,,,,,,,
PAIR,,VCP-R1-003,VCP-R1-028,True,False,20,20.0,20.0,20.0,3.0,0.08108108108108109,20.0,20.0,1.0,0.02564102564102564,,27,,,,,,,,
PAIR,,VCP-R1-003,VCP-R1-029,True,False,20,20.0,20.0,20.0,3.0,0.08108108108108109,20.0,20.0,1.0,0.02564102564102564,,27,,,,,,,,
PAIR,,VCP-R1-003,VCP-R1-030,True,True,20,20.0,20.0,18.0,2.0,0.05555555555555555,20.0,20.0,1.0,0.02564102564102564,,27,,,,,,,,
PAIR,,VCP-R1-003,VCP-R1-031,True,True,20,20.0,20.0,20.0,0.0,0.0,20.0,20.0,0.0,0.0,,27,,,,,,,,
PAIR,,VCP-R1-003,VCP-R1-032,True,True,20,20.0,20.0,20.0,1.0,0.02564102564102564,20.0,20.0,0.0,0.0,,27,,,,,,,,
PAIR,,VCP-R1-003,VCP-R1-033,True,True,20,20.0,20.0,19.0,1.0,0.02631578947368421,20.0,20.0,0.0,0.0,,27,,,,,,,,
PAIR,,VCP-R1-003,VCP-R1-034,True,False,20,20.0,20.0,19.0,0.0,0.0,20.0,20.0,0.0,0.0,,27,,,,,,,,
PAIR,,VCP-R1-003,VCP-R1-035,True,False,20,20.0,20.0,20.0,0.0,0.0,20.0,20.0,0.0,0.0,,27,,,,,,,,
PAIR,,VCP-R1-003,VCP-R1-036,True,True,20,20.0,20.0,20.0,1.0,0.02564102564102564,20.0,20.0,0.0,0.0,,27,,,,,,,,
PAIR,,VCP-R1-003,VCP-R1-037,True,False,20,20.0,20.0,19.0,2.0,0.05405405405405406,20.0,20.0,0.0,0.0,,27,,,,,,,,
PAIR,,VCP-R1-003,VCP-R1-038,True,False,20,20.0,20.0,20.0,4.0,0.1111111111111111,20.0,20.0,1.0,0.02564102564102564,,27,,,,,,,,
PAIR,,VCP-R1-003,VCP-R1-039,True,False,20,20.0,20.0,20.0,3.0,0.08108108108108109,20.0,20.0,1.0,0.02564102564102564,,27,,,,,,,,
PAIR,,VCP-R1-003,VCP-R1-040,True,True,20,20.0,20.0,19.0,0.0,0.0,20.0,20.0,0.0,0.0,,27,,,,,,,,
PAIR,,VCP-R1-003,VCP-R1-041,True,False,20,20.0,20.0,20.0,0.0,0.0,20.0,20.0,0.0,0.0,,27,,,,,,,,
PAIR,,VCP-R1-003,VCP-R1-042,True,True,20,20.0,20.0,20.0,1.0,0.02564102564102564,20.0,20.0,0.0,0.0,,27,,,,,,,,
PAIR,,VCP-R1-003,VCP-R1-043,True,True,20,20.0,20.0,19.0,1.0,0.02631578947368421,20.0,20.0,0.0,0.0,,27,,,,,,,,
PAIR,,VCP-R1-003,VCP-R1-044,True,False,20,20.0,20.0,20.0,1.0,0.02564102564102564,20.0,20.0,0.0,0.0,,27,,,,,,,,
PAIR,,VCP-R1-003,VCP-R1-045,True,True,20,20.0,20.0,20.0,1.0,0.02564102564102564,20.0,20.0,0.0,0.0,,27,,,,,,,,
PAIR,,VCP-R1-003,VCP-R1-046,True,False,20,20.0,20.0,19.0,1.0,0.02631578947368421,20.0,20.0,0.0,0.0,,27,,,,,,,,
PAIR,,VCP-R1-003,VCP-R1-047,True,False,20,20.0,20.0,20.0,4.0,0.1111111111111111,20.0,20.0,1.0,0.02564102564102564,,27,,,,,,,,
PAIR,,VCP-R1-003,VCP-R1-048,True,False,20,20.0,20.0,20.0,3.0,0.08108108108108109,20.0,20.0,1.0,0.02564102564102564,,27,,,,,,,,
PAIR,,VCP-R1-003,VCP-R1-049,True,True,20,20.0,20.0,20.0,0.0,0.0,20.0,20.0,0.0,0.0,,27,,,,,,,,
PAIR,,VCP-R1-003,VCP-R1-050,True,False,20,20.0,20.0,20.0,0.0,0.0,20.0,20.0,0.0,0.0,,27,,,,,,,,
PAIR,,VCP-R1-003,VCP-R1-051,True,True,20,20.0,20.0,20.0,1.0,0.02564102564102564,20.0,20.0,0.0,0.0,,27,,,,,,,,
PAIR,,VCP-R1-003,VCP-R1-052,True,True,20,20.0,20.0,19.0,1.0,0.02631578947368421,20.0,20.0,0.0,0.0,,27,,,,,,,,
PAIR,,VCP-R1-003,VCP-R1-053,True,False,20,20.0,20.0,20.0,1.0,0.02564102564102564,20.0,20.0,0.0,0.0,,27,,,,,,,,
PAIR,,VCP-R1-003,VCP-R1-054,True,True,20,20.0,20.0,20.0,1.0,0.02564102564102564,20.0,20.0,0.0,0.0,,27,,,,,,,,
PAIR,,VCP-R1-003,VCP-R1-055,True,False,20,20.0,20.0,18.0,0.0,0.0,20.0,20.0,0.0,0.0,,27,,,,,,,,
PAIR,,VCP-R1-003,VCP-R1-056,True,False,20,20.0,20.0,20.0,0.0,0.0,20.0,20.0,0.0,0.0,,27,,,,,,,,
PAIR,,VCP-R1-003,VCP-R1-057,True,False,20,19.0,20.0,18.0,0.0,0.0,20.0,19.0,0.0,0.0,,27,,,,,,,,
PAIR,,VCP-R1-003,VCP-R1-058,True,False,20,20.0,20.0,19.0,1.0,0.02631578947368421,20.0,20.0,0.0,0.0,,27,,,,,,,,
PAIR,,VCP-R1-003,VCP-R1-059,True,False,20,20.0,20.0,19.0,1.0,0.02631578947368421,20.0,20.0,0.0,0.0,,27,,,,,,,,
PAIR,,VCP-R1-003,VCP-R1-060,True,False,20,20.0,20.0,20.0,0.0,0.0,20.0,20.0,0.0,0.0,,27,,,,,,,,
PAIR,,VCP-R1-003,VCP-R1-061,True,False,20,20.0,20.0,20.0,1.0,0.02564102564102564,20.0,20.0,0.0,0.0,,27,,,,,,,,
PAIR,,VCP-R1-003,VCP-R1-062,True,False,20,20.0,20.0,20.0,1.0,0.02564102564102564,20.0,20.0,0.0,0.0,,27,,,,,,,,
PAIR,,VCP-R1-003,VCP-R1-063,True,False,20,20.0,20.0,20.0,0.0,0.0,20.0,20.0,0.0,0.0,,27,,,,,,,,
PAIR,,VCP-R1-003,VCP-R1-064,True,False,20,20.0,20.0,19.0,1.0,0.02631578947368421,20.0,20.0,0.0,0.0,,27,,,,,,,,
PAIR,,VCP-R1-003,VCP-R1-065,True,False,20,20.0,20.0,20.0,1.0,0.02564102564102564,20.0,20.0,0.0,0.0,,27,,,,,,,,
PAIR,,VCP-R1-003,VCP-R1-066,True,False,20,20.0,20.0,20.0,1.0,0.02564102564102564,20.0,20.0,0.0,0.0,,27,,,,,,,,
PAIR,,VCP-R1-003,VCP-R1-067,True,False,20,20.0,20.0,20.0,2.0,0.05263157894736842,20.0,20.0,0.0,0.0,,27,,,,,,,,
PAIR,,VCP-R1-003,VCP-R1-068,True,False,20,20.0,20.0,19.0,2.0,0.05405405405405406,20.0,20.0,0.0,0.0,,27,,,,,,,,
PAIR,,VCP-R1-003,VCP-R1-069,True,False,20,20.0,20.0,20.0,1.0,0.02564102564102564,20.0,20.0,0.0,0.0,,27,,,,,,,,
PAIR,,VCP-R1-003,VCP-R1-070,True,False,20,20.0,20.0,20.0,1.0,0.02564102564102564,20.0,20.0,0.0,0.0,,27,,,,,,,,
PAIR,,VCP-R1-003,VCP-R1-071,True,False,20,20.0,20.0,20.0,1.0,0.02564102564102564,20.0,20.0,0.0,0.0,,27,,,,,,,,
PAIR,,VCP-R1-003,VCP-R1-072,True,False,20,20.0,20.0,20.0,1.0,0.02564102564102564,20.0,20.0,0.0,0.0,,27,,,,,,,,
PAIR,,VCP-R1-003,VCP-R1-073,True,False,20,20.0,20.0,20.0,1.0,0.02564102564102564,20.0,20.0,0.0,0.0,,27,,,,,,,,
PAIR,,VCP-R1-003,VCP-R1-074,True,False,20,20.0,20.0,20.0,1.0,0.02564102564102564,20.0,20.0,0.0,0.0,,27,,,,,,,,
PAIR,,VCP-R1-003,VCP-R1-075,True,False,20,20.0,20.0,20.0,1.0,0.02564102564102564,20.0,20.0,0.0,0.0,,27,,,,,,,,
PAIR,,VCP-R1-003,VCP-R1-076,True,False,20,20.0,20.0,20.0,2.0,0.05263157894736842,20.0,20.0,0.0,0.0,,27,,,,,,,,
PAIR,,VCP-R1-003,VCP-R1-077,True,False,20,20.0,20.0,19.0,2.0,0.05405405405405406,20.0,20.0,0.0,0.0,,27,,,,,,,,
PAIR,,VCP-R1-003,VCP-R1-078,True,False,20,20.0,20.0,20.0,1.0,0.02564102564102564,20.0,20.0,0.0,0.0,,27,,,,,,,,
PAIR,,VCP-R1-003,VCP-R1-079,True,False,20,20.0,20.0,20.0,1.0,0.02564102564102564,20.0,20.0,0.0,0.0,,27,,,,,,,,
PAIR,,VCP-R1-003,VCP-R1-080,True,False,20,20.0,20.0,20.0,1.0,0.02564102564102564,20.0,20.0,0.0,0.0,,27,,,,,,,,
PAIR,,VCP-R1-003,VCP-R1-081,True,False,20,20.0,20.0,20.0,1.0,0.02564102564102564,20.0,20.0,0.0,0.0,,27,,,,,,,,
PAIR,,VCP-R1-003,VCP-R1-082,True,False,20,20.0,20.0,20.0,0.0,0.0,20.0,20.0,0.0,0.0,,27,,,,,,,,
PAIR,,VCP-R1-003,VCP-R1-083,True,False,20,20.0,20.0,20.0,0.0,0.0,20.0,20.0,0.0,0.0,,27,,,,,,,,
PAIR,,VCP-R1-003,VCP-R1-084,True,False,20,18.0,20.0,18.0,0.0,0.0,20.0,18.0,0.0,0.0,,27,,,,,,,,
PAIR,,VCP-R1-003,VCP-R1-085,True,False,20,20.0,20.0,19.0,0.0,0.0,20.0,20.0,0.0,0.0,,27,,,,,,,,
PAIR,,VCP-R1-003,VCP-R1-086,True,False,20,20.0,20.0,20.0,0.0,0.0,20.0,20.0,0.0,0.0,,27,,,,,,,,
PAIR,,VCP-R1-003,VCP-R1-087,True,False,20,20.0,20.0,19.0,0.0,0.0,20.0,20.0,0.0,0.0,,27,,,,,,,,
PAIR,,VCP-R1-003,VCP-R1-088,True,False,20,20.0,20.0,19.0,0.0,0.0,20.0,20.0,0.0,0.0,,27,,,,,,,,
PAIR,,VCP-R1-003,VCP-R1-089,True,False,20,20.0,20.0,19.0,0.0,0.0,20.0,20.0,0.0,0.0,,27,,,,,,,,
PAIR,,VCP-R1-003,VCP-R1-090,True,False,20,20.0,20.0,20.0,1.0,0.02564102564102564,20.0,20.0,0.0,0.0,,27,,,,,,,,
PAIR,,VCP-R1-003,VCP-R1-091,True,False,20,20.0,20.0,19.0,1.0,0.02631578947368421,20.0,20.0,0.0,0.0,,27,,,,,,,,
PAIR,,VCP-R1-003,VCP-R1-092,True,False,20,20.0,20.0,19.0,1.0,0.02631578947368421,20.0,20.0,0.0,0.0,,27,,,,,,,,
PAIR,,VCP-R1-003,VCP-R1-093,True,False,20,20.0,20.0,19.0,1.0,0.02631578947368421,20.0,20.0,0.0,0.0,,27,,,,,,,,
PAIR,,VCP-R1-003,VCP-R1-094,True,False,20,20.0,20.0,19.0,1.0,0.02631578947368421,20.0,20.0,0.0,0.0,,27,,,,,,,,
PAIR,,VCP-R1-003,VCP-R1-095,True,False,20,20.0,20.0,20.0,1.0,0.02564102564102564,20.0,20.0,0.0,0.0,,27,,,,,,,,
PAIR,,VCP-R1-003,VCP-R1-096,True,False,20,20.0,20.0,20.0,1.0,0.02564102564102564,20.0,20.0,0.0,0.0,,27,,,,,,,,
PAIR,,VCP-R1-003,VCP-R1-097,True,False,20,20.0,20.0,20.0,1.0,0.02564102564102564,20.0,20.0,0.0,0.0,,27,,,,,,,,
PAIR,,VCP-R1-003,VCP-R1-098,True,False,20,20.0,20.0,20.0,1.0,0.02564102564102564,20.0,20.0,0.0,0.0,,27,,,,,,,,
PAIR,,VCP-R1-003,VCP-R1-099,True,False,20,20.0,20.0,20.0,2.0,0.05263157894736842,20.0,20.0,0.0,0.0,,27,,,,,,,,
PAIR,,VCP-R1-003,VCP-R1-100,True,False,20,20.0,20.0,19.0,1.0,0.02631578947368421,20.0,20.0,0.0,0.0,,27,,,,,,,,
PAIR,,VCP-R1-003,VCP-R1-101,True,False,20,20.0,20.0,19.0,1.0,0.02631578947368421,20.0,20.0,0.0,0.0,,27,,,,,,,,
PAIR,,VCP-R1-003,VCP-R1-102,True,False,20,20.0,20.0,19.0,1.0,0.02631578947368421,20.0,20.0,0.0,0.0,,27,,,,,,,,
PAIR,,VCP-R1-003,VCP-R1-103,True,False,20,20.0,20.0,19.0,1.0,0.02631578947368421,20.0,20.0,0.0,0.0,,27,,,,,,,,
PAIR,,VCP-R1-003,VCP-R1-104,True,False,20,20.0,20.0,20.0,1.0,0.02564102564102564,20.0,20.0,0.0,0.0,,27,,,,,,,,
PAIR,,VCP-R1-003,VCP-R1-105,True,False,20,20.0,20.0,20.0,1.0,0.02564102564102564,20.0,20.0,0.0,0.0,,27,,,,,,,,
PAIR,,VCP-R1-003,VCP-R1-106,True,False,20,20.0,20.0,19.0,2.0,0.05405405405405406,20.0,20.0,0.0,0.0,,27,,,,,,,,
PAIR,,VCP-R1-003,VCP-R1-107,True,False,20,20.0,20.0,20.0,2.0,0.05263157894736842,20.0,20.0,0.0,0.0,,27,,,,,,,,
PAIR,,VCP-R1-003,VCP-R1-108,True,False,20,20.0,20.0,20.0,1.0,0.02564102564102564,20.0,20.0,0.0,0.0,,27,,,,,,,,
PAIR,,VCP-R1-004,VCP-R1-005,True,True,20,20.0,19.0,19.0,14.0,0.5833333333333334,20.0,20.0,14.0,0.5384615384615384,,27,,,,,,,,
PAIR,,VCP-R1-004,VCP-R1-006,True,False,20,20.0,19.0,19.0,7.0,0.22580645161290322,20.0,20.0,7.0,0.21212121212121213,,27,,,,,,,,
PAIR,,VCP-R1-004,VCP-R1-007,True,False,20,20.0,19.0,19.0,15.0,0.6521739130434783,20.0,20.0,15.0,0.6,,27,,,,,,,,
PAIR,,VCP-R1-004,VCP-R1-008,True,True,20,20.0,19.0,19.0,14.0,0.5833333333333334,20.0,20.0,14.0,0.5384615384615384,,27,,,,,,,,
PAIR,,VCP-R1-004,VCP-R1-009,True,True,20,20.0,19.0,20.0,8.0,0.25806451612903225,20.0,20.0,7.0,0.21212121212121213,,27,,,,,,,,
PAIR,,VCP-R1-004,VCP-R1-010,True,False,20,20.0,19.0,20.0,10.0,0.3448275862068966,20.0,20.0,9.0,0.2903225806451613,,27,,,,,,,,
PAIR,,VCP-R1-004,VCP-R1-011,True,True,20,20.0,19.0,19.0,7.0,0.22580645161290322,20.0,20.0,6.0,0.17647058823529413,,27,,,,,,,,
PAIR,,VCP-R1-004,VCP-R1-012,True,True,20,20.0,19.0,19.0,6.0,0.1875,20.0,20.0,5.0,0.14285714285714285,,27,,,,,,,,
PAIR,,VCP-R1-004,VCP-R1-013,True,False,20,20.0,19.0,19.0,17.0,0.8095238095238095,20.0,20.0,18.0,0.8181818181818182,,27,,,,,,,,
PAIR,,VCP-R1-004,VCP-R1-014,True,True,20,20.0,19.0,19.0,13.0,0.52,20.0,20.0,14.0,0.5384615384615384,,27,,,,,,,,
PAIR,,VCP-R1-004,VCP-R1-015,True,False,20,20.0,19.0,19.0,7.0,0.22580645161290322,20.0,20.0,7.0,0.21212121212121213,,27,,,,,,,,
PAIR,,VCP-R1-004,VCP-R1-016,True,False,20,20.0,19.0,20.0,13.0,0.5,20.0,20.0,12.0,0.42857142857142855,,27,,,,,,,,
PAIR,,VCP-R1-004,VCP-R1-017,True,True,20,20.0,19.0,19.0,14.0,0.5833333333333334,20.0,20.0,14.0,0.5384615384615384,,27,,,,,,,,
PAIR,,VCP-R1-004,VCP-R1-018,True,False,20,20.0,19.0,20.0,8.0,0.25806451612903225,20.0,20.0,7.0,0.21212121212121213,,27,,,,,,,,
PAIR,,VCP-R1-004,VCP-R1-019,True,False,20,20.0,19.0,20.0,10.0,0.3448275862068966,20.0,20.0,9.0,0.2903225806451613,,27,,,,,,,,
PAIR,,VCP-R1-004,VCP-R1-020,True,True,20,20.0,19.0,19.0,7.0,0.22580645161290322,20.0,20.0,6.0,0.17647058823529413,,27,,,,,,,,
PAIR,,VCP-R1-004,VCP-R1-021,True,True,20,20.0,19.0,19.0,6.0,0.1875,20.0,20.0,5.0,0.14285714285714285,,27,,,,,,,,
PAIR,,VCP-R1-004,VCP-R1-022,True,False,20,20.0,19.0,19.0,16.0,0.7272727272727273,20.0,20.0,17.0,0.7391304347826086,,27,,,,,,,,
PAIR,,VCP-R1-004,VCP-R1-023,True,False,20,20.0,19.0,19.0,13.0,0.52,20.0,20.0,14.0,0.5384615384615384,,27,,,,,,,,
PAIR,,VCP-R1-004,VCP-R1-024,True,False,20,20.0,19.0,19.0,7.0,0.22580645161290322,20.0,20.0,7.0,0.21212121212121213,,27,,,,,,,,
PAIR,,VCP-R1-004,VCP-R1-025,True,False,20,20.0,19.0,20.0,12.0,0.4444444444444444,20.0,20.0,11.0,0.3793103448275862,,27,,,,,,,,
PAIR,,VCP-R1-004,VCP-R1-026,True,True,20,20.0,19.0,19.0,14.0,0.5833333333333334,20.0,20.0,14.0,0.5384615384615384,,27,,,,,,,,
PAIR,,VCP-R1-004,VCP-R1-027,True,False,20,20.0,19.0,20.0,8.0,0.25806451612903225,20.0,20.0,7.0,0.21212121212121213,,27,,,,,,,,
PAIR,,VCP-R1-004,VCP-R1-028,True,False,20,20.0,19.0,20.0,2.0,0.05405405405405406,20.0,20.0,1.0,0.02564102564102564,,27,,,,,,,,
PAIR,,VCP-R1-004,VCP-R1-029,True,False,20,20.0,19.0,20.0,1.0,0.02631578947368421,20.0,20.0,0.0,0.0,,27,,,,,,,,
PAIR,,VCP-R1-004,VCP-R1-030,True,True,20,20.0,19.0,18.0,1.0,0.027777777777777776,20.0,20.0,0.0,0.0,,27,,,,,,,,
PAIR,,VCP-R1-004,VCP-R1-031,True,True,20,20.0,19.0,20.0,2.0,0.05405405405405406,20.0,20.0,1.0,0.02564102564102564,,27,,,,,,,,
PAIR,,VCP-R1-004,VCP-R1-032,True,True,20,20.0,19.0,20.0,1.0,0.02631578947368421,20.0,20.0,0.0,0.0,,27,,,,,,,,
PAIR,,VCP-R1-004,VCP-R1-033,True,True,20,20.0,19.0,19.0,0.0,0.0,20.0,20.0,0.0,0.0,,27,,,,,,,,
PAIR,,VCP-R1-004,VCP-R1-034,True,False,20,20.0,19.0,19.0,1.0,0.02702702702702703,20.0,20.0,1.0,0.02564102564102564,,27,,,,,,,,
PAIR,,VCP-R1-004,VCP-R1-035,True,False,20,20.0,19.0,20.0,1.0,0.02631578947368421,20.0,20.0,0.0,0.0,,27,,,,,,,,
PAIR,,VCP-R1-004,VCP-R1-036,True,True,20,20.0,19.0,20.0,0.0,0.0,20.0,20.0,0.0,0.0,,27,,,,,,,,
PAIR,,VCP-R1-004,VCP-R1-037,True,False,20,20.0,19.0,19.0,2.0,0.05555555555555555,20.0,20.0,1.0,0.02564102564102564,,27,,,,,,,,
PAIR,,VCP-R1-004,VCP-R1-038,True,False,20,20.0,19.0,20.0,1.0,0.02631578947368421,20.0,20.0,0.0,0.0,,27,,,,,,,,
PAIR,,VCP-R1-004,VCP-R1-039,True,False,20,20.0,19.0,20.0,1.0,0.02631578947368421,20.0,20.0,0.0,0.0,,27,,,,,,,,
PAIR,,VCP-R1-004,VCP-R1-040,True,True,20,20.0,19.0,19.0,1.0,0.02702702702702703,20.0,20.0,1.0,0.02564102564102564,,27,,,,,,,,
PAIR,,VCP-R1-004,VCP-R1-041,True,False,20,20.0,19.0,20.0,1.0,0.02631578947368421,20.0,20.0,0.0,0.0,,27,,,,,,,,
PAIR,,VCP-R1-004,VCP-R1-042,True,True,20,20.0,19.0,20.0,0.0,0.0,20.0,20.0,0.0,0.0,,27,,,,,,,,
PAIR,,VCP-R1-004,VCP-R1-043,True,True,20,20.0,19.0,19.0,1.0,0.02702702702702703,20.0,20.0,1.0,0.02564102564102564,,27,,,,,,,,
PAIR,,VCP-R1-004,VCP-R1-044,True,False,20,20.0,19.0,20.0,0.0,0.0,20.0,20.0,0.0,0.0,,27,,,,,,,,
PAIR,,VCP-R1-004,VCP-R1-045,True,True,20,20.0,19.0,20.0,0.0,0.0,20.0,20.0,0.0,0.0,,27,,,,,,,,
PAIR,,VCP-R1-004,VCP-R1-046,True,False,20,20.0,19.0,19.0,2.0,0.05555555555555555,20.0,20.0,1.0,0.02564102564102564,,27,,,,,,,,
PAIR,,VCP-R1-004,VCP-R1-047,True,False,20,20.0,19.0,20.0,1.0,0.02631578947368421,20.0,20.0,0.0,0.0,,27,,,,,,,,
PAIR,,VCP-R1-004,VCP-R1-048,True,False,20,20.0,19.0,20.0,1.0,0.02631578947368421,20.0,20.0,0.0,0.0,,27,,,,,,,,
PAIR,,VCP-R1-004,VCP-R1-049,True,True,20,20.0,19.0,20.0,1.0,0.02631578947368421,20.0,20.0,1.0,0.02564102564102564,,27,,,,,,,,
PAIR,,VCP-R1-004,VCP-R1-050,True,False,20,20.0,19.0,20.0,1.0,0.02631578947368421,20.0,20.0,0.0,0.0,,27,,,,,,,,
PAIR,,VCP-R1-004,VCP-R1-051,True,True,20,20.0,19.0,20.0,0.0,0.0,20.0,20.0,0.0,0.0,,27,,,,,,,,
PAIR,,VCP-R1-004,VCP-R1-052,True,True,20,20.0,19.0,19.0,1.0,0.02702702702702703,20.0,20.0,1.0,0.02564102564102564,,27,,,,,,,,
PAIR,,VCP-R1-004,VCP-R1-053,True,False,20,20.0,19.0,20.0,0.0,0.0,20.0,20.0,0.0,0.0,,27,,,,,,,,
PAIR,,VCP-R1-004,VCP-R1-054,True,True,20,20.0,19.0,20.0,0.0,0.0,20.0,20.0,0.0,0.0,,27,,,,,,,,
PAIR,,VCP-R1-004,VCP-R1-055,True,False,20,20.0,19.0,18.0,0.0,0.0,20.0,20.0,0.0,0.0,,27,,,,,,,,
PAIR,,VCP-R1-004,VCP-R1-056,True,False,20,20.0,19.0,20.0,0.0,0.0,20.0,20.0,0.0,0.0,,27,,,,,,,,
PAIR,,VCP-R1-004,VCP-R1-057,True,False,20,19.0,19.0,18.0,0.0,0.0,20.0,19.0,0.0,0.0,,27,,,,,,,,
PAIR,,VCP-R1-004,VCP-R1-058,True,False,20,20.0,19.0,19.0,1.0,0.02702702702702703,20.0,20.0,0.0,0.0,,27,,,,,,,,
PAIR,,VCP-R1-004,VCP-R1-059,True,False,20,20.0,19.0,19.0,0.0,0.0,20.0,20.0,0.0,0.0,,27,,,,,,,,
PAIR,,VCP-R1-004,VCP-R1-060,True,False,20,20.0,19.0,20.0,0.0,0.0,20.0,20.0,0.0,0.0,,27,,,,,,,,
PAIR,,VCP-R1-004,VCP-R1-061,True,False,20,20.0,19.0,20.0,0.0,0.0,20.0,20.0,0.0,0.0,,27,,,,,,,,
PAIR,,VCP-R1-004,VCP-R1-062,True,False,20,20.0,19.0,20.0,0.0,0.0,20.0,20.0,0.0,0.0,,27,,,,,,,,
PAIR,,VCP-R1-004,VCP-R1-063,True,False,20,20.0,19.0,20.0,0.0,0.0,20.0,20.0,0.0,0.0,,27,,,,,,,,
PAIR,,VCP-R1-004,VCP-R1-064,True,False,20,20.0,19.0,19.0,1.0,0.02702702702702703,20.0,20.0,0.0,0.0,,27,,,,,,,,
PAIR,,VCP-R1-004,VCP-R1-065,True,False,20,20.0,19.0,20.0,1.0,0.02631578947368421,20.0,20.0,0.0,0.0,,27,,,,,,,,
PAIR,,VCP-R1-004,VCP-R1-066,True,False,20,20.0,19.0,20.0,1.0,0.02631578947368421,20.0,20.0,0.0,0.0,,27,,,,,,,,
PAIR,,VCP-R1-004,VCP-R1-067,True,False,20,20.0,19.0,20.0,1.0,0.02631578947368421,20.0,20.0,0.0,0.0,,27,,,,,,,,
PAIR,,VCP-R1-004,VCP-R1-068,True,False,20,20.0,19.0,19.0,1.0,0.02702702702702703,20.0,20.0,0.0,0.0,,27,,,,,,,,
PAIR,,VCP-R1-004,VCP-R1-069,True,False,20,20.0,19.0,20.0,1.0,0.02631578947368421,20.0,20.0,0.0,0.0,,27,,,,,,,,
PAIR,,VCP-R1-004,VCP-R1-070,True,False,20,20.0,19.0,20.0,1.0,0.02631578947368421,20.0,20.0,0.0,0.0,,27,,,,,,,,
PAIR,,VCP-R1-004,VCP-R1-071,True,False,20,20.0,19.0,20.0,1.0,0.02631578947368421,20.0,20.0,0.0,0.0,,27,,,,,,,,
PAIR,,VCP-R1-004,VCP-R1-072,True,False,20,20.0,19.0,20.0,1.0,0.02631578947368421,20.0,20.0,0.0,0.0,,27,,,,,,,,
PAIR,,VCP-R1-004,VCP-R1-073,True,False,20,20.0,19.0,20.0,1.0,0.02631578947368421,20.0,20.0,0.0,0.0,,27,,,,,,,,
PAIR,,VCP-R1-004,VCP-R1-074,True,False,20,20.0,19.0,20.0,1.0,0.02631578947368421,20.0,20.0,0.0,0.0,,27,,,,,,,,
PAIR,,VCP-R1-004,VCP-R1-075,True,False,20,20.0,19.0,20.0,1.0,0.02631578947368421,20.0,20.0,0.0,0.0,,27,,,,,,,,
PAIR,,VCP-R1-004,VCP-R1-076,True,False,20,20.0,19.0,20.0,1.0,0.02631578947368421,20.0,20.0,0.0,0.0,,27,,,,,,,,
PAIR,,VCP-R1-004,VCP-R1-077,True,False,20,20.0,19.0,19.0,1.0,0.02702702702702703,20.0,20.0,0.0,0.0,,27,,,,,,,,
PAIR,,VCP-R1-004,VCP-R1-078,True,False,20,20.0,19.0,20.0,1.0,0.02631578947368421,20.0,20.0,0.0,0.0,,27,,,,,,,,
PAIR,,VCP-R1-004,VCP-R1-079,True,False,20,20.0,19.0,20.0,1.0,0.02631578947368421,20.0,20.0,0.0,0.0,,27,,,,,,,,
PAIR,,VCP-R1-004,VCP-R1-080,True,False,20,20.0,19.0,20.0,1.0,0.02631578947368421,20.0,20.0,0.0,0.0,,27,,,,,,,,
PAIR,,VCP-R1-004,VCP-R1-081,True,False,20,20.0,19.0,20.0,1.0,0.02631578947368421,20.0,20.0,0.0,0.0,,27,,,,,,,,
PAIR,,VCP-R1-004,VCP-R1-082,True,False,20,20.0,19.0,20.0,3.0,0.08333333333333333,20.0,20.0,0.0,0.0,,27,,,,,,,,
PAIR,,VCP-R1-004,VCP-R1-083,True,False,20,20.0,19.0,20.0,2.0,0.05405405405405406,20.0,20.0,0.0,0.0,,27,,,,,,,,
PAIR,,VCP-R1-004,VCP-R1-084,True,False,20,18.0,19.0,18.0,2.0,0.05714285714285714,20.0,18.0,0.0,0.0,,27,,,,,,,,
PAIR,,VCP-R1-004,VCP-R1-085,True,False,20,20.0,19.0,19.0,1.0,0.02702702702702703,20.0,20.0,0.0,0.0,,27,,,,,,,,
PAIR,,VCP-R1-004,VCP-R1-086,True,False,20,20.0,19.0,20.0,0.0,0.0,20.0,20.0,0.0,0.0,,27,,,,,,,,
PAIR,,VCP-R1-004,VCP-R1-087,True,False,20,20.0,19.0,19.0,0.0,0.0,20.0,20.0,0.0,0.0,,27,,,,,,,,
PAIR,,VCP-R1-004,VCP-R1-088,True,False,20,20.0,19.0,19.0,2.0,0.05555555555555555,20.0,20.0,0.0,0.0,,27,,,,,,,,
PAIR,,VCP-R1-004,VCP-R1-089,True,False,20,20.0,19.0,19.0,1.0,0.02702702702702703,20.0,20.0,0.0,0.0,,27,,,,,,,,
PAIR,,VCP-R1-004,VCP-R1-090,True,False,20,20.0,19.0,20.0,1.0,0.02631578947368421,20.0,20.0,0.0,0.0,,27,,,,,,,,
PAIR,,VCP-R1-004,VCP-R1-091,True,False,20,20.0,19.0,19.0,1.0,0.02702702702702703,20.0,20.0,0.0,0.0,,27,,,,,,,,
PAIR,,VCP-R1-004,VCP-R1-092,True,False,20,20.0,19.0,19.0,0.0,0.0,20.0,20.0,0.0,0.0,,27,,,,,,,,
PAIR,,VCP-R1-004,VCP-R1-093,True,False,20,20.0,19.0,19.0,0.0,0.0,20.0,20.0,0.0,0.0,,27,,,,,,,,
PAIR,,VCP-R1-004,VCP-R1-094,True,False,20,20.0,19.0,19.0,1.0,0.02702702702702703,20.0,20.0,0.0,0.0,,27,,,,,,,,
PAIR,,VCP-R1-004,VCP-R1-095,True,False,20,20.0,19.0,20.0,0.0,0.0,20.0,20.0,0.0,0.0,,27,,,,,,,,
PAIR,,VCP-R1-004,VCP-R1-096,True,False,20,20.0,19.0,20.0,0.0,0.0,20.0,20.0,0.0,0.0,,27,,,,,,,,
PAIR,,VCP-R1-004,VCP-R1-097,True,False,20,20.0,19.0,20.0,1.0,0.02631578947368421,20.0,20.0,0.0,0.0,,27,,,,,,,,
PAIR,,VCP-R1-004,VCP-R1-098,True,False,20,20.0,19.0,20.0,1.0,0.02631578947368421,20.0,20.0,0.0,0.0,,27,,,,,,,,
PAIR,,VCP-R1-004,VCP-R1-099,True,False,20,20.0,19.0,20.0,2.0,0.05405405405405406,20.0,20.0,0.0,0.0,,27,,,,,,,,
PAIR,,VCP-R1-004,VCP-R1-100,True,False,20,20.0,19.0,19.0,1.0,0.02702702702702703,20.0,20.0,0.0,0.0,,27,,,,,,,,
PAIR,,VCP-R1-004,VCP-R1-101,True,False,20,20.0,19.0,19.0,0.0,0.0,20.0,20.0,0.0,0.0,,27,,,,,,,,
PAIR,,VCP-R1-004,VCP-R1-102,True,False,20,20.0,19.0,19.0,0.0,0.0,20.0,20.0,0.0,0.0,,27,,,,,,,,
PAIR,,VCP-R1-004,VCP-R1-103,True,False,20,20.0,19.0,19.0,0.0,0.0,20.0,20.0,0.0,0.0,,27,,,,,,,,
PAIR,,VCP-R1-004,VCP-R1-104,True,False,20,20.0,19.0,20.0,0.0,0.0,20.0,20.0,0.0,0.0,,27,,,,,,,,
PAIR,,VCP-R1-004,VCP-R1-105,True,False,20,20.0,19.0,20.0,0.0,0.0,20.0,20.0,0.0,0.0,,27,,,,,,,,
PAIR,,VCP-R1-004,VCP-R1-106,True,False,20,20.0,19.0,19.0,1.0,0.02702702702702703,20.0,20.0,0.0,0.0,,27,,,,,,,,
PAIR,,VCP-R1-004,VCP-R1-107,True,False,20,20.0,19.0,20.0,1.0,0.02631578947368421,20.0,20.0,0.0,0.0,,27,,,,,,,,
PAIR,,VCP-R1-004,VCP-R1-108,True,False,20,20.0,19.0,20.0,2.0,0.05405405405405406,20.0,20.0,0.0,0.0,,27,,,,,,,,
PAIR,,VCP-R1-005,VCP-R1-006,True,False,20,20.0,19.0,19.0,10.0,0.35714285714285715,20.0,20.0,10.0,0.3333333333333333,,27,,,,,,,,
PAIR,,VCP-R1-005,VCP-R1-007,True,False,20,20.0,19.0,19.0,11.0,0.4074074074074074,20.0,20.0,11.0,0.3793103448275862,,27,,,,,,,,
PAIR,,VCP-R1-005,VCP-R1-008,True,True,20,20.0,19.0,19.0,15.0,0.6521739130434783,20.0,20.0,16.0,0.6666666666666666,參數組合的主要贏家重疊，需檢查高原是否依賴共同個股／行情,27,,,,,,,,
PAIR,,VCP-R1-005,VCP-R1-009,True,True,20,20.0,19.0,20.0,10.0,0.3448275862068966,20.0,20.0,10.0,0.3333333333333333,,27,,,,,,,,
PAIR,,VCP-R1-005,VCP-R1-010,True,False,20,20.0,19.0,20.0,11.0,0.39285714285714285,20.0,20.0,10.0,0.3333333333333333,,27,,,,,,,,
PAIR,,VCP-R1-005,VCP-R1-011,True,True,20,20.0,19.0,19.0,11.0,0.4074074074074074,20.0,20.0,10.0,0.3333333333333333,,27,,,,,,,,
PAIR,,VCP-R1-005,VCP-R1-012,True,True,20,20.0,19.0,19.0,8.0,0.26666666666666666,20.0,20.0,7.0,0.21212121212121213,,27,,,,,,,,
PAIR,,VCP-R1-005,VCP-R1-013,True,False,20,20.0,19.0,19.0,13.0,0.52,20.0,20.0,14.0,0.5384615384615384,,27,,,,,,,,
PAIR,,VCP-R1-005,VCP-R1-014,True,True,20,20.0,19.0,19.0,17.0,0.8095238095238095,20.0,20.0,18.0,0.8181818181818182,參數組合的主要贏家重疊，需檢查高原是否依賴共同個股／行情,27,,,,,,,,
PAIR,,VCP-R1-005,VCP-R1-015,True,False,20,20.0,19.0,19.0,10.0,0.35714285714285715,20.0,20.0,10.0,0.3333333333333333,,27,,,,,,,,
PAIR,,VCP-R1-005,VCP-R1-016,True,False,20,20.0,19.0,20.0,9.0,0.3,20.0,20.0,9.0,0.2903225806451613,,27,,,,,,,,
PAIR,,VCP-R1-005,VCP-R1-017,True,True,20,20.0,19.0,19.0,14.0,0.5833333333333334,20.0,20.0,15.0,0.6,,27,,,,,,,,
PAIR,,VCP-R1-005,VCP-R1-018,True,False,20,20.0,19.0,20.0,10.0,0.3448275862068966,20.0,20.0,10.0,0.3333333333333333,,27,,,,,,,,
PAIR,,VCP-R1-005,VCP-R1-019,True,False,20,20.0,19.0,20.0,11.0,0.39285714285714285,20.0,20.0,10.0,0.3333333333333333,,27,,,,,,,,
PAIR,,VCP-R1-005,VCP-R1-020,True,True,20,20.0,19.0,19.0,11.0,0.4074074074074074,20.0,20.0,10.0,0.3333333333333333,,27,,,,,,,,
PAIR,,VCP-R1-005,VCP-R1-021,True,True,20,20.0,19.0,19.0,8.0,0.26666666666666666,20.0,20.0,7.0,0.21212121212121213,,27,,,,,,,,
PAIR,,VCP-R1-005,VCP-R1-022,True,False,20,20.0,19.0,19.0,12.0,0.46153846153846156,20.0,20.0,13.0,0.48148148148148145,,27,,,,,,,,
PAIR,,VCP-R1-005,VCP-R1-023,True,False,20,20.0,19.0,19.0,17.0,0.8095238095238095,20.0,20.0,18.0,0.8181818181818182,,27,,,,,,,,
PAIR,,VCP-R1-005,VCP-R1-024,True,False,20,20.0,19.0,19.0,10.0,0.35714285714285715,20.0,20.0,10.0,0.3333333333333333,,27,,,,,,,,
PAIR,,VCP-R1-005,VCP-R1-025,True,False,20,20.0,19.0,20.0,8.0,0.25806451612903225,20.0,20.0,8.0,0.25,,27,,,,,,,,
PAIR,,VCP-R1-005,VCP-R1-026,True,True,20,20.0,19.0,19.0,13.0,0.52,20.0,20.0,14.0,0.5384615384615384,,27,,,,,,,,
PAIR,,VCP-R1-005,VCP-R1-027,True,False,20,20.0,19.0,20.0,10.0,0.3448275862068966,20.0,20.0,10.0,0.3333333333333333,,27,,,,,,,,
PAIR,,VCP-R1-005,VCP-R1-028,True,False,20,20.0,19.0,20.0,2.0,0.05405405405405406,20.0,20.0,1.0,0.02564102564102564,,27,,,,,,,,
PAIR,,VCP-R1-005,VCP-R1-029,True,False,20,20.0,19.0,20.0,2.0,0.05405405405405406,20.0,20.0,1.0,0.02564102564102564,,27,,,,,,,,
PAIR,,VCP-R1-005,VCP-R1-030,True,True,20,20.0,19.0,18.0,1.0,0.027777777777777776,20.0,20.0,0.0,0.0,,27,,,,,,,,
PAIR,,VCP-R1-005,VCP-R1-031,True,True,20,20.0,19.0,20.0,1.0,0.02631578947368421,20.0,20.0,1.0,0.02564102564102564,,27,,,,,,,,
PAIR,,VCP-R1-005,VCP-R1-032,True,True,20,20.0,19.0,20.0,2.0,0.05405405405405406,20.0,20.0,1.0,0.02564102564102564,,27,,,,,,,,
PAIR,,VCP-R1-005,VCP-R1-033,True,True,20,20.0,19.0,19.0,1.0,0.02702702702702703,20.0,20.0,0.0,0.0,,27,,,,,,,,
PAIR,,VCP-R1-005,VCP-R1-034,True,False,20,20.0,19.0,19.0,0.0,0.0,20.0,20.0,0.0,0.0,,27,,,,,,,,
PAIR,,VCP-R1-005,VCP-R1-035,True,False,20,20.0,19.0,20.0,1.0,0.02631578947368421,20.0,20.0,1.0,0.02564102564102564,,27,,,,,,,,
PAIR,,VCP-R1-005,VCP-R1-036,True,True,20,20.0,19.0,20.0,1.0,0.02631578947368421,20.0,20.0,0.0,0.0,,27,,,,,,,,
PAIR,,VCP-R1-005,VCP-R1-037,True,False,20,20.0,19.0,19.0,2.0,0.05555555555555555,20.0,20.0,1.0,0.02564102564102564,,27,,,,,,,,
PAIR,,VCP-R1-005,VCP-R1-038,True,False,20,20.0,19.0,20.0,2.0,0.05405405405405406,20.0,20.0,1.0,0.02564102564102564,,27,,,,,,,,
PAIR,,VCP-R1-005,VCP-R1-039,True,False,20,20.0,19.0,20.0,1.0,0.02631578947368421,20.0,20.0,0.0,0.0,,27,,,,,,,,
PAIR,,VCP-R1-005,VCP-R1-040,True,True,20,20.0,19.0,19.0,0.0,0.0,20.0,20.0,0.0,0.0,,27,,,,,,,,
PAIR,,VCP-R1-005,VCP-R1-041,True,False,20,20.0,19.0,20.0,1.0,0.02631578947368421,20.0,20.0,1.0,0.02564102564102564,,27,,,,,,,,
PAIR,,VCP-R1-005,VCP-R1-042,True,True,20,20.0,19.0,20.0,1.0,0.02631578947368421,20.0,20.0,0.0,0.0,,27,,,,,,,,
PAIR,,VCP-R1-005,VCP-R1-043,True,True,20,20.0,19.0,19.0,0.0,0.0,20.0,20.0,0.0,0.0,,27,,,,,,,,
PAIR,,VCP-R1-005,VCP-R1-044,True,False,20,20.0,19.0,20.0,0.0,0.0,20.0,20.0,0.0,0.0,,27,,,,,,,,
PAIR,,VCP-R1-005,VCP-R1-045,True,True,20,20.0,19.0,20.0,0.0,0.0,20.0,20.0,0.0,0.0,,27,,,,,,,,
PAIR,,VCP-R1-005,VCP-R1-046,True,False,20,20.0,19.0,19.0,2.0,0.05555555555555555,20.0,20.0,1.0,0.02564102564102564,,27,,,,,,,,
PAIR,,VCP-R1-005,VCP-R1-047,True,False,20,20.0,19.0,20.0,2.0,0.05405405405405406,20.0,20.0,1.0,0.02564102564102564,,27,,,,,,,,
PAIR,,VCP-R1-005,VCP-R1-048,True,False,20,20.0,19.0,20.0,1.0,0.02631578947368421,20.0,20.0,0.0,0.0,,27,,,,,,,,
PAIR,,VCP-R1-005,VCP-R1-049,True,True,20,20.0,19.0,20.0,0.0,0.0,20.0,20.0,0.0,0.0,,27,,,,,,,,
PAIR,,VCP-R1-005,VCP-R1-050,True,False,20,20.0,19.0,20.0,1.0,0.02631578947368421,20.0,20.0,1.0,0.02564102564102564,,27,,,,,,,,
PAIR,,VCP-R1-005,VCP-R1-051,True,True,20,20.0,19.0,20.0,1.0,0.02631578947368421,20.0,20.0,0.0,0.0,,27,,,,,,,,
PAIR,,VCP-R1-005,VCP-R1-052,True,True,20,20.0,19.0,19.0,0.0,0.0,20.0,20.0,0.0,0.0,,27,,,,,,,,
PAIR,,VCP-R1-005,VCP-R1-053,True,False,20,20.0,19.0,20.0,0.0,0.0,20.0,20.0,0.0,0.0,,27,,,,,,,,
PAIR,,VCP-R1-005,VCP-R1-054,True,True,20,20.0,19.0,20.0,0.0,0.0,20.0,20.0,0.0,0.0,,27,,,,,,,,
PAIR,,VCP-R1-005,VCP-R1-055,True,False,20,20.0,19.0,18.0,0.0,0.0,20.0,20.0,0.0,0.0,,27,,,,,,,,
PAIR,,VCP-R1-005,VCP-R1-056,True,False,20,20.0,19.0,20.0,0.0,0.0,20.0,20.0,0.0,0.0,,27,,,,,,,,
PAIR,,VCP-R1-005,VCP-R1-057,True,False,20,19.0,19.0,18.0,0.0,0.0,20.0,19.0,0.0,0.0,,27,,,,,,,,
PAIR,,VCP-R1-005,VCP-R1-058,True,False,20,20.0,19.0,19.0,1.0,0.02702702702702703,20.0,20.0,0.0,0.0,,27,,,,,,,,
PAIR,,VCP-R1-005,VCP-R1-059,True,False,20,20.0,19.0,19.0,0.0,0.0,20.0,20.0,0.0,0.0,,27,,,,,,,,
PAIR,,VCP-R1-005,VCP-R1-060,True,False,20,20.0,19.0,20.0,0.0,0.0,20.0,20.0,0.0,0.0,,27,,,,,,,,
PAIR,,VCP-R1-005,VCP-R1-061,True,False,20,20.0,19.0,20.0,0.0,0.0,20.0,20.0,0.0,0.0,,27,,,,,,,,
PAIR,,VCP-R1-005,VCP-R1-062,True,False,20,20.0,19.0,20.0,0.0,0.0,20.0,20.0,0.0,0.0,,27,,,,,,,,
PAIR,,VCP-R1-005,VCP-R1-063,True,False,20,20.0,19.0,20.0,0.0,0.0,20.0,20.0,0.0,0.0,,27,,,,,,,,
PAIR,,VCP-R1-005,VCP-R1-064,True,False,20,20.0,19.0,19.0,1.0,0.02702702702702703,20.0,20.0,0.0,0.0,,27,,,,,,,,
PAIR,,VCP-R1-005,VCP-R1-065,True,False,20,20.0,19.0,20.0,1.0,0.02631578947368421,20.0,20.0,0.0,0.0,,27,,,,,,,,
PAIR,,VCP-R1-005,VCP-R1-066,True,False,20,20.0,19.0,20.0,1.0,0.02631578947368421,20.0,20.0,0.0,0.0,,27,,,,,,,,
PAIR,,VCP-R1-005,VCP-R1-067,True,False,20,20.0,19.0,20.0,1.0,0.02631578947368421,20.0,20.0,0.0,0.0,,27,,,,,,,,
PAIR,,VCP-R1-005,VCP-R1-068,True,False,20,20.0,19.0,19.0,1.0,0.02702702702702703,20.0,20.0,0.0,0.0,,27,,,,,,,,
PAIR,,VCP-R1-005,VCP-R1-069,True,False,20,20.0,19.0,20.0,1.0,0.02631578947368421,20.0,20.0,0.0,0.0,,27,,,,,,,,
PAIR,,VCP-R1-005,VCP-R1-070,True,False,20,20.0,19.0,20.0,1.0,0.02631578947368421,20.0,20.0,0.0,0.0,,27,,,,,,,,
PAIR,,VCP-R1-005,VCP-R1-071,True,False,20,20.0,19.0,20.0,1.0,0.02631578947368421,20.0,20.0,0.0,0.0,,27,,,,,,,,
PAIR,,VCP-R1-005,VCP-R1-072,True,False,20,20.0,19.0,20.0,1.0,0.02631578947368421,20.0,20.0,0.0,0.0,,27,,,,,,,,
PAIR,,VCP-R1-005,VCP-R1-073,True,False,20,20.0,19.0,20.0,1.0,0.02631578947368421,20.0,20.0,0.0,0.0,,27,,,,,,,,
PAIR,,VCP-R1-005,VCP-R1-074,True,False,20,20.0,19.0,20.0,1.0,0.02631578947368421,20.0,20.0,0.0,0.0,,27,,,,,,,,
PAIR,,VCP-R1-005,VCP-R1-075,True,False,20,20.0,19.0,20.0,1.0,0.02631578947368421,20.0,20.0,0.0,0.0,,27,,,,,,,,
PAIR,,VCP-R1-005,VCP-R1-076,True,False,20,20.0,19.0,20.0,1.0,0.02631578947368421,20.0,20.0,0.0,0.0,,27,,,,,,,,
PAIR,,VCP-R1-005,VCP-R1-077,True,False,20,20.0,19.0,19.0,1.0,0.02702702702702703,20.0,20.0,0.0,0.0,,27,,,,,,,,
PAIR,,VCP-R1-005,VCP-R1-078,True,False,20,20.0,19.0,20.0,1.0,0.02631578947368421,20.0,20.0,0.0,0.0,,27,,,,,,,,
PAIR,,VCP-R1-005,VCP-R1-079,True,False,20,20.0,19.0,20.0,1.0,0.02631578947368421,20.0,20.0,0.0,0.0,,27,,,,,,,,
PAIR,,VCP-R1-005,VCP-R1-080,True,False,20,20.0,19.0,20.0,1.0,0.02631578947368421,20.0,20.0,0.0,0.0,,27,,,,,,,,
PAIR,,VCP-R1-005,VCP-R1-081,True,False,20,20.0,19.0,20.0,1.0,0.02631578947368421,20.0,20.0,0.0,0.0,,27,,,,,,,,
PAIR,,VCP-R1-005,VCP-R1-082,True,False,20,20.0,19.0,20.0,2.0,0.05405405405405406,20.0,20.0,0.0,0.0,,27,,,,,,,,
PAIR,,VCP-R1-005,VCP-R1-083,True,False,20,20.0,19.0,20.0,2.0,0.05405405405405406,20.0,20.0,0.0,0.0,,27,,,,,,,,
PAIR,,VCP-R1-005,VCP-R1-084,True,False,20,18.0,19.0,18.0,2.0,0.05714285714285714,20.0,18.0,0.0,0.0,,27,,,,,,,,
PAIR,,VCP-R1-005,VCP-R1-085,True,False,20,20.0,19.0,19.0,1.0,0.02702702702702703,20.0,20.0,0.0,0.0,,27,,,,,,,,
PAIR,,VCP-R1-005,VCP-R1-086,True,False,20,20.0,19.0,20.0,0.0,0.0,20.0,20.0,0.0,0.0,,27,,,,,,,,
PAIR,,VCP-R1-005,VCP-R1-087,True,False,20,20.0,19.0,19.0,0.0,0.0,20.0,20.0,0.0,0.0,,27,,,,,,,,
PAIR,,VCP-R1-005,VCP-R1-088,True,False,20,20.0,19.0,19.0,1.0,0.02702702702702703,20.0,20.0,0.0,0.0,,27,,,,,,,,
PAIR,,VCP-R1-005,VCP-R1-089,True,False,20,20.0,19.0,19.0,0.0,0.0,20.0,20.0,0.0,0.0,,27,,,,,,,,
PAIR,,VCP-R1-005,VCP-R1-090,True,False,20,20.0,19.0,20.0,0.0,0.0,20.0,20.0,0.0,0.0,,27,,,,,,,,
PAIR,,VCP-R1-005,VCP-R1-091,True,False,20,20.0,19.0,19.0,2.0,0.05555555555555555,20.0,20.0,0.0,0.0,,27,,,,,,,,
PAIR,,VCP-R1-005,VCP-R1-092,True,False,20,20.0,19.0,19.0,1.0,0.02702702702702703,20.0,20.0,0.0,0.0,,27,,,,,,,,
PAIR,,VCP-R1-005,VCP-R1-093,True,False,20,20.0,19.0,19.0,1.0,0.02702702702702703,20.0,20.0,0.0,0.0,,27,,,,,,,,
PAIR,,VCP-R1-005,VCP-R1-094,True,False,20,20.0,19.0,19.0,1.0,0.02702702702702703,20.0,20.0,0.0,0.0,,27,,,,,,,,
PAIR,,VCP-R1-005,VCP-R1-095,True,False,20,20.0,19.0,20.0,1.0,0.02631578947368421,20.0,20.0,0.0,0.0,,27,,,,,,,,
PAIR,,VCP-R1-005,VCP-R1-096,True,False,20,20.0,19.0,20.0,1.0,0.02631578947368421,20.0,20.0,0.0,0.0,,27,,,,,,,,
PAIR,,VCP-R1-005,VCP-R1-097,True,False,20,20.0,19.0,20.0,1.0,0.02631578947368421,20.0,20.0,0.0,0.0,,27,,,,,,,,
PAIR,,VCP-R1-005,VCP-R1-098,True,False,20,20.0,19.0,20.0,1.0,0.02631578947368421,20.0,20.0,0.0,0.0,,27,,,,,,,,
PAIR,,VCP-R1-005,VCP-R1-099,True,False,20,20.0,19.0,20.0,2.0,0.05405405405405406,20.0,20.0,0.0,0.0,,27,,,,,,,,
PAIR,,VCP-R1-005,VCP-R1-100,True,False,20,20.0,19.0,19.0,2.0,0.05555555555555555,20.0,20.0,0.0,0.0,,27,,,,,,,,
PAIR,,VCP-R1-005,VCP-R1-101,True,False,20,20.0,19.0,19.0,1.0,0.02702702702702703,20.0,20.0,0.0,0.0,,27,,,,,,,,
PAIR,,VCP-R1-005,VCP-R1-102,True,False,20,20.0,19.0,19.0,1.0,0.02702702702702703,20.0,20.0,0.0,0.0,,27,,,,,,,,
PAIR,,VCP-R1-005,VCP-R1-103,True,False,20,20.0,19.0,19.0,0.0,0.0,20.0,20.0,0.0,0.0,,27,,,,,,,,
PAIR,,VCP-R1-005,VCP-R1-104,True,False,20,20.0,19.0,20.0,1.0,0.02631578947368421,20.0,20.0,0.0,0.0,,27,,,,,,,,
PAIR,,VCP-R1-005,VCP-R1-105,True,False,20,20.0,19.0,20.0,1.0,0.02631578947368421,20.0,20.0,0.0,0.0,,27,,,,,,,,
PAIR,,VCP-R1-005,VCP-R1-106,True,False,20,20.0,19.0,19.0,1.0,0.02702702702702703,20.0,20.0,0.0,0.0,,27,,,,,,,,
PAIR,,VCP-R1-005,VCP-R1-107,True,False,20,20.0,19.0,20.0,1.0,0.02631578947368421,20.0,20.0,0.0,0.0,,27,,,,,,,,
PAIR,,VCP-R1-005,VCP-R1-108,True,False,20,20.0,19.0,20.0,1.0,0.02631578947368421,20.0,20.0,0.0,0.0,,27,,,,,,,,
PAIR,,VCP-R1-006,VCP-R1-007,False,False,20,20.0,19.0,19.0,6.0,0.1875,20.0,20.0,6.0,0.17647058823529413,,27,,,,,,,,
PAIR,,VCP-R1-006,VCP-R1-008,False,True,20,20.0,19.0,19.0,8.0,0.26666666666666666,20.0,20.0,8.0,0.25,,27,,,,,,,,
PAIR,,VCP-R1-006,VCP-R1-009,False,True,20,20.0,19.0,20.0,12.0,0.4444444444444444,20.0,20.0,12.0,0.42857142857142855,,27,,,,,,,,
PAIR,,VCP-R1-006,VCP-R1-010,False,False,20,20.0,19.0,20.0,9.0,0.3,20.0,20.0,8.0,0.25,,27,,,,,,,,
PAIR,,VCP-R1-006,VCP-R1-011,False,True,20,20.0,19.0,19.0,10.0,0.35714285714285715,20.0,20.0,10.0,0.3333333333333333,,27,,,,,,,,
PAIR,,VCP-R1-006,VCP-R1-012,False,True,20,20.0,19.0,19.0,13.0,0.52,20.0,20.0,13.0,0.48148148148148145,,27,,,,,,,,
PAIR,,VCP-R1-006,VCP-R1-013,False,False,20,20.0,19.0,19.0,7.0,0.22580645161290322,20.0,20.0,7.0,0.21212121212121213,,27,,,,,,,,
PAIR,,VCP-R1-006,VCP-R1-014,False,True,20,20.0,19.0,19.0,10.0,0.35714285714285715,20.0,20.0,10.0,0.3333333333333333,,27,,,,,,,,
PAIR,,VCP-R1-006,VCP-R1-015,False,False,20,20.0,19.0,19.0,17.0,0.8095238095238095,20.0,20.0,18.0,0.8181818181818182,,27,,,,,,,,
PAIR,,VCP-R1-006,VCP-R1-016,False,False,20,20.0,19.0,20.0,6.0,0.18181818181818182,20.0,20.0,6.0,0.17647058823529413,,27,,,,,,,,
PAIR,,VCP-R1-006,VCP-R1-017,False,True,20,20.0,19.0,19.0,7.0,0.22580645161290322,20.0,20.0,7.0,0.21212121212121213,,27,,,,,,,,
PAIR,,VCP-R1-006,VCP-R1-018,False,False,20,20.0,19.0,20.0,12.0,0.4444444444444444,20.0,20.0,12.0,0.42857142857142855,,27,,,,,,,,
PAIR,,VCP-R1-006,VCP-R1-019,False,False,20,20.0,19.0,20.0,9.0,0.3,20.0,20.0,8.0,0.25,,27,,,,,,,,
PAIR,,VCP-R1-006,VCP-R1-020,False,True,20,20.0,19.0,19.0,10.0,0.35714285714285715,20.0,20.0,10.0,0.3333333333333333,,27,,,,,,,,
PAIR,,VCP-R1-006,VCP-R1-021,False,True,20,20.0,19.0,19.0,13.0,0.52,20.0,20.0,13.0,0.48148148148148145,,27,,,,,,,,
PAIR,,VCP-R1-006,VCP-R1-022,False,False,20,20.0,19.0,19.0,7.0,0.22580645161290322,20.0,20.0,7.0,0.21212121212121213,,27,,,,,,,,
PAIR,,VCP-R1-006,VCP-R1-023,False,False,20,20.0,19.0,19.0,10.0,0.35714285714285715,20.0,20.0,10.0,0.3333333333333333,,27,,,,,,,,
PAIR,,VCP-R1-006,VCP-R1-024,False,False,20,20.0,19.0,19.0,16.0,0.7272727272727273,20.0,20.0,17.0,0.7391304347826086,,27,,,,,,,,
PAIR,,VCP-R1-006,VCP-R1-025,False,False,20,20.0,19.0,20.0,6.0,0.18181818181818182,20.0,20.0,6.0,0.17647058823529413,,27,,,,,,,,
PAIR,,VCP-R1-006,VCP-R1-026,False,True,20,20.0,19.0,19.0,7.0,0.22580645161290322,20.0,20.0,7.0,0.21212121212121213,,27,,,,,,,,
PAIR,,VCP-R1-006,VCP-R1-027,False,False,20,20.0,19.0,20.0,12.0,0.4444444444444444,20.0,20.0,12.0,0.42857142857142855,,27,,,,,,,,
PAIR,,VCP-R1-006,VCP-R1-028,False,False,20,20.0,19.0,20.0,1.0,0.02631578947368421,20.0,20.0,0.0,0.0,,27,,,,,,,,
PAIR,,VCP-R1-006,VCP-R1-029,False,False,20,20.0,19.0,20.0,1.0,0.02631578947368421,20.0,20.0,0.0,0.0,,27,,,,,,,,
PAIR,,VCP-R1-006,VCP-R1-030,False,True,20,20.0,19.0,18.0,1.0,0.027777777777777776,20.0,20.0,0.0,0.0,,27,,,,,,,,
PAIR,,VCP-R1-006,VCP-R1-031,False,True,20,20.0,19.0,20.0,0.0,0.0,20.0,20.0,0.0,0.0,,27,,,,,,,,
PAIR,,VCP-R1-006,VCP-R1-032,False,True,20,20.0,19.0,20.0,1.0,0.02631578947368421,20.0,20.0,0.0,0.0,,27,,,,,,,,
PAIR,,VCP-R1-006,VCP-R1-033,False,True,20,20.0,19.0,19.0,1.0,0.02702702702702703,20.0,20.0,0.0,0.0,,27,,,,,,,,
PAIR,,VCP-R1-006,VCP-R1-034,False,False,20,20.0,19.0,19.0,0.0,0.0,20.0,20.0,0.0,0.0,,27,,,,,,,,
PAIR,,VCP-R1-006,VCP-R1-035,False,False,20,20.0,19.0,20.0,0.0,0.0,20.0,20.0,0.0,0.0,,27,,,,,,,,
PAIR,,VCP-R1-006,VCP-R1-036,False,True,20,20.0,19.0,20.0,1.0,0.02631578947368421,20.0,20.0,0.0,0.0,,27,,,,,,,,
PAIR,,VCP-R1-006,VCP-R1-037,False,False,20,20.0,19.0,19.0,1.0,0.02702702702702703,20.0,20.0,0.0,0.0,,27,,,,,,,,
PAIR,,VCP-R1-006,VCP-R1-038,False,False,20,20.0,19.0,20.0,1.0,0.02631578947368421,20.0,20.0,0.0,0.0,,27,,,,,,,,
PAIR,,VCP-R1-006,VCP-R1-039,False,False,20,20.0,19.0,20.0,1.0,0.02631578947368421,20.0,20.0,0.0,0.0,,27,,,,,,,,
PAIR,,VCP-R1-006,VCP-R1-040,False,True,20,20.0,19.0,19.0,0.0,0.0,20.0,20.0,0.0,0.0,,27,,,,,,,,
PAIR,,VCP-R1-006,VCP-R1-041,False,False,20,20.0,19.0,20.0,0.0,0.0,20.0,20.0,0.0,0.0,,27,,,,,,,,
PAIR,,VCP-R1-006,VCP-R1-042,False,True,20,20.0,19.0,20.0,1.0,0.02631578947368421,20.0,20.0,0.0,0.0,,27,,,,,,,,
PAIR,,VCP-R1-006,VCP-R1-043,False,True,20,20.0,19.0,19.0,0.0,0.0,20.0,20.0,0.0,0.0,,27,,,,,,,,
PAIR,,VCP-R1-006,VCP-R1-044,False,False,20,20.0,19.0,20.0,0.0,0.0,20.0,20.0,0.0,0.0,,27,,,,,,,,
PAIR,,VCP-R1-006,VCP-R1-045,False,True,20,20.0,19.0,20.0,0.0,0.0,20.0,20.0,0.0,0.0,,27,,,,,,,,
PAIR,,VCP-R1-006,VCP-R1-046,False,False,20,20.0,19.0,19.0,1.0,0.02702702702702703,20.0,20.0,0.0,0.0,,27,,,,,,,,
PAIR,,VCP-R1-006,VCP-R1-047,False,False,20,20.0,19.0,20.0,1.0,0.02631578947368421,20.0,20.0,0.0,0.0,,27,,,,,,,,
PAIR,,VCP-R1-006,VCP-R1-048,False,False,20,20.0,19.0,20.0,1.0,0.02631578947368421,20.0,20.0,0.0,0.0,,27,,,,,,,,
PAIR,,VCP-R1-006,VCP-R1-049,False,True,20,20.0,19.0,20.0,0.0,0.0,20.0,20.0,0.0,0.0,,27,,,,,,,,
PAIR,,VCP-R1-006,VCP-R1-050,False,False,20,20.0,19.0,20.0,0.0,0.0,20.0,20.0,0.0,0.0,,27,,,,,,,,
PAIR,,VCP-R1-006,VCP-R1-051,False,True,20,20.0,19.0,20.0,1.0,0.02631578947368421,20.0,20.0,0.0,0.0,,27,,,,,,,,
PAIR,,VCP-R1-006,VCP-R1-052,False,True,20,20.0,19.0,19.0,0.0,0.0,20.0,20.0,0.0,0.0,,27,,,,,,,,
PAIR,,VCP-R1-006,VCP-R1-053,False,False,20,20.0,19.0,20.0,0.0,0.0,20.0,20.0,0.0,0.0,,27,,,,,,,,
PAIR,,VCP-R1-006,VCP-R1-054,False,True,20,20.0,19.0,20.0,0.0,0.0,20.0,20.0,0.0,0.0,,27,,,,,,,,
PAIR,,VCP-R1-006,VCP-R1-055,False,False,20,20.0,19.0,18.0,1.0,0.027777777777777776,20.0,20.0,0.0,0.0,,27,,,,,,,,
PAIR,,VCP-R1-006,VCP-R1-056,False,False,20,20.0,19.0,20.0,1.0,0.02631578947368421,20.0,20.0,0.0,0.0,,27,,,,,,,,
PAIR,,VCP-R1-006,VCP-R1-057,False,False,20,19.0,19.0,18.0,1.0,0.027777777777777776,20.0,19.0,0.0,0.0,,27,,,,,,,,
PAIR,,VCP-R1-006,VCP-R1-058,False,False,20,20.0,19.0,19.0,2.0,0.05555555555555555,20.0,20.0,0.0,0.0,,27,,,,,,,,
PAIR,,VCP-R1-006,VCP-R1-059,False,False,20,20.0,19.0,19.0,2.0,0.05555555555555555,20.0,20.0,0.0,0.0,,27,,,,,,,,
PAIR,,VCP-R1-006,VCP-R1-060,False,False,20,20.0,19.0,20.0,1.0,0.02631578947368421,20.0,20.0,0.0,0.0,,27,,,,,,,,
PAIR,,VCP-R1-006,VCP-R1-061,False,False,20,20.0,19.0,20.0,2.0,0.05405405405405406,20.0,20.0,0.0,0.0,,27,,,,,,,,
PAIR,,VCP-R1-006,VCP-R1-062,False,False,20,20.0,19.0,20.0,2.0,0.05405405405405406,20.0,20.0,0.0,0.0,,27,,,,,,,,
PAIR,,VCP-R1-006,VCP-R1-063,False,False,20,20.0,19.0,20.0,1.0,0.02631578947368421,20.0,20.0,0.0,0.0,,27,,,,,,,,
PAIR,,VCP-R1-006,VCP-R1-064,False,False,20,20.0,19.0,19.0,2.0,0.05555555555555555,20.0,20.0,0.0,0.0,,27,,,,,,,,
PAIR,,VCP-R1-006,VCP-R1-065,False,False,20,20.0,19.0,20.0,2.0,0.05405405405405406,20.0,20.0,0.0,0.0,,27,,,,,,,,
PAIR,,VCP-R1-006,VCP-R1-066,False,False,20,20.0,19.0,20.0,2.0,0.05405405405405406,20.0,20.0,0.0,0.0,,27,,,,,,,,
PAIR,,VCP-R1-006,VCP-R1-067,False,False,20,20.0,19.0,20.0,3.0,0.08333333333333333,20.0,20.0,0.0,0.0,,27,,,,,,,,
PAIR,,VCP-R1-006,VCP-R1-068,False,False,20,20.0,19.0,19.0,3.0,0.08571428571428572,20.0,20.0,0.0,0.0,,27,,,,,,,,
PAIR,,VCP-R1-006,VCP-R1-069,False,False,20,20.0,19.0,20.0,2.0,0.05405405405405406,20.0,20.0,0.0,0.0,,27,,,,,,,,
PAIR,,VCP-R1-006,VCP-R1-070,False,False,20,20.0,19.0,20.0,2.0,0.05405405405405406,20.0,20.0,0.0,0.0,,27,,,,,,,,
PAIR,,VCP-R1-006,VCP-R1-071,False,False,20,20.0,19.0,20.0,2.0,0.05405405405405406,20.0,20.0,0.0,0.0,,27,,,,,,,,
PAIR,,VCP-R1-006,VCP-R1-072,False,False,20,20.0,19.0,20.0,2.0,0.05405405405405406,20.0,20.0,0.0,0.0,,27,,,,,,,,
PAIR,,VCP-R1-006,VCP-R1-073,False,False,20,20.0,19.0,20.0,2.0,0.05405405405405406,20.0,20.0,0.0,0.0,,27,,,,,,,,
PAIR,,VCP-R1-006,VCP-R1-074,False,False,20,20.0,19.0,20.0,2.0,0.05405405405405406,20.0,20.0,0.0,0.0,,27,,,,,,,,
PAIR,,VCP-R1-006,VCP-R1-075,False,False,20,20.0,19.0,20.0,2.0,0.05405405405405406,20.0,20.0,0.0,0.0,,27,,,,,,,,
PAIR,,VCP-R1-006,VCP-R1-076,False,False,20,20.0,19.0,20.0,3.0,0.08333333333333333,20.0,20.0,0.0,0.0,,27,,,,,,,,
PAIR,,VCP-R1-006,VCP-R1-077,False,False,20,20.0,19.0,19.0,3.0,0.08571428571428572,20.0,20.0,0.0,0.0,,27,,,,,,,,
PAIR,,VCP-R1-006,VCP-R1-078,False,False,20,20.0,19.0,20.0,2.0,0.05405405405405406,20.0,20.0,0.0,0.0,,27,,,,,,,,
PAIR,,VCP-R1-006,VCP-R1-079,False,False,20,20.0,19.0,20.0,2.0,0.05405405405405406,20.0,20.0,0.0,0.0,,27,,,,,,,,
PAIR,,VCP-R1-006,VCP-R1-080,False,False,20,20.0,19.0,20.0,2.0,0.05405405405405406,20.0,20.0,0.0,0.0,,27,,,,,,,,
PAIR,,VCP-R1-006,VCP-R1-081,False,False,20,20.0,19.0,20.0,2.0,0.05405405405405406,20.0,20.0,0.0,0.0,,27,,,,,,,,
PAIR,,VCP-R1-006,VCP-R1-082,False,False,20,20.0,19.0,20.0,0.0,0.0,20.0,20.0,0.0,0.0,,27,,,,,,,,
PAIR,,VCP-R1-006,VCP-R1-083,False,False,20,20.0,19.0,20.0,1.0,0.02631578947368421,20.0,20.0,0.0,0.0,,27,,,,,,,,
PAIR,,VCP-R1-006,VCP-R1-084,False,False,20,18.0,19.0,18.0,1.0,0.027777777777777776,20.0,18.0,0.0,0.0,,27,,,,,,,,
PAIR,,VCP-R1-006,VCP-R1-085,False,False,20,20.0,19.0,19.0,0.0,0.0,20.0,20.0,0.0,0.0,,27,,,,,,,,
PAIR,,VCP-R1-006,VCP-R1-086,False,False,20,20.0,19.0,20.0,0.0,0.0,20.0,20.0,0.0,0.0,,27,,,,,,,,
PAIR,,VCP-R1-006,VCP-R1-087,False,False,20,20.0,19.0,19.0,0.0,0.0,20.0,20.0,0.0,0.0,,27,,,,,,,,
PAIR,,VCP-R1-006,VCP-R1-088,False,False,20,20.0,19.0,19.0,0.0,0.0,20.0,20.0,0.0,0.0,,27,,,,,,,,
PAIR,,VCP-R1-006,VCP-R1-089,False,False,20,20.0,19.0,19.0,0.0,0.0,20.0,20.0,0.0,0.0,,27,,,,,,,,
PAIR,,VCP-R1-006,VCP-R1-090,False,False,20,20.0,19.0,20.0,0.0,0.0,20.0,20.0,0.0,0.0,,27,,,,,,,,
PAIR,,VCP-R1-006,VCP-R1-091,False,False,20,20.0,19.0,19.0,1.0,0.02702702702702703,20.0,20.0,0.0,0.0,,27,,,,,,,,
PAIR,,VCP-R1-006,VCP-R1-092,False,False,20,20.0,19.0,19.0,1.0,0.02702702702702703,20.0,20.0,0.0,0.0,,27,,,,,,,,
PAIR,,VCP-R1-006,VCP-R1-093,False,False,20,20.0,19.0,19.0,1.0,0.02702702702702703,20.0,20.0,0.0,0.0,,27,,,,,,,,
PAIR,,VCP-R1-006,VCP-R1-094,False,False,20,20.0,19.0,19.0,1.0,0.02702702702702703,20.0,20.0,0.0,0.0,,27,,,,,,,,
PAIR,,VCP-R1-006,VCP-R1-095,False,False,20,20.0,19.0,20.0,1.0,0.02631578947368421,20.0,20.0,0.0,0.0,,27,,,,,,,,
PAIR,,VCP-R1-006,VCP-R1-096,False,False,20,20.0,19.0,20.0,1.0,0.02631578947368421,20.0,20.0,0.0,0.0,,27,,,,,,,,
PAIR,,VCP-R1-006,VCP-R1-097,False,False,20,20.0,19.0,20.0,1.0,0.02631578947368421,20.0,20.0,0.0,0.0,,27,,,,,,,,
PAIR,,VCP-R1-006,VCP-R1-098,False,False,20,20.0,19.0,20.0,1.0,0.02631578947368421,20.0,20.0,0.0,0.0,,27,,,,,,,,
PAIR,,VCP-R1-006,VCP-R1-099,False,False,20,20.0,19.0,20.0,2.0,0.05405405405405406,20.0,20.0,0.0,0.0,,27,,,,,,,,
PAIR,,VCP-R1-006,VCP-R1-100,False,False,20,20.0,19.0,19.0,1.0,0.02702702702702703,20.0,20.0,0.0,0.0,,27,,,,,,,,
PAIR,,VCP-R1-006,VCP-R1-101,False,False,20,20.0,19.0,19.0,1.0,0.02702702702702703,20.0,20.0,0.0,0.0,,27,,,,,,,,
PAIR,,VCP-R1-006,VCP-R1-102,False,False,20,20.0,19.0,19.0,1.0,0.02702702702702703,20.0,20.0,0.0,0.0,,27,,,,,,,,
PAIR,,VCP-R1-006,VCP-R1-103,False,False,20,20.0,19.0,19.0,1.0,0.02702702702702703,20.0,20.0,0.0,0.0,,27,,,,,,,,
PAIR,,VCP-R1-006,VCP-R1-104,False,False,20,20.0,19.0,20.0,1.0,0.02631578947368421,20.0,20.0,0.0,0.0,,27,,,,,,,,
PAIR,,VCP-R1-006,VCP-R1-105,False,False,20,20.0,19.0,20.0,1.0,0.02631578947368421,20.0,20.0,0.0,0.0,,27,,,,,,,,
PAIR,,VCP-R1-006,VCP-R1-106,False,False,20,20.0,19.0,19.0,2.0,0.05555555555555555,20.0,20.0,0.0,0.0,,27,,,,,,,,
PAIR,,VCP-R1-006,VCP-R1-107,False,False,20,20.0,19.0,20.0,2.0,0.05405405405405406,20.0,20.0,0.0,0.0,,27,,,,,,,,
PAIR,,VCP-R1-006,VCP-R1-108,False,False,20,20.0,19.0,20.0,1.0,0.02631578947368421,20.0,20.0,0.0,0.0,,27,,,,,,,,
PAIR,,VCP-R1-007,VCP-R1-008,False,True,20,20.0,19.0,19.0,14.0,0.5833333333333334,20.0,20.0,14.0,0.5384615384615384,,27,,,,,,,,
PAIR,,VCP-R1-007,VCP-R1-009,False,True,20,20.0,19.0,20.0,9.0,0.3,20.0,20.0,9.0,0.2903225806451613,,27,,,,,,,,
PAIR,,VCP-R1-007,VCP-R1-010,False,False,20,20.0,19.0,20.0,9.0,0.3,20.0,20.0,8.0,0.25,,27,,,,,,,,
PAIR,,VCP-R1-007,VCP-R1-011,False,True,20,20.0,19.0,19.0,6.0,0.1875,20.0,20.0,5.0,0.14285714285714285,,27,,,,,,,,
PAIR,,VCP-R1-007,VCP-R1-012,False,True,20,20.0,19.0,19.0,5.0,0.15151515151515152,20.0,20.0,4.0,0.1111111111111111,,27,,,,,,,,
PAIR,,VCP-R1-007,VCP-R1-013,False,False,20,20.0,19.0,19.0,15.0,0.6521739130434783,20.0,20.0,15.0,0.6,,27,,,,,,,,
PAIR,,VCP-R1-007,VCP-R1-014,False,True,20,20.0,19.0,19.0,11.0,0.4074074074074074,20.0,20.0,11.0,0.3793103448275862,,27,,,,,,,,
PAIR,,VCP-R1-007,VCP-R1-015,False,False,20,20.0,19.0,19.0,6.0,0.1875,20.0,20.0,6.0,0.17647058823529413,,27,,,,,,,,
PAIR,,VCP-R1-007,VCP-R1-016,False,False,20,20.0,19.0,20.0,17.0,0.7727272727272727,20.0,20.0,17.0,0.7391304347826086,,27,,,,,,,,
PAIR,,VCP-R1-007,VCP-R1-017,False,True,20,20.0,19.0,19.0,14.0,0.5833333333333334,20.0,20.0,14.0,0.5384615384615384,,27,,,,,,,,
PAIR,,VCP-R1-007,VCP-R1-018,False,False,20,20.0,19.0,20.0,9.0,0.3,20.0,20.0,9.0,0.2903225806451613,,27,,,,,,,,
PAIR,,VCP-R1-007,VCP-R1-019,False,False,20,20.0,19.0,20.0,9.0,0.3,20.0,20.0,8.0,0.25,,27,,,,,,,,
PAIR,,VCP-R1-007,VCP-R1-020,False,True,20,20.0,19.0,19.0,6.0,0.1875,20.0,20.0,5.0,0.14285714285714285,,27,,,,,,,,
PAIR,,VCP-R1-007,VCP-R1-021,False,True,20,20.0,19.0,19.0,5.0,0.15151515151515152,20.0,20.0,4.0,0.1111111111111111,,27,,,,,,,,
PAIR,,VCP-R1-007,VCP-R1-022,False,False,20,20.0,19.0,19.0,15.0,0.6521739130434783,20.0,20.0,15.0,0.6,,27,,,,,,,,
PAIR,,VCP-R1-007,VCP-R1-023,False,False,20,20.0,19.0,19.0,11.0,0.4074074074074074,20.0,20.0,11.0,0.3793103448275862,,27,,,,,,,,
PAIR,,VCP-R1-007,VCP-R1-024,False,False,20,20.0,19.0,19.0,6.0,0.1875,20.0,20.0,6.0,0.17647058823529413,,27,,,,,,,,
PAIR,,VCP-R1-007,VCP-R1-025,False,False,20,20.0,19.0,20.0,16.0,0.6956521739130435,20.0,20.0,16.0,0.6666666666666666,,27,,,,,,,,
PAIR,,VCP-R1-007,VCP-R1-026,False,True,20,20.0,19.0,19.0,14.0,0.5833333333333334,20.0,20.0,14.0,0.5384615384615384,,27,,,,,,,,
PAIR,,VCP-R1-007,VCP-R1-027,False,False,20,20.0,19.0,20.0,9.0,0.3,20.0,20.0,9.0,0.2903225806451613,,27,,,,,,,,
PAIR,,VCP-R1-007,VCP-R1-028,False,False,20,20.0,19.0,20.0,1.0,0.02631578947368421,20.0,20.0,1.0,0.02564102564102564,,27,,,,,,,,
PAIR,,VCP-R1-007,VCP-R1-029,False,False,20,20.0,19.0,20.0,0.0,0.0,20.0,20.0,0.0,0.0,,27,,,,,,,,
PAIR,,VCP-R1-007,VCP-R1-030,False,True,20,20.0,19.0,18.0,0.0,0.0,20.0,20.0,0.0,0.0,,27,,,,,,,,
PAIR,,VCP-R1-007,VCP-R1-031,False,True,20,20.0,19.0,20.0,2.0,0.05405405405405406,20.0,20.0,2.0,0.05263157894736842,,27,,,,,,,,
PAIR,,VCP-R1-007,VCP-R1-032,False,True,20,20.0,19.0,20.0,0.0,0.0,20.0,20.0,0.0,0.0,,27,,,,,,,,
PAIR,,VCP-R1-007,VCP-R1-033,False,True,20,20.0,19.0,19.0,0.0,0.0,20.0,20.0,0.0,0.0,,27,,,,,,,,
PAIR,,VCP-R1-007,VCP-R1-034,False,False,20,20.0,19.0,19.0,2.0,0.05555555555555555,20.0,20.0,2.0,0.05263157894736842,,27,,,,,,,,
PAIR,,VCP-R1-007,VCP-R1-035,False,False,20,20.0,19.0,20.0,1.0,0.02631578947368421,20.0,20.0,0.0,0.0,,27,,,,,,,,
PAIR,,VCP-R1-007,VCP-R1-036,False,True,20,20.0,19.0,20.0,1.0,0.02631578947368421,20.0,20.0,0.0,0.0,,27,,,,,,,,
PAIR,,VCP-R1-007,VCP-R1-037,False,False,20,20.0,19.0,19.0,2.0,0.05555555555555555,20.0,20.0,1.0,0.02564102564102564,,27,,,,,,,,
PAIR,,VCP-R1-007,VCP-R1-038,False,False,20,20.0,19.0,20.0,0.0,0.0,20.0,20.0,0.0,0.0,,27,,,,,,,,
PAIR,,VCP-R1-007,VCP-R1-039,False,False,20,20.0,19.0,20.0,0.0,0.0,20.0,20.0,0.0,0.0,,27,,,,,,,,
PAIR,,VCP-R1-007,VCP-R1-040,False,True,20,20.0,19.0,19.0,2.0,0.05555555555555555,20.0,20.0,2.0,0.05263157894736842,,27,,,,,,,,
PAIR,,VCP-R1-007,VCP-R1-041,False,False,20,20.0,19.0,20.0,0.0,0.0,20.0,20.0,0.0,0.0,,27,,,,,,,,
PAIR,,VCP-R1-007,VCP-R1-042,False,True,20,20.0,19.0,20.0,0.0,0.0,20.0,20.0,0.0,0.0,,27,,,,,,,,
PAIR,,VCP-R1-007,VCP-R1-043,False,True,20,20.0,19.0,19.0,2.0,0.05555555555555555,20.0,20.0,2.0,0.05263157894736842,,27,,,,,,,,
PAIR,,VCP-R1-007,VCP-R1-044,False,False,20,20.0,19.0,20.0,1.0,0.02631578947368421,20.0,20.0,0.0,0.0,,27,,,,,,,,
PAIR,,VCP-R1-007,VCP-R1-045,False,True,20,20.0,19.0,20.0,1.0,0.02631578947368421,20.0,20.0,0.0,0.0,,27,,,,,,,,
PAIR,,VCP-R1-007,VCP-R1-046,False,False,20,20.0,19.0,19.0,2.0,0.05555555555555555,20.0,20.0,1.0,0.02564102564102564,,27,,,,,,,,
PAIR,,VCP-R1-007,VCP-R1-047,False,False,20,20.0,19.0,20.0,0.0,0.0,20.0,20.0,0.0,0.0,,27,,,,,,,,
PAIR,,VCP-R1-007,VCP-R1-048,False,False,20,20.0,19.0,20.0,0.0,0.0,20.0,20.0,0.0,0.0,,27,,,,,,,,
PAIR,,VCP-R1-007,VCP-R1-049,False,True,20,20.0,19.0,20.0,2.0,0.05405405405405406,20.0,20.0,2.0,0.05263157894736842,,27,,,,,,,,
PAIR,,VCP-R1-007,VCP-R1-050,False,False,20,20.0,19.0,20.0,0.0,0.0,20.0,20.0,0.0,0.0,,27,,,,,,,,
PAIR,,VCP-R1-007,VCP-R1-051,False,True,20,20.0,19.0,20.0,0.0,0.0,20.0,20.0,0.0,0.0,,27,,,,,,,,
PAIR,,VCP-R1-007,VCP-R1-052,False,True,20,20.0,19.0,19.0,2.0,0.05555555555555555,20.0,20.0,2.0,0.05263157894736842,,27,,,,,,,,
PAIR,,VCP-R1-007,VCP-R1-053,False,False,20,20.0,19.0,20.0,1.0,0.02631578947368421,20.0,20.0,0.0,0.0,,27,,,,,,,,
PAIR,,VCP-R1-007,VCP-R1-054,False,True,20,20.0,19.0,20.0,1.0,0.02631578947368421,20.0,20.0,0.0,0.0,,27,,,,,,,,
PAIR,,VCP-R1-007,VCP-R1-055,False,False,20,20.0,19.0,18.0,0.0,0.0,20.0,20.0,0.0,0.0,,27,,,,,,,,
PAIR,,VCP-R1-007,VCP-R1-056,False,False,20,20.0,19.0,20.0,0.0,0.0,20.0,20.0,0.0,0.0,,27,,,,,,,,
PAIR,,VCP-R1-007,VCP-R1-057,False,False,20,19.0,19.0,18.0,0.0,0.0,20.0,19.0,0.0,0.0,,27,,,,,,,,
PAIR,,VCP-R1-007,VCP-R1-058,False,False,20,20.0,19.0,19.0,1.0,0.02702702702702703,20.0,20.0,0.0,0.0,,27,,,,,,,,
PAIR,,VCP-R1-007,VCP-R1-059,False,False,20,20.0,19.0,19.0,0.0,0.0,20.0,20.0,0.0,0.0,,27,,,,,,,,
PAIR,,VCP-R1-007,VCP-R1-060,False,False,20,20.0,19.0,20.0,0.0,0.0,20.0,20.0,0.0,0.0,,27,,,,,,,,
PAIR,,VCP-R1-007,VCP-R1-061,False,False,20,20.0,19.0,20.0,0.0,0.0,20.0,20.0,0.0,0.0,,27,,,,,,,,
PAIR,,VCP-R1-007,VCP-R1-062,False,False,20,20.0,19.0,20.0,0.0,0.0,20.0,20.0,0.0,0.0,,27,,,,,,,,
PAIR,,VCP-R1-007,VCP-R1-063,False,False,20,20.0,19.0,20.0,0.0,0.0,20.0,20.0,0.0,0.0,,27,,,,,,,,
PAIR,,VCP-R1-007,VCP-R1-064,False,False,20,20.0,19.0,19.0,1.0,0.02702702702702703,20.0,20.0,0.0,0.0,,27,,,,,,,,
PAIR,,VCP-R1-007,VCP-R1-065,False,False,20,20.0,19.0,20.0,1.0,0.02631578947368421,20.0,20.0,0.0,0.0,,27,,,,,,,,
PAIR,,VCP-R1-007,VCP-R1-066,False,False,20,20.0,19.0,20.0,1.0,0.02631578947368421,20.0,20.0,0.0,0.0,,27,,,,,,,,
PAIR,,VCP-R1-007,VCP-R1-067,False,False,20,20.0,19.0,20.0,1.0,0.02631578947368421,20.0,20.0,0.0,0.0,,27,,,,,,,,
PAIR,,VCP-R1-007,VCP-R1-068,False,False,20,20.0,19.0,19.0,1.0,0.02702702702702703,20.0,20.0,0.0,0.0,,27,,,,,,,,
PAIR,,VCP-R1-007,VCP-R1-069,False,False,20,20.0,19.0,20.0,1.0,0.02631578947368421,20.0,20.0,0.0,0.0,,27,,,,,,,,
PAIR,,VCP-R1-007,VCP-R1-070,False,False,20,20.0,19.0,20.0,1.0,0.02631578947368421,20.0,20.0,0.0,0.0,,27,,,,,,,,
PAIR,,VCP-R1-007,VCP-R1-071,False,False,20,20.0,19.0,20.0,1.0,0.02631578947368421,20.0,20.0,0.0,0.0,,27,,,,,,,,
PAIR,,VCP-R1-007,VCP-R1-072,False,False,20,20.0,19.0,20.0,1.0,0.02631578947368421,20.0,20.0,0.0,0.0,,27,,,,,,,,
PAIR,,VCP-R1-007,VCP-R1-073,False,False,20,20.0,19.0,20.0,1.0,0.02631578947368421,20.0,20.0,0.0,0.0,,27,,,,,,,,
PAIR,,VCP-R1-007,VCP-R1-074,False,False,20,20.0,19.0,20.0,1.0,0.02631578947368421,20.0,20.0,0.0,0.0,,27,,,,,,,,
PAIR,,VCP-R1-007,VCP-R1-075,False,False,20,20.0,19.0,20.0,1.0,0.02631578947368421,20.0,20.0,0.0,0.0,,27,,,,,,,,
PAIR,,VCP-R1-007,VCP-R1-076,False,False,20,20.0,19.0,20.0,1.0,0.02631578947368421,20.0,20.0,0.0,0.0,,27,,,,,,,,
PAIR,,VCP-R1-007,VCP-R1-077,False,False,20,20.0,19.0,19.0,1.0,0.02702702702702703,20.0,20.0,0.0,0.0,,27,,,,,,,,
PAIR,,VCP-R1-007,VCP-R1-078,False,False,20,20.0,19.0,20.0,1.0,0.02631578947368421,20.0,20.0,0.0,0.0,,27,,,,,,,,
PAIR,,VCP-R1-007,VCP-R1-079,False,False,20,20.0,19.0,20.0,1.0,0.02631578947368421,20.0,20.0,0.0,0.0,,27,,,,,,,,
PAIR,,VCP-R1-007,VCP-R1-080,False,False,20,20.0,19.0,20.0,1.0,0.02631578947368421,20.0,20.0,0.0,0.0,,27,,,,,,,,
PAIR,,VCP-R1-007,VCP-R1-081,False,False,20,20.0,19.0,20.0,1.0,0.02631578947368421,20.0,20.0,0.0,0.0,,27,,,,,,,,
PAIR,,VCP-R1-007,VCP-R1-082,False,False,20,20.0,19.0,20.0,1.0,0.02631578947368421,20.0,20.0,0.0,0.0,,27,,,,,,,,
PAIR,,VCP-R1-007,VCP-R1-083,False,False,20,20.0,19.0,20.0,1.0,0.02631578947368421,20.0,20.0,0.0,0.0,,27,,,,,,,,
PAIR,,VCP-R1-007,VCP-R1-084,False,False,20,18.0,19.0,18.0,1.0,0.027777777777777776,20.0,18.0,0.0,0.0,,27,,,,,,,,
PAIR,,VCP-R1-007,VCP-R1-085,False,False,20,20.0,19.0,19.0,0.0,0.0,20.0,20.0,0.0,0.0,,27,,,,,,,,
PAIR,,VCP-R1-007,VCP-R1-086,False,False,20,20.0,19.0,20.0,0.0,0.0,20.0,20.0,0.0,0.0,,27,,,,,,,,
PAIR,,VCP-R1-007,VCP-R1-087,False,False,20,20.0,19.0,19.0,0.0,0.0,20.0,20.0,0.0,0.0,,27,,,,,,,,
PAIR,,VCP-R1-007,VCP-R1-088,False,False,20,20.0,19.0,19.0,1.0,0.02702702702702703,20.0,20.0,0.0,0.0,,27,,,,,,,,
PAIR,,VCP-R1-007,VCP-R1-089,False,False,20,20.0,19.0,19.0,1.0,0.02702702702702703,20.0,20.0,0.0,0.0,,27,,,,,,,,
PAIR,,VCP-R1-007,VCP-R1-090,False,False,20,20.0,19.0,20.0,1.0,0.02631578947368421,20.0,20.0,0.0,0.0,,27,,,,,,,,
PAIR,,VCP-R1-007,VCP-R1-091,False,False,20,20.0,19.0,19.0,0.0,0.0,20.0,20.0,0.0,0.0,,27,,,,,,,,
PAIR,,VCP-R1-007,VCP-R1-092,False,False,20,20.0,19.0,19.0,0.0,0.0,20.0,20.0,0.0,0.0,,27,,,,,,,,
PAIR,,VCP-R1-007,VCP-R1-093,False,False,20,20.0,19.0,19.0,0.0,0.0,20.0,20.0,0.0,0.0,,27,,,,,,,,
PAIR,,VCP-R1-007,VCP-R1-094,False,False,20,20.0,19.0,19.0,1.0,0.02702702702702703,20.0,20.0,0.0,0.0,,27,,,,,,,,
PAIR,,VCP-R1-007,VCP-R1-095,False,False,20,20.0,19.0,20.0,1.0,0.02631578947368421,20.0,20.0,0.0,0.0,,27,,,,,,,,
PAIR,,VCP-R1-007,VCP-R1-096,False,False,20,20.0,19.0,20.0,0.0,0.0,20.0,20.0,0.0,0.0,,27,,,,,,,,
PAIR,,VCP-R1-007,VCP-R1-097,False,False,20,20.0,19.0,20.0,2.0,0.05405405405405406,20.0,20.0,0.0,0.0,,27,,,,,,,,
PAIR,,VCP-R1-007,VCP-R1-098,False,False,20,20.0,19.0,20.0,2.0,0.05405405405405406,20.0,20.0,0.0,0.0,,27,,,,,,,,
PAIR,,VCP-R1-007,VCP-R1-099,False,False,20,20.0,19.0,20.0,2.0,0.05405405405405406,20.0,20.0,0.0,0.0,,27,,,,,,,,
PAIR,,VCP-R1-007,VCP-R1-100,False,False,20,20.0,19.0,19.0,0.0,0.0,20.0,20.0,0.0,0.0,,27,,,,,,,,
PAIR,,VCP-R1-007,VCP-R1-101,False,False,20,20.0,19.0,19.0,0.0,0.0,20.0,20.0,0.0,0.0,,27,,,,,,,,
PAIR,,VCP-R1-007,VCP-R1-102,False,False,20,20.0,19.0,19.0,0.0,0.0,20.0,20.0,0.0,0.0,,27,,,,,,,,
PAIR,,VCP-R1-007,VCP-R1-103,False,False,20,20.0,19.0,19.0,1.0,0.02702702702702703,20.0,20.0,0.0,0.0,,27,,,,,,,,
PAIR,,VCP-R1-007,VCP-R1-104,False,False,20,20.0,19.0,20.0,1.0,0.02631578947368421,20.0,20.0,0.0,0.0,,27,,,,,,,,
PAIR,,VCP-R1-007,VCP-R1-105,False,False,20,20.0,19.0,20.0,0.0,0.0,20.0,20.0,0.0,0.0,,27,,,,,,,,
PAIR,,VCP-R1-007,VCP-R1-106,False,False,20,20.0,19.0,19.0,2.0,0.05555555555555555,20.0,20.0,0.0,0.0,,27,,,,,,,,
PAIR,,VCP-R1-007,VCP-R1-107,False,False,20,20.0,19.0,20.0,2.0,0.05405405405405406,20.0,20.0,0.0,0.0,,27,,,,,,,,
PAIR,,VCP-R1-007,VCP-R1-108,False,False,20,20.0,19.0,20.0,2.0,0.05405405405405406,20.0,20.0,0.0,0.0,,27,,,,,,,,
PAIR,,VCP-R1-008,VCP-R1-009,True,True,20,20.0,19.0,20.0,11.0,0.39285714285714285,20.0,20.0,11.0,0.3793103448275862,,27,,,,,,,,
PAIR,,VCP-R1-008,VCP-R1-010,True,False,20,20.0,19.0,20.0,8.0,0.25806451612903225,20.0,20.0,7.0,0.21212121212121213,,27,,,,,,,,
PAIR,,VCP-R1-008,VCP-R1-011,True,True,20,20.0,19.0,19.0,8.0,0.26666666666666666,20.0,20.0,7.0,0.21212121212121213,,27,,,,,,,,
PAIR,,VCP-R1-008,VCP-R1-012,True,True,20,20.0,19.0,19.0,6.0,0.1875,20.0,20.0,5.0,0.14285714285714285,,27,,,,,,,,
PAIR,,VCP-R1-008,VCP-R1-013,True,False,20,20.0,19.0,19.0,14.0,0.5833333333333334,20.0,20.0,14.0,0.5384615384615384,,27,,,,,,,,
PAIR,,VCP-R1-008,VCP-R1-014,True,True,20,20.0,19.0,19.0,15.0,0.6521739130434783,20.0,20.0,16.0,0.6666666666666666,參數組合的主要贏家重疊，需檢查高原是否依賴共同個股／行情,27,,,,,,,,
PAIR,,VCP-R1-008,VCP-R1-015,True,False,20,20.0,19.0,19.0,8.0,0.26666666666666666,20.0,20.0,8.0,0.25,,27,,,,,,,,
PAIR,,VCP-R1-008,VCP-R1-016,True,False,20,20.0,19.0,20.0,12.0,0.4444444444444444,20.0,20.0,12.0,0.42857142857142855,,27,,,,,,,,
PAIR,,VCP-R1-008,VCP-R1-017,True,True,20,20.0,19.0,19.0,17.0,0.8095238095238095,20.0,20.0,18.0,0.8181818181818182,參數組合的主要贏家重疊，需檢查高原是否依賴共同個股／行情,27,,,,,,,,
PAIR,,VCP-R1-008,VCP-R1-018,True,False,20,20.0,19.0,20.0,11.0,0.39285714285714285,20.0,20.0,11.0,0.3793103448275862,,27,,,,,,,,
PAIR,,VCP-R1-008,VCP-R1-019,True,False,20,20.0,19.0,20.0,8.0,0.25806451612903225,20.0,20.0,7.0,0.21212121212121213,,27,,,,,,,,
PAIR,,VCP-R1-008,VCP-R1-020,True,True,20,20.0,19.0,19.0,8.0,0.26666666666666666,20.0,20.0,7.0,0.21212121212121213,,27,,,,,,,,
PAIR,,VCP-R1-008,VCP-R1-021,True,True,20,20.0,19.0,19.0,6.0,0.1875,20.0,20.0,5.0,0.14285714285714285,,27,,,,,,,,
PAIR,,VCP-R1-008,VCP-R1-022,True,False,20,20.0,19.0,19.0,13.0,0.52,20.0,20.0,13.0,0.48148148148148145,,27,,,,,,,,
PAIR,,VCP-R1-008,VCP-R1-023,True,False,20,20.0,19.0,19.0,15.0,0.6521739130434783,20.0,20.0,16.0,0.6666666666666666,,27,,,,,,,,
PAIR,,VCP-R1-008,VCP-R1-024,True,False,20,20.0,19.0,19.0,8.0,0.26666666666666666,20.0,20.0,8.0,0.25,,27,,,,,,,,
PAIR,,VCP-R1-008,VCP-R1-025,True,False,20,20.0,19.0,20.0,11.0,0.39285714285714285,20.0,20.0,11.0,0.3793103448275862,,27,,,,,,,,
PAIR,,VCP-R1-008,VCP-R1-026,True,True,20,20.0,19.0,19.0,16.0,0.7272727272727273,20.0,20.0,17.0,0.7391304347826086,參數組合的主要贏家重疊，需檢查高原是否依賴共同個股／行情,27,,,,,,,,
PAIR,,VCP-R1-008,VCP-R1-027,True,False,20,20.0,19.0,20.0,11.0,0.39285714285714285,20.0,20.0,11.0,0.3793103448275862,,27,,,,,,,,
PAIR,,VCP-R1-008,VCP-R1-028,True,False,20,20.0,19.0,20.0,1.0,0.02631578947368421,20.0,20.0,0.0,0.0,,27,,,,,,,,
PAIR,,VCP-R1-008,VCP-R1-029,True,False,20,20.0,19.0,20.0,1.0,0.02631578947368421,20.0,20.0,0.0,0.0,,27,,,,,,,,
PAIR,,VCP-R1-008,VCP-R1-030,True,True,20,20.0,19.0,18.0,0.0,0.0,20.0,20.0,0.0,0.0,,27,,,,,,,,
PAIR,,VCP-R1-008,VCP-R1-031,True,True,20,20.0,19.0,20.0,0.0,0.0,20.0,20.0,0.0,0.0,,27,,,,,,,,
PAIR,,VCP-R1-008,VCP-R1-032,True,True,20,20.0,19.0,20.0,0.0,0.0,20.0,20.0,0.0,0.0,,27,,,,,,,,
PAIR,,VCP-R1-008,VCP-R1-033,True,True,20,20.0,19.0,19.0,0.0,0.0,20.0,20.0,0.0,0.0,,27,,,,,,,,
PAIR,,VCP-R1-008,VCP-R1-034,True,False,20,20.0,19.0,19.0,0.0,0.0,20.0,20.0,0.0,0.0,,27,,,,,,,,
PAIR,,VCP-R1-008,VCP-R1-035,True,False,20,20.0,19.0,20.0,0.0,0.0,20.0,20.0,0.0,0.0,,27,,,,,,,,
PAIR,,VCP-R1-008,VCP-R1-036,True,True,20,20.0,19.0,20.0,0.0,0.0,20.0,20.0,0.0,0.0,,27,,,,,,,,
PAIR,,VCP-R1-008,VCP-R1-037,True,False,20,20.0,19.0,19.0,1.0,0.02702702702702703,20.0,20.0,0.0,0.0,,27,,,,,,,,
PAIR,,VCP-R1-008,VCP-R1-038,True,False,20,20.0,19.0,20.0,1.0,0.02631578947368421,20.0,20.0,0.0,0.0,,27,,,,,,,,
PAIR,,VCP-R1-008,VCP-R1-039,True,False,20,20.0,19.0,20.0,0.0,0.0,20.0,20.0,0.0,0.0,,27,,,,,,,,
PAIR,,VCP-R1-008,VCP-R1-040,True,True,20,20.0,19.0,19.0,0.0,0.0,20.0,20.0,0.0,0.0,,27,,,,,,,,
PAIR,,VCP-R1-008,VCP-R1-041,True,False,20,20.0,19.0,20.0,0.0,0.0,20.0,20.0,0.0,0.0,,27,,,,,,,,
PAIR,,VCP-R1-008,VCP-R1-042,True,True,20,20.0,19.0,20.0,0.0,0.0,20.0,20.0,0.0,0.0,,27,,,,,,,,
PAIR,,VCP-R1-008,VCP-R1-043,True,True,20,20.0,19.0,19.0,0.0,0.0,20.0,20.0,0.0,0.0,,27,,,,,,,,
PAIR,,VCP-R1-008,VCP-R1-044,True,False,20,20.0,19.0,20.0,0.0,0.0,20.0,20.0,0.0,0.0,,27,,,,,,,,
PAIR,,VCP-R1-008,VCP-R1-045,True,True,20,20.0,19.0,20.0,0.0,0.0,20.0,20.0,0.0,0.0,,27,,,,,,,,
PAIR,,VCP-R1-008,VCP-R1-046,True,False,20,20.0,19.0,19.0,1.0,0.02702702702702703,20.0,20.0,0.0,0.0,,27,,,,,,,,
PAIR,,VCP-R1-008,VCP-R1-047,True,False,20,20.0,19.0,20.0,1.0,0.02631578947368421,20.0,20.0,0.0,0.0,,27,,,,,,,,
PAIR,,VCP-R1-008,VCP-R1-048,True,False,20,20.0,19.0,20.0,0.0,0.0,20.0,20.0,0.0,0.0,,27,,,,,,,,
PAIR,,VCP-R1-008,VCP-R1-049,True,True,20,20.0,19.0,20.0,0.0,0.0,20.0,20.0,0.0,0.0,,27,,,,,,,,
PAIR,,VCP-R1-008,VCP-R1-050,True,False,20,20.0,19.0,20.0,0.0,0.0,20.0,20.0,0.0,0.0,,27,,,,,,,,
PAIR,,VCP-R1-008,VCP-R1-051,True,True,20,20.0,19.0,20.0,0.0,0.0,20.0,20.0,0.0,0.0,,27,,,,,,,,
PAIR,,VCP-R1-008,VCP-R1-052,True,True,20,20.0,19.0,19.0,0.0,0.0,20.0,20.0,0.0,0.0,,27,,,,,,,,
PAIR,,VCP-R1-008,VCP-R1-053,True,False,20,20.0,19.0,20.0,0.0,0.0,20.0,20.0,0.0,0.0,,27,,,,,,,,
PAIR,,VCP-R1-008,VCP-R1-054,True,True,20,20.0,19.0,20.0,0.0,0.0,20.0,20.0,0.0,0.0,,27,,,,,,,,
PAIR,,VCP-R1-008,VCP-R1-055,True,False,20,20.0,19.0,18.0,0.0,0.0,20.0,20.0,0.0,0.0,,27,,,,,,,,
PAIR,,VCP-R1-008,VCP-R1-056,True,False,20,20.0,19.0,20.0,0.0,0.0,20.0,20.0,0.0,0.0,,27,,,,,,,,
PAIR,,VCP-R1-008,VCP-R1-057,True,False,20,19.0,19.0,18.0,0.0,0.0,20.0,19.0,0.0,0.0,,27,,,,,,,,
PAIR,,VCP-R1-008,VCP-R1-058,True,False,20,20.0,19.0,19.0,1.0,0.02702702702702703,20.0,20.0,0.0,0.0,,27,,,,,,,,
PAIR,,VCP-R1-008,VCP-R1-059,True,False,20,20.0,19.0,19.0,0.0,0.0,20.0,20.0,0.0,0.0,,27,,,,,,,,
PAIR,,VCP-R1-008,VCP-R1-060,True,False,20,20.0,19.0,20.0,0.0,0.0,20.0,20.0,0.0,0.0,,27,,,,,,,,
PAIR,,VCP-R1-008,VCP-R1-061,True,False,20,20.0,19.0,20.0,0.0,0.0,20.0,20.0,0.0,0.0,,27,,,,,,,,
PAIR,,VCP-R1-008,VCP-R1-062,True,False,20,20.0,19.0,20.0,0.0,0.0,20.0,20.0,0.0,0.0,,27,,,,,,,,
PAIR,,VCP-R1-008,VCP-R1-063,True,False,20,20.0,19.0,20.0,0.0,0.0,20.0,20.0,0.0,0.0,,27,,,,,,,,
PAIR,,VCP-R1-008,VCP-R1-064,True,False,20,20.0,19.0,19.0,1.0,0.02702702702702703,20.0,20.0,0.0,0.0,,27,,,,,,,,
PAIR,,VCP-R1-008,VCP-R1-065,True,False,20,20.0,19.0,20.0,1.0,0.02631578947368421,20.0,20.0,0.0,0.0,,27,,,,,,,,
PAIR,,VCP-R1-008,VCP-R1-066,True,False,20,20.0,19.0,20.0,1.0,0.02631578947368421,20.0,20.0,0.0,0.0,,27,,,,,,,,
PAIR,,VCP-R1-008,VCP-R1-067,True,False,20,20.0,19.0,20.0,1.0,0.02631578947368421,20.0,20.0,0.0,0.0,,27,,,,,,,,
PAIR,,VCP-R1-008,VCP-R1-068,True,False,20,20.0,19.0,19.0,1.0,0.02702702702702703,20.0,20.0,0.0,0.0,,27,,,,,,,,
PAIR,,VCP-R1-008,VCP-R1-069,True,False,20,20.0,19.0,20.0,1.0,0.02631578947368421,20.0,20.0,0.0,0.0,,27,,,,,,,,
PAIR,,VCP-R1-008,VCP-R1-070,True,False,20,20.0,19.0,20.0,1.0,0.02631578947368421,20.0,20.0,0.0,0.0,,27,,,,,,,,
PAIR,,VCP-R1-008,VCP-R1-071,True,False,20,20.0,19.0,20.0,1.0,0.02631578947368421,20.0,20.0,0.0,0.0,,27,,,,,,,,
PAIR,,VCP-R1-008,VCP-R1-072,True,False,20,20.0,19.0,20.0,1.0,0.02631578947368421,20.0,20.0,0.0,0.0,,27,,,,,,,,
PAIR,,VCP-R1-008,VCP-R1-073,True,False,20,20.0,19.0,20.0,1.0,0.02631578947368421,20.0,20.0,0.0,0.0,,27,,,,,,,,
PAIR,,VCP-R1-008,VCP-R1-074,True,False,20,20.0,19.0,20.0,1.0,0.02631578947368421,20.0,20.0,0.0,0.0,,27,,,,,,,,
PAIR,,VCP-R1-008,VCP-R1-075,True,False,20,20.0,19.0,20.0,1.0,0.02631578947368421,20.0,20.0,0.0,0.0,,27,,,,,,,,
PAIR,,VCP-R1-008,VCP-R1-076,True,False,20,20.0,19.0,20.0,1.0,0.02631578947368421,20.0,20.0,0.0,0.0,,27,,,,,,,,
PAIR,,VCP-R1-008,VCP-R1-077,True,False,20,20.0,19.0,19.0,1.0,0.02702702702702703,20.0,20.0,0.0,0.0,,27,,,,,,,,
PAIR,,VCP-R1-008,VCP-R1-078,True,False,20,20.0,19.0,20.0,1.0,0.02631578947368421,20.0,20.0,0.0,0.0,,27,,,,,,,,
PAIR,,VCP-R1-008,VCP-R1-079,True,False,20,20.0,19.0,20.0,1.0,0.02631578947368421,20.0,20.0,0.0,0.0,,27,,,,,,,,
PAIR,,VCP-R1-008,VCP-R1-080,True,False,20,20.0,19.0,20.0,1.0,0.02631578947368421,20.0,20.0,0.0,0.0,,27,,,,,,,,
PAIR,,VCP-R1-008,VCP-R1-081,True,False,20,20.0,19.0,20.0,1.0,0.02631578947368421,20.0,20.0,0.0,0.0,,27,,,,,,,,
PAIR,,VCP-R1-008,VCP-R1-082,True,False,20,20.0,19.0,20.0,1.0,0.02631578947368421,20.0,20.0,0.0,0.0,,27,,,,,,,,
PAIR,,VCP-R1-008,VCP-R1-083,True,False,20,20.0,19.0,20.0,2.0,0.05405405405405406,20.0,20.0,0.0,0.0,,27,,,,,,,,
PAIR,,VCP-R1-008,VCP-R1-084,True,False,20,18.0,19.0,18.0,2.0,0.05714285714285714,20.0,18.0,0.0,0.0,,27,,,,,,,,
PAIR,,VCP-R1-008,VCP-R1-085,True,False,20,20.0,19.0,19.0,0.0,0.0,20.0,20.0,0.0,0.0,,27,,,,,,,,
PAIR,,VCP-R1-008,VCP-R1-086,True,False,20,20.0,19.0,20.0,0.0,0.0,20.0,20.0,0.0,0.0,,27,,,,,,,,
PAIR,,VCP-R1-008,VCP-R1-087,True,False,20,20.0,19.0,19.0,0.0,0.0,20.0,20.0,0.0,0.0,,27,,,,,,,,
PAIR,,VCP-R1-008,VCP-R1-088,True,False,20,20.0,19.0,19.0,0.0,0.0,20.0,20.0,0.0,0.0,,27,,,,,,,,
PAIR,,VCP-R1-008,VCP-R1-089,True,False,20,20.0,19.0,19.0,0.0,0.0,20.0,20.0,0.0,0.0,,27,,,,,,,,
PAIR,,VCP-R1-008,VCP-R1-090,True,False,20,20.0,19.0,20.0,0.0,0.0,20.0,20.0,0.0,0.0,,27,,,,,,,,
PAIR,,VCP-R1-008,VCP-R1-091,True,False,20,20.0,19.0,19.0,0.0,0.0,20.0,20.0,0.0,0.0,,27,,,,,,,,
PAIR,,VCP-R1-008,VCP-R1-092,True,False,20,20.0,19.0,19.0,0.0,0.0,20.0,20.0,0.0,0.0,,27,,,,,,,,
PAIR,,VCP-R1-008,VCP-R1-093,True,False,20,20.0,19.0,19.0,0.0,0.0,20.0,20.0,0.0,0.0,,27,,,,,,,,
PAIR,,VCP-R1-008,VCP-R1-094,True,False,20,20.0,19.0,19.0,0.0,0.0,20.0,20.0,0.0,0.0,,27,,,,,,,,
PAIR,,VCP-R1-008,VCP-R1-095,True,False,20,20.0,19.0,20.0,0.0,0.0,20.0,20.0,0.0,0.0,,27,,,,,,,,
PAIR,,VCP-R1-008,VCP-R1-096,True,False,20,20.0,19.0,20.0,0.0,0.0,20.0,20.0,0.0,0.0,,27,,,,,,,,
PAIR,,VCP-R1-008,VCP-R1-097,True,False,20,20.0,19.0,20.0,1.0,0.02631578947368421,20.0,20.0,0.0,0.0,,27,,,,,,,,
PAIR,,VCP-R1-008,VCP-R1-098,True,False,20,20.0,19.0,20.0,1.0,0.02631578947368421,20.0,20.0,0.0,0.0,,27,,,,,,,,
PAIR,,VCP-R1-008,VCP-R1-099,True,False,20,20.0,19.0,20.0,1.0,0.02631578947368421,20.0,20.0,0.0,0.0,,27,,,,,,,,
PAIR,,VCP-R1-008,VCP-R1-100,True,False,20,20.0,19.0,19.0,0.0,0.0,20.0,20.0,0.0,0.0,,27,,,,,,,,
PAIR,,VCP-R1-008,VCP-R1-101,True,False,20,20.0,19.0,19.0,0.0,0.0,20.0,20.0,0.0,0.0,,27,,,,,,,,
PAIR,,VCP-R1-008,VCP-R1-102,True,False,20,20.0,19.0,19.0,0.0,0.0,20.0,20.0,0.0,0.0,,27,,,,,,,,
PAIR,,VCP-R1-008,VCP-R1-103,True,False,20,20.0,19.0,19.0,0.0,0.0,20.0,20.0,0.0,0.0,,27,,,,,,,,
PAIR,,VCP-R1-008,VCP-R1-104,True,False,20,20.0,19.0,20.0,0.0,0.0,20.0,20.0,0.0,0.0,,27,,,,,,,,
PAIR,,VCP-R1-008,VCP-R1-105,True,False,20,20.0,19.0,20.0,0.0,0.0,20.0,20.0,0.0,0.0,,27,,,,,,,,
PAIR,,VCP-R1-008,VCP-R1-106,True,False,20,20.0,19.0,19.0,1.0,0.02702702702702703,20.0,20.0,0.0,0.0,,27,,,,,,,,
PAIR,,VCP-R1-008,VCP-R1-107,True,False,20,20.0,19.0,20.0,1.0,0.02631578947368421,20.0,20.0,0.0,0.0,,27,,,,,,,,
PAIR,,VCP-R1-008,VCP-R1-108,True,False,20,20.0,19.0,20.0,1.0,0.02631578947368421,20.0,20.0,0.0,0.0,,27,,,,,,,,
PAIR,,VCP-R1-009,VCP-R1-010,True,False,20,20.0,20.0,20.0,9.0,0.2903225806451613,20.0,20.0,8.0,0.25,,27,,,,,,,,
PAIR,,VCP-R1-009,VCP-R1-011,True,True,20,20.0,20.0,19.0,9.0,0.3,20.0,20.0,8.0,0.25,,27,,,,,,,,
PAIR,,VCP-R1-009,VCP-R1-012,True,True,20,20.0,20.0,19.0,9.0,0.3,20.0,20.0,8.0,0.25,,27,,,,,,,,
PAIR,,VCP-R1-009,VCP-R1-013,True,False,20,20.0,20.0,19.0,8.0,0.25806451612903225,20.0,20.0,7.0,0.21212121212121213,,27,,,,,,,,
PAIR,,VCP-R1-009,VCP-R1-014,True,True,20,20.0,20.0,19.0,10.0,0.3448275862068966,20.0,20.0,10.0,0.3333333333333333,,27,,,,,,,,
PAIR,,VCP-R1-009,VCP-R1-015,True,False,20,20.0,20.0,19.0,12.0,0.4444444444444444,20.0,20.0,12.0,0.42857142857142855,,27,,,,,,,,
PAIR,,VCP-R1-009,VCP-R1-016,True,False,20,20.0,20.0,20.0,9.0,0.2903225806451613,20.0,20.0,9.0,0.2903225806451613,,27,,,,,,,,
PAIR,,VCP-R1-009,VCP-R1-017,True,True,20,20.0,20.0,19.0,10.0,0.3448275862068966,20.0,20.0,10.0,0.3333333333333333,,27,,,,,,,,
PAIR,,VCP-R1-009,VCP-R1-018,True,False,20,20.0,20.0,20.0,19.0,0.9047619047619048,20.0,20.0,19.0,0.9047619047619048,,27,,,,,,,,
PAIR,,VCP-R1-009,VCP-R1-019,True,False,20,20.0,20.0,20.0,9.0,0.2903225806451613,20.0,20.0,8.0,0.25,,27,,,,,,,,
PAIR,,VCP-R1-009,VCP-R1-020,True,True,20,20.0,20.0,19.0,9.0,0.3,20.0,20.0,8.0,0.25,,27,,,,,,,,
PAIR,,VCP-R1-009,VCP-R1-021,True,True,20,20.0,20.0,19.0,9.0,0.3,20.0,20.0,8.0,0.25,,27,,,,,,,,
PAIR,,VCP-R1-009,VCP-R1-022,True,False,20,20.0,20.0,19.0,8.0,0.25806451612903225,20.0,20.0,7.0,0.21212121212121213,,27,,,,,,,,
PAIR,,VCP-R1-009,VCP-R1-023,True,False,20,20.0,20.0,19.0,10.0,0.3448275862068966,20.0,20.0,10.0,0.3333333333333333,,27,,,,,,,,
PAIR,,VCP-R1-009,VCP-R1-024,True,False,20,20.0,20.0,19.0,12.0,0.4444444444444444,20.0,20.0,12.0,0.42857142857142855,,27,,,,,,,,
PAIR,,VCP-R1-009,VCP-R1-025,True,False,20,20.0,20.0,20.0,9.0,0.2903225806451613,20.0,20.0,9.0,0.2903225806451613,,27,,,,,,,,
PAIR,,VCP-R1-009,VCP-R1-026,True,True,20,20.0,20.0,19.0,10.0,0.3448275862068966,20.0,20.0,10.0,0.3333333333333333,,27,,,,,,,,
PAIR,,VCP-R1-009,VCP-R1-027,True,False,20,20.0,20.0,20.0,18.0,0.8181818181818182,20.0,20.0,18.0,0.8181818181818182,,27,,,,,,,,
PAIR,,VCP-R1-009,VCP-R1-028,True,False,20,20.0,20.0,20.0,1.0,0.02564102564102564,20.0,20.0,0.0,0.0,,27,,,,,,,,
PAIR,,VCP-R1-009,VCP-R1-029,True,False,20,20.0,20.0,20.0,1.0,0.02564102564102564,20.0,20.0,0.0,0.0,,27,,,,,,,,
PAIR,,VCP-R1-009,VCP-R1-030,True,True,20,20.0,20.0,18.0,1.0,0.02702702702702703,20.0,20.0,0.0,0.0,,27,,,,,,,,
PAIR,,VCP-R1-009,VCP-R1-031,True,True,20,20.0,20.0,20.0,0.0,0.0,20.0,20.0,0.0,0.0,,27,,,,,,,,
PAIR,,VCP-R1-009,VCP-R1-032,True,True,20,20.0,20.0,20.0,1.0,0.02564102564102564,20.0,20.0,0.0,0.0,,27,,,,,,,,
PAIR,,VCP-R1-009,VCP-R1-033,True,True,20,20.0,20.0,19.0,1.0,0.02631578947368421,20.0,20.0,0.0,0.0,,27,,,,,,,,
PAIR,,VCP-R1-009,VCP-R1-034,True,False,20,20.0,20.0,19.0,0.0,0.0,20.0,20.0,0.0,0.0,,27,,,,,,,,
PAIR,,VCP-R1-009,VCP-R1-035,True,False,20,20.0,20.0,20.0,0.0,0.0,20.0,20.0,0.0,0.0,,27,,,,,,,,
PAIR,,VCP-R1-009,VCP-R1-036,True,True,20,20.0,20.0,20.0,1.0,0.02564102564102564,20.0,20.0,0.0,0.0,,27,,,,,,,,
PAIR,,VCP-R1-009,VCP-R1-037,True,False,20,20.0,20.0,19.0,1.0,0.02631578947368421,20.0,20.0,0.0,0.0,,27,,,,,,,,
PAIR,,VCP-R1-009,VCP-R1-038,True,False,20,20.0,20.0,20.0,1.0,0.02564102564102564,20.0,20.0,0.0,0.0,,27,,,,,,,,
PAIR,,VCP-R1-009,VCP-R1-039,True,False,20,20.0,20.0,20.0,1.0,0.02564102564102564,20.0,20.0,0.0,0.0,,27,,,,,,,,
PAIR,,VCP-R1-009,VCP-R1-040,True,True,20,20.0,20.0,19.0,0.0,0.0,20.0,20.0,0.0,0.0,,27,,,,,,,,
PAIR,,VCP-R1-009,VCP-R1-041,True,False,20,20.0,20.0,20.0,0.0,0.0,20.0,20.0,0.0,0.0,,27,,,,,,,,
PAIR,,VCP-R1-009,VCP-R1-042,True,True,20,20.0,20.0,20.0,1.0,0.02564102564102564,20.0,20.0,0.0,0.0,,27,,,,,,,,
PAIR,,VCP-R1-009,VCP-R1-043,True,True,20,20.0,20.0,19.0,0.0,0.0,20.0,20.0,0.0,0.0,,27,,,,,,,,
PAIR,,VCP-R1-009,VCP-R1-044,True,False,20,20.0,20.0,20.0,0.0,0.0,20.0,20.0,0.0,0.0,,27,,,,,,,,
PAIR,,VCP-R1-009,VCP-R1-045,True,True,20,20.0,20.0,20.0,0.0,0.0,20.0,20.0,0.0,0.0,,27,,,,,,,,
PAIR,,VCP-R1-009,VCP-R1-046,True,False,20,20.0,20.0,19.0,1.0,0.02631578947368421,20.0,20.0,0.0,0.0,,27,,,,,,,,
PAIR,,VCP-R1-009,VCP-R1-047,True,False,20,20.0,20.0,20.0,1.0,0.02564102564102564,20.0,20.0,0.0,0.0,,27,,,,,,,,
PAIR,,VCP-R1-009,VCP-R1-048,True,False,20,20.0,20.0,20.0,1.0,0.02564102564102564,20.0,20.0,0.0,0.0,,27,,,,,,,,
PAIR,,VCP-R1-009,VCP-R1-049,True,True,20,20.0,20.0,20.0,0.0,0.0,20.0,20.0,0.0,0.0,,27,,,,,,,,
PAIR,,VCP-R1-009,VCP-R1-050,True,False,20,20.0,20.0,20.0,0.0,0.0,20.0,20.0,0.0,0.0,,27,,,,,,,,
PAIR,,VCP-R1-009,VCP-R1-051,True,True,20,20.0,20.0,20.0,1.0,0.02564102564102564,20.0,20.0,0.0,0.0,,27,,,,,,,,
PAIR,,VCP-R1-009,VCP-R1-052,True,True,20,20.0,20.0,19.0,0.0,0.0,20.0,20.0,0.0,0.0,,27,,,,,,,,
PAIR,,VCP-R1-009,VCP-R1-053,True,False,20,20.0,20.0,20.0,0.0,0.0,20.0,20.0,0.0,0.0,,27,,,,,,,,
PAIR,,VCP-R1-009,VCP-R1-054,True,True,20,20.0,20.0,20.0,0.0,0.0,20.0,20.0,0.0,0.0,,27,,,,,,,,
PAIR,,VCP-R1-009,VCP-R1-055,True,False,20,20.0,20.0,18.0,0.0,0.0,20.0,20.0,0.0,0.0,,27,,,,,,,,
PAIR,,VCP-R1-009,VCP-R1-056,True,False,20,20.0,20.0,20.0,0.0,0.0,20.0,20.0,0.0,0.0,,27,,,,,,,,
PAIR,,VCP-R1-009,VCP-R1-057,True,False,20,19.0,20.0,18.0,0.0,0.0,20.0,19.0,0.0,0.0,,27,,,,,,,,
PAIR,,VCP-R1-009,VCP-R1-058,True,False,20,20.0,20.0,19.0,0.0,0.0,20.0,20.0,0.0,0.0,,27,,,,,,,,
PAIR,,VCP-R1-009,VCP-R1-059,True,False,20,20.0,20.0,19.0,0.0,0.0,20.0,20.0,0.0,0.0,,27,,,,,,,,
PAIR,,VCP-R1-009,VCP-R1-060,True,False,20,20.0,20.0,20.0,1.0,0.02564102564102564,20.0,20.0,0.0,0.0,,27,,,,,,,,
PAIR,,VCP-R1-009,VCP-R1-061,True,False,20,20.0,20.0,20.0,0.0,0.0,20.0,20.0,0.0,0.0,,27,,,,,,,,
PAIR,,VCP-R1-009,VCP-R1-062,True,False,20,20.0,20.0,20.0,0.0,0.0,20.0,20.0,0.0,0.0,,27,,,,,,,,
PAIR,,VCP-R1-009,VCP-R1-063,True,False,20,20.0,20.0,20.0,0.0,0.0,20.0,20.0,0.0,0.0,,27,,,,,,,,
PAIR,,VCP-R1-009,VCP-R1-064,True,False,20,20.0,20.0,19.0,1.0,0.02631578947368421,20.0,20.0,0.0,0.0,,27,,,,,,,,
PAIR,,VCP-R1-009,VCP-R1-065,True,False,20,20.0,20.0,20.0,1.0,0.02564102564102564,20.0,20.0,0.0,0.0,,27,,,,,,,,
PAIR,,VCP-R1-009,VCP-R1-066,True,False,20,20.0,20.0,20.0,1.0,0.02564102564102564,20.0,20.0,0.0,0.0,,27,,,,,,,,
PAIR,,VCP-R1-009,VCP-R1-067,True,False,20,20.0,20.0,20.0,1.0,0.02564102564102564,20.0,20.0,0.0,0.0,,27,,,,,,,,
PAIR,,VCP-R1-009,VCP-R1-068,True,False,20,20.0,20.0,19.0,1.0,0.02631578947368421,20.0,20.0,0.0,0.0,,27,,,,,,,,
PAIR,,VCP-R1-009,VCP-R1-069,True,False,20,20.0,20.0,20.0,1.0,0.02564102564102564,20.0,20.0,0.0,0.0,,27,,,,,,,,
PAIR,,VCP-R1-009,VCP-R1-070,True,False,20,20.0,20.0,20.0,1.0,0.02564102564102564,20.0,20.0,0.0,0.0,,27,,,,,,,,
PAIR,,VCP-R1-009,VCP-R1-071,True,False,20,20.0,20.0,20.0,1.0,0.02564102564102564,20.0,20.0,0.0,0.0,,27,,,,,,,,
PAIR,,VCP-R1-009,VCP-R1-072,True,False,20,20.0,20.0,20.0,1.0,0.02564102564102564,20.0,20.0,0.0,0.0,,27,,,,,,,,
PAIR,,VCP-R1-009,VCP-R1-073,True,False,20,20.0,20.0,20.0,1.0,0.02564102564102564,20.0,20.0,0.0,0.0,,27,,,,,,,,
PAIR,,VCP-R1-009,VCP-R1-074,True,False,20,20.0,20.0,20.0,1.0,0.02564102564102564,20.0,20.0,0.0,0.0,,27,,,,,,,,
PAIR,,VCP-R1-009,VCP-R1-075,True,False,20,20.0,20.0,20.0,1.0,0.02564102564102564,20.0,20.0,0.0,0.0,,27,,,,,,,,
PAIR,,VCP-R1-009,VCP-R1-076,True,False,20,20.0,20.0,20.0,1.0,0.02564102564102564,20.0,20.0,0.0,0.0,,27,,,,,,,,
PAIR,,VCP-R1-009,VCP-R1-077,True,False,20,20.0,20.0,19.0,1.0,0.02631578947368421,20.0,20.0,0.0,0.0,,27,,,,,,,,
PAIR,,VCP-R1-009,VCP-R1-078,True,False,20,20.0,20.0,20.0,1.0,0.02564102564102564,20.0,20.0,0.0,0.0,,27,,,,,,,,
PAIR,,VCP-R1-009,VCP-R1-079,True,False,20,20.0,20.0,20.0,1.0,0.02564102564102564,20.0,20.0,0.0,0.0,,27,,,,,,,,
PAIR,,VCP-R1-009,VCP-R1-080,True,False,20,20.0,20.0,20.0,1.0,0.02564102564102564,20.0,20.0,0.0,0.0,,27,,,,,,,,
PAIR,,VCP-R1-009,VCP-R1-081,True,False,20,20.0,20.0,20.0,1.0,0.02564102564102564,20.0,20.0,0.0,0.0,,27,,,,,,,,
PAIR,,VCP-R1-009,VCP-R1-082,True,False,20,20.0,20.0,20.0,0.0,0.0,20.0,20.0,0.0,0.0,,27,,,,,,,,
PAIR,,VCP-R1-009,VCP-R1-083,True,False,20,20.0,20.0,20.0,1.0,0.02564102564102564,20.0,20.0,0.0,0.0,,27,,,,,,,,
PAIR,,VCP-R1-009,VCP-R1-084,True,False,20,18.0,20.0,18.0,1.0,0.02702702702702703,20.0,18.0,0.0,0.0,,27,,,,,,,,
PAIR,,VCP-R1-009,VCP-R1-085,True,False,20,20.0,20.0,19.0,0.0,0.0,20.0,20.0,0.0,0.0,,27,,,,,,,,
PAIR,,VCP-R1-009,VCP-R1-086,True,False,20,20.0,20.0,20.0,0.0,0.0,20.0,20.0,0.0,0.0,,27,,,,,,,,
PAIR,,VCP-R1-009,VCP-R1-087,True,False,20,20.0,20.0,19.0,0.0,0.0,20.0,20.0,0.0,0.0,,27,,,,,,,,
PAIR,,VCP-R1-009,VCP-R1-088,True,False,20,20.0,20.0,19.0,0.0,0.0,20.0,20.0,0.0,0.0,,27,,,,,,,,
PAIR,,VCP-R1-009,VCP-R1-089,True,False,20,20.0,20.0,19.0,0.0,0.0,20.0,20.0,0.0,0.0,,27,,,,,,,,
PAIR,,VCP-R1-009,VCP-R1-090,True,False,20,20.0,20.0,20.0,0.0,0.0,20.0,20.0,0.0,0.0,,27,,,,,,,,
PAIR,,VCP-R1-009,VCP-R1-091,True,False,20,20.0,20.0,19.0,1.0,0.02631578947368421,20.0,20.0,0.0,0.0,,27,,,,,,,,
PAIR,,VCP-R1-009,VCP-R1-092,True,False,20,20.0,20.0,19.0,1.0,0.02631578947368421,20.0,20.0,0.0,0.0,,27,,,,,,,,
PAIR,,VCP-R1-009,VCP-R1-093,True,False,20,20.0,20.0,19.0,1.0,0.02631578947368421,20.0,20.0,0.0,0.0,,27,,,,,,,,
PAIR,,VCP-R1-009,VCP-R1-094,True,False,20,20.0,20.0,19.0,0.0,0.0,20.0,20.0,0.0,0.0,,27,,,,,,,,
PAIR,,VCP-R1-009,VCP-R1-095,True,False,20,20.0,20.0,20.0,1.0,0.02564102564102564,20.0,20.0,0.0,0.0,,27,,,,,,,,
PAIR,,VCP-R1-009,VCP-R1-096,True,False,20,20.0,20.0,20.0,1.0,0.02564102564102564,20.0,20.0,0.0,0.0,,27,,,,,,,,
PAIR,,VCP-R1-009,VCP-R1-097,True,False,20,20.0,20.0,20.0,1.0,0.02564102564102564,20.0,20.0,0.0,0.0,,27,,,,,,,,
PAIR,,VCP-R1-009,VCP-R1-098,True,False,20,20.0,20.0,20.0,1.0,0.02564102564102564,20.0,20.0,0.0,0.0,,27,,,,,,,,
PAIR,,VCP-R1-009,VCP-R1-099,True,False,20,20.0,20.0,20.0,2.0,0.05263157894736842,20.0,20.0,0.0,0.0,,27,,,,,,,,
PAIR,,VCP-R1-009,VCP-R1-100,True,False,20,20.0,20.0,19.0,1.0,0.02631578947368421,20.0,20.0,0.0,0.0,,27,,,,,,,,
PAIR,,VCP-R1-009,VCP-R1-101,True,False,20,20.0,20.0,19.0,1.0,0.02631578947368421,20.0,20.0,0.0,0.0,,27,,,,,,,,
PAIR,,VCP-R1-009,VCP-R1-102,True,False,20,20.0,20.0,19.0,1.0,0.02631578947368421,20.0,20.0,0.0,0.0,,27,,,,,,,,
PAIR,,VCP-R1-009,VCP-R1-103,True,False,20,20.0,20.0,19.0,0.0,0.0,20.0,20.0,0.0,0.0,,27,,,,,,,,
PAIR,,VCP-R1-009,VCP-R1-104,True,False,20,20.0,20.0,20.0,1.0,0.02564102564102564,20.0,20.0,0.0,0.0,,27,,,,,,,,
PAIR,,VCP-R1-009,VCP-R1-105,True,False,20,20.0,20.0,20.0,1.0,0.02564102564102564,20.0,20.0,0.0,0.0,,27,,,,,,,,
PAIR,,VCP-R1-009,VCP-R1-106,True,False,20,20.0,20.0,19.0,1.0,0.02631578947368421,20.0,20.0,0.0,0.0,,27,,,,,,,,
PAIR,,VCP-R1-009,VCP-R1-107,True,False,20,20.0,20.0,20.0,1.0,0.02564102564102564,20.0,20.0,0.0,0.0,,27,,,,,,,,
PAIR,,VCP-R1-009,VCP-R1-108,True,False,20,20.0,20.0,20.0,1.0,0.02564102564102564,20.0,20.0,0.0,0.0,,27,,,,,,,,
PAIR,,VCP-R1-010,VCP-R1-011,False,True,20,20.0,20.0,19.0,15.0,0.625,20.0,20.0,15.0,0.6,,27,,,,,,,,
PAIR,,VCP-R1-010,VCP-R1-012,False,True,20,20.0,20.0,19.0,10.0,0.3448275862068966,20.0,20.0,9.0,0.2903225806451613,,27,,,,,,,,
PAIR,,VCP-R1-010,VCP-R1-013,False,False,20,20.0,20.0,19.0,11.0,0.39285714285714285,20.0,20.0,10.0,0.3333333333333333,,27,,,,,,,,
PAIR,,VCP-R1-010,VCP-R1-014,False,True,20,20.0,20.0,19.0,11.0,0.39285714285714285,20.0,20.0,10.0,0.3333333333333333,,27,,,,,,,,
PAIR,,VCP-R1-010,VCP-R1-015,False,False,20,20.0,20.0,19.0,10.0,0.3448275862068966,20.0,20.0,9.0,0.2903225806451613,,27,,,,,,,,
PAIR,,VCP-R1-010,VCP-R1-016,False,False,20,20.0,20.0,20.0,10.0,0.3333333333333333,20.0,20.0,9.0,0.2903225806451613,,27,,,,,,,,
PAIR,,VCP-R1-010,VCP-R1-017,False,True,20,20.0,20.0,19.0,9.0,0.3,20.0,20.0,8.0,0.25,,27,,,,,,,,
PAIR,,VCP-R1-010,VCP-R1-018,False,False,20,20.0,20.0,20.0,10.0,0.3333333333333333,20.0,20.0,9.0,0.2903225806451613,,27,,,,,,,,
PAIR,,VCP-R1-010,VCP-R1-019,False,False,20,20.0,20.0,20.0,20.0,1.0,20.0,20.0,20.0,1.0,,27,,,,,,,,
PAIR,,VCP-R1-010,VCP-R1-020,False,True,20,20.0,20.0,19.0,15.0,0.625,20.0,20.0,15.0,0.6,,27,,,,,,,,
PAIR,,VCP-R1-010,VCP-R1-021,False,True,20,20.0,20.0,19.0,10.0,0.3448275862068966,20.0,20.0,9.0,0.2903225806451613,,27,,,,,,,,
PAIR,,VCP-R1-010,VCP-R1-022,False,False,20,20.0,20.0,19.0,11.0,0.39285714285714285,20.0,20.0,10.0,0.3333333333333333,,27,,,,,,,,
PAIR,,VCP-R1-010,VCP-R1-023,False,False,20,20.0,20.0,19.0,11.0,0.39285714285714285,20.0,20.0,10.0,0.3333333333333333,,27,,,,,,,,
PAIR,,VCP-R1-010,VCP-R1-024,False,False,20,20.0,20.0,19.0,10.0,0.3448275862068966,20.0,20.0,9.0,0.2903225806451613,,27,,,,,,,,
PAIR,,VCP-R1-010,VCP-R1-025,False,False,20,20.0,20.0,20.0,10.0,0.3333333333333333,20.0,20.0,9.0,0.2903225806451613,,27,,,,,,,,
PAIR,,VCP-R1-010,VCP-R1-026,False,True,20,20.0,20.0,19.0,8.0,0.25806451612903225,20.0,20.0,7.0,0.21212121212121213,,27,,,,,,,,
PAIR,,VCP-R1-010,VCP-R1-027,False,False,20,20.0,20.0,20.0,10.0,0.3333333333333333,20.0,20.0,9.0,0.2903225806451613,,27,,,,,,,,
PAIR,,VCP-R1-010,VCP-R1-028,False,False,20,20.0,20.0,20.0,3.0,0.08108108108108109,20.0,20.0,2.0,0.05263157894736842,,27,,,,,,,,
PAIR,,VCP-R1-010,VCP-R1-029,False,False,20,20.0,20.0,20.0,2.0,0.05263157894736842,20.0,20.0,1.0,0.02564102564102564,,27,,,,,,,,
PAIR,,VCP-R1-010,VCP-R1-030,False,True,20,20.0,20.0,18.0,1.0,0.02702702702702703,20.0,20.0,0.0,0.0,,27,,,,,,,,
PAIR,,VCP-R1-010,VCP-R1-031,False,True,20,20.0,20.0,20.0,1.0,0.02564102564102564,20.0,20.0,1.0,0.02564102564102564,,27,,,,,,,,
PAIR,,VCP-R1-010,VCP-R1-032,False,True,20,20.0,20.0,20.0,2.0,0.05263157894736842,20.0,20.0,1.0,0.02564102564102564,,27,,,,,,,,
PAIR,,VCP-R1-010,VCP-R1-033,False,True,20,20.0,20.0,19.0,1.0,0.02631578947368421,20.0,20.0,0.0,0.0,,27,,,,,,,,
PAIR,,VCP-R1-010,VCP-R1-034,False,False,20,20.0,20.0,19.0,1.0,0.02631578947368421,20.0,20.0,1.0,0.02564102564102564,,27,,,,,,,,
PAIR,,VCP-R1-010,VCP-R1-035,False,False,20,20.0,20.0,20.0,1.0,0.02564102564102564,20.0,20.0,1.0,0.02564102564102564,,27,,,,,,,,
PAIR,,VCP-R1-010,VCP-R1-036,False,True,20,20.0,20.0,20.0,1.0,0.02564102564102564,20.0,20.0,0.0,0.0,,27,,,,,,,,
PAIR,,VCP-R1-010,VCP-R1-037,False,False,20,20.0,20.0,19.0,5.0,0.14705882352941177,20.0,20.0,4.0,0.1111111111111111,,27,,,,,,,,
PAIR,,VCP-R1-010,VCP-R1-038,False,False,20,20.0,20.0,20.0,3.0,0.08108108108108109,20.0,20.0,2.0,0.05263157894736842,,27,,,,,,,,
PAIR,,VCP-R1-010,VCP-R1-039,False,False,20,20.0,20.0,20.0,1.0,0.02564102564102564,20.0,20.0,0.0,0.0,,27,,,,,,,,
PAIR,,VCP-R1-010,VCP-R1-040,False,True,20,20.0,20.0,19.0,2.0,0.05405405405405406,20.0,20.0,2.0,0.05263157894736842,,27,,,,,,,,
PAIR,,VCP-R1-010,VCP-R1-041,False,False,20,20.0,20.0,20.0,2.0,0.05263157894736842,20.0,20.0,2.0,0.05263157894736842,,27,,,,,,,,
PAIR,,VCP-R1-010,VCP-R1-042,False,True,20,20.0,20.0,20.0,1.0,0.02564102564102564,20.0,20.0,0.0,0.0,,27,,,,,,,,
PAIR,,VCP-R1-010,VCP-R1-043,False,True,20,20.0,20.0,19.0,2.0,0.05405405405405406,20.0,20.0,2.0,0.05263157894736842,,27,,,,,,,,
PAIR,,VCP-R1-010,VCP-R1-044,False,False,20,20.0,20.0,20.0,1.0,0.02564102564102564,20.0,20.0,1.0,0.02564102564102564,,27,,,,,,,,
PAIR,,VCP-R1-010,VCP-R1-045,False,True,20,20.0,20.0,20.0,0.0,0.0,20.0,20.0,0.0,0.0,,27,,,,,,,,
PAIR,,VCP-R1-010,VCP-R1-046,False,False,20,20.0,20.0,19.0,5.0,0.14705882352941177,20.0,20.0,4.0,0.1111111111111111,,27,,,,,,,,
PAIR,,VCP-R1-010,VCP-R1-047,False,False,20,20.0,20.0,20.0,3.0,0.08108108108108109,20.0,20.0,2.0,0.05263157894736842,,27,,,,,,,,
PAIR,,VCP-R1-010,VCP-R1-048,False,False,20,20.0,20.0,20.0,1.0,0.02564102564102564,20.0,20.0,0.0,0.0,,27,,,,,,,,
PAIR,,VCP-R1-010,VCP-R1-049,False,True,20,20.0,20.0,20.0,2.0,0.05263157894736842,20.0,20.0,2.0,0.05263157894736842,,27,,,,,,,,
PAIR,,VCP-R1-010,VCP-R1-050,False,False,20,20.0,20.0,20.0,2.0,0.05263157894736842,20.0,20.0,2.0,0.05263157894736842,,27,,,,,,,,
PAIR,,VCP-R1-010,VCP-R1-051,False,True,20,20.0,20.0,20.0,1.0,0.02564102564102564,20.0,20.0,0.0,0.0,,27,,,,,,,,
PAIR,,VCP-R1-010,VCP-R1-052,False,True,20,20.0,20.0,19.0,2.0,0.05405405405405406,20.0,20.0,2.0,0.05263157894736842,,27,,,,,,,,
PAIR,,VCP-R1-010,VCP-R1-053,False,False,20,20.0,20.0,20.0,1.0,0.02564102564102564,20.0,20.0,1.0,0.02564102564102564,,27,,,,,,,,
PAIR,,VCP-R1-010,VCP-R1-054,False,True,20,20.0,20.0,20.0,0.0,0.0,20.0,20.0,0.0,0.0,,27,,,,,,,,
PAIR,,VCP-R1-010,VCP-R1-055,False,False,20,20.0,20.0,18.0,0.0,0.0,20.0,20.0,0.0,0.0,,27,,,,,,,,
PAIR,,VCP-R1-010,VCP-R1-056,False,False,20,20.0,20.0,20.0,0.0,0.0,20.0,20.0,0.0,0.0,,27,,,,,,,,
PAIR,,VCP-R1-010,VCP-R1-057,False,False,20,19.0,20.0,18.0,0.0,0.0,20.0,19.0,0.0,0.0,,27,,,,,,,,
PAIR,,VCP-R1-010,VCP-R1-058,False,False,20,20.0,20.0,19.0,0.0,0.0,20.0,20.0,0.0,0.0,,27,,,,,,,,
PAIR,,VCP-R1-010,VCP-R1-059,False,False,20,20.0,20.0,19.0,0.0,0.0,20.0,20.0,0.0,0.0,,27,,,,,,,,
PAIR,,VCP-R1-010,VCP-R1-060,False,False,20,20.0,20.0,20.0,0.0,0.0,20.0,20.0,0.0,0.0,,27,,,,,,,,
PAIR,,VCP-R1-010,VCP-R1-061,False,False,20,20.0,20.0,20.0,0.0,0.0,20.0,20.0,0.0,0.0,,27,,,,,,,,
PAIR,,VCP-R1-010,VCP-R1-062,False,False,20,20.0,20.0,20.0,0.0,0.0,20.0,20.0,0.0,0.0,,27,,,,,,,,
PAIR,,VCP-R1-010,VCP-R1-063,False,False,20,20.0,20.0,20.0,0.0,0.0,20.0,20.0,0.0,0.0,,27,,,,,,,,
PAIR,,VCP-R1-010,VCP-R1-064,False,False,20,20.0,20.0,19.0,2.0,0.05405405405405406,20.0,20.0,0.0,0.0,,27,,,,,,,,
PAIR,,VCP-R1-010,VCP-R1-065,False,False,20,20.0,20.0,20.0,1.0,0.02564102564102564,20.0,20.0,0.0,0.0,,27,,,,,,,,
PAIR,,VCP-R1-010,VCP-R1-066,False,False,20,20.0,20.0,20.0,1.0,0.02564102564102564,20.0,20.0,0.0,0.0,,27,,,,,,,,
PAIR,,VCP-R1-010,VCP-R1-067,False,False,20,20.0,20.0,20.0,1.0,0.02564102564102564,20.0,20.0,0.0,0.0,,27,,,,,,,,
PAIR,,VCP-R1-010,VCP-R1-068,False,False,20,20.0,20.0,19.0,1.0,0.02631578947368421,20.0,20.0,0.0,0.0,,27,,,,,,,,
PAIR,,VCP-R1-010,VCP-R1-069,False,False,20,20.0,20.0,20.0,1.0,0.02564102564102564,20.0,20.0,0.0,0.0,,27,,,,,,,,
PAIR,,VCP-R1-010,VCP-R1-070,False,False,20,20.0,20.0,20.0,1.0,0.02564102564102564,20.0,20.0,0.0,0.0,,27,,,,,,,,
PAIR,,VCP-R1-010,VCP-R1-071,False,False,20,20.0,20.0,20.0,1.0,0.02564102564102564,20.0,20.0,0.0,0.0,,27,,,,,,,,
PAIR,,VCP-R1-010,VCP-R1-072,False,False,20,20.0,20.0,20.0,1.0,0.02564102564102564,20.0,20.0,0.0,0.0,,27,,,,,,,,
PAIR,,VCP-R1-010,VCP-R1-073,False,False,20,20.0,20.0,20.0,1.0,0.02564102564102564,20.0,20.0,0.0,0.0,,27,,,,,,,,
PAIR,,VCP-R1-010,VCP-R1-074,False,False,20,20.0,20.0,20.0,1.0,0.02564102564102564,20.0,20.0,0.0,0.0,,27,,,,,,,,
PAIR,,VCP-R1-010,VCP-R1-075,False,False,20,20.0,20.0,20.0,1.0,0.02564102564102564,20.0,20.0,0.0,0.0,,27,,,,,,,,
PAIR,,VCP-R1-010,VCP-R1-076,False,False,20,20.0,20.0,20.0,1.0,0.02564102564102564,20.0,20.0,0.0,0.0,,27,,,,,,,,
PAIR,,VCP-R1-010,VCP-R1-077,False,False,20,20.0,20.0,19.0,1.0,0.02631578947368421,20.0,20.0,0.0,0.0,,27,,,,,,,,
PAIR,,VCP-R1-010,VCP-R1-078,False,False,20,20.0,20.0,20.0,1.0,0.02564102564102564,20.0,20.0,0.0,0.0,,27,,,,,,,,
PAIR,,VCP-R1-010,VCP-R1-079,False,False,20,20.0,20.0,20.0,1.0,0.02564102564102564,20.0,20.0,0.0,0.0,,27,,,,,,,,
PAIR,,VCP-R1-010,VCP-R1-080,False,False,20,20.0,20.0,20.0,1.0,0.02564102564102564,20.0,20.0,0.0,0.0,,27,,,,,,,,
PAIR,,VCP-R1-010,VCP-R1-081,False,False,20,20.0,20.0,20.0,1.0,0.02564102564102564,20.0,20.0,0.0,0.0,,27,,,,,,,,
PAIR,,VCP-R1-010,VCP-R1-082,False,False,20,20.0,20.0,20.0,1.0,0.02564102564102564,20.0,20.0,0.0,0.0,,27,,,,,,,,
PAIR,,VCP-R1-010,VCP-R1-083,False,False,20,20.0,20.0,20.0,0.0,0.0,20.0,20.0,0.0,0.0,,27,,,,,,,,
PAIR,,VCP-R1-010,VCP-R1-084,False,False,20,18.0,20.0,18.0,0.0,0.0,20.0,18.0,0.0,0.0,,27,,,,,,,,
PAIR,,VCP-R1-010,VCP-R1-085,False,False,20,20.0,20.0,19.0,0.0,0.0,20.0,20.0,0.0,0.0,,27,,,,,,,,
PAIR,,VCP-R1-010,VCP-R1-086,False,False,20,20.0,20.0,20.0,0.0,0.0,20.0,20.0,0.0,0.0,,27,,,,,,,,
PAIR,,VCP-R1-010,VCP-R1-087,False,False,20,20.0,20.0,19.0,1.0,0.02631578947368421,20.0,20.0,0.0,0.0,,27,,,,,,,,
PAIR,,VCP-R1-010,VCP-R1-088,False,False,20,20.0,20.0,19.0,1.0,0.02631578947368421,20.0,20.0,0.0,0.0,,27,,,,,,,,
PAIR,,VCP-R1-010,VCP-R1-089,False,False,20,20.0,20.0,19.0,1.0,0.02631578947368421,20.0,20.0,0.0,0.0,,27,,,,,,,,
PAIR,,VCP-R1-010,VCP-R1-090,False,False,20,20.0,20.0,20.0,1.0,0.02564102564102564,20.0,20.0,0.0,0.0,,27,,,,,,,,
PAIR,,VCP-R1-010,VCP-R1-091,False,False,20,20.0,20.0,19.0,1.0,0.02631578947368421,20.0,20.0,0.0,0.0,,27,,,,,,,,
PAIR,,VCP-R1-010,VCP-R1-092,False,False,20,20.0,20.0,19.0,1.0,0.02631578947368421,20.0,20.0,0.0,0.0,,27,,,,,,,,
PAIR,,VCP-R1-010,VCP-R1-093,False,False,20,20.0,20.0,19.0,1.0,0.02631578947368421,20.0,20.0,0.0,0.0,,27,,,,,,,,
PAIR,,VCP-R1-010,VCP-R1-094,False,False,20,20.0,20.0,19.0,0.0,0.0,20.0,20.0,0.0,0.0,,27,,,,,,,,
PAIR,,VCP-R1-010,VCP-R1-095,False,False,20,20.0,20.0,20.0,1.0,0.02564102564102564,20.0,20.0,0.0,0.0,,27,,,,,,,,
PAIR,,VCP-R1-010,VCP-R1-096,False,False,20,20.0,20.0,20.0,1.0,0.02564102564102564,20.0,20.0,0.0,0.0,,27,,,,,,,,
PAIR,,VCP-R1-010,VCP-R1-097,False,False,20,20.0,20.0,20.0,1.0,0.02564102564102564,20.0,20.0,0.0,0.0,,27,,,,,,,,
PAIR,,VCP-R1-010,VCP-R1-098,False,False,20,20.0,20.0,20.0,1.0,0.02564102564102564,20.0,20.0,0.0,0.0,,27,,,,,,,,
PAIR,,VCP-R1-010,VCP-R1-099,False,False,20,20.0,20.0,20.0,3.0,0.08108108108108109,20.0,20.0,0.0,0.0,,27,,,,,,,,
PAIR,,VCP-R1-010,VCP-R1-100,False,False,20,20.0,20.0,19.0,1.0,0.02631578947368421,20.0,20.0,0.0,0.0,,27,,,,,,,,
PAIR,,VCP-R1-010,VCP-R1-101,False,False,20,20.0,20.0,19.0,1.0,0.02631578947368421,20.0,20.0,0.0,0.0,,27,,,,,,,,
PAIR,,VCP-R1-010,VCP-R1-102,False,False,20,20.0,20.0,19.0,1.0,0.02631578947368421,20.0,20.0,0.0,0.0,,27,,,,,,,,
PAIR,,VCP-R1-010,VCP-R1-103,False,False,20,20.0,20.0,19.0,0.0,0.0,20.0,20.0,0.0,0.0,,27,,,,,,,,
PAIR,,VCP-R1-010,VCP-R1-104,False,False,20,20.0,20.0,20.0,1.0,0.02564102564102564,20.0,20.0,0.0,0.0,,27,,,,,,,,
PAIR,,VCP-R1-010,VCP-R1-105,False,False,20,20.0,20.0,20.0,1.0,0.02564102564102564,20.0,20.0,0.0,0.0,,27,,,,,,,,
PAIR,,VCP-R1-010,VCP-R1-106,False,False,20,20.0,20.0,19.0,1.0,0.02631578947368421,20.0,20.0,0.0,0.0,,27,,,,,,,,
PAIR,,VCP-R1-010,VCP-R1-107,False,False,20,20.0,20.0,20.0,1.0,0.02564102564102564,20.0,20.0,0.0,0.0,,27,,,,,,,,
PAIR,,VCP-R1-010,VCP-R1-108,False,False,20,20.0,20.0,20.0,2.0,0.05263157894736842,20.0,20.0,0.0,0.0,,27,,,,,,,,
PAIR,,VCP-R1-011,VCP-R1-012,True,True,20,20.0,19.0,19.0,11.0,0.4074074074074074,20.0,20.0,11.0,0.3793103448275862,,27,,,,,,,,
PAIR,,VCP-R1-011,VCP-R1-013,True,False,20,20.0,19.0,19.0,8.0,0.26666666666666666,20.0,20.0,7.0,0.21212121212121213,,27,,,,,,,,
PAIR,,VCP-R1-011,VCP-R1-014,True,True,20,20.0,19.0,19.0,11.0,0.4074074074074074,20.0,20.0,10.0,0.3333333333333333,,27,,,,,,,,
PAIR,,VCP-R1-011,VCP-R1-015,True,False,20,20.0,19.0,19.0,11.0,0.4074074074074074,20.0,20.0,11.0,0.3793103448275862,,27,,,,,,,,
PAIR,,VCP-R1-011,VCP-R1-016,True,False,20,20.0,19.0,20.0,7.0,0.21875,20.0,20.0,6.0,0.17647058823529413,,27,,,,,,,,
PAIR,,VCP-R1-011,VCP-R1-017,True,True,20,20.0,19.0,19.0,9.0,0.3103448275862069,20.0,20.0,8.0,0.25,,27,,,,,,,,
PAIR,,VCP-R1-011,VCP-R1-018,True,False,20,20.0,19.0,20.0,10.0,0.3448275862068966,20.0,20.0,9.0,0.2903225806451613,,27,,,,,,,,
PAIR,,VCP-R1-011,VCP-R1-019,True,False,20,20.0,19.0,20.0,15.0,0.625,20.0,20.0,15.0,0.6,,27,,,,,,,,
PAIR,,VCP-R1-011,VCP-R1-020,True,True,20,20.0,19.0,19.0,18.0,0.9,20.0,20.0,19.0,0.9047619047619048,參數組合的主要贏家重疊，需檢查高原是否依賴共同個股／行情,27,,,,,,,,
PAIR,,VCP-R1-011,VCP-R1-021,True,True,20,20.0,19.0,19.0,11.0,0.4074074074074074,20.0,20.0,11.0,0.3793103448275862,,27,,,,,,,,
PAIR,,VCP-R1-011,VCP-R1-022,True,False,20,20.0,19.0,19.0,8.0,0.26666666666666666,20.0,20.0,7.0,0.21212121212121213,,27,,,,,,,,
PAIR,,VCP-R1-011,VCP-R1-023,True,False,20,20.0,19.0,19.0,11.0,0.4074074074074074,20.0,20.0,10.0,0.3333333333333333,,27,,,,,,,,
PAIR,,VCP-R1-011,VCP-R1-024,True,False,20,20.0,19.0,19.0,11.0,0.4074074074074074,20.0,20.0,11.0,0.3793103448275862,,27,,,,,,,,
PAIR,,VCP-R1-011,VCP-R1-025,True,False,20,20.0,19.0,20.0,7.0,0.21875,20.0,20.0,6.0,0.17647058823529413,,27,,,,,,,,
PAIR,,VCP-R1-011,VCP-R1-026,True,True,20,20.0,19.0,19.0,8.0,0.26666666666666666,20.0,20.0,7.0,0.21212121212121213,,27,,,,,,,,
PAIR,,VCP-R1-011,VCP-R1-027,True,False,20,20.0,19.0,20.0,10.0,0.3448275862068966,20.0,20.0,9.0,0.2903225806451613,,27,,,,,,,,
PAIR,,VCP-R1-011,VCP-R1-028,True,False,20,20.0,19.0,20.0,2.0,0.05405405405405406,20.0,20.0,1.0,0.02564102564102564,,27,,,,,,,,
PAIR,,VCP-R1-011,VCP-R1-029,True,False,20,20.0,19.0,20.0,2.0,0.05405405405405406,20.0,20.0,1.0,0.02564102564102564,,27,,,,,,,,
PAIR,,VCP-R1-011,VCP-R1-030,True,True,20,20.0,19.0,18.0,1.0,0.027777777777777776,20.0,20.0,0.0,0.0,,27,,,,,,,,
PAIR,,VCP-R1-011,VCP-R1-031,True,True,20,20.0,19.0,20.0,0.0,0.0,20.0,20.0,0.0,0.0,,27,,,,,,,,
PAIR,,VCP-R1-011,VCP-R1-032,True,True,20,20.0,19.0,20.0,2.0,0.05405405405405406,20.0,20.0,1.0,0.02564102564102564,,27,,,,,,,,
PAIR,,VCP-R1-011,VCP-R1-033,True,True,20,20.0,19.0,19.0,1.0,0.02702702702702703,20.0,20.0,0.0,0.0,,27,,,,,,,,
PAIR,,VCP-R1-011,VCP-R1-034,True,False,20,20.0,19.0,19.0,0.0,0.0,20.0,20.0,0.0,0.0,,27,,,,,,,,
PAIR,,VCP-R1-011,VCP-R1-035,True,False,20,20.0,19.0,20.0,1.0,0.02631578947368421,20.0,20.0,1.0,0.02564102564102564,,27,,,,,,,,
PAIR,,VCP-R1-011,VCP-R1-036,True,True,20,20.0,19.0,20.0,1.0,0.02631578947368421,20.0,20.0,0.0,0.0,,27,,,,,,,,
PAIR,,VCP-R1-011,VCP-R1-037,True,False,20,20.0,19.0,19.0,4.0,0.11764705882352941,20.0,20.0,2.0,0.05263157894736842,,27,,,,,,,,
PAIR,,VCP-R1-011,VCP-R1-038,True,False,20,20.0,19.0,20.0,3.0,0.08333333333333333,20.0,20.0,2.0,0.05263157894736842,,27,,,,,,,,
PAIR,,VCP-R1-011,VCP-R1-039,True,False,20,20.0,19.0,20.0,1.0,0.02631578947368421,20.0,20.0,0.0,0.0,,27,,,,,,,,
PAIR,,VCP-R1-011,VCP-R1-040,True,True,20,20.0,19.0,19.0,1.0,0.02702702702702703,20.0,20.0,1.0,0.02564102564102564,,27,,,,,,,,
PAIR,,VCP-R1-011,VCP-R1-041,True,False,20,20.0,19.0,20.0,2.0,0.05405405405405406,20.0,20.0,2.0,0.05263157894736842,,27,,,,,,,,
PAIR,,VCP-R1-011,VCP-R1-042,True,True,20,20.0,19.0,20.0,1.0,0.02631578947368421,20.0,20.0,0.0,0.0,,27,,,,,,,,
PAIR,,VCP-R1-011,VCP-R1-043,True,True,20,20.0,19.0,19.0,1.0,0.02702702702702703,20.0,20.0,1.0,0.02564102564102564,,27,,,,,,,,
PAIR,,VCP-R1-011,VCP-R1-044,True,False,20,20.0,19.0,20.0,1.0,0.02631578947368421,20.0,20.0,1.0,0.02564102564102564,,27,,,,,,,,
PAIR,,VCP-R1-011,VCP-R1-045,True,True,20,20.0,19.0,20.0,0.0,0.0,20.0,20.0,0.0,0.0,,27,,,,,,,,
PAIR,,VCP-R1-011,VCP-R1-046,True,False,20,20.0,19.0,19.0,4.0,0.11764705882352941,20.0,20.0,2.0,0.05263157894736842,,27,,,,,,,,
PAIR,,VCP-R1-011,VCP-R1-047,True,False,20,20.0,19.0,20.0,3.0,0.08333333333333333,20.0,20.0,2.0,0.05263157894736842,,27,,,,,,,,
PAIR,,VCP-R1-011,VCP-R1-048,True,False,20,20.0,19.0,20.0,1.0,0.02631578947368421,20.0,20.0,0.0,0.0,,27,,,,,,,,
PAIR,,VCP-R1-011,VCP-R1-049,True,True,20,20.0,19.0,20.0,1.0,0.02631578947368421,20.0,20.0,1.0,0.02564102564102564,,27,,,,,,,,
PAIR,,VCP-R1-011,VCP-R1-050,True,False,20,20.0,19.0,20.0,2.0,0.05405405405405406,20.0,20.0,2.0,0.05263157894736842,,27,,,,,,,,
PAIR,,VCP-R1-011,VCP-R1-051,True,True,20,20.0,19.0,20.0,1.0,0.02631578947368421,20.0,20.0,0.0,0.0,,27,,,,,,,,
PAIR,,VCP-R1-011,VCP-R1-052,True,True,20,20.0,19.0,19.0,1.0,0.02702702702702703,20.0,20.0,1.0,0.02564102564102564,,27,,,,,,,,
PAIR,,VCP-R1-011,VCP-R1-053,True,False,20,20.0,19.0,20.0,1.0,0.02631578947368421,20.0,20.0,1.0,0.02564102564102564,,27,,,,,,,,
PAIR,,VCP-R1-011,VCP-R1-054,True,True,20,20.0,19.0,20.0,0.0,0.0,20.0,20.0,0.0,0.0,,27,,,,,,,,
PAIR,,VCP-R1-011,VCP-R1-055,True,False,20,20.0,19.0,18.0,0.0,0.0,20.0,20.0,0.0,0.0,,27,,,,,,,,
PAIR,,VCP-R1-011,VCP-R1-056,True,False,20,20.0,19.0,20.0,1.0,0.02631578947368421,20.0,20.0,0.0,0.0,,27,,,,,,,,
PAIR,,VCP-R1-011,VCP-R1-057,True,False,20,19.0,19.0,18.0,1.0,0.027777777777777776,20.0,19.0,0.0,0.0,,27,,,,,,,,
PAIR,,VCP-R1-011,VCP-R1-058,True,False,20,20.0,19.0,19.0,0.0,0.0,20.0,20.0,0.0,0.0,,27,,,,,,,,
PAIR,,VCP-R1-011,VCP-R1-059,True,False,20,20.0,19.0,19.0,0.0,0.0,20.0,20.0,0.0,0.0,,27,,,,,,,,
PAIR,,VCP-R1-011,VCP-R1-060,True,False,20,20.0,19.0,20.0,0.0,0.0,20.0,20.0,0.0,0.0,,27,,,,,,,,
PAIR,,VCP-R1-011,VCP-R1-061,True,False,20,20.0,19.0,20.0,0.0,0.0,20.0,20.0,0.0,0.0,,27,,,,,,,,
PAIR,,VCP-R1-011,VCP-R1-062,True,False,20,20.0,19.0,20.0,0.0,0.0,20.0,20.0,0.0,0.0,,27,,,,,,,,
PAIR,,VCP-R1-011,VCP-R1-063,True,False,20,20.0,19.0,20.0,0.0,0.0,20.0,20.0,0.0,0.0,,27,,,,,,,,
PAIR,,VCP-R1-011,VCP-R1-064,True,False,20,20.0,19.0,19.0,2.0,0.05555555555555555,20.0,20.0,0.0,0.0,,27,,,,,,,,
PAIR,,VCP-R1-011,VCP-R1-065,True,False,20,20.0,19.0,20.0,1.0,0.02631578947368421,20.0,20.0,0.0,0.0,,27,,,,,,,,
PAIR,,VCP-R1-011,VCP-R1-066,True,False,20,20.0,19.0,20.0,2.0,0.05405405405405406,20.0,20.0,0.0,0.0,,27,,,,,,,,
PAIR,,VCP-R1-011,VCP-R1-067,True,False,20,20.0,19.0,20.0,1.0,0.02631578947368421,20.0,20.0,0.0,0.0,,27,,,,,,,,
PAIR,,VCP-R1-011,VCP-R1-068,True,False,20,20.0,19.0,19.0,1.0,0.02702702702702703,20.0,20.0,0.0,0.0,,27,,,,,,,,
PAIR,,VCP-R1-011,VCP-R1-069,True,False,20,20.0,19.0,20.0,1.0,0.02631578947368421,20.0,20.0,0.0,0.0,,27,,,,,,,,
PAIR,,VCP-R1-011,VCP-R1-070,True,False,20,20.0,19.0,20.0,1.0,0.02631578947368421,20.0,20.0,0.0,0.0,,27,,,,,,,,
PAIR,,VCP-R1-011,VCP-R1-071,True,False,20,20.0,19.0,20.0,1.0,0.02631578947368421,20.0,20.0,0.0,0.0,,27,,,,,,,,
PAIR,,VCP-R1-011,VCP-R1-072,True,False,20,20.0,19.0,20.0,1.0,0.02631578947368421,20.0,20.0,0.0,0.0,,27,,,,,,,,
PAIR,,VCP-R1-011,VCP-R1-073,True,False,20,20.0,19.0,20.0,1.0,0.02631578947368421,20.0,20.0,0.0,0.0,,27,,,,,,,,
PAIR,,VCP-R1-011,VCP-R1-074,True,False,20,20.0,19.0,20.0,1.0,0.02631578947368421,20.0,20.0,0.0,0.0,,27,,,,,,,,
PAIR,,VCP-R1-011,VCP-R1-075,True,False,20,20.0,19.0,20.0,2.0,0.05405405405405406,20.0,20.0,0.0,0.0,,27,,,,,,,,
PAIR,,VCP-R1-011,VCP-R1-076,True,False,20,20.0,19.0,20.0,1.0,0.02631578947368421,20.0,20.0,0.0,0.0,,27,,,,,,,,
PAIR,,VCP-R1-011,VCP-R1-077,True,False,20,20.0,19.0,19.0,1.0,0.02702702702702703,20.0,20.0,0.0,0.0,,27,,,,,,,,
PAIR,,VCP-R1-011,VCP-R1-078,True,False,20,20.0,19.0,20.0,1.0,0.02631578947368421,20.0,20.0,0.0,0.0,,27,,,,,,,,
PAIR,,VCP-R1-011,VCP-R1-079,True,False,20,20.0,19.0,20.0,1.0,0.02631578947368421,20.0,20.0,0.0,0.0,,27,,,,,,,,
PAIR,,VCP-R1-011,VCP-R1-080,True,False,20,20.0,19.0,20.0,1.0,0.02631578947368421,20.0,20.0,0.0,0.0,,27,,,,,,,,
PAIR,,VCP-R1-011,VCP-R1-081,True,False,20,20.0,19.0,20.0,1.0,0.02631578947368421,20.0,20.0,0.0,0.0,,27,,,,,,,,
PAIR,,VCP-R1-011,VCP-R1-082,True,False,20,20.0,19.0,20.0,0.0,0.0,20.0,20.0,0.0,0.0,,27,,,,,,,,
PAIR,,VCP-R1-011,VCP-R1-083,True,False,20,20.0,19.0,20.0,0.0,0.0,20.0,20.0,0.0,0.0,,27,,,,,,,,
PAIR,,VCP-R1-011,VCP-R1-084,True,False,20,18.0,19.0,18.0,0.0,0.0,20.0,18.0,0.0,0.0,,27,,,,,,,,
PAIR,,VCP-R1-011,VCP-R1-085,True,False,20,20.0,19.0,19.0,0.0,0.0,20.0,20.0,0.0,0.0,,27,,,,,,,,
PAIR,,VCP-R1-011,VCP-R1-086,True,False,20,20.0,19.0,20.0,0.0,0.0,20.0,20.0,0.0,0.0,,27,,,,,,,,
PAIR,,VCP-R1-011,VCP-R1-087,True,False,20,20.0,19.0,19.0,0.0,0.0,20.0,20.0,0.0,0.0,,27,,,,,,,,
PAIR,,VCP-R1-011,VCP-R1-088,True,False,20,20.0,19.0,19.0,0.0,0.0,20.0,20.0,0.0,0.0,,27,,,,,,,,
PAIR,,VCP-R1-011,VCP-R1-089,True,False,20,20.0,19.0,19.0,0.0,0.0,20.0,20.0,0.0,0.0,,27,,,,,,,,
PAIR,,VCP-R1-011,VCP-R1-090,True,False,20,20.0,19.0,20.0,0.0,0.0,20.0,20.0,0.0,0.0,,27,,,,,,,,
PAIR,,VCP-R1-011,VCP-R1-091,True,False,20,20.0,19.0,19.0,1.0,0.02702702702702703,20.0,20.0,0.0,0.0,,27,,,,,,,,
PAIR,,VCP-R1-011,VCP-R1-092,True,False,20,20.0,19.0,19.0,1.0,0.02702702702702703,20.0,20.0,0.0,0.0,,27,,,,,,,,
PAIR,,VCP-R1-011,VCP-R1-093,True,False,20,20.0,19.0,19.0,1.0,0.02702702702702703,20.0,20.0,0.0,0.0,,27,,,,,,,,
PAIR,,VCP-R1-011,VCP-R1-094,True,False,20,20.0,19.0,19.0,0.0,0.0,20.0,20.0,0.0,0.0,,27,,,,,,,,
PAIR,,VCP-R1-011,VCP-R1-095,True,False,20,20.0,19.0,20.0,1.0,0.02631578947368421,20.0,20.0,0.0,0.0,,27,,,,,,,,
PAIR,,VCP-R1-011,VCP-R1-096,True,False,20,20.0,19.0,20.0,1.0,0.02631578947368421,20.0,20.0,0.0,0.0,,27,,,,,,,,
PAIR,,VCP-R1-011,VCP-R1-097,True,False,20,20.0,19.0,20.0,1.0,0.02631578947368421,20.0,20.0,0.0,0.0,,27,,,,,,,,
PAIR,,VCP-R1-011,VCP-R1-098,True,False,20,20.0,19.0,20.0,1.0,0.02631578947368421,20.0,20.0,0.0,0.0,,27,,,,,,,,
PAIR,,VCP-R1-011,VCP-R1-099,True,False,20,20.0,19.0,20.0,2.0,0.05405405405405406,20.0,20.0,0.0,0.0,,27,,,,,,,,
PAIR,,VCP-R1-011,VCP-R1-100,True,False,20,20.0,19.0,19.0,1.0,0.02702702702702703,20.0,20.0,0.0,0.0,,27,,,,,,,,
PAIR,,VCP-R1-011,VCP-R1-101,True,False,20,20.0,19.0,19.0,1.0,0.02702702702702703,20.0,20.0,0.0,0.0,,27,,,,,,,,
PAIR,,VCP-R1-011,VCP-R1-102,True,False,20,20.0,19.0,19.0,1.0,0.02702702702702703,20.0,20.0,0.0,0.0,,27,,,,,,,,
PAIR,,VCP-R1-011,VCP-R1-103,True,False,20,20.0,19.0,19.0,0.0,0.0,20.0,20.0,0.0,0.0,,27,,,,,,,,
PAIR,,VCP-R1-011,VCP-R1-104,True,False,20,20.0,19.0,20.0,1.0,0.02631578947368421,20.0,20.0,0.0,0.0,,27,,,,,,,,
PAIR,,VCP-R1-011,VCP-R1-105,True,False,20,20.0,19.0,20.0,1.0,0.02631578947368421,20.0,20.0,0.0,0.0,,27,,,,,,,,
PAIR,,VCP-R1-011,VCP-R1-106,True,False,20,20.0,19.0,19.0,1.0,0.02702702702702703,20.0,20.0,0.0,0.0,,27,,,,,,,,
PAIR,,VCP-R1-011,VCP-R1-107,True,False,20,20.0,19.0,20.0,1.0,0.02631578947368421,20.0,20.0,0.0,0.0,,27,,,,,,,,
PAIR,,VCP-R1-011,VCP-R1-108,True,False,20,20.0,19.0,20.0,1.0,0.02631578947368421,20.0,20.0,0.0,0.0,,27,,,,,,,,
PAIR,,VCP-R1-012,VCP-R1-013,True,False,20,20.0,19.0,19.0,6.0,0.1875,20.0,20.0,5.0,0.14285714285714285,,27,,,,,,,,
PAIR,,VCP-R1-012,VCP-R1-014,True,True,20,20.0,19.0,19.0,8.0,0.26666666666666666,20.0,20.0,7.0,0.21212121212121213,,27,,,,,,,,
PAIR,,VCP-R1-012,VCP-R1-015,True,False,20,20.0,19.0,19.0,12.0,0.46153846153846156,20.0,20.0,12.0,0.42857142857142855,,27,,,,,,,,
PAIR,,VCP-R1-012,VCP-R1-016,True,False,20,20.0,19.0,20.0,5.0,0.14705882352941177,20.0,20.0,4.0,0.1111111111111111,,27,,,,,,,,
PAIR,,VCP-R1-012,VCP-R1-017,True,True,20,20.0,19.0,19.0,6.0,0.1875,20.0,20.0,5.0,0.14285714285714285,,27,,,,,,,,
PAIR,,VCP-R1-012,VCP-R1-018,True,False,20,20.0,19.0,20.0,10.0,0.3448275862068966,20.0,20.0,9.0,0.2903225806451613,,27,,,,,,,,
PAIR,,VCP-R1-012,VCP-R1-019,True,False,20,20.0,19.0,20.0,10.0,0.3448275862068966,20.0,20.0,9.0,0.2903225806451613,,27,,,,,,,,
PAIR,,VCP-R1-012,VCP-R1-020,True,True,20,20.0,19.0,19.0,11.0,0.4074074074074074,20.0,20.0,11.0,0.3793103448275862,,27,,,,,,,,
PAIR,,VCP-R1-012,VCP-R1-021,True,True,20,20.0,19.0,19.0,18.0,0.9,20.0,20.0,19.0,0.9047619047619048,參數組合的主要贏家重疊，需檢查高原是否依賴共同個股／行情,27,,,,,,,,
PAIR,,VCP-R1-012,VCP-R1-022,True,False,20,20.0,19.0,19.0,6.0,0.1875,20.0,20.0,5.0,0.14285714285714285,,27,,,,,,,,
PAIR,,VCP-R1-012,VCP-R1-023,True,False,20,20.0,19.0,19.0,8.0,0.26666666666666666,20.0,20.0,7.0,0.21212121212121213,,27,,,,,,,,
PAIR,,VCP-R1-012,VCP-R1-024,True,False,20,20.0,19.0,19.0,12.0,0.46153846153846156,20.0,20.0,12.0,0.42857142857142855,,27,,,,,,,,
PAIR,,VCP-R1-012,VCP-R1-025,True,False,20,20.0,19.0,20.0,5.0,0.14705882352941177,20.0,20.0,4.0,0.1111111111111111,,27,,,,,,,,
PAIR,,VCP-R1-012,VCP-R1-026,True,True,20,20.0,19.0,19.0,6.0,0.1875,20.0,20.0,5.0,0.14285714285714285,,27,,,,,,,,
PAIR,,VCP-R1-012,VCP-R1-027,True,False,20,20.0,19.0,20.0,10.0,0.3448275862068966,20.0,20.0,9.0,0.2903225806451613,,27,,,,,,,,
PAIR,,VCP-R1-012,VCP-R1-028,True,False,20,20.0,19.0,20.0,2.0,0.05405405405405406,20.0,20.0,0.0,0.0,,27,,,,,,,,
PAIR,,VCP-R1-012,VCP-R1-029,True,False,20,20.0,19.0,20.0,2.0,0.05405405405405406,20.0,20.0,0.0,0.0,,27,,,,,,,,
PAIR,,VCP-R1-012,VCP-R1-030,True,True,20,20.0,19.0,18.0,1.0,0.027777777777777776,20.0,20.0,0.0,0.0,,27,,,,,,,,
PAIR,,VCP-R1-012,VCP-R1-031,True,True,20,20.0,19.0,20.0,0.0,0.0,20.0,20.0,0.0,0.0,,27,,,,,,,,
PAIR,,VCP-R1-012,VCP-R1-032,True,True,20,20.0,19.0,20.0,1.0,0.02631578947368421,20.0,20.0,0.0,0.0,,27,,,,,,,,
PAIR,,VCP-R1-012,VCP-R1-033,True,True,20,20.0,19.0,19.0,1.0,0.02702702702702703,20.0,20.0,0.0,0.0,,27,,,,,,,,
PAIR,,VCP-R1-012,VCP-R1-034,True,False,20,20.0,19.0,19.0,0.0,0.0,20.0,20.0,0.0,0.0,,27,,,,,,,,
PAIR,,VCP-R1-012,VCP-R1-035,True,False,20,20.0,19.0,20.0,0.0,0.0,20.0,20.0,0.0,0.0,,27,,,,,,,,
PAIR,,VCP-R1-012,VCP-R1-036,True,True,20,20.0,19.0,20.0,1.0,0.02631578947368421,20.0,20.0,0.0,0.0,,27,,,,,,,,
PAIR,,VCP-R1-012,VCP-R1-037,True,False,20,20.0,19.0,19.0,2.0,0.05555555555555555,20.0,20.0,0.0,0.0,,27,,,,,,,,
PAIR,,VCP-R1-012,VCP-R1-038,True,False,20,20.0,19.0,20.0,3.0,0.08333333333333333,20.0,20.0,1.0,0.02564102564102564,,27,,,,,,,,
PAIR,,VCP-R1-012,VCP-R1-039,True,False,20,20.0,19.0,20.0,2.0,0.05405405405405406,20.0,20.0,1.0,0.02564102564102564,,27,,,,,,,,
PAIR,,VCP-R1-012,VCP-R1-040,True,True,20,20.0,19.0,19.0,0.0,0.0,20.0,20.0,0.0,0.0,,27,,,,,,,,
PAIR,,VCP-R1-012,VCP-R1-041,True,False,20,20.0,19.0,20.0,0.0,0.0,20.0,20.0,0.0,0.0,,27,,,,,,,,
PAIR,,VCP-R1-012,VCP-R1-042,True,True,20,20.0,19.0,20.0,1.0,0.02631578947368421,20.0,20.0,0.0,0.0,,27,,,,,,,,
PAIR,,VCP-R1-012,VCP-R1-043,True,True,20,20.0,19.0,19.0,1.0,0.02702702702702703,20.0,20.0,0.0,0.0,,27,,,,,,,,
PAIR,,VCP-R1-012,VCP-R1-044,True,False,20,20.0,19.0,20.0,1.0,0.02631578947368421,20.0,20.0,0.0,0.0,,27,,,,,,,,
PAIR,,VCP-R1-012,VCP-R1-045,True,True,20,20.0,19.0,20.0,1.0,0.02631578947368421,20.0,20.0,0.0,0.0,,27,,,,,,,,
PAIR,,VCP-R1-012,VCP-R1-046,True,False,20,20.0,19.0,19.0,1.0,0.02702702702702703,20.0,20.0,0.0,0.0,,27,,,,,,,,
PAIR,,VCP-R1-012,VCP-R1-047,True,False,20,20.0,19.0,20.0,3.0,0.08333333333333333,20.0,20.0,1.0,0.02564102564102564,,27,,,,,,,,
PAIR,,VCP-R1-012,VCP-R1-048,True,False,20,20.0,19.0,20.0,2.0,0.05405405405405406,20.0,20.0,1.0,0.02564102564102564,,27,,,,,,,,
PAIR,,VCP-R1-012,VCP-R1-049,True,True,20,20.0,19.0,20.0,0.0,0.0,20.0,20.0,0.0,0.0,,27,,,,,,,,
PAIR,,VCP-R1-012,VCP-R1-050,True,False,20,20.0,19.0,20.0,0.0,0.0,20.0,20.0,0.0,0.0,,27,,,,,,,,
PAIR,,VCP-R1-012,VCP-R1-051,True,True,20,20.0,19.0,20.0,1.0,0.02631578947368421,20.0,20.0,0.0,0.0,,27,,,,,,,,
PAIR,,VCP-R1-012,VCP-R1-052,True,True,20,20.0,19.0,19.0,1.0,0.02702702702702703,20.0,20.0,0.0,0.0,,27,,,,,,,,
PAIR,,VCP-R1-012,VCP-R1-053,True,False,20,20.0,19.0,20.0,1.0,0.02631578947368421,20.0,20.0,0.0,0.0,,27,,,,,,,,
PAIR,,VCP-R1-012,VCP-R1-054,True,True,20,20.0,19.0,20.0,1.0,0.02631578947368421,20.0,20.0,0.0,0.0,,27,,,,,,,,
PAIR,,VCP-R1-012,VCP-R1-055,True,False,20,20.0,19.0,18.0,0.0,0.0,20.0,20.0,0.0,0.0,,27,,,,,,,,
PAIR,,VCP-R1-012,VCP-R1-056,True,False,20,20.0,19.0,20.0,0.0,0.0,20.0,20.0,0.0,0.0,,27,,,,,,,,
PAIR,,VCP-R1-012,VCP-R1-057,True,False,20,19.0,19.0,18.0,0.0,0.0,20.0,19.0,0.0,0.0,,27,,,,,,,,
PAIR,,VCP-R1-012,VCP-R1-058,True,False,20,20.0,19.0,19.0,1.0,0.02702702702702703,20.0,20.0,0.0,0.0,,27,,,,,,,,
PAIR,,VCP-R1-012,VCP-R1-059,True,False,20,20.0,19.0,19.0,1.0,0.02702702702702703,20.0,20.0,0.0,0.0,,27,,,,,,,,
PAIR,,VCP-R1-012,VCP-R1-060,True,False,20,20.0,19.0,20.0,0.0,0.0,20.0,20.0,0.0,0.0,,27,,,,,,,,
PAIR,,VCP-R1-012,VCP-R1-061,True,False,20,20.0,19.0,20.0,1.0,0.02631578947368421,20.0,20.0,0.0,0.0,,27,,,,,,,,
PAIR,,VCP-R1-012,VCP-R1-062,True,False,20,20.0,19.0,20.0,1.0,0.02631578947368421,20.0,20.0,0.0,0.0,,27,,,,,,,,
PAIR,,VCP-R1-012,VCP-R1-063,True,False,20,20.0,19.0,20.0,0.0,0.0,20.0,20.0,0.0,0.0,,27,,,,,,,,
PAIR,,VCP-R1-012,VCP-R1-064,True,False,20,20.0,19.0,19.0,2.0,0.05555555555555555,20.0,20.0,0.0,0.0,,27,,,,,,,,
PAIR,,VCP-R1-012,VCP-R1-065,True,False,20,20.0,19.0,20.0,1.0,0.02631578947368421,20.0,20.0,0.0,0.0,,27,,,,,,,,
PAIR,,VCP-R1-012,VCP-R1-066,True,False,20,20.0,19.0,20.0,1.0,0.02631578947368421,20.0,20.0,0.0,0.0,,27,,,,,,,,
PAIR,,VCP-R1-012,VCP-R1-067,True,False,20,20.0,19.0,20.0,2.0,0.05405405405405406,20.0,20.0,0.0,0.0,,27,,,,,,,,
PAIR,,VCP-R1-012,VCP-R1-068,True,False,20,20.0,19.0,19.0,2.0,0.05555555555555555,20.0,20.0,0.0,0.0,,27,,,,,,,,
PAIR,,VCP-R1-012,VCP-R1-069,True,False,20,20.0,19.0,20.0,1.0,0.02631578947368421,20.0,20.0,0.0,0.0,,27,,,,,,,,
PAIR,,VCP-R1-012,VCP-R1-070,True,False,20,20.0,19.0,20.0,1.0,0.02631578947368421,20.0,20.0,0.0,0.0,,27,,,,,,,,
PAIR,,VCP-R1-012,VCP-R1-071,True,False,20,20.0,19.0,20.0,1.0,0.02631578947368421,20.0,20.0,0.0,0.0,,27,,,,,,,,
PAIR,,VCP-R1-012,VCP-R1-072,True,False,20,20.0,19.0,20.0,1.0,0.02631578947368421,20.0,20.0,0.0,0.0,,27,,,,,,,,
PAIR,,VCP-R1-012,VCP-R1-073,True,False,20,20.0,19.0,20.0,1.0,0.02631578947368421,20.0,20.0,0.0,0.0,,27,,,,,,,,
PAIR,,VCP-R1-012,VCP-R1-074,True,False,20,20.0,19.0,20.0,1.0,0.02631578947368421,20.0,20.0,0.0,0.0,,27,,,,,,,,
PAIR,,VCP-R1-012,VCP-R1-075,True,False,20,20.0,19.0,20.0,1.0,0.02631578947368421,20.0,20.0,0.0,0.0,,27,,,,,,,,
PAIR,,VCP-R1-012,VCP-R1-076,True,False,20,20.0,19.0,20.0,2.0,0.05405405405405406,20.0,20.0,0.0,0.0,,27,,,,,,,,
PAIR,,VCP-R1-012,VCP-R1-077,True,False,20,20.0,19.0,19.0,2.0,0.05555555555555555,20.0,20.0,0.0,0.0,,27,,,,,,,,
PAIR,,VCP-R1-012,VCP-R1-078,True,False,20,20.0,19.0,20.0,1.0,0.02631578947368421,20.0,20.0,0.0,0.0,,27,,,,,,,,
PAIR,,VCP-R1-012,VCP-R1-079,True,False,20,20.0,19.0,20.0,1.0,0.02631578947368421,20.0,20.0,0.0,0.0,,27,,,,,,,,
PAIR,,VCP-R1-012,VCP-R1-080,True,False,20,20.0,19.0,20.0,1.0,0.02631578947368421,20.0,20.0,0.0,0.0,,27,,,,,,,,
PAIR,,VCP-R1-012,VCP-R1-081,True,False,20,20.0,19.0,20.0,1.0,0.02631578947368421,20.0,20.0,0.0,0.0,,27,,,,,,,,
PAIR,,VCP-R1-012,VCP-R1-082,True,False,20,20.0,19.0,20.0,0.0,0.0,20.0,20.0,0.0,0.0,,27,,,,,,,,
PAIR,,VCP-R1-012,VCP-R1-083,True,False,20,20.0,19.0,20.0,0.0,0.0,20.0,20.0,0.0,0.0,,27,,,,,,,,
PAIR,,VCP-R1-012,VCP-R1-084,True,False,20,18.0,19.0,18.0,0.0,0.0,20.0,18.0,0.0,0.0,,27,,,,,,,,
PAIR,,VCP-R1-012,VCP-R1-085,True,False,20,20.0,19.0,19.0,0.0,0.0,20.0,20.0,0.0,0.0,,27,,,,,,,,
PAIR,,VCP-R1-012,VCP-R1-086,True,False,20,20.0,19.0,20.0,0.0,0.0,20.0,20.0,0.0,0.0,,27,,,,,,,,
PAIR,,VCP-R1-012,VCP-R1-087,True,False,20,20.0,19.0,19.0,0.0,0.0,20.0,20.0,0.0,0.0,,27,,,,,,,,
PAIR,,VCP-R1-012,VCP-R1-088,True,False,20,20.0,19.0,19.0,0.0,0.0,20.0,20.0,0.0,0.0,,27,,,,,,,,
PAIR,,VCP-R1-012,VCP-R1-089,True,False,20,20.0,19.0,19.0,0.0,0.0,20.0,20.0,0.0,0.0,,27,,,,,,,,
PAIR,,VCP-R1-012,VCP-R1-090,True,False,20,20.0,19.0,20.0,1.0,0.02631578947368421,20.0,20.0,0.0,0.0,,27,,,,,,,,
PAIR,,VCP-R1-012,VCP-R1-091,True,False,20,20.0,19.0,19.0,1.0,0.02702702702702703,20.0,20.0,0.0,0.0,,27,,,,,,,,
PAIR,,VCP-R1-012,VCP-R1-092,True,False,20,20.0,19.0,19.0,1.0,0.02702702702702703,20.0,20.0,0.0,0.0,,27,,,,,,,,
PAIR,,VCP-R1-012,VCP-R1-093,True,False,20,20.0,19.0,19.0,1.0,0.02702702702702703,20.0,20.0,0.0,0.0,,27,,,,,,,,
PAIR,,VCP-R1-012,VCP-R1-094,True,False,20,20.0,19.0,19.0,1.0,0.02702702702702703,20.0,20.0,0.0,0.0,,27,,,,,,,,
PAIR,,VCP-R1-012,VCP-R1-095,True,False,20,20.0,19.0,20.0,1.0,0.02631578947368421,20.0,20.0,0.0,0.0,,27,,,,,,,,
PAIR,,VCP-R1-012,VCP-R1-096,True,False,20,20.0,19.0,20.0,1.0,0.02631578947368421,20.0,20.0,0.0,0.0,,27,,,,,,,,
PAIR,,VCP-R1-012,VCP-R1-097,True,False,20,20.0,19.0,20.0,1.0,0.02631578947368421,20.0,20.0,0.0,0.0,,27,,,,,,,,
PAIR,,VCP-R1-012,VCP-R1-098,True,False,20,20.0,19.0,20.0,1.0,0.02631578947368421,20.0,20.0,0.0,0.0,,27,,,,,,,,
PAIR,,VCP-R1-012,VCP-R1-099,True,False,20,20.0,19.0,20.0,2.0,0.05405405405405406,20.0,20.0,0.0,0.0,,27,,,,,,,,
PAIR,,VCP-R1-012,VCP-R1-100,True,False,20,20.0,19.0,19.0,1.0,0.02702702702702703,20.0,20.0,0.0,0.0,,27,,,,,,,,
PAIR,,VCP-R1-012,VCP-R1-101,True,False,20,20.0,19.0,19.0,1.0,0.02702702702702703,20.0,20.0,0.0,0.0,,27,,,,,,,,
PAIR,,VCP-R1-012,VCP-R1-102,True,False,20,20.0,19.0,19.0,1.0,0.02702702702702703,20.0,20.0,0.0,0.0,,27,,,,,,,,
PAIR,,VCP-R1-012,VCP-R1-103,True,False,20,20.0,19.0,19.0,1.0,0.02702702702702703,20.0,20.0,0.0,0.0,,27,,,,,,,,
PAIR,,VCP-R1-012,VCP-R1-104,True,False,20,20.0,19.0,20.0,1.0,0.02631578947368421,20.0,20.0,0.0,0.0,,27,,,,,,,,
PAIR,,VCP-R1-012,VCP-R1-105,True,False,20,20.0,19.0,20.0,1.0,0.02631578947368421,20.0,20.0,0.0,0.0,,27,,,,,,,,
PAIR,,VCP-R1-012,VCP-R1-106,True,False,20,20.0,19.0,19.0,2.0,0.05555555555555555,20.0,20.0,0.0,0.0,,27,,,,,,,,
PAIR,,VCP-R1-012,VCP-R1-107,True,False,20,20.0,19.0,20.0,2.0,0.05405405405405406,20.0,20.0,0.0,0.0,,27,,,,,,,,
PAIR,,VCP-R1-012,VCP-R1-108,True,False,20,20.0,19.0,20.0,1.0,0.02631578947368421,20.0,20.0,0.0,0.0,,27,,,,,,,,
PAIR,,VCP-R1-013,VCP-R1-014,False,True,20,20.0,19.0,19.0,15.0,0.6521739130434783,20.0,20.0,16.0,0.6666666666666666,,27,,,,,,,,
PAIR,,VCP-R1-013,VCP-R1-015,False,False,20,20.0,19.0,19.0,7.0,0.22580645161290322,20.0,20.0,7.0,0.21212121212121213,,27,,,,,,,,
PAIR,,VCP-R1-013,VCP-R1-016,False,False,20,20.0,19.0,20.0,15.0,0.625,20.0,20.0,14.0,0.5384615384615384,,27,,,,,,,,
PAIR,,VCP-R1-013,VCP-R1-017,False,True,20,20.0,19.0,19.0,16.0,0.7272727272727273,20.0,20.0,16.0,0.6666666666666666,,27,,,,,,,,
PAIR,,VCP-R1-013,VCP-R1-018,False,False,20,20.0,19.0,20.0,8.0,0.25806451612903225,20.0,20.0,7.0,0.21212121212121213,,27,,,,,,,,
PAIR,,VCP-R1-013,VCP-R1-019,False,False,20,20.0,19.0,20.0,11.0,0.39285714285714285,20.0,20.0,10.0,0.3333333333333333,,27,,,,,,,,
PAIR,,VCP-R1-013,VCP-R1-020,False,True,20,20.0,19.0,19.0,8.0,0.26666666666666666,20.0,20.0,7.0,0.21212121212121213,,27,,,,,,,,
PAIR,,VCP-R1-013,VCP-R1-021,False,True,20,20.0,19.0,19.0,6.0,0.1875,20.0,20.0,5.0,0.14285714285714285,,27,,,,,,,,
PAIR,,VCP-R1-013,VCP-R1-022,False,False,20,20.0,19.0,19.0,18.0,0.9,20.0,20.0,19.0,0.9047619047619048,,27,,,,,,,,
PAIR,,VCP-R1-013,VCP-R1-023,False,False,20,20.0,19.0,19.0,15.0,0.6521739130434783,20.0,20.0,16.0,0.6666666666666666,,27,,,,,,,,
PAIR,,VCP-R1-013,VCP-R1-024,False,False,20,20.0,19.0,19.0,7.0,0.22580645161290322,20.0,20.0,7.0,0.21212121212121213,,27,,,,,,,,
PAIR,,VCP-R1-013,VCP-R1-025,False,False,20,20.0,19.0,20.0,14.0,0.56,20.0,20.0,13.0,0.48148148148148145,,27,,,,,,,,
PAIR,,VCP-R1-013,VCP-R1-026,False,True,20,20.0,19.0,19.0,16.0,0.7272727272727273,20.0,20.0,16.0,0.6666666666666666,,27,,,,,,,,
PAIR,,VCP-R1-013,VCP-R1-027,False,False,20,20.0,19.0,20.0,8.0,0.25806451612903225,20.0,20.0,7.0,0.21212121212121213,,27,,,,,,,,
PAIR,,VCP-R1-013,VCP-R1-028,False,False,20,20.0,19.0,20.0,1.0,0.02631578947368421,20.0,20.0,1.0,0.02564102564102564,,27,,,,,,,,
PAIR,,VCP-R1-013,VCP-R1-029,False,False,20,20.0,19.0,20.0,0.0,0.0,20.0,20.0,0.0,0.0,,27,,,,,,,,
PAIR,,VCP-R1-013,VCP-R1-030,False,True,20,20.0,19.0,18.0,0.0,0.0,20.0,20.0,0.0,0.0,,27,,,,,,,,
PAIR,,VCP-R1-013,VCP-R1-031,False,True,20,20.0,19.0,20.0,1.0,0.02631578947368421,20.0,20.0,1.0,0.02564102564102564,,27,,,,,,,,
PAIR,,VCP-R1-013,VCP-R1-032,False,True,20,20.0,19.0,20.0,0.0,0.0,20.0,20.0,0.0,0.0,,27,,,,,,,,
PAIR,,VCP-R1-013,VCP-R1-033,False,True,20,20.0,19.0,19.0,0.0,0.0,20.0,20.0,0.0,0.0,,27,,,,,,,,
PAIR,,VCP-R1-013,VCP-R1-034,False,False,20,20.0,19.0,19.0,1.0,0.02702702702702703,20.0,20.0,1.0,0.02564102564102564,,27,,,,,,,,
PAIR,,VCP-R1-013,VCP-R1-035,False,False,20,20.0,19.0,20.0,0.0,0.0,20.0,20.0,0.0,0.0,,27,,,,,,,,
PAIR,,VCP-R1-013,VCP-R1-036,False,True,20,20.0,19.0,20.0,0.0,0.0,20.0,20.0,0.0,0.0,,27,,,,,,,,
PAIR,,VCP-R1-013,VCP-R1-037,False,False,20,20.0,19.0,19.0,2.0,0.05555555555555555,20.0,20.0,2.0,0.05263157894736842,,27,,,,,,,,
PAIR,,VCP-R1-013,VCP-R1-038,False,False,20,20.0,19.0,20.0,1.0,0.02631578947368421,20.0,20.0,1.0,0.02564102564102564,,27,,,,,,,,
PAIR,,VCP-R1-013,VCP-R1-039,False,False,20,20.0,19.0,20.0,0.0,0.0,20.0,20.0,0.0,0.0,,27,,,,,,,,
PAIR,,VCP-R1-013,VCP-R1-040,False,True,20,20.0,19.0,19.0,2.0,0.05555555555555555,20.0,20.0,2.0,0.05263157894736842,,27,,,,,,,,
PAIR,,VCP-R1-013,VCP-R1-041,False,False,20,20.0,19.0,20.0,1.0,0.02631578947368421,20.0,20.0,1.0,0.02564102564102564,,27,,,,,,,,
PAIR,,VCP-R1-013,VCP-R1-042,False,True,20,20.0,19.0,20.0,0.0,0.0,20.0,20.0,0.0,0.0,,27,,,,,,,,
PAIR,,VCP-R1-013,VCP-R1-043,False,True,20,20.0,19.0,19.0,2.0,0.05555555555555555,20.0,20.0,2.0,0.05263157894736842,,27,,,,,,,,
PAIR,,VCP-R1-013,VCP-R1-044,False,False,20,20.0,19.0,20.0,1.0,0.02631578947368421,20.0,20.0,1.0,0.02564102564102564,,27,,,,,,,,
PAIR,,VCP-R1-013,VCP-R1-045,False,True,20,20.0,19.0,20.0,0.0,0.0,20.0,20.0,0.0,0.0,,27,,,,,,,,
PAIR,,VCP-R1-013,VCP-R1-046,False,False,20,20.0,19.0,19.0,2.0,0.05555555555555555,20.0,20.0,2.0,0.05263157894736842,,27,,,,,,,,
PAIR,,VCP-R1-013,VCP-R1-047,False,False,20,20.0,19.0,20.0,1.0,0.02631578947368421,20.0,20.0,1.0,0.02564102564102564,,27,,,,,,,,
PAIR,,VCP-R1-013,VCP-R1-048,False,False,20,20.0,19.0,20.0,0.0,0.0,20.0,20.0,0.0,0.0,,27,,,,,,,,
PAIR,,VCP-R1-013,VCP-R1-049,False,True,20,20.0,19.0,20.0,2.0,0.05405405405405406,20.0,20.0,2.0,0.05263157894736842,,27,,,,,,,,
PAIR,,VCP-R1-013,VCP-R1-050,False,False,20,20.0,19.0,20.0,1.0,0.02631578947368421,20.0,20.0,1.0,0.02564102564102564,,27,,,,,,,,
PAIR,,VCP-R1-013,VCP-R1-051,False,True,20,20.0,19.0,20.0,0.0,0.0,20.0,20.0,0.0,0.0,,27,,,,,,,,
PAIR,,VCP-R1-013,VCP-R1-052,False,True,20,20.0,19.0,19.0,2.0,0.05555555555555555,20.0,20.0,2.0,0.05263157894736842,,27,,,,,,,,
PAIR,,VCP-R1-013,VCP-R1-053,False,False,20,20.0,19.0,20.0,1.0,0.02631578947368421,20.0,20.0,1.0,0.02564102564102564,,27,,,,,,,,
PAIR,,VCP-R1-013,VCP-R1-054,False,True,20,20.0,19.0,20.0,0.0,0.0,20.0,20.0,0.0,0.0,,27,,,,,,,,
PAIR,,VCP-R1-013,VCP-R1-055,False,False,20,20.0,19.0,18.0,0.0,0.0,20.0,20.0,0.0,0.0,,27,,,,,,,,
PAIR,,VCP-R1-013,VCP-R1-056,False,False,20,20.0,19.0,20.0,1.0,0.02631578947368421,20.0,20.0,0.0,0.0,,27,,,,,,,,
PAIR,,VCP-R1-013,VCP-R1-057,False,False,20,19.0,19.0,18.0,0.0,0.0,20.0,19.0,0.0,0.0,,27,,,,,,,,
PAIR,,VCP-R1-013,VCP-R1-058,False,False,20,20.0,19.0,19.0,1.0,0.02702702702702703,20.0,20.0,0.0,0.0,,27,,,,,,,,
PAIR,,VCP-R1-013,VCP-R1-059,False,False,20,20.0,19.0,19.0,0.0,0.0,20.0,20.0,0.0,0.0,,27,,,,,,,,
PAIR,,VCP-R1-013,VCP-R1-060,False,False,20,20.0,19.0,20.0,0.0,0.0,20.0,20.0,0.0,0.0,,27,,,,,,,,
PAIR,,VCP-R1-013,VCP-R1-061,False,False,20,20.0,19.0,20.0,0.0,0.0,20.0,20.0,0.0,0.0,,27,,,,,,,,
PAIR,,VCP-R1-013,VCP-R1-062,False,False,20,20.0,19.0,20.0,0.0,0.0,20.0,20.0,0.0,0.0,,27,,,,,,,,
PAIR,,VCP-R1-013,VCP-R1-063,False,False,20,20.0,19.0,20.0,0.0,0.0,20.0,20.0,0.0,0.0,,27,,,,,,,,
PAIR,,VCP-R1-013,VCP-R1-064,False,False,20,20.0,19.0,19.0,1.0,0.02702702702702703,20.0,20.0,0.0,0.0,,27,,,,,,,,
PAIR,,VCP-R1-013,VCP-R1-065,False,False,20,20.0,19.0,20.0,1.0,0.02631578947368421,20.0,20.0,0.0,0.0,,27,,,,,,,,
PAIR,,VCP-R1-013,VCP-R1-066,False,False,20,20.0,19.0,20.0,1.0,0.02631578947368421,20.0,20.0,0.0,0.0,,27,,,,,,,,
PAIR,,VCP-R1-013,VCP-R1-067,False,False,20,20.0,19.0,20.0,1.0,0.02631578947368421,20.0,20.0,0.0,0.0,,27,,,,,,,,
PAIR,,VCP-R1-013,VCP-R1-068,False,False,20,20.0,19.0,19.0,1.0,0.02702702702702703,20.0,20.0,0.0,0.0,,27,,,,,,,,
PAIR,,VCP-R1-013,VCP-R1-069,False,False,20,20.0,19.0,20.0,1.0,0.02631578947368421,20.0,20.0,0.0,0.0,,27,,,,,,,,
PAIR,,VCP-R1-013,VCP-R1-070,False,False,20,20.0,19.0,20.0,1.0,0.02631578947368421,20.0,20.0,0.0,0.0,,27,,,,,,,,
PAIR,,VCP-R1-013,VCP-R1-071,False,False,20,20.0,19.0,20.0,1.0,0.02631578947368421,20.0,20.0,0.0,0.0,,27,,,,,,,,
PAIR,,VCP-R1-013,VCP-R1-072,False,False,20,20.0,19.0,20.0,1.0,0.02631578947368421,20.0,20.0,0.0,0.0,,27,,,,,,,,
PAIR,,VCP-R1-013,VCP-R1-073,False,False,20,20.0,19.0,20.0,1.0,0.02631578947368421,20.0,20.0,0.0,0.0,,27,,,,,,,,
PAIR,,VCP-R1-013,VCP-R1-074,False,False,20,20.0,19.0,20.0,1.0,0.02631578947368421,20.0,20.0,0.0,0.0,,27,,,,,,,,
PAIR,,VCP-R1-013,VCP-R1-075,False,False,20,20.0,19.0,20.0,1.0,0.02631578947368421,20.0,20.0,0.0,0.0,,27,,,,,,,,
PAIR,,VCP-R1-013,VCP-R1-076,False,False,20,20.0,19.0,20.0,1.0,0.02631578947368421,20.0,20.0,0.0,0.0,,27,,,,,,,,
PAIR,,VCP-R1-013,VCP-R1-077,False,False,20,20.0,19.0,19.0,1.0,0.02702702702702703,20.0,20.0,0.0,0.0,,27,,,,,,,,
PAIR,,VCP-R1-013,VCP-R1-078,False,False,20,20.0,19.0,20.0,1.0,0.02631578947368421,20.0,20.0,0.0,0.0,,27,,,,,,,,
PAIR,,VCP-R1-013,VCP-R1-079,False,False,20,20.0,19.0,20.0,1.0,0.02631578947368421,20.0,20.0,0.0,0.0,,27,,,,,,,,
PAIR,,VCP-R1-013,VCP-R1-080,False,False,20,20.0,19.0,20.0,1.0,0.02631578947368421,20.0,20.0,0.0,0.0,,27,,,,,,,,
PAIR,,VCP-R1-013,VCP-R1-081,False,False,20,20.0,19.0,20.0,1.0,0.02631578947368421,20.0,20.0,0.0,0.0,,27,,,,,,,,
PAIR,,VCP-R1-013,VCP-R1-082,False,False,20,20.0,19.0,20.0,2.0,0.05405405405405406,20.0,20.0,0.0,0.0,,27,,,,,,,,
PAIR,,VCP-R1-013,VCP-R1-083,False,False,20,20.0,19.0,20.0,2.0,0.05405405405405406,20.0,20.0,0.0,0.0,,27,,,,,,,,
PAIR,,VCP-R1-013,VCP-R1-084,False,False,20,18.0,19.0,18.0,2.0,0.05714285714285714,20.0,18.0,0.0,0.0,,27,,,,,,,,
PAIR,,VCP-R1-013,VCP-R1-085,False,False,20,20.0,19.0,19.0,0.0,0.0,20.0,20.0,0.0,0.0,,27,,,,,,,,
PAIR,,VCP-R1-013,VCP-R1-086,False,False,20,20.0,19.0,20.0,0.0,0.0,20.0,20.0,0.0,0.0,,27,,,,,,,,
PAIR,,VCP-R1-013,VCP-R1-087,False,False,20,20.0,19.0,19.0,0.0,0.0,20.0,20.0,0.0,0.0,,27,,,,,,,,
PAIR,,VCP-R1-013,VCP-R1-088,False,False,20,20.0,19.0,19.0,1.0,0.02702702702702703,20.0,20.0,0.0,0.0,,27,,,,,,,,
PAIR,,VCP-R1-013,VCP-R1-089,False,False,20,20.0,19.0,19.0,1.0,0.02702702702702703,20.0,20.0,0.0,0.0,,27,,,,,,,,
PAIR,,VCP-R1-013,VCP-R1-090,False,False,20,20.0,19.0,20.0,1.0,0.02631578947368421,20.0,20.0,0.0,0.0,,27,,,,,,,,
PAIR,,VCP-R1-013,VCP-R1-091,False,False,20,20.0,19.0,19.0,0.0,0.0,20.0,20.0,0.0,0.0,,27,,,,,,,,
PAIR,,VCP-R1-013,VCP-R1-092,False,False,20,20.0,19.0,19.0,0.0,0.0,20.0,20.0,0.0,0.0,,27,,,,,,,,
PAIR,,VCP-R1-013,VCP-R1-093,False,False,20,20.0,19.0,19.0,0.0,0.0,20.0,20.0,0.0,0.0,,27,,,,,,,,
PAIR,,VCP-R1-013,VCP-R1-094,False,False,20,20.0,19.0,19.0,0.0,0.0,20.0,20.0,0.0,0.0,,27,,,,,,,,
PAIR,,VCP-R1-013,VCP-R1-095,False,False,20,20.0,19.0,20.0,0.0,0.0,20.0,20.0,0.0,0.0,,27,,,,,,,,
PAIR,,VCP-R1-013,VCP-R1-096,False,False,20,20.0,19.0,20.0,0.0,0.0,20.0,20.0,0.0,0.0,,27,,,,,,,,
PAIR,,VCP-R1-013,VCP-R1-097,False,False,20,20.0,19.0,20.0,1.0,0.02631578947368421,20.0,20.0,0.0,0.0,,27,,,,,,,,
PAIR,,VCP-R1-013,VCP-R1-098,False,False,20,20.0,19.0,20.0,1.0,0.02631578947368421,20.0,20.0,0.0,0.0,,27,,,,,,,,
PAIR,,VCP-R1-013,VCP-R1-099,False,False,20,20.0,19.0,20.0,2.0,0.05405405405405406,20.0,20.0,0.0,0.0,,27,,,,,,,,
PAIR,,VCP-R1-013,VCP-R1-100,False,False,20,20.0,19.0,19.0,0.0,0.0,20.0,20.0,0.0,0.0,,27,,,,,,,,
PAIR,,VCP-R1-013,VCP-R1-101,False,False,20,20.0,19.0,19.0,0.0,0.0,20.0,20.0,0.0,0.0,,27,,,,,,,,
PAIR,,VCP-R1-013,VCP-R1-102,False,False,20,20.0,19.0,19.0,0.0,0.0,20.0,20.0,0.0,0.0,,27,,,,,,,,
PAIR,,VCP-R1-013,VCP-R1-103,False,False,20,20.0,19.0,19.0,0.0,0.0,20.0,20.0,0.0,0.0,,27,,,,,,,,
PAIR,,VCP-R1-013,VCP-R1-104,False,False,20,20.0,19.0,20.0,0.0,0.0,20.0,20.0,0.0,0.0,,27,,,,,,,,
PAIR,,VCP-R1-013,VCP-R1-105,False,False,20,20.0,19.0,20.0,0.0,0.0,20.0,20.0,0.0,0.0,,27,,,,,,,,
PAIR,,VCP-R1-013,VCP-R1-106,False,False,20,20.0,19.0,19.0,1.0,0.02702702702702703,20.0,20.0,0.0,0.0,,27,,,,,,,,
PAIR,,VCP-R1-013,VCP-R1-107,False,False,20,20.0,19.0,20.0,1.0,0.02631578947368421,20.0,20.0,0.0,0.0,,27,,,,,,,,
PAIR,,VCP-R1-013,VCP-R1-108,False,False,20,20.0,19.0,20.0,2.0,0.05405405405405406,20.0,20.0,0.0,0.0,,27,,,,,,,,
PAIR,,VCP-R1-014,VCP-R1-015,True,False,20,20.0,19.0,19.0,10.0,0.35714285714285715,20.0,20.0,10.0,0.3333333333333333,,27,,,,,,,,
PAIR,,VCP-R1-014,VCP-R1-016,True,False,20,20.0,19.0,20.0,11.0,0.39285714285714285,20.0,20.0,11.0,0.3793103448275862,,27,,,,,,,,
PAIR,,VCP-R1-014,VCP-R1-017,True,True,20,20.0,19.0,19.0,16.0,0.7272727272727273,20.0,20.0,17.0,0.7391304347826086,參數組合的主要贏家重疊，需檢查高原是否依賴共同個股／行情,27,,,,,,,,
PAIR,,VCP-R1-014,VCP-R1-018,True,False,20,20.0,19.0,20.0,10.0,0.3448275862068966,20.0,20.0,10.0,0.3333333333333333,,27,,,,,,,,
PAIR,,VCP-R1-014,VCP-R1-019,True,False,20,20.0,19.0,20.0,11.0,0.39285714285714285,20.0,20.0,10.0,0.3333333333333333,,27,,,,,,,,
PAIR,,VCP-R1-014,VCP-R1-020,True,True,20,20.0,19.0,19.0,11.0,0.4074074074074074,20.0,20.0,10.0,0.3333333333333333,,27,,,,,,,,
PAIR,,VCP-R1-014,VCP-R1-021,True,True,20,20.0,19.0,19.0,8.0,0.26666666666666666,20.0,20.0,7.0,0.21212121212121213,,27,,,,,,,,
PAIR,,VCP-R1-014,VCP-R1-022,True,False,20,20.0,19.0,19.0,14.0,0.5833333333333334,20.0,20.0,15.0,0.6,,27,,,,,,,,
PAIR,,VCP-R1-014,VCP-R1-023,True,False,20,20.0,19.0,19.0,19.0,1.0,20.0,20.0,20.0,1.0,,27,,,,,,,,
PAIR,,VCP-R1-014,VCP-R1-024,True,False,20,20.0,19.0,19.0,10.0,0.35714285714285715,20.0,20.0,10.0,0.3333333333333333,,27,,,,,,,,
PAIR,,VCP-R1-014,VCP-R1-025,True,False,20,20.0,19.0,20.0,10.0,0.3448275862068966,20.0,20.0,10.0,0.3333333333333333,,27,,,,,,,,
PAIR,,VCP-R1-014,VCP-R1-026,True,True,20,20.0,19.0,19.0,15.0,0.6521739130434783,20.0,20.0,16.0,0.6666666666666666,參數組合的主要贏家重疊，需檢查高原是否依賴共同個股／行情,27,,,,,,,,
PAIR,,VCP-R1-014,VCP-R1-027,True,False,20,20.0,19.0,20.0,10.0,0.3448275862068966,20.0,20.0,10.0,0.3333333333333333,,27,,,,,,,,
PAIR,,VCP-R1-014,VCP-R1-028,True,False,20,20.0,19.0,20.0,1.0,0.02631578947368421,20.0,20.0,0.0,0.0,,27,,,,,,,,
PAIR,,VCP-R1-014,VCP-R1-029,True,False,20,20.0,19.0,20.0,1.0,0.02631578947368421,20.0,20.0,0.0,0.0,,27,,,,,,,,
PAIR,,VCP-R1-014,VCP-R1-030,True,True,20,20.0,19.0,18.0,1.0,0.027777777777777776,20.0,20.0,0.0,0.0,,27,,,,,,,,
PAIR,,VCP-R1-014,VCP-R1-031,True,True,20,20.0,19.0,20.0,0.0,0.0,20.0,20.0,0.0,0.0,,27,,,,,,,,
PAIR,,VCP-R1-014,VCP-R1-032,True,True,20,20.0,19.0,20.0,1.0,0.02631578947368421,20.0,20.0,0.0,0.0,,27,,,,,,,,
PAIR,,VCP-R1-014,VCP-R1-033,True,True,20,20.0,19.0,19.0,1.0,0.02702702702702703,20.0,20.0,0.0,0.0,,27,,,,,,,,
PAIR,,VCP-R1-014,VCP-R1-034,True,False,20,20.0,19.0,19.0,0.0,0.0,20.0,20.0,0.0,0.0,,27,,,,,,,,
PAIR,,VCP-R1-014,VCP-R1-035,True,False,20,20.0,19.0,20.0,0.0,0.0,20.0,20.0,0.0,0.0,,27,,,,,,,,
PAIR,,VCP-R1-014,VCP-R1-036,True,True,20,20.0,19.0,20.0,1.0,0.02631578947368421,20.0,20.0,0.0,0.0,,27,,,,,,,,
PAIR,,VCP-R1-014,VCP-R1-037,True,False,20,20.0,19.0,19.0,2.0,0.05555555555555555,20.0,20.0,1.0,0.02564102564102564,,27,,,,,,,,
PAIR,,VCP-R1-014,VCP-R1-038,True,False,20,20.0,19.0,20.0,2.0,0.05405405405405406,20.0,20.0,1.0,0.02564102564102564,,27,,,,,,,,
PAIR,,VCP-R1-014,VCP-R1-039,True,False,20,20.0,19.0,20.0,1.0,0.02631578947368421,20.0,20.0,0.0,0.0,,27,,,,,,,,
PAIR,,VCP-R1-014,VCP-R1-040,True,True,20,20.0,19.0,19.0,1.0,0.02702702702702703,20.0,20.0,1.0,0.02564102564102564,,27,,,,,,,,
PAIR,,VCP-R1-014,VCP-R1-041,True,False,20,20.0,19.0,20.0,1.0,0.02631578947368421,20.0,20.0,1.0,0.02564102564102564,,27,,,,,,,,
PAIR,,VCP-R1-014,VCP-R1-042,True,True,20,20.0,19.0,20.0,1.0,0.02631578947368421,20.0,20.0,0.0,0.0,,27,,,,,,,,
PAIR,,VCP-R1-014,VCP-R1-043,True,True,20,20.0,19.0,19.0,1.0,0.02702702702702703,20.0,20.0,1.0,0.02564102564102564,,27,,,,,,,,
PAIR,,VCP-R1-014,VCP-R1-044,True,False,20,20.0,19.0,20.0,1.0,0.02631578947368421,20.0,20.0,1.0,0.02564102564102564,,27,,,,,,,,
PAIR,,VCP-R1-014,VCP-R1-045,True,True,20,20.0,19.0,20.0,0.0,0.0,20.0,20.0,0.0,0.0,,27,,,,,,,,
PAIR,,VCP-R1-014,VCP-R1-046,True,False,20,20.0,19.0,19.0,2.0,0.05555555555555555,20.0,20.0,1.0,0.02564102564102564,,27,,,,,,,,
PAIR,,VCP-R1-014,VCP-R1-047,True,False,20,20.0,19.0,20.0,2.0,0.05405405405405406,20.0,20.0,1.0,0.02564102564102564,,27,,,,,,,,
PAIR,,VCP-R1-014,VCP-R1-048,True,False,20,20.0,19.0,20.0,1.0,0.02631578947368421,20.0,20.0,0.0,0.0,,27,,,,,,,,
PAIR,,VCP-R1-014,VCP-R1-049,True,True,20,20.0,19.0,20.0,1.0,0.02631578947368421,20.0,20.0,1.0,0.02564102564102564,,27,,,,,,,,
PAIR,,VCP-R1-014,VCP-R1-050,True,False,20,20.0,19.0,20.0,1.0,0.02631578947368421,20.0,20.0,1.0,0.02564102564102564,,27,,,,,,,,
PAIR,,VCP-R1-014,VCP-R1-051,True,True,20,20.0,19.0,20.0,1.0,0.02631578947368421,20.0,20.0,0.0,0.0,,27,,,,,,,,
PAIR,,VCP-R1-014,VCP-R1-052,True,True,20,20.0,19.0,19.0,1.0,0.02702702702702703,20.0,20.0,1.0,0.02564102564102564,,27,,,,,,,,
PAIR,,VCP-R1-014,VCP-R1-053,True,False,20,20.0,19.0,20.0,1.0,0.02631578947368421,20.0,20.0,1.0,0.02564102564102564,,27,,,,,,,,
PAIR,,VCP-R1-014,VCP-R1-054,True,True,20,20.0,19.0,20.0,0.0,0.0,20.0,20.0,0.0,0.0,,27,,,,,,,,
PAIR,,VCP-R1-014,VCP-R1-055,True,False,20,20.0,19.0,18.0,0.0,0.0,20.0,20.0,0.0,0.0,,27,,,,,,,,
PAIR,,VCP-R1-014,VCP-R1-056,True,False,20,20.0,19.0,20.0,1.0,0.02631578947368421,20.0,20.0,0.0,0.0,,27,,,,,,,,
PAIR,,VCP-R1-014,VCP-R1-057,True,False,20,19.0,19.0,18.0,0.0,0.0,20.0,19.0,0.0,0.0,,27,,,,,,,,
PAIR,,VCP-R1-014,VCP-R1-058,True,False,20,20.0,19.0,19.0,1.0,0.02702702702702703,20.0,20.0,0.0,0.0,,27,,,,,,,,
PAIR,,VCP-R1-014,VCP-R1-059,True,False,20,20.0,19.0,19.0,0.0,0.0,20.0,20.0,0.0,0.0,,27,,,,,,,,
PAIR,,VCP-R1-014,VCP-R1-060,True,False,20,20.0,19.0,20.0,0.0,0.0,20.0,20.0,0.0,0.0,,27,,,,,,,,
PAIR,,VCP-R1-014,VCP-R1-061,True,False,20,20.0,19.0,20.0,0.0,0.0,20.0,20.0,0.0,0.0,,27,,,,,,,,
PAIR,,VCP-R1-014,VCP-R1-062,True,False,20,20.0,19.0,20.0,0.0,0.0,20.0,20.0,0.0,0.0,,27,,,,,,,,
PAIR,,VCP-R1-014,VCP-R1-063,True,False,20,20.0,19.0,20.0,0.0,0.0,20.0,20.0,0.0,0.0,,27,,,,,,,,
PAIR,,VCP-R1-014,VCP-R1-064,True,False,20,20.0,19.0,19.0,1.0,0.02702702702702703,20.0,20.0,0.0,0.0,,27,,,,,,,,
PAIR,,VCP-R1-014,VCP-R1-065,True,False,20,20.0,19.0,20.0,1.0,0.02631578947368421,20.0,20.0,0.0,0.0,,27,,,,,,,,
PAIR,,VCP-R1-014,VCP-R1-066,True,False,20,20.0,19.0,20.0,1.0,0.02631578947368421,20.0,20.0,0.0,0.0,,27,,,,,,,,
PAIR,,VCP-R1-014,VCP-R1-067,True,False,20,20.0,19.0,20.0,1.0,0.02631578947368421,20.0,20.0,0.0,0.0,,27,,,,,,,,
PAIR,,VCP-R1-014,VCP-R1-068,True,False,20,20.0,19.0,19.0,1.0,0.02702702702702703,20.0,20.0,0.0,0.0,,27,,,,,,,,
PAIR,,VCP-R1-014,VCP-R1-069,True,False,20,20.0,19.0,20.0,1.0,0.02631578947368421,20.0,20.0,0.0,0.0,,27,,,,,,,,
PAIR,,VCP-R1-014,VCP-R1-070,True,False,20,20.0,19.0,20.0,1.0,0.02631578947368421,20.0,20.0,0.0,0.0,,27,,,,,,,,
PAIR,,VCP-R1-014,VCP-R1-071,True,False,20,20.0,19.0,20.0,1.0,0.02631578947368421,20.0,20.0,0.0,0.0,,27,,,,,,,,
PAIR,,VCP-R1-014,VCP-R1-072,True,False,20,20.0,19.0,20.0,1.0,0.02631578947368421,20.0,20.0,0.0,0.0,,27,,,,,,,,
PAIR,,VCP-R1-014,VCP-R1-073,True,False,20,20.0,19.0,20.0,1.0,0.02631578947368421,20.0,20.0,0.0,0.0,,27,,,,,,,,
PAIR,,VCP-R1-014,VCP-R1-074,True,False,20,20.0,19.0,20.0,1.0,0.02631578947368421,20.0,20.0,0.0,0.0,,27,,,,,,,,
PAIR,,VCP-R1-014,VCP-R1-075,True,False,20,20.0,19.0,20.0,1.0,0.02631578947368421,20.0,20.0,0.0,0.0,,27,,,,,,,,
PAIR,,VCP-R1-014,VCP-R1-076,True,False,20,20.0,19.0,20.0,1.0,0.02631578947368421,20.0,20.0,0.0,0.0,,27,,,,,,,,
PAIR,,VCP-R1-014,VCP-R1-077,True,False,20,20.0,19.0,19.0,1.0,0.02702702702702703,20.0,20.0,0.0,0.0,,27,,,,,,,,
PAIR,,VCP-R1-014,VCP-R1-078,True,False,20,20.0,19.0,20.0,1.0,0.02631578947368421,20.0,20.0,0.0,0.0,,27,,,,,,,,
PAIR,,VCP-R1-014,VCP-R1-079,True,False,20,20.0,19.0,20.0,1.0,0.02631578947368421,20.0,20.0,0.0,0.0,,27,,,,,,,,
PAIR,,VCP-R1-014,VCP-R1-080,True,False,20,20.0,19.0,20.0,1.0,0.02631578947368421,20.0,20.0,0.0,0.0,,27,,,,,,,,
PAIR,,VCP-R1-014,VCP-R1-081,True,False,20,20.0,19.0,20.0,1.0,0.02631578947368421,20.0,20.0,0.0,0.0,,27,,,,,,,,
PAIR,,VCP-R1-014,VCP-R1-082,True,False,20,20.0,19.0,20.0,1.0,0.02631578947368421,20.0,20.0,0.0,0.0,,27,,,,,,,,
PAIR,,VCP-R1-014,VCP-R1-083,True,False,20,20.0,19.0,20.0,2.0,0.05405405405405406,20.0,20.0,0.0,0.0,,27,,,,,,,,
PAIR,,VCP-R1-014,VCP-R1-084,True,False,20,18.0,19.0,18.0,2.0,0.05714285714285714,20.0,18.0,0.0,0.0,,27,,,,,,,,
PAIR,,VCP-R1-014,VCP-R1-085,True,False,20,20.0,19.0,19.0,0.0,0.0,20.0,20.0,0.0,0.0,,27,,,,,,,,
PAIR,,VCP-R1-014,VCP-R1-086,True,False,20,20.0,19.0,20.0,0.0,0.0,20.0,20.0,0.0,0.0,,27,,,,,,,,
PAIR,,VCP-R1-014,VCP-R1-087,True,False,20,20.0,19.0,19.0,0.0,0.0,20.0,20.0,0.0,0.0,,27,,,,,,,,
PAIR,,VCP-R1-014,VCP-R1-088,True,False,20,20.0,19.0,19.0,0.0,0.0,20.0,20.0,0.0,0.0,,27,,,,,,,,
PAIR,,VCP-R1-014,VCP-R1-089,True,False,20,20.0,19.0,19.0,0.0,0.0,20.0,20.0,0.0,0.0,,27,,,,,,,,
PAIR,,VCP-R1-014,VCP-R1-090,True,False,20,20.0,19.0,20.0,0.0,0.0,20.0,20.0,0.0,0.0,,27,,,,,,,,
PAIR,,VCP-R1-014,VCP-R1-091,True,False,20,20.0,19.0,19.0,1.0,0.02702702702702703,20.0,20.0,0.0,0.0,,27,,,,,,,,
PAIR,,VCP-R1-014,VCP-R1-092,True,False,20,20.0,19.0,19.0,1.0,0.02702702702702703,20.0,20.0,0.0,0.0,,27,,,,,,,,
PAIR,,VCP-R1-014,VCP-R1-093,True,False,20,20.0,19.0,19.0,1.0,0.02702702702702703,20.0,20.0,0.0,0.0,,27,,,,,,,,
PAIR,,VCP-R1-014,VCP-R1-094,True,False,20,20.0,19.0,19.0,0.0,0.0,20.0,20.0,0.0,0.0,,27,,,,,,,,
PAIR,,VCP-R1-014,VCP-R1-095,True,False,20,20.0,19.0,20.0,1.0,0.02631578947368421,20.0,20.0,0.0,0.0,,27,,,,,,,,
PAIR,,VCP-R1-014,VCP-R1-096,True,False,20,20.0,19.0,20.0,1.0,0.02631578947368421,20.0,20.0,0.0,0.0,,27,,,,,,,,
PAIR,,VCP-R1-014,VCP-R1-097,True,False,20,20.0,19.0,20.0,1.0,0.02631578947368421,20.0,20.0,0.0,0.0,,27,,,,,,,,
PAIR,,VCP-R1-014,VCP-R1-098,True,False,20,20.0,19.0,20.0,1.0,0.02631578947368421,20.0,20.0,0.0,0.0,,27,,,,,,,,
PAIR,,VCP-R1-014,VCP-R1-099,True,False,20,20.0,19.0,20.0,2.0,0.05405405405405406,20.0,20.0,0.0,0.0,,27,,,,,,,,
PAIR,,VCP-R1-014,VCP-R1-100,True,False,20,20.0,19.0,19.0,1.0,0.02702702702702703,20.0,20.0,0.0,0.0,,27,,,,,,,,
PAIR,,VCP-R1-014,VCP-R1-101,True,False,20,20.0,19.0,19.0,1.0,0.02702702702702703,20.0,20.0,0.0,0.0,,27,,,,,,,,
PAIR,,VCP-R1-014,VCP-R1-102,True,False,20,20.0,19.0,19.0,1.0,0.02702702702702703,20.0,20.0,0.0,0.0,,27,,,,,,,,
PAIR,,VCP-R1-014,VCP-R1-103,True,False,20,20.0,19.0,19.0,0.0,0.0,20.0,20.0,0.0,0.0,,27,,,,,,,,
PAIR,,VCP-R1-014,VCP-R1-104,True,False,20,20.0,19.0,20.0,1.0,0.02631578947368421,20.0,20.0,0.0,0.0,,27,,,,,,,,
PAIR,,VCP-R1-014,VCP-R1-105,True,False,20,20.0,19.0,20.0,1.0,0.02631578947368421,20.0,20.0,0.0,0.0,,27,,,,,,,,
PAIR,,VCP-R1-014,VCP-R1-106,True,False,20,20.0,19.0,19.0,1.0,0.02702702702702703,20.0,20.0,0.0,0.0,,27,,,,,,,,
PAIR,,VCP-R1-014,VCP-R1-107,True,False,20,20.0,19.0,20.0,1.0,0.02631578947368421,20.0,20.0,0.0,0.0,,27,,,,,,,,
PAIR,,VCP-R1-014,VCP-R1-108,True,False,20,20.0,19.0,20.0,1.0,0.02631578947368421,20.0,20.0,0.0,0.0,,27,,,,,,,,
PAIR,,VCP-R1-015,VCP-R1-016,False,False,20,20.0,19.0,20.0,6.0,0.18181818181818182,20.0,20.0,6.0,0.17647058823529413,,27,,,,,,,,
PAIR,,VCP-R1-015,VCP-R1-017,False,True,20,20.0,19.0,19.0,7.0,0.22580645161290322,20.0,20.0,7.0,0.21212121212121213,,27,,,,,,,,
PAIR,,VCP-R1-015,VCP-R1-018,False,False,20,20.0,19.0,20.0,13.0,0.5,20.0,20.0,13.0,0.48148148148148145,,27,,,,,,,,
PAIR,,VCP-R1-015,VCP-R1-019,False,False,20,20.0,19.0,20.0,10.0,0.3448275862068966,20.0,20.0,9.0,0.2903225806451613,,27,,,,,,,,
PAIR,,VCP-R1-015,VCP-R1-020,False,True,20,20.0,19.0,19.0,11.0,0.4074074074074074,20.0,20.0,11.0,0.3793103448275862,,27,,,,,,,,
PAIR,,VCP-R1-015,VCP-R1-021,False,True,20,20.0,19.0,19.0,12.0,0.46153846153846156,20.0,20.0,12.0,0.42857142857142855,,27,,,,,,,,
PAIR,,VCP-R1-015,VCP-R1-022,False,False,20,20.0,19.0,19.0,7.0,0.22580645161290322,20.0,20.0,7.0,0.21212121212121213,,27,,,,,,,,
PAIR,,VCP-R1-015,VCP-R1-023,False,False,20,20.0,19.0,19.0,10.0,0.35714285714285715,20.0,20.0,10.0,0.3333333333333333,,27,,,,,,,,
PAIR,,VCP-R1-015,VCP-R1-024,False,False,20,20.0,19.0,19.0,18.0,0.9,20.0,20.0,19.0,0.9047619047619048,,27,,,,,,,,
PAIR,,VCP-R1-015,VCP-R1-025,False,False,20,20.0,19.0,20.0,6.0,0.18181818181818182,20.0,20.0,6.0,0.17647058823529413,,27,,,,,,,,
PAIR,,VCP-R1-015,VCP-R1-026,False,True,20,20.0,19.0,19.0,7.0,0.22580645161290322,20.0,20.0,7.0,0.21212121212121213,,27,,,,,,,,
PAIR,,VCP-R1-015,VCP-R1-027,False,False,20,20.0,19.0,20.0,13.0,0.5,20.0,20.0,13.0,0.48148148148148145,,27,,,,,,,,
PAIR,,VCP-R1-015,VCP-R1-028,False,False,20,20.0,19.0,20.0,1.0,0.02631578947368421,20.0,20.0,0.0,0.0,,27,,,,,,,,
PAIR,,VCP-R1-015,VCP-R1-029,False,False,20,20.0,19.0,20.0,1.0,0.02631578947368421,20.0,20.0,0.0,0.0,,27,,,,,,,,
PAIR,,VCP-R1-015,VCP-R1-030,False,True,20,20.0,19.0,18.0,1.0,0.027777777777777776,20.0,20.0,0.0,0.0,,27,,,,,,,,
PAIR,,VCP-R1-015,VCP-R1-031,False,True,20,20.0,19.0,20.0,0.0,0.0,20.0,20.0,0.0,0.0,,27,,,,,,,,
PAIR,,VCP-R1-015,VCP-R1-032,False,True,20,20.0,19.0,20.0,1.0,0.02631578947368421,20.0,20.0,0.0,0.0,,27,,,,,,,,
PAIR,,VCP-R1-015,VCP-R1-033,False,True,20,20.0,19.0,19.0,1.0,0.02702702702702703,20.0,20.0,0.0,0.0,,27,,,,,,,,
PAIR,,VCP-R1-015,VCP-R1-034,False,False,20,20.0,19.0,19.0,0.0,0.0,20.0,20.0,0.0,0.0,,27,,,,,,,,
PAIR,,VCP-R1-015,VCP-R1-035,False,False,20,20.0,19.0,20.0,0.0,0.0,20.0,20.0,0.0,0.0,,27,,,,,,,,
PAIR,,VCP-R1-015,VCP-R1-036,False,True,20,20.0,19.0,20.0,1.0,0.02631578947368421,20.0,20.0,0.0,0.0,,27,,,,,,,,
PAIR,,VCP-R1-015,VCP-R1-037,False,False,20,20.0,19.0,19.0,1.0,0.02702702702702703,20.0,20.0,0.0,0.0,,27,,,,,,,,
PAIR,,VCP-R1-015,VCP-R1-038,False,False,20,20.0,19.0,20.0,1.0,0.02631578947368421,20.0,20.0,0.0,0.0,,27,,,,,,,,
PAIR,,VCP-R1-015,VCP-R1-039,False,False,20,20.0,19.0,20.0,1.0,0.02631578947368421,20.0,20.0,0.0,0.0,,27,,,,,,,,
PAIR,,VCP-R1-015,VCP-R1-040,False,True,20,20.0,19.0,19.0,1.0,0.02702702702702703,20.0,20.0,0.0,0.0,,27,,,,,,,,
PAIR,,VCP-R1-015,VCP-R1-041,False,False,20,20.0,19.0,20.0,1.0,0.02631578947368421,20.0,20.0,0.0,0.0,,27,,,,,,,,
PAIR,,VCP-R1-015,VCP-R1-042,False,True,20,20.0,19.0,20.0,2.0,0.05405405405405406,20.0,20.0,0.0,0.0,,27,,,,,,,,
PAIR,,VCP-R1-015,VCP-R1-043,False,True,20,20.0,19.0,19.0,1.0,0.02702702702702703,20.0,20.0,0.0,0.0,,27,,,,,,,,
PAIR,,VCP-R1-015,VCP-R1-044,False,False,20,20.0,19.0,20.0,1.0,0.02631578947368421,20.0,20.0,0.0,0.0,,27,,,,,,,,
PAIR,,VCP-R1-015,VCP-R1-045,False,True,20,20.0,19.0,20.0,1.0,0.02631578947368421,20.0,20.0,0.0,0.0,,27,,,,,,,,
PAIR,,VCP-R1-015,VCP-R1-046,False,False,20,20.0,19.0,19.0,1.0,0.02702702702702703,20.0,20.0,0.0,0.0,,27,,,,,,,,
PAIR,,VCP-R1-015,VCP-R1-047,False,False,20,20.0,19.0,20.0,1.0,0.02631578947368421,20.0,20.0,0.0,0.0,,27,,,,,,,,
PAIR,,VCP-R1-015,VCP-R1-048,False,False,20,20.0,19.0,20.0,1.0,0.02631578947368421,20.0,20.0,0.0,0.0,,27,,,,,,,,
PAIR,,VCP-R1-015,VCP-R1-049,False,True,20,20.0,19.0,20.0,1.0,0.02631578947368421,20.0,20.0,0.0,0.0,,27,,,,,,,,
PAIR,,VCP-R1-015,VCP-R1-050,False,False,20,20.0,19.0,20.0,1.0,0.02631578947368421,20.0,20.0,0.0,0.0,,27,,,,,,,,
PAIR,,VCP-R1-015,VCP-R1-051,False,True,20,20.0,19.0,20.0,2.0,0.05405405405405406,20.0,20.0,0.0,0.0,,27,,,,,,,,
PAIR,,VCP-R1-015,VCP-R1-052,False,True,20,20.0,19.0,19.0,1.0,0.02702702702702703,20.0,20.0,0.0,0.0,,27,,,,,,,,
PAIR,,VCP-R1-015,VCP-R1-053,False,False,20,20.0,19.0,20.0,1.0,0.02631578947368421,20.0,20.0,0.0,0.0,,27,,,,,,,,
PAIR,,VCP-R1-015,VCP-R1-054,False,True,20,20.0,19.0,20.0,1.0,0.02631578947368421,20.0,20.0,0.0,0.0,,27,,,,,,,,
PAIR,,VCP-R1-015,VCP-R1-055,False,False,20,20.0,19.0,18.0,1.0,0.027777777777777776,20.0,20.0,0.0,0.0,,27,,,,,,,,
PAIR,,VCP-R1-015,VCP-R1-056,False,False,20,20.0,19.0,20.0,1.0,0.02631578947368421,20.0,20.0,0.0,0.0,,27,,,,,,,,
PAIR,,VCP-R1-015,VCP-R1-057,False,False,20,19.0,19.0,18.0,1.0,0.027777777777777776,20.0,19.0,0.0,0.0,,27,,,,,,,,
PAIR,,VCP-R1-015,VCP-R1-058,False,False,20,20.0,19.0,19.0,1.0,0.02702702702702703,20.0,20.0,0.0,0.0,,27,,,,,,,,
PAIR,,VCP-R1-015,VCP-R1-059,False,False,20,20.0,19.0,19.0,1.0,0.02702702702702703,20.0,20.0,0.0,0.0,,27,,,,,,,,
PAIR,,VCP-R1-015,VCP-R1-060,False,False,20,20.0,19.0,20.0,1.0,0.02631578947368421,20.0,20.0,0.0,0.0,,27,,,,,,,,
PAIR,,VCP-R1-015,VCP-R1-061,False,False,20,20.0,19.0,20.0,1.0,0.02631578947368421,20.0,20.0,0.0,0.0,,27,,,,,,,,
PAIR,,VCP-R1-015,VCP-R1-062,False,False,20,20.0,19.0,20.0,1.0,0.02631578947368421,20.0,20.0,0.0,0.0,,27,,,,,,,,
PAIR,,VCP-R1-015,VCP-R1-063,False,False,20,20.0,19.0,20.0,1.0,0.02631578947368421,20.0,20.0,0.0,0.0,,27,,,,,,,,
PAIR,,VCP-R1-015,VCP-R1-064,False,False,20,20.0,19.0,19.0,3.0,0.08571428571428572,20.0,20.0,0.0,0.0,,27,,,,,,,,
PAIR,,VCP-R1-015,VCP-R1-065,False,False,20,20.0,19.0,20.0,2.0,0.05405405405405406,20.0,20.0,0.0,0.0,,27,,,,,,,,
PAIR,,VCP-R1-015,VCP-R1-066,False,False,20,20.0,19.0,20.0,2.0,0.05405405405405406,20.0,20.0,0.0,0.0,,27,,,,,,,,
PAIR,,VCP-R1-015,VCP-R1-067,False,False,20,20.0,19.0,20.0,2.0,0.05405405405405406,20.0,20.0,0.0,0.0,,27,,,,,,,,
PAIR,,VCP-R1-015,VCP-R1-068,False,False,20,20.0,19.0,19.0,2.0,0.05555555555555555,20.0,20.0,0.0,0.0,,27,,,,,,,,
PAIR,,VCP-R1-015,VCP-R1-069,False,False,20,20.0,19.0,20.0,2.0,0.05405405405405406,20.0,20.0,0.0,0.0,,27,,,,,,,,
PAIR,,VCP-R1-015,VCP-R1-070,False,False,20,20.0,19.0,20.0,2.0,0.05405405405405406,20.0,20.0,0.0,0.0,,27,,,,,,,,
PAIR,,VCP-R1-015,VCP-R1-071,False,False,20,20.0,19.0,20.0,2.0,0.05405405405405406,20.0,20.0,0.0,0.0,,27,,,,,,,,
PAIR,,VCP-R1-015,VCP-R1-072,False,False,20,20.0,19.0,20.0,2.0,0.05405405405405406,20.0,20.0,0.0,0.0,,27,,,,,,,,
PAIR,,VCP-R1-015,VCP-R1-073,False,False,20,20.0,19.0,20.0,2.0,0.05405405405405406,20.0,20.0,0.0,0.0,,27,,,,,,,,
PAIR,,VCP-R1-015,VCP-R1-074,False,False,20,20.0,19.0,20.0,2.0,0.05405405405405406,20.0,20.0,0.0,0.0,,27,,,,,,,,
PAIR,,VCP-R1-015,VCP-R1-075,False,False,20,20.0,19.0,20.0,2.0,0.05405405405405406,20.0,20.0,0.0,0.0,,27,,,,,,,,
PAIR,,VCP-R1-015,VCP-R1-076,False,False,20,20.0,19.0,20.0,2.0,0.05405405405405406,20.0,20.0,0.0,0.0,,27,,,,,,,,
PAIR,,VCP-R1-015,VCP-R1-077,False,False,20,20.0,19.0,19.0,2.0,0.05555555555555555,20.0,20.0,0.0,0.0,,27,,,,,,,,
PAIR,,VCP-R1-015,VCP-R1-078,False,False,20,20.0,19.0,20.0,2.0,0.05405405405405406,20.0,20.0,0.0,0.0,,27,,,,,,,,
PAIR,,VCP-R1-015,VCP-R1-079,False,False,20,20.0,19.0,20.0,2.0,0.05405405405405406,20.0,20.0,0.0,0.0,,27,,,,,,,,
PAIR,,VCP-R1-015,VCP-R1-080,False,False,20,20.0,19.0,20.0,2.0,0.05405405405405406,20.0,20.0,0.0,0.0,,27,,,,,,,,
PAIR,,VCP-R1-015,VCP-R1-081,False,False,20,20.0,19.0,20.0,2.0,0.05405405405405406,20.0,20.0,0.0,0.0,,27,,,,,,,,
PAIR,,VCP-R1-015,VCP-R1-082,False,False,20,20.0,19.0,20.0,0.0,0.0,20.0,20.0,0.0,0.0,,27,,,,,,,,
PAIR,,VCP-R1-015,VCP-R1-083,False,False,20,20.0,19.0,20.0,1.0,0.02631578947368421,20.0,20.0,0.0,0.0,,27,,,,,,,,
PAIR,,VCP-R1-015,VCP-R1-084,False,False,20,18.0,19.0,18.0,1.0,0.027777777777777776,20.0,18.0,0.0,0.0,,27,,,,,,,,
PAIR,,VCP-R1-015,VCP-R1-085,False,False,20,20.0,19.0,19.0,0.0,0.0,20.0,20.0,0.0,0.0,,27,,,,,,,,
PAIR,,VCP-R1-015,VCP-R1-086,False,False,20,20.0,19.0,20.0,0.0,0.0,20.0,20.0,0.0,0.0,,27,,,,,,,,
PAIR,,VCP-R1-015,VCP-R1-087,False,False,20,20.0,19.0,19.0,0.0,0.0,20.0,20.0,0.0,0.0,,27,,,,,,,,
PAIR,,VCP-R1-015,VCP-R1-088,False,False,20,20.0,19.0,19.0,0.0,0.0,20.0,20.0,0.0,0.0,,27,,,,,,,,
PAIR,,VCP-R1-015,VCP-R1-089,False,False,20,20.0,19.0,19.0,0.0,0.0,20.0,20.0,0.0,0.0,,27,,,,,,,,
PAIR,,VCP-R1-015,VCP-R1-090,False,False,20,20.0,19.0,20.0,0.0,0.0,20.0,20.0,0.0,0.0,,27,,,,,,,,
PAIR,,VCP-R1-015,VCP-R1-091,False,False,20,20.0,19.0,19.0,1.0,0.02702702702702703,20.0,20.0,0.0,0.0,,27,,,,,,,,
PAIR,,VCP-R1-015,VCP-R1-092,False,False,20,20.0,19.0,19.0,1.0,0.02702702702702703,20.0,20.0,0.0,0.0,,27,,,,,,,,
PAIR,,VCP-R1-015,VCP-R1-093,False,False,20,20.0,19.0,19.0,1.0,0.02702702702702703,20.0,20.0,0.0,0.0,,27,,,,,,,,
PAIR,,VCP-R1-015,VCP-R1-094,False,False,20,20.0,19.0,19.0,0.0,0.0,20.0,20.0,0.0,0.0,,27,,,,,,,,
PAIR,,VCP-R1-015,VCP-R1-095,False,False,20,20.0,19.0,20.0,1.0,0.02631578947368421,20.0,20.0,0.0,0.0,,27,,,,,,,,
PAIR,,VCP-R1-015,VCP-R1-096,False,False,20,20.0,19.0,20.0,1.0,0.02631578947368421,20.0,20.0,0.0,0.0,,27,,,,,,,,
PAIR,,VCP-R1-015,VCP-R1-097,False,False,20,20.0,19.0,20.0,1.0,0.02631578947368421,20.0,20.0,0.0,0.0,,27,,,,,,,,
PAIR,,VCP-R1-015,VCP-R1-098,False,False,20,20.0,19.0,20.0,1.0,0.02631578947368421,20.0,20.0,0.0,0.0,,27,,,,,,,,
PAIR,,VCP-R1-015,VCP-R1-099,False,False,20,20.0,19.0,20.0,2.0,0.05405405405405406,20.0,20.0,0.0,0.0,,27,,,,,,,,
PAIR,,VCP-R1-015,VCP-R1-100,False,False,20,20.0,19.0,19.0,1.0,0.02702702702702703,20.0,20.0,0.0,0.0,,27,,,,,,,,
PAIR,,VCP-R1-015,VCP-R1-101,False,False,20,20.0,19.0,19.0,1.0,0.02702702702702703,20.0,20.0,0.0,0.0,,27,,,,,,,,
PAIR,,VCP-R1-015,VCP-R1-102,False,False,20,20.0,19.0,19.0,1.0,0.02702702702702703,20.0,20.0,0.0,0.0,,27,,,,,,,,
PAIR,,VCP-R1-015,VCP-R1-103,False,False,20,20.0,19.0,19.0,0.0,0.0,20.0,20.0,0.0,0.0,,27,,,,,,,,
PAIR,,VCP-R1-015,VCP-R1-104,False,False,20,20.0,19.0,20.0,1.0,0.02631578947368421,20.0,20.0,0.0,0.0,,27,,,,,,,,
PAIR,,VCP-R1-015,VCP-R1-105,False,False,20,20.0,19.0,20.0,1.0,0.02631578947368421,20.0,20.0,0.0,0.0,,27,,,,,,,,
PAIR,,VCP-R1-015,VCP-R1-106,False,False,20,20.0,19.0,19.0,2.0,0.05555555555555555,20.0,20.0,0.0,0.0,,27,,,,,,,,
PAIR,,VCP-R1-015,VCP-R1-107,False,False,20,20.0,19.0,20.0,2.0,0.05405405405405406,20.0,20.0,0.0,0.0,,27,,,,,,,,
PAIR,,VCP-R1-015,VCP-R1-108,False,False,20,20.0,19.0,20.0,1.0,0.02631578947368421,20.0,20.0,0.0,0.0,,27,,,,,,,,
PAIR,,VCP-R1-016,VCP-R1-017,False,True,20,20.0,20.0,19.0,14.0,0.56,20.0,20.0,14.0,0.5384615384615384,,27,,,,,,,,
PAIR,,VCP-R1-016,VCP-R1-018,False,False,20,20.0,20.0,20.0,9.0,0.2903225806451613,20.0,20.0,9.0,0.2903225806451613,,27,,,,,,,,
PAIR,,VCP-R1-016,VCP-R1-019,False,False,20,20.0,20.0,20.0,10.0,0.3333333333333333,20.0,20.0,9.0,0.2903225806451613,,27,,,,,,,,
PAIR,,VCP-R1-016,VCP-R1-020,False,True,20,20.0,20.0,19.0,7.0,0.21875,20.0,20.0,6.0,0.17647058823529413,,27,,,,,,,,
PAIR,,VCP-R1-016,VCP-R1-021,False,True,20,20.0,20.0,19.0,5.0,0.14705882352941177,20.0,20.0,4.0,0.1111111111111111,,27,,,,,,,,
PAIR,,VCP-R1-016,VCP-R1-022,False,False,20,20.0,20.0,19.0,15.0,0.625,20.0,20.0,14.0,0.5384615384615384,,27,,,,,,,,
PAIR,,VCP-R1-016,VCP-R1-023,False,False,20,20.0,20.0,19.0,11.0,0.39285714285714285,20.0,20.0,11.0,0.3793103448275862,,27,,,,,,,,
PAIR,,VCP-R1-016,VCP-R1-024,False,False,20,20.0,20.0,19.0,6.0,0.18181818181818182,20.0,20.0,6.0,0.17647058823529413,,27,,,,,,,,
PAIR,,VCP-R1-016,VCP-R1-025,False,False,20,20.0,20.0,20.0,19.0,0.9047619047619048,20.0,20.0,19.0,0.9047619047619048,,27,,,,,,,,
PAIR,,VCP-R1-016,VCP-R1-026,False,True,20,20.0,20.0,19.0,14.0,0.56,20.0,20.0,14.0,0.5384615384615384,,27,,,,,,,,
PAIR,,VCP-R1-016,VCP-R1-027,False,False,20,20.0,20.0,20.0,9.0,0.2903225806451613,20.0,20.0,9.0,0.2903225806451613,,27,,,,,,,,
PAIR,,VCP-R1-016,VCP-R1-028,False,False,20,20.0,20.0,20.0,1.0,0.02564102564102564,20.0,20.0,1.0,0.02564102564102564,,27,,,,,,,,
PAIR,,VCP-R1-016,VCP-R1-029,False,False,20,20.0,20.0,20.0,0.0,0.0,20.0,20.0,0.0,0.0,,27,,,,,,,,
PAIR,,VCP-R1-016,VCP-R1-030,False,True,20,20.0,20.0,18.0,0.0,0.0,20.0,20.0,0.0,0.0,,27,,,,,,,,
PAIR,,VCP-R1-016,VCP-R1-031,False,True,20,20.0,20.0,20.0,2.0,0.05263157894736842,20.0,20.0,2.0,0.05263157894736842,,27,,,,,,,,
PAIR,,VCP-R1-016,VCP-R1-032,False,True,20,20.0,20.0,20.0,0.0,0.0,20.0,20.0,0.0,0.0,,27,,,,,,,,
PAIR,,VCP-R1-016,VCP-R1-033,False,True,20,20.0,20.0,19.0,0.0,0.0,20.0,20.0,0.0,0.0,,27,,,,,,,,
PAIR,,VCP-R1-016,VCP-R1-034,False,False,20,20.0,20.0,19.0,2.0,0.05405405405405406,20.0,20.0,2.0,0.05263157894736842,,27,,,,,,,,
PAIR,,VCP-R1-016,VCP-R1-035,False,False,20,20.0,20.0,20.0,1.0,0.02564102564102564,20.0,20.0,0.0,0.0,,27,,,,,,,,
PAIR,,VCP-R1-016,VCP-R1-036,False,True,20,20.0,20.0,20.0,1.0,0.02564102564102564,20.0,20.0,0.0,0.0,,27,,,,,,,,
PAIR,,VCP-R1-016,VCP-R1-037,False,False,20,20.0,20.0,19.0,3.0,0.08333333333333333,20.0,20.0,2.0,0.05263157894736842,,27,,,,,,,,
PAIR,,VCP-R1-016,VCP-R1-038,False,False,20,20.0,20.0,20.0,1.0,0.02564102564102564,20.0,20.0,1.0,0.02564102564102564,,27,,,,,,,,
PAIR,,VCP-R1-016,VCP-R1-039,False,False,20,20.0,20.0,20.0,0.0,0.0,20.0,20.0,0.0,0.0,,27,,,,,,,,
PAIR,,VCP-R1-016,VCP-R1-040,False,True,20,20.0,20.0,19.0,3.0,0.08333333333333333,20.0,20.0,3.0,0.08108108108108109,,27,,,,,,,,
PAIR,,VCP-R1-016,VCP-R1-041,False,False,20,20.0,20.0,20.0,1.0,0.02564102564102564,20.0,20.0,1.0,0.02564102564102564,,27,,,,,,,,
PAIR,,VCP-R1-016,VCP-R1-042,False,True,20,20.0,20.0,20.0,0.0,0.0,20.0,20.0,0.0,0.0,,27,,,,,,,,
PAIR,,VCP-R1-016,VCP-R1-043,False,True,20,20.0,20.0,19.0,3.0,0.08333333333333333,20.0,20.0,3.0,0.08108108108108109,,27,,,,,,,,
PAIR,,VCP-R1-016,VCP-R1-044,False,False,20,20.0,20.0,20.0,2.0,0.05263157894736842,20.0,20.0,1.0,0.02564102564102564,,27,,,,,,,,
PAIR,,VCP-R1-016,VCP-R1-045,False,True,20,20.0,20.0,20.0,1.0,0.02564102564102564,20.0,20.0,0.0,0.0,,27,,,,,,,,
PAIR,,VCP-R1-016,VCP-R1-046,False,False,20,20.0,20.0,19.0,3.0,0.08333333333333333,20.0,20.0,2.0,0.05263157894736842,,27,,,,,,,,
PAIR,,VCP-R1-016,VCP-R1-047,False,False,20,20.0,20.0,20.0,1.0,0.02564102564102564,20.0,20.0,1.0,0.02564102564102564,,27,,,,,,,,
PAIR,,VCP-R1-016,VCP-R1-048,False,False,20,20.0,20.0,20.0,0.0,0.0,20.0,20.0,0.0,0.0,,27,,,,,,,,
PAIR,,VCP-R1-016,VCP-R1-049,False,True,20,20.0,20.0,20.0,3.0,0.08108108108108109,20.0,20.0,3.0,0.08108108108108109,,27,,,,,,,,
PAIR,,VCP-R1-016,VCP-R1-050,False,False,20,20.0,20.0,20.0,1.0,0.02564102564102564,20.0,20.0,1.0,0.02564102564102564,,27,,,,,,,,
PAIR,,VCP-R1-016,VCP-R1-051,False,True,20,20.0,20.0,20.0,0.0,0.0,20.0,20.0,0.0,0.0,,27,,,,,,,,
PAIR,,VCP-R1-016,VCP-R1-052,False,True,20,20.0,20.0,19.0,3.0,0.08333333333333333,20.0,20.0,3.0,0.08108108108108109,,27,,,,,,,,
PAIR,,VCP-R1-016,VCP-R1-053,False,False,20,20.0,20.0,20.0,2.0,0.05263157894736842,20.0,20.0,1.0,0.02564102564102564,,27,,,,,,,,
PAIR,,VCP-R1-016,VCP-R1-054,False,True,20,20.0,20.0,20.0,1.0,0.02564102564102564,20.0,20.0,0.0,0.0,,27,,,,,,,,
PAIR,,VCP-R1-016,VCP-R1-055,False,False,20,20.0,20.0,18.0,0.0,0.0,20.0,20.0,0.0,0.0,,27,,,,,,,,
PAIR,,VCP-R1-016,VCP-R1-056,False,False,20,20.0,20.0,20.0,1.0,0.02564102564102564,20.0,20.0,0.0,0.0,,27,,,,,,,,
PAIR,,VCP-R1-016,VCP-R1-057,False,False,20,19.0,20.0,18.0,0.0,0.0,20.0,19.0,0.0,0.0,,27,,,,,,,,
PAIR,,VCP-R1-016,VCP-R1-058,False,False,20,20.0,20.0,19.0,1.0,0.02631578947368421,20.0,20.0,0.0,0.0,,27,,,,,,,,
PAIR,,VCP-R1-016,VCP-R1-059,False,False,20,20.0,20.0,19.0,0.0,0.0,20.0,20.0,0.0,0.0,,27,,,,,,,,
PAIR,,VCP-R1-016,VCP-R1-060,False,False,20,20.0,20.0,20.0,0.0,0.0,20.0,20.0,0.0,0.0,,27,,,,,,,,
PAIR,,VCP-R1-016,VCP-R1-061,False,False,20,20.0,20.0,20.0,0.0,0.0,20.0,20.0,0.0,0.0,,27,,,,,,,,
PAIR,,VCP-R1-016,VCP-R1-062,False,False,20,20.0,20.0,20.0,0.0,0.0,20.0,20.0,0.0,0.0,,27,,,,,,,,
PAIR,,VCP-R1-016,VCP-R1-063,False,False,20,20.0,20.0,20.0,0.0,0.0,20.0,20.0,0.0,0.0,,27,,,,,,,,
PAIR,,VCP-R1-016,VCP-R1-064,False,False,20,20.0,20.0,19.0,1.0,0.02631578947368421,20.0,20.0,0.0,0.0,,27,,,,,,,,
PAIR,,VCP-R1-016,VCP-R1-065,False,False,20,20.0,20.0,20.0,1.0,0.02564102564102564,20.0,20.0,0.0,0.0,,27,,,,,,,,
PAIR,,VCP-R1-016,VCP-R1-066,False,False,20,20.0,20.0,20.0,1.0,0.02564102564102564,20.0,20.0,0.0,0.0,,27,,,,,,,,
PAIR,,VCP-R1-016,VCP-R1-067,False,False,20,20.0,20.0,20.0,1.0,0.02564102564102564,20.0,20.0,0.0,0.0,,27,,,,,,,,
PAIR,,VCP-R1-016,VCP-R1-068,False,False,20,20.0,20.0,19.0,1.0,0.02631578947368421,20.0,20.0,0.0,0.0,,27,,,,,,,,
PAIR,,VCP-R1-016,VCP-R1-069,False,False,20,20.0,20.0,20.0,1.0,0.02564102564102564,20.0,20.0,0.0,0.0,,27,,,,,,,,
PAIR,,VCP-R1-016,VCP-R1-070,False,False,20,20.0,20.0,20.0,1.0,0.02564102564102564,20.0,20.0,0.0,0.0,,27,,,,,,,,
PAIR,,VCP-R1-016,VCP-R1-071,False,False,20,20.0,20.0,20.0,1.0,0.02564102564102564,20.0,20.0,0.0,0.0,,27,,,,,,,,
PAIR,,VCP-R1-016,VCP-R1-072,False,False,20,20.0,20.0,20.0,1.0,0.02564102564102564,20.0,20.0,0.0,0.0,,27,,,,,,,,
PAIR,,VCP-R1-016,VCP-R1-073,False,False,20,20.0,20.0,20.0,1.0,0.02564102564102564,20.0,20.0,0.0,0.0,,27,,,,,,,,
PAIR,,VCP-R1-016,VCP-R1-074,False,False,20,20.0,20.0,20.0,1.0,0.02564102564102564,20.0,20.0,0.0,0.0,,27,,,,,,,,
PAIR,,VCP-R1-016,VCP-R1-075,False,False,20,20.0,20.0,20.0,1.0,0.02564102564102564,20.0,20.0,0.0,0.0,,27,,,,,,,,
PAIR,,VCP-R1-016,VCP-R1-076,False,False,20,20.0,20.0,20.0,1.0,0.02564102564102564,20.0,20.0,0.0,0.0,,27,,,,,,,,
PAIR,,VCP-R1-016,VCP-R1-077,False,False,20,20.0,20.0,19.0,1.0,0.02631578947368421,20.0,20.0,0.0,0.0,,27,,,,,,,,
PAIR,,VCP-R1-016,VCP-R1-078,False,False,20,20.0,20.0,20.0,1.0,0.02564102564102564,20.0,20.0,0.0,0.0,,27,,,,,,,,
PAIR,,VCP-R1-016,VCP-R1-079,False,False,20,20.0,20.0,20.0,1.0,0.02564102564102564,20.0,20.0,0.0,0.0,,27,,,,,,,,
PAIR,,VCP-R1-016,VCP-R1-080,False,False,20,20.0,20.0,20.0,1.0,0.02564102564102564,20.0,20.0,0.0,0.0,,27,,,,,,,,
PAIR,,VCP-R1-016,VCP-R1-081,False,False,20,20.0,20.0,20.0,1.0,0.02564102564102564,20.0,20.0,0.0,0.0,,27,,,,,,,,
PAIR,,VCP-R1-016,VCP-R1-082,False,False,20,20.0,20.0,20.0,1.0,0.02564102564102564,20.0,20.0,0.0,0.0,,27,,,,,,,,
PAIR,,VCP-R1-016,VCP-R1-083,False,False,20,20.0,20.0,20.0,1.0,0.02564102564102564,20.0,20.0,0.0,0.0,,27,,,,,,,,
PAIR,,VCP-R1-016,VCP-R1-084,False,False,20,18.0,20.0,18.0,1.0,0.02702702702702703,20.0,18.0,0.0,0.0,,27,,,,,,,,
PAIR,,VCP-R1-016,VCP-R1-085,False,False,20,20.0,20.0,19.0,0.0,0.0,20.0,20.0,0.0,0.0,,27,,,,,,,,
PAIR,,VCP-R1-016,VCP-R1-086,False,False,20,20.0,20.0,20.0,0.0,0.0,20.0,20.0,0.0,0.0,,27,,,,,,,,
PAIR,,VCP-R1-016,VCP-R1-087,False,False,20,20.0,20.0,19.0,0.0,0.0,20.0,20.0,0.0,0.0,,27,,,,,,,,
PAIR,,VCP-R1-016,VCP-R1-088,False,False,20,20.0,20.0,19.0,1.0,0.02631578947368421,20.0,20.0,0.0,0.0,,27,,,,,,,,
PAIR,,VCP-R1-016,VCP-R1-089,False,False,20,20.0,20.0,19.0,1.0,0.02631578947368421,20.0,20.0,0.0,0.0,,27,,,,,,,,
PAIR,,VCP-R1-016,VCP-R1-090,False,False,20,20.0,20.0,20.0,1.0,0.02564102564102564,20.0,20.0,0.0,0.0,,27,,,,,,,,
PAIR,,VCP-R1-016,VCP-R1-091,False,False,20,20.0,20.0,19.0,0.0,0.0,20.0,20.0,0.0,0.0,,27,,,,,,,,
PAIR,,VCP-R1-016,VCP-R1-092,False,False,20,20.0,20.0,19.0,0.0,0.0,20.0,20.0,0.0,0.0,,27,,,,,,,,
PAIR,,VCP-R1-016,VCP-R1-093,False,False,20,20.0,20.0,19.0,0.0,0.0,20.0,20.0,0.0,0.0,,27,,,,,,,,
PAIR,,VCP-R1-016,VCP-R1-094,False,False,20,20.0,20.0,19.0,1.0,0.02631578947368421,20.0,20.0,0.0,0.0,,27,,,,,,,,
PAIR,,VCP-R1-016,VCP-R1-095,False,False,20,20.0,20.0,20.0,1.0,0.02564102564102564,20.0,20.0,0.0,0.0,,27,,,,,,,,
PAIR,,VCP-R1-016,VCP-R1-096,False,False,20,20.0,20.0,20.0,0.0,0.0,20.0,20.0,0.0,0.0,,27,,,,,,,,
PAIR,,VCP-R1-016,VCP-R1-097,False,False,20,20.0,20.0,20.0,2.0,0.05263157894736842,20.0,20.0,0.0,0.0,,27,,,,,,,,
PAIR,,VCP-R1-016,VCP-R1-098,False,False,20,20.0,20.0,20.0,2.0,0.05263157894736842,20.0,20.0,0.0,0.0,,27,,,,,,,,
PAIR,,VCP-R1-016,VCP-R1-099,False,False,20,20.0,20.0,20.0,2.0,0.05263157894736842,20.0,20.0,0.0,0.0,,27,,,,,,,,
PAIR,,VCP-R1-016,VCP-R1-100,False,False,20,20.0,20.0,19.0,0.0,0.0,20.0,20.0,0.0,0.0,,27,,,,,,,,
PAIR,,VCP-R1-016,VCP-R1-101,False,False,20,20.0,20.0,19.0,0.0,0.0,20.0,20.0,0.0,0.0,,27,,,,,,,,
PAIR,,VCP-R1-016,VCP-R1-102,False,False,20,20.0,20.0,19.0,0.0,0.0,20.0,20.0,0.0,0.0,,27,,,,,,,,
PAIR,,VCP-R1-016,VCP-R1-103,False,False,20,20.0,20.0,19.0,1.0,0.02631578947368421,20.0,20.0,0.0,0.0,,27,,,,,,,,
PAIR,,VCP-R1-016,VCP-R1-104,False,False,20,20.0,20.0,20.0,1.0,0.02564102564102564,20.0,20.0,0.0,0.0,,27,,,,,,,,
PAIR,,VCP-R1-016,VCP-R1-105,False,False,20,20.0,20.0,20.0,0.0,0.0,20.0,20.0,0.0,0.0,,27,,,,,,,,
PAIR,,VCP-R1-016,VCP-R1-106,False,False,20,20.0,20.0,19.0,2.0,0.05405405405405406,20.0,20.0,0.0,0.0,,27,,,,,,,,
PAIR,,VCP-R1-016,VCP-R1-107,False,False,20,20.0,20.0,20.0,2.0,0.05263157894736842,20.0,20.0,0.0,0.0,,27,,,,,,,,
PAIR,,VCP-R1-016,VCP-R1-108,False,False,20,20.0,20.0,20.0,2.0,0.05263157894736842,20.0,20.0,0.0,0.0,,27,,,,,,,,
PAIR,,VCP-R1-017,VCP-R1-018,True,False,20,20.0,19.0,20.0,10.0,0.3448275862068966,20.0,20.0,10.0,0.3333333333333333,,27,,,,,,,,
PAIR,,VCP-R1-017,VCP-R1-019,True,False,20,20.0,19.0,20.0,9.0,0.3,20.0,20.0,8.0,0.25,,27,,,,,,,,
PAIR,,VCP-R1-017,VCP-R1-020,True,True,20,20.0,19.0,19.0,9.0,0.3103448275862069,20.0,20.0,8.0,0.25,,27,,,,,,,,
PAIR,,VCP-R1-017,VCP-R1-021,True,True,20,20.0,19.0,19.0,6.0,0.1875,20.0,20.0,5.0,0.14285714285714285,,27,,,,,,,,
PAIR,,VCP-R1-017,VCP-R1-022,True,False,20,20.0,19.0,19.0,15.0,0.6521739130434783,20.0,20.0,15.0,0.6,,27,,,,,,,,
PAIR,,VCP-R1-017,VCP-R1-023,True,False,20,20.0,19.0,19.0,16.0,0.7272727272727273,20.0,20.0,17.0,0.7391304347826086,,27,,,,,,,,
PAIR,,VCP-R1-017,VCP-R1-024,True,False,20,20.0,19.0,19.0,7.0,0.22580645161290322,20.0,20.0,7.0,0.21212121212121213,,27,,,,,,,,
PAIR,,VCP-R1-017,VCP-R1-025,True,False,20,20.0,19.0,20.0,13.0,0.5,20.0,20.0,13.0,0.48148148148148145,,27,,,,,,,,
PAIR,,VCP-R1-017,VCP-R1-026,True,True,20,20.0,19.0,19.0,18.0,0.9,20.0,20.0,19.0,0.9047619047619048,參數組合的主要贏家重疊，需檢查高原是否依賴共同個股／行情,27,,,,,,,,
PAIR,,VCP-R1-017,VCP-R1-027,True,False,20,20.0,19.0,20.0,10.0,0.3448275862068966,20.0,20.0,10.0,0.3333333333333333,,27,,,,,,,,
PAIR,,VCP-R1-017,VCP-R1-028,True,False,20,20.0,19.0,20.0,0.0,0.0,20.0,20.0,0.0,0.0,,27,,,,,,,,
PAIR,,VCP-R1-017,VCP-R1-029,True,False,20,20.0,19.0,20.0,0.0,0.0,20.0,20.0,0.0,0.0,,27,,,,,,,,
PAIR,,VCP-R1-017,VCP-R1-030,True,True,20,20.0,19.0,18.0,0.0,0.0,20.0,20.0,0.0,0.0,,27,,,,,,,,
PAIR,,VCP-R1-017,VCP-R1-031,True,True,20,20.0,19.0,20.0,0.0,0.0,20.0,20.0,0.0,0.0,,27,,,,,,,,
PAIR,,VCP-R1-017,VCP-R1-032,True,True,20,20.0,19.0,20.0,0.0,0.0,20.0,20.0,0.0,0.0,,27,,,,,,,,
PAIR,,VCP-R1-017,VCP-R1-033,True,True,20,20.0,19.0,19.0,0.0,0.0,20.0,20.0,0.0,0.0,,27,,,,,,,,
PAIR,,VCP-R1-017,VCP-R1-034,True,False,20,20.0,19.0,19.0,0.0,0.0,20.0,20.0,0.0,0.0,,27,,,,,,,,
PAIR,,VCP-R1-017,VCP-R1-035,True,False,20,20.0,19.0,20.0,0.0,0.0,20.0,20.0,0.0,0.0,,27,,,,,,,,
PAIR,,VCP-R1-017,VCP-R1-036,True,True,20,20.0,19.0,20.0,0.0,0.0,20.0,20.0,0.0,0.0,,27,,,,,,,,
PAIR,,VCP-R1-017,VCP-R1-037,True,False,20,20.0,19.0,19.0,1.0,0.02702702702702703,20.0,20.0,1.0,0.02564102564102564,,27,,,,,,,,
PAIR,,VCP-R1-017,VCP-R1-038,True,False,20,20.0,19.0,20.0,1.0,0.02631578947368421,20.0,20.0,1.0,0.02564102564102564,,27,,,,,,,,
PAIR,,VCP-R1-017,VCP-R1-039,True,False,20,20.0,19.0,20.0,0.0,0.0,20.0,20.0,0.0,0.0,,27,,,,,,,,
PAIR,,VCP-R1-017,VCP-R1-040,True,True,20,20.0,19.0,19.0,1.0,0.02702702702702703,20.0,20.0,1.0,0.02564102564102564,,27,,,,,,,,
PAIR,,VCP-R1-017,VCP-R1-041,True,False,20,20.0,19.0,20.0,1.0,0.02631578947368421,20.0,20.0,1.0,0.02564102564102564,,27,,,,,,,,
PAIR,,VCP-R1-017,VCP-R1-042,True,True,20,20.0,19.0,20.0,0.0,0.0,20.0,20.0,0.0,0.0,,27,,,,,,,,
PAIR,,VCP-R1-017,VCP-R1-043,True,True,20,20.0,19.0,19.0,1.0,0.02702702702702703,20.0,20.0,1.0,0.02564102564102564,,27,,,,,,,,
PAIR,,VCP-R1-017,VCP-R1-044,True,False,20,20.0,19.0,20.0,1.0,0.02631578947368421,20.0,20.0,1.0,0.02564102564102564,,27,,,,,,,,
PAIR,,VCP-R1-017,VCP-R1-045,True,True,20,20.0,19.0,20.0,0.0,0.0,20.0,20.0,0.0,0.0,,27,,,,,,,,
PAIR,,VCP-R1-017,VCP-R1-046,True,False,20,20.0,19.0,19.0,1.0,0.02702702702702703,20.0,20.0,1.0,0.02564102564102564,,27,,,,,,,,
PAIR,,VCP-R1-017,VCP-R1-047,True,False,20,20.0,19.0,20.0,1.0,0.02631578947368421,20.0,20.0,1.0,0.02564102564102564,,27,,,,,,,,
PAIR,,VCP-R1-017,VCP-R1-048,True,False,20,20.0,19.0,20.0,0.0,0.0,20.0,20.0,0.0,0.0,,27,,,,,,,,
PAIR,,VCP-R1-017,VCP-R1-049,True,True,20,20.0,19.0,20.0,1.0,0.02631578947368421,20.0,20.0,1.0,0.02564102564102564,,27,,,,,,,,
PAIR,,VCP-R1-017,VCP-R1-050,True,False,20,20.0,19.0,20.0,1.0,0.02631578947368421,20.0,20.0,1.0,0.02564102564102564,,27,,,,,,,,
PAIR,,VCP-R1-017,VCP-R1-051,True,True,20,20.0,19.0,20.0,0.0,0.0,20.0,20.0,0.0,0.0,,27,,,,,,,,
PAIR,,VCP-R1-017,VCP-R1-052,True,True,20,20.0,19.0,19.0,1.0,0.02702702702702703,20.0,20.0,1.0,0.02564102564102564,,27,,,,,,,,
PAIR,,VCP-R1-017,VCP-R1-053,True,False,20,20.0,19.0,20.0,1.0,0.02631578947368421,20.0,20.0,1.0,0.02564102564102564,,27,,,,,,,,
PAIR,,VCP-R1-017,VCP-R1-054,True,True,20,20.0,19.0,20.0,0.0,0.0,20.0,20.0,0.0,0.0,,27,,,,,,,,
PAIR,,VCP-R1-017,VCP-R1-055,True,False,20,20.0,19.0,18.0,0.0,0.0,20.0,20.0,0.0,0.0,,27,,,,,,,,
PAIR,,VCP-R1-017,VCP-R1-056,True,False,20,20.0,19.0,20.0,1.0,0.02631578947368421,20.0,20.0,0.0,0.0,,27,,,,,,,,
PAIR,,VCP-R1-017,VCP-R1-057,True,False,20,19.0,19.0,18.0,0.0,0.0,20.0,19.0,0.0,0.0,,27,,,,,,,,
PAIR,,VCP-R1-017,VCP-R1-058,True,False,20,20.0,19.0,19.0,1.0,0.02702702702702703,20.0,20.0,0.0,0.0,,27,,,,,,,,
PAIR,,VCP-R1-017,VCP-R1-059,True,False,20,20.0,19.0,19.0,0.0,0.0,20.0,20.0,0.0,0.0,,27,,,,,,,,
PAIR,,VCP-R1-017,VCP-R1-060,True,False,20,20.0,19.0,20.0,0.0,0.0,20.0,20.0,0.0,0.0,,27,,,,,,,,
PAIR,,VCP-R1-017,VCP-R1-061,True,False,20,20.0,19.0,20.0,0.0,0.0,20.0,20.0,0.0,0.0,,27,,,,,,,,
PAIR,,VCP-R1-017,VCP-R1-062,True,False,20,20.0,19.0,20.0,0.0,0.0,20.0,20.0,0.0,0.0,,27,,,,,,,,
PAIR,,VCP-R1-017,VCP-R1-063,True,False,20,20.0,19.0,20.0,0.0,0.0,20.0,20.0,0.0,0.0,,27,,,,,,,,
PAIR,,VCP-R1-017,VCP-R1-064,True,False,20,20.0,19.0,19.0,1.0,0.02702702702702703,20.0,20.0,0.0,0.0,,27,,,,,,,,
PAIR,,VCP-R1-017,VCP-R1-065,True,False,20,20.0,19.0,20.0,1.0,0.02631578947368421,20.0,20.0,0.0,0.0,,27,,,,,,,,
PAIR,,VCP-R1-017,VCP-R1-066,True,False,20,20.0,19.0,20.0,1.0,0.02631578947368421,20.0,20.0,0.0,0.0,,27,,,,,,,,
PAIR,,VCP-R1-017,VCP-R1-067,True,False,20,20.0,19.0,20.0,1.0,0.02631578947368421,20.0,20.0,0.0,0.0,,27,,,,,,,,
PAIR,,VCP-R1-017,VCP-R1-068,True,False,20,20.0,19.0,19.0,1.0,0.02702702702702703,20.0,20.0,0.0,0.0,,27,,,,,,,,
PAIR,,VCP-R1-017,VCP-R1-069,True,False,20,20.0,19.0,20.0,1.0,0.02631578947368421,20.0,20.0,0.0,0.0,,27,,,,,,,,
PAIR,,VCP-R1-017,VCP-R1-070,True,False,20,20.0,19.0,20.0,1.0,0.02631578947368421,20.0,20.0,0.0,0.0,,27,,,,,,,,
PAIR,,VCP-R1-017,VCP-R1-071,True,False,20,20.0,19.0,20.0,1.0,0.02631578947368421,20.0,20.0,0.0,0.0,,27,,,,,,,,
PAIR,,VCP-R1-017,VCP-R1-072,True,False,20,20.0,19.0,20.0,1.0,0.02631578947368421,20.0,20.0,0.0,0.0,,27,,,,,,,,
PAIR,,VCP-R1-017,VCP-R1-073,True,False,20,20.0,19.0,20.0,1.0,0.02631578947368421,20.0,20.0,0.0,0.0,,27,,,,,,,,
PAIR,,VCP-R1-017,VCP-R1-074,True,False,20,20.0,19.0,20.0,1.0,0.02631578947368421,20.0,20.0,0.0,0.0,,27,,,,,,,,
PAIR,,VCP-R1-017,VCP-R1-075,True,False,20,20.0,19.0,20.0,1.0,0.02631578947368421,20.0,20.0,0.0,0.0,,27,,,,,,,,
PAIR,,VCP-R1-017,VCP-R1-076,True,False,20,20.0,19.0,20.0,1.0,0.02631578947368421,20.0,20.0,0.0,0.0,,27,,,,,,,,
PAIR,,VCP-R1-017,VCP-R1-077,True,False,20,20.0,19.0,19.0,1.0,0.02702702702702703,20.0,20.0,0.0,0.0,,27,,,,,,,,
PAIR,,VCP-R1-017,VCP-R1-078,True,False,20,20.0,19.0,20.0,1.0,0.02631578947368421,20.0,20.0,0.0,0.0,,27,,,,,,,,
PAIR,,VCP-R1-017,VCP-R1-079,True,False,20,20.0,19.0,20.0,1.0,0.02631578947368421,20.0,20.0,0.0,0.0,,27,,,,,,,,
PAIR,,VCP-R1-017,VCP-R1-080,True,False,20,20.0,19.0,20.0,1.0,0.02631578947368421,20.0,20.0,0.0,0.0,,27,,,,,,,,
PAIR,,VCP-R1-017,VCP-R1-081,True,False,20,20.0,19.0,20.0,1.0,0.02631578947368421,20.0,20.0,0.0,0.0,,27,,,,,,,,
PAIR,,VCP-R1-017,VCP-R1-082,True,False,20,20.0,19.0,20.0,1.0,0.02631578947368421,20.0,20.0,0.0,0.0,,27,,,,,,,,
PAIR,,VCP-R1-017,VCP-R1-083,True,False,20,20.0,19.0,20.0,2.0,0.05405405405405406,20.0,20.0,0.0,0.0,,27,,,,,,,,
PAIR,,VCP-R1-017,VCP-R1-084,True,False,20,18.0,19.0,18.0,2.0,0.05714285714285714,20.0,18.0,0.0,0.0,,27,,,,,,,,
PAIR,,VCP-R1-017,VCP-R1-085,True,False,20,20.0,19.0,19.0,0.0,0.0,20.0,20.0,0.0,0.0,,27,,,,,,,,
PAIR,,VCP-R1-017,VCP-R1-086,True,False,20,20.0,19.0,20.0,0.0,0.0,20.0,20.0,0.0,0.0,,27,,,,,,,,
PAIR,,VCP-R1-017,VCP-R1-087,True,False,20,20.0,19.0,19.0,0.0,0.0,20.0,20.0,0.0,0.0,,27,,,,,,,,
PAIR,,VCP-R1-017,VCP-R1-088,True,False,20,20.0,19.0,19.0,0.0,0.0,20.0,20.0,0.0,0.0,,27,,,,,,,,
PAIR,,VCP-R1-017,VCP-R1-089,True,False,20,20.0,19.0,19.0,0.0,0.0,20.0,20.0,0.0,0.0,,27,,,,,,,,
PAIR,,VCP-R1-017,VCP-R1-090,True,False,20,20.0,19.0,20.0,0.0,0.0,20.0,20.0,0.0,0.0,,27,,,,,,,,
PAIR,,VCP-R1-017,VCP-R1-091,True,False,20,20.0,19.0,19.0,0.0,0.0,20.0,20.0,0.0,0.0,,27,,,,,,,,
PAIR,,VCP-R1-017,VCP-R1-092,True,False,20,20.0,19.0,19.0,0.0,0.0,20.0,20.0,0.0,0.0,,27,,,,,,,,
PAIR,,VCP-R1-017,VCP-R1-093,True,False,20,20.0,19.0,19.0,0.0,0.0,20.0,20.0,0.0,0.0,,27,,,,,,,,
PAIR,,VCP-R1-017,VCP-R1-094,True,False,20,20.0,19.0,19.0,0.0,0.0,20.0,20.0,0.0,0.0,,27,,,,,,,,
PAIR,,VCP-R1-017,VCP-R1-095,True,False,20,20.0,19.0,20.0,0.0,0.0,20.0,20.0,0.0,0.0,,27,,,,,,,,
PAIR,,VCP-R1-017,VCP-R1-096,True,False,20,20.0,19.0,20.0,0.0,0.0,20.0,20.0,0.0,0.0,,27,,,,,,,,
PAIR,,VCP-R1-017,VCP-R1-097,True,False,20,20.0,19.0,20.0,1.0,0.02631578947368421,20.0,20.0,0.0,0.0,,27,,,,,,,,
PAIR,,VCP-R1-017,VCP-R1-098,True,False,20,20.0,19.0,20.0,1.0,0.02631578947368421,20.0,20.0,0.0,0.0,,27,,,,,,,,
PAIR,,VCP-R1-017,VCP-R1-099,True,False,20,20.0,19.0,20.0,1.0,0.02631578947368421,20.0,20.0,0.0,0.0,,27,,,,,,,,
PAIR,,VCP-R1-017,VCP-R1-100,True,False,20,20.0,19.0,19.0,0.0,0.0,20.0,20.0,0.0,0.0,,27,,,,,,,,
PAIR,,VCP-R1-017,VCP-R1-101,True,False,20,20.0,19.0,19.0,0.0,0.0,20.0,20.0,0.0,0.0,,27,,,,,,,,
PAIR,,VCP-R1-017,VCP-R1-102,True,False,20,20.0,19.0,19.0,0.0,0.0,20.0,20.0,0.0,0.0,,27,,,,,,,,
PAIR,,VCP-R1-017,VCP-R1-103,True,False,20,20.0,19.0,19.0,0.0,0.0,20.0,20.0,0.0,0.0,,27,,,,,,,,
PAIR,,VCP-R1-017,VCP-R1-104,True,False,20,20.0,19.0,20.0,0.0,0.0,20.0,20.0,0.0,0.0,,27,,,,,,,,
PAIR,,VCP-R1-017,VCP-R1-105,True,False,20,20.0,19.0,20.0,0.0,0.0,20.0,20.0,0.0,0.0,,27,,,,,,,,
PAIR,,VCP-R1-017,VCP-R1-106,True,False,20,20.0,19.0,19.0,1.0,0.02702702702702703,20.0,20.0,0.0,0.0,,27,,,,,,,,
PAIR,,VCP-R1-017,VCP-R1-107,True,False,20,20.0,19.0,20.0,1.0,0.02631578947368421,20.0,20.0,0.0,0.0,,27,,,,,,,,
PAIR,,VCP-R1-017,VCP-R1-108,True,False,20,20.0,19.0,20.0,1.0,0.02631578947368421,20.0,20.0,0.0,0.0,,27,,,,,,,,
PAIR,,VCP-R1-018,VCP-R1-019,False,False,20,20.0,20.0,20.0,10.0,0.3333333333333333,20.0,20.0,9.0,0.2903225806451613,,27,,,,,,,,
PAIR,,VCP-R1-018,VCP-R1-020,False,True,20,20.0,20.0,19.0,10.0,0.3448275862068966,20.0,20.0,9.0,0.2903225806451613,,27,,,,,,,,
PAIR,,VCP-R1-018,VCP-R1-021,False,True,20,20.0,20.0,19.0,10.0,0.3448275862068966,20.0,20.0,9.0,0.2903225806451613,,27,,,,,,,,
PAIR,,VCP-R1-018,VCP-R1-022,False,False,20,20.0,20.0,19.0,8.0,0.25806451612903225,20.0,20.0,7.0,0.21212121212121213,,27,,,,,,,,
PAIR,,VCP-R1-018,VCP-R1-023,False,False,20,20.0,20.0,19.0,10.0,0.3448275862068966,20.0,20.0,10.0,0.3333333333333333,,27,,,,,,,,
PAIR,,VCP-R1-018,VCP-R1-024,False,False,20,20.0,20.0,19.0,13.0,0.5,20.0,20.0,13.0,0.48148148148148145,,27,,,,,,,,
PAIR,,VCP-R1-018,VCP-R1-025,False,False,20,20.0,20.0,20.0,9.0,0.2903225806451613,20.0,20.0,9.0,0.2903225806451613,,27,,,,,,,,
PAIR,,VCP-R1-018,VCP-R1-026,False,True,20,20.0,20.0,19.0,10.0,0.3448275862068966,20.0,20.0,10.0,0.3333333333333333,,27,,,,,,,,
PAIR,,VCP-R1-018,VCP-R1-027,False,False,20,20.0,20.0,20.0,19.0,0.9047619047619048,20.0,20.0,19.0,0.9047619047619048,,27,,,,,,,,
PAIR,,VCP-R1-018,VCP-R1-028,False,False,20,20.0,20.0,20.0,1.0,0.02564102564102564,20.0,20.0,0.0,0.0,,27,,,,,,,,
PAIR,,VCP-R1-018,VCP-R1-029,False,False,20,20.0,20.0,20.0,1.0,0.02564102564102564,20.0,20.0,0.0,0.0,,27,,,,,,,,
PAIR,,VCP-R1-018,VCP-R1-030,False,True,20,20.0,20.0,18.0,1.0,0.02702702702702703,20.0,20.0,0.0,0.0,,27,,,,,,,,
PAIR,,VCP-R1-018,VCP-R1-031,False,True,20,20.0,20.0,20.0,0.0,0.0,20.0,20.0,0.0,0.0,,27,,,,,,,,
PAIR,,VCP-R1-018,VCP-R1-032,False,True,20,20.0,20.0,20.0,1.0,0.02564102564102564,20.0,20.0,0.0,0.0,,27,,,,,,,,
PAIR,,VCP-R1-018,VCP-R1-033,False,True,20,20.0,20.0,19.0,1.0,0.02631578947368421,20.0,20.0,0.0,0.0,,27,,,,,,,,
PAIR,,VCP-R1-018,VCP-R1-034,False,False,20,20.0,20.0,19.0,0.0,0.0,20.0,20.0,0.0,0.0,,27,,,,,,,,
PAIR,,VCP-R1-018,VCP-R1-035,False,False,20,20.0,20.0,20.0,0.0,0.0,20.0,20.0,0.0,0.0,,27,,,,,,,,
PAIR,,VCP-R1-018,VCP-R1-036,False,True,20,20.0,20.0,20.0,1.0,0.02564102564102564,20.0,20.0,0.0,0.0,,27,,,,,,,,
PAIR,,VCP-R1-018,VCP-R1-037,False,False,20,20.0,20.0,19.0,1.0,0.02631578947368421,20.0,20.0,0.0,0.0,,27,,,,,,,,
PAIR,,VCP-R1-018,VCP-R1-038,False,False,20,20.0,20.0,20.0,1.0,0.02564102564102564,20.0,20.0,0.0,0.0,,27,,,,,,,,
PAIR,,VCP-R1-018,VCP-R1-039,False,False,20,20.0,20.0,20.0,1.0,0.02564102564102564,20.0,20.0,0.0,0.0,,27,,,,,,,,
PAIR,,VCP-R1-018,VCP-R1-040,False,True,20,20.0,20.0,19.0,0.0,0.0,20.0,20.0,0.0,0.0,,27,,,,,,,,
PAIR,,VCP-R1-018,VCP-R1-041,False,False,20,20.0,20.0,20.0,0.0,0.0,20.0,20.0,0.0,0.0,,27,,,,,,,,
PAIR,,VCP-R1-018,VCP-R1-042,False,True,20,20.0,20.0,20.0,1.0,0.02564102564102564,20.0,20.0,0.0,0.0,,27,,,,,,,,
PAIR,,VCP-R1-018,VCP-R1-043,False,True,20,20.0,20.0,19.0,0.0,0.0,20.0,20.0,0.0,0.0,,27,,,,,,,,
PAIR,,VCP-R1-018,VCP-R1-044,False,False,20,20.0,20.0,20.0,0.0,0.0,20.0,20.0,0.0,0.0,,27,,,,,,,,
PAIR,,VCP-R1-018,VCP-R1-045,False,True,20,20.0,20.0,20.0,0.0,0.0,20.0,20.0,0.0,0.0,,27,,,,,,,,
PAIR,,VCP-R1-018,VCP-R1-046,False,False,20,20.0,20.0,19.0,1.0,0.02631578947368421,20.0,20.0,0.0,0.0,,27,,,,,,,,
PAIR,,VCP-R1-018,VCP-R1-047,False,False,20,20.0,20.0,20.0,1.0,0.02564102564102564,20.0,20.0,0.0,0.0,,27,,,,,,,,
PAIR,,VCP-R1-018,VCP-R1-048,False,False,20,20.0,20.0,20.0,1.0,0.02564102564102564,20.0,20.0,0.0,0.0,,27,,,,,,,,
PAIR,,VCP-R1-018,VCP-R1-049,False,True,20,20.0,20.0,20.0,0.0,0.0,20.0,20.0,0.0,0.0,,27,,,,,,,,
PAIR,,VCP-R1-018,VCP-R1-050,False,False,20,20.0,20.0,20.0,0.0,0.0,20.0,20.0,0.0,0.0,,27,,,,,,,,
PAIR,,VCP-R1-018,VCP-R1-051,False,True,20,20.0,20.0,20.0,1.0,0.02564102564102564,20.0,20.0,0.0,0.0,,27,,,,,,,,
PAIR,,VCP-R1-018,VCP-R1-052,False,True,20,20.0,20.0,19.0,0.0,0.0,20.0,20.0,0.0,0.0,,27,,,,,,,,
PAIR,,VCP-R1-018,VCP-R1-053,False,False,20,20.0,20.0,20.0,0.0,0.0,20.0,20.0,0.0,0.0,,27,,,,,,,,
PAIR,,VCP-R1-018,VCP-R1-054,False,True,20,20.0,20.0,20.0,0.0,0.0,20.0,20.0,0.0,0.0,,27,,,,,,,,
PAIR,,VCP-R1-018,VCP-R1-055,False,False,20,20.0,20.0,18.0,0.0,0.0,20.0,20.0,0.0,0.0,,27,,,,,,,,
PAIR,,VCP-R1-018,VCP-R1-056,False,False,20,20.0,20.0,20.0,0.0,0.0,20.0,20.0,0.0,0.0,,27,,,,,,,,
PAIR,,VCP-R1-018,VCP-R1-057,False,False,20,19.0,20.0,18.0,0.0,0.0,20.0,19.0,0.0,0.0,,27,,,,,,,,
PAIR,,VCP-R1-018,VCP-R1-058,False,False,20,20.0,20.0,19.0,0.0,0.0,20.0,20.0,0.0,0.0,,27,,,,,,,,
PAIR,,VCP-R1-018,VCP-R1-059,False,False,20,20.0,20.0,19.0,0.0,0.0,20.0,20.0,0.0,0.0,,27,,,,,,,,
PAIR,,VCP-R1-018,VCP-R1-060,False,False,20,20.0,20.0,20.0,0.0,0.0,20.0,20.0,0.0,0.0,,27,,,,,,,,
PAIR,,VCP-R1-018,VCP-R1-061,False,False,20,20.0,20.0,20.0,0.0,0.0,20.0,20.0,0.0,0.0,,27,,,,,,,,
PAIR,,VCP-R1-018,VCP-R1-062,False,False,20,20.0,20.0,20.0,0.0,0.0,20.0,20.0,0.0,0.0,,27,,,,,,,,
PAIR,,VCP-R1-018,VCP-R1-063,False,False,20,20.0,20.0,20.0,0.0,0.0,20.0,20.0,0.0,0.0,,27,,,,,,,,
PAIR,,VCP-R1-018,VCP-R1-064,False,False,20,20.0,20.0,19.0,2.0,0.05405405405405406,20.0,20.0,0.0,0.0,,27,,,,,,,,
PAIR,,VCP-R1-018,VCP-R1-065,False,False,20,20.0,20.0,20.0,1.0,0.02564102564102564,20.0,20.0,0.0,0.0,,27,,,,,,,,
PAIR,,VCP-R1-018,VCP-R1-066,False,False,20,20.0,20.0,20.0,1.0,0.02564102564102564,20.0,20.0,0.0,0.0,,27,,,,,,,,
PAIR,,VCP-R1-018,VCP-R1-067,False,False,20,20.0,20.0,20.0,1.0,0.02564102564102564,20.0,20.0,0.0,0.0,,27,,,,,,,,
PAIR,,VCP-R1-018,VCP-R1-068,False,False,20,20.0,20.0,19.0,1.0,0.02631578947368421,20.0,20.0,0.0,0.0,,27,,,,,,,,
PAIR,,VCP-R1-018,VCP-R1-069,False,False,20,20.0,20.0,20.0,1.0,0.02564102564102564,20.0,20.0,0.0,0.0,,27,,,,,,,,
PAIR,,VCP-R1-018,VCP-R1-070,False,False,20,20.0,20.0,20.0,1.0,0.02564102564102564,20.0,20.0,0.0,0.0,,27,,,,,,,,
PAIR,,VCP-R1-018,VCP-R1-071,False,False,20,20.0,20.0,20.0,1.0,0.02564102564102564,20.0,20.0,0.0,0.0,,27,,,,,,,,
PAIR,,VCP-R1-018,VCP-R1-072,False,False,20,20.0,20.0,20.0,1.0,0.02564102564102564,20.0,20.0,0.0,0.0,,27,,,,,,,,
PAIR,,VCP-R1-018,VCP-R1-073,False,False,20,20.0,20.0,20.0,1.0,0.02564102564102564,20.0,20.0,0.0,0.0,,27,,,,,,,,
PAIR,,VCP-R1-018,VCP-R1-074,False,False,20,20.0,20.0,20.0,1.0,0.02564102564102564,20.0,20.0,0.0,0.0,,27,,,,,,,,
PAIR,,VCP-R1-018,VCP-R1-075,False,False,20,20.0,20.0,20.0,1.0,0.02564102564102564,20.0,20.0,0.0,0.0,,27,,,,,,,,
PAIR,,VCP-R1-018,VCP-R1-076,False,False,20,20.0,20.0,20.0,1.0,0.02564102564102564,20.0,20.0,0.0,0.0,,27,,,,,,,,
PAIR,,VCP-R1-018,VCP-R1-077,False,False,20,20.0,20.0,19.0,1.0,0.02631578947368421,20.0,20.0,0.0,0.0,,27,,,,,,,,
PAIR,,VCP-R1-018,VCP-R1-078,False,False,20,20.0,20.0,20.0,1.0,0.02564102564102564,20.0,20.0,0.0,0.0,,27,,,,,,,,
PAIR,,VCP-R1-018,VCP-R1-079,False,False,20,20.0,20.0,20.0,1.0,0.02564102564102564,20.0,20.0,0.0,0.0,,27,,,,,,,,
PAIR,,VCP-R1-018,VCP-R1-080,False,False,20,20.0,20.0,20.0,1.0,0.02564102564102564,20.0,20.0,0.0,0.0,,27,,,,,,,,
PAIR,,VCP-R1-018,VCP-R1-081,False,False,20,20.0,20.0,20.0,1.0,0.02564102564102564,20.0,20.0,0.0,0.0,,27,,,,,,,,
PAIR,,VCP-R1-018,VCP-R1-082,False,False,20,20.0,20.0,20.0,0.0,0.0,20.0,20.0,0.0,0.0,,27,,,,,,,,
PAIR,,VCP-R1-018,VCP-R1-083,False,False,20,20.0,20.0,20.0,1.0,0.02564102564102564,20.0,20.0,0.0,0.0,,27,,,,,,,,
PAIR,,VCP-R1-018,VCP-R1-084,False,False,20,18.0,20.0,18.0,1.0,0.02702702702702703,20.0,18.0,0.0,0.0,,27,,,,,,,,
PAIR,,VCP-R1-018,VCP-R1-085,False,False,20,20.0,20.0,19.0,0.0,0.0,20.0,20.0,0.0,0.0,,27,,,,,,,,
PAIR,,VCP-R1-018,VCP-R1-086,False,False,20,20.0,20.0,20.0,0.0,0.0,20.0,20.0,0.0,0.0,,27,,,,,,,,
PAIR,,VCP-R1-018,VCP-R1-087,False,False,20,20.0,20.0,19.0,0.0,0.0,20.0,20.0,0.0,0.0,,27,,,,,,,,
PAIR,,VCP-R1-018,VCP-R1-088,False,False,20,20.0,20.0,19.0,0.0,0.0,20.0,20.0,0.0,0.0,,27,,,,,,,,
PAIR,,VCP-R1-018,VCP-R1-089,False,False,20,20.0,20.0,19.0,0.0,0.0,20.0,20.0,0.0,0.0,,27,,,,,,,,
PAIR,,VCP-R1-018,VCP-R1-090,False,False,20,20.0,20.0,20.0,0.0,0.0,20.0,20.0,0.0,0.0,,27,,,,,,,,
PAIR,,VCP-R1-018,VCP-R1-091,False,False,20,20.0,20.0,19.0,1.0,0.02631578947368421,20.0,20.0,0.0,0.0,,27,,,,,,,,
PAIR,,VCP-R1-018,VCP-R1-092,False,False,20,20.0,20.0,19.0,1.0,0.02631578947368421,20.0,20.0,0.0,0.0,,27,,,,,,,,
PAIR,,VCP-R1-018,VCP-R1-093,False,False,20,20.0,20.0,19.0,1.0,0.02631578947368421,20.0,20.0,0.0,0.0,,27,,,,,,,,
PAIR,,VCP-R1-018,VCP-R1-094,False,False,20,20.0,20.0,19.0,0.0,0.0,20.0,20.0,0.0,0.0,,27,,,,,,,,
PAIR,,VCP-R1-018,VCP-R1-095,False,False,20,20.0,20.0,20.0,1.0,0.02564102564102564,20.0,20.0,0.0,0.0,,27,,,,,,,,
PAIR,,VCP-R1-018,VCP-R1-096,False,False,20,20.0,20.0,20.0,1.0,0.02564102564102564,20.0,20.0,0.0,0.0,,27,,,,,,,,
PAIR,,VCP-R1-018,VCP-R1-097,False,False,20,20.0,20.0,20.0,1.0,0.02564102564102564,20.0,20.0,0.0,0.0,,27,,,,,,,,
PAIR,,VCP-R1-018,VCP-R1-098,False,False,20,20.0,20.0,20.0,1.0,0.02564102564102564,20.0,20.0,0.0,0.0,,27,,,,,,,,
PAIR,,VCP-R1-018,VCP-R1-099,False,False,20,20.0,20.0,20.0,2.0,0.05263157894736842,20.0,20.0,0.0,0.0,,27,,,,,,,,
PAIR,,VCP-R1-018,VCP-R1-100,False,False,20,20.0,20.0,19.0,1.0,0.02631578947368421,20.0,20.0,0.0,0.0,,27,,,,,,,,
PAIR,,VCP-R1-018,VCP-R1-101,False,False,20,20.0,20.0,19.0,1.0,0.02631578947368421,20.0,20.0,0.0,0.0,,27,,,,,,,,
PAIR,,VCP-R1-018,VCP-R1-102,False,False,20,20.0,20.0,19.0,1.0,0.02631578947368421,20.0,20.0,0.0,0.0,,27,,,,,,,,
PAIR,,VCP-R1-018,VCP-R1-103,False,False,20,20.0,20.0,19.0,0.0,0.0,20.0,20.0,0.0,0.0,,27,,,,,,,,
PAIR,,VCP-R1-018,VCP-R1-104,False,False,20,20.0,20.0,20.0,1.0,0.02564102564102564,20.0,20.0,0.0,0.0,,27,,,,,,,,
PAIR,,VCP-R1-018,VCP-R1-105,False,False,20,20.0,20.0,20.0,1.0,0.02564102564102564,20.0,20.0,0.0,0.0,,27,,,,,,,,
PAIR,,VCP-R1-018,VCP-R1-106,False,False,20,20.0,20.0,19.0,1.0,0.02631578947368421,20.0,20.0,0.0,0.0,,27,,,,,,,,
PAIR,,VCP-R1-018,VCP-R1-107,False,False,20,20.0,20.0,20.0,1.0,0.02564102564102564,20.0,20.0,0.0,0.0,,27,,,,,,,,
PAIR,,VCP-R1-018,VCP-R1-108,False,False,20,20.0,20.0,20.0,1.0,0.02564102564102564,20.0,20.0,0.0,0.0,,27,,,,,,,,
PAIR,,VCP-R1-019,VCP-R1-020,False,True,20,20.0,20.0,19.0,15.0,0.625,20.0,20.0,15.0,0.6,,27,,,,,,,,
PAIR,,VCP-R1-019,VCP-R1-021,False,True,20,20.0,20.0,19.0,10.0,0.3448275862068966,20.0,20.0,9.0,0.2903225806451613,,27,,,,,,,,
PAIR,,VCP-R1-019,VCP-R1-022,False,False,20,20.0,20.0,19.0,11.0,0.39285714285714285,20.0,20.0,10.0,0.3333333333333333,,27,,,,,,,,
PAIR,,VCP-R1-019,VCP-R1-023,False,False,20,20.0,20.0,19.0,11.0,0.39285714285714285,20.0,20.0,10.0,0.3333333333333333,,27,,,,,,,,
PAIR,,VCP-R1-019,VCP-R1-024,False,False,20,20.0,20.0,19.0,10.0,0.3448275862068966,20.0,20.0,9.0,0.2903225806451613,,27,,,,,,,,
PAIR,,VCP-R1-019,VCP-R1-025,False,False,20,20.0,20.0,20.0,10.0,0.3333333333333333,20.0,20.0,9.0,0.2903225806451613,,27,,,,,,,,
PAIR,,VCP-R1-019,VCP-R1-026,False,True,20,20.0,20.0,19.0,8.0,0.25806451612903225,20.0,20.0,7.0,0.21212121212121213,,27,,,,,,,,
PAIR,,VCP-R1-019,VCP-R1-027,False,False,20,20.0,20.0,20.0,10.0,0.3333333333333333,20.0,20.0,9.0,0.2903225806451613,,27,,,,,,,,
PAIR,,VCP-R1-019,VCP-R1-028,False,False,20,20.0,20.0,20.0,3.0,0.08108108108108109,20.0,20.0,2.0,0.05263157894736842,,27,,,,,,,,
PAIR,,VCP-R1-019,VCP-R1-029,False,False,20,20.0,20.0,20.0,2.0,0.05263157894736842,20.0,20.0,1.0,0.02564102564102564,,27,,,,,,,,
PAIR,,VCP-R1-019,VCP-R1-030,False,True,20,20.0,20.0,18.0,1.0,0.02702702702702703,20.0,20.0,0.0,0.0,,27,,,,,,,,
PAIR,,VCP-R1-019,VCP-R1-031,False,True,20,20.0,20.0,20.0,1.0,0.02564102564102564,20.0,20.0,1.0,0.02564102564102564,,27,,,,,,,,
PAIR,,VCP-R1-019,VCP-R1-032,False,True,20,20.0,20.0,20.0,2.0,0.05263157894736842,20.0,20.0,1.0,0.02564102564102564,,27,,,,,,,,
PAIR,,VCP-R1-019,VCP-R1-033,False,True,20,20.0,20.0,19.0,1.0,0.02631578947368421,20.0,20.0,0.0,0.0,,27,,,,,,,,
PAIR,,VCP-R1-019,VCP-R1-034,False,False,20,20.0,20.0,19.0,1.0,0.02631578947368421,20.0,20.0,1.0,0.02564102564102564,,27,,,,,,,,
PAIR,,VCP-R1-019,VCP-R1-035,False,False,20,20.0,20.0,20.0,1.0,0.02564102564102564,20.0,20.0,1.0,0.02564102564102564,,27,,,,,,,,
PAIR,,VCP-R1-019,VCP-R1-036,False,True,20,20.0,20.0,20.0,1.0,0.02564102564102564,20.0,20.0,0.0,0.0,,27,,,,,,,,
PAIR,,VCP-R1-019,VCP-R1-037,False,False,20,20.0,20.0,19.0,5.0,0.14705882352941177,20.0,20.0,4.0,0.1111111111111111,,27,,,,,,,,
PAIR,,VCP-R1-019,VCP-R1-038,False,False,20,20.0,20.0,20.0,3.0,0.08108108108108109,20.0,20.0,2.0,0.05263157894736842,,27,,,,,,,,
PAIR,,VCP-R1-019,VCP-R1-039,False,False,20,20.0,20.0,20.0,1.0,0.02564102564102564,20.0,20.0,0.0,0.0,,27,,,,,,,,
PAIR,,VCP-R1-019,VCP-R1-040,False,True,20,20.0,20.0,19.0,2.0,0.05405405405405406,20.0,20.0,2.0,0.05263157894736842,,27,,,,,,,,
PAIR,,VCP-R1-019,VCP-R1-041,False,False,20,20.0,20.0,20.0,2.0,0.05263157894736842,20.0,20.0,2.0,0.05263157894736842,,27,,,,,,,,
PAIR,,VCP-R1-019,VCP-R1-042,False,True,20,20.0,20.0,20.0,1.0,0.02564102564102564,20.0,20.0,0.0,0.0,,27,,,,,,,,
PAIR,,VCP-R1-019,VCP-R1-043,False,True,20,20.0,20.0,19.0,2.0,0.05405405405405406,20.0,20.0,2.0,0.05263157894736842,,27,,,,,,,,
PAIR,,VCP-R1-019,VCP-R1-044,False,False,20,20.0,20.0,20.0,1.0,0.02564102564102564,20.0,20.0,1.0,0.02564102564102564,,27,,,,,,,,
PAIR,,VCP-R1-019,VCP-R1-045,False,True,20,20.0,20.0,20.0,0.0,0.0,20.0,20.0,0.0,0.0,,27,,,,,,,,
PAIR,,VCP-R1-019,VCP-R1-046,False,False,20,20.0,20.0,19.0,5.0,0.14705882352941177,20.0,20.0,4.0,0.1111111111111111,,27,,,,,,,,
PAIR,,VCP-R1-019,VCP-R1-047,False,False,20,20.0,20.0,20.0,3.0,0.08108108108108109,20.0,20.0,2.0,0.05263157894736842,,27,,,,,,,,
PAIR,,VCP-R1-019,VCP-R1-048,False,False,20,20.0,20.0,20.0,1.0,0.02564102564102564,20.0,20.0,0.0,0.0,,27,,,,,,,,
PAIR,,VCP-R1-019,VCP-R1-049,False,True,20,20.0,20.0,20.0,2.0,0.05263157894736842,20.0,20.0,2.0,0.05263157894736842,,27,,,,,,,,
PAIR,,VCP-R1-019,VCP-R1-050,False,False,20,20.0,20.0,20.0,2.0,0.05263157894736842,20.0,20.0,2.0,0.05263157894736842,,27,,,,,,,,
PAIR,,VCP-R1-019,VCP-R1-051,False,True,20,20.0,20.0,20.0,1.0,0.02564102564102564,20.0,20.0,0.0,0.0,,27,,,,,,,,
PAIR,,VCP-R1-019,VCP-R1-052,False,True,20,20.0,20.0,19.0,2.0,0.05405405405405406,20.0,20.0,2.0,0.05263157894736842,,27,,,,,,,,
PAIR,,VCP-R1-019,VCP-R1-053,False,False,20,20.0,20.0,20.0,1.0,0.02564102564102564,20.0,20.0,1.0,0.02564102564102564,,27,,,,,,,,
PAIR,,VCP-R1-019,VCP-R1-054,False,True,20,20.0,20.0,20.0,0.0,0.0,20.0,20.0,0.0,0.0,,27,,,,,,,,
PAIR,,VCP-R1-019,VCP-R1-055,False,False,20,20.0,20.0,18.0,0.0,0.0,20.0,20.0,0.0,0.0,,27,,,,,,,,
PAIR,,VCP-R1-019,VCP-R1-056,False,False,20,20.0,20.0,20.0,0.0,0.0,20.0,20.0,0.0,0.0,,27,,,,,,,,
PAIR,,VCP-R1-019,VCP-R1-057,False,False,20,19.0,20.0,18.0,0.0,0.0,20.0,19.0,0.0,0.0,,27,,,,,,,,
PAIR,,VCP-R1-019,VCP-R1-058,False,False,20,20.0,20.0,19.0,0.0,0.0,20.0,20.0,0.0,0.0,,27,,,,,,,,
PAIR,,VCP-R1-019,VCP-R1-059,False,False,20,20.0,20.0,19.0,0.0,0.0,20.0,20.0,0.0,0.0,,27,,,,,,,,
PAIR,,VCP-R1-019,VCP-R1-060,False,False,20,20.0,20.0,20.0,0.0,0.0,20.0,20.0,0.0,0.0,,27,,,,,,,,
PAIR,,VCP-R1-019,VCP-R1-061,False,False,20,20.0,20.0,20.0,0.0,0.0,20.0,20.0,0.0,0.0,,27,,,,,,,,
PAIR,,VCP-R1-019,VCP-R1-062,False,False,20,20.0,20.0,20.0,0.0,0.0,20.0,20.0,0.0,0.0,,27,,,,,,,,
PAIR,,VCP-R1-019,VCP-R1-063,False,False,20,20.0,20.0,20.0,0.0,0.0,20.0,20.0,0.0,0.0,,27,,,,,,,,
PAIR,,VCP-R1-019,VCP-R1-064,False,False,20,20.0,20.0,19.0,2.0,0.05405405405405406,20.0,20.0,0.0,0.0,,27,,,,,,,,
PAIR,,VCP-R1-019,VCP-R1-065,False,False,20,20.0,20.0,20.0,1.0,0.02564102564102564,20.0,20.0,0.0,0.0,,27,,,,,,,,
PAIR,,VCP-R1-019,VCP-R1-066,False,False,20,20.0,20.0,20.0,1.0,0.02564102564102564,20.0,20.0,0.0,0.0,,27,,,,,,,,
PAIR,,VCP-R1-019,VCP-R1-067,False,False,20,20.0,20.0,20.0,1.0,0.02564102564102564,20.0,20.0,0.0,0.0,,27,,,,,,,,
PAIR,,VCP-R1-019,VCP-R1-068,False,False,20,20.0,20.0,19.0,1.0,0.02631578947368421,20.0,20.0,0.0,0.0,,27,,,,,,,,
PAIR,,VCP-R1-019,VCP-R1-069,False,False,20,20.0,20.0,20.0,1.0,0.02564102564102564,20.0,20.0,0.0,0.0,,27,,,,,,,,
PAIR,,VCP-R1-019,VCP-R1-070,False,False,20,20.0,20.0,20.0,1.0,0.02564102564102564,20.0,20.0,0.0,0.0,,27,,,,,,,,
PAIR,,VCP-R1-019,VCP-R1-071,False,False,20,20.0,20.0,20.0,1.0,0.02564102564102564,20.0,20.0,0.0,0.0,,27,,,,,,,,
PAIR,,VCP-R1-019,VCP-R1-072,False,False,20,20.0,20.0,20.0,1.0,0.02564102564102564,20.0,20.0,0.0,0.0,,27,,,,,,,,
PAIR,,VCP-R1-019,VCP-R1-073,False,False,20,20.0,20.0,20.0,1.0,0.02564102564102564,20.0,20.0,0.0,0.0,,27,,,,,,,,
PAIR,,VCP-R1-019,VCP-R1-074,False,False,20,20.0,20.0,20.0,1.0,0.02564102564102564,20.0,20.0,0.0,0.0,,27,,,,,,,,
PAIR,,VCP-R1-019,VCP-R1-075,False,False,20,20.0,20.0,20.0,1.0,0.02564102564102564,20.0,20.0,0.0,0.0,,27,,,,,,,,
PAIR,,VCP-R1-019,VCP-R1-076,False,False,20,20.0,20.0,20.0,1.0,0.02564102564102564,20.0,20.0,0.0,0.0,,27,,,,,,,,
PAIR,,VCP-R1-019,VCP-R1-077,False,False,20,20.0,20.0,19.0,1.0,0.02631578947368421,20.0,20.0,0.0,0.0,,27,,,,,,,,
PAIR,,VCP-R1-019,VCP-R1-078,False,False,20,20.0,20.0,20.0,1.0,0.02564102564102564,20.0,20.0,0.0,0.0,,27,,,,,,,,
PAIR,,VCP-R1-019,VCP-R1-079,False,False,20,20.0,20.0,20.0,1.0,0.02564102564102564,20.0,20.0,0.0,0.0,,27,,,,,,,,
PAIR,,VCP-R1-019,VCP-R1-080,False,False,20,20.0,20.0,20.0,1.0,0.02564102564102564,20.0,20.0,0.0,0.0,,27,,,,,,,,
PAIR,,VCP-R1-019,VCP-R1-081,False,False,20,20.0,20.0,20.0,1.0,0.02564102564102564,20.0,20.0,0.0,0.0,,27,,,,,,,,
PAIR,,VCP-R1-019,VCP-R1-082,False,False,20,20.0,20.0,20.0,1.0,0.02564102564102564,20.0,20.0,0.0,0.0,,27,,,,,,,,
PAIR,,VCP-R1-019,VCP-R1-083,False,False,20,20.0,20.0,20.0,0.0,0.0,20.0,20.0,0.0,0.0,,27,,,,,,,,
PAIR,,VCP-R1-019,VCP-R1-084,False,False,20,18.0,20.0,18.0,0.0,0.0,20.0,18.0,0.0,0.0,,27,,,,,,,,
PAIR,,VCP-R1-019,VCP-R1-085,False,False,20,20.0,20.0,19.0,0.0,0.0,20.0,20.0,0.0,0.0,,27,,,,,,,,
PAIR,,VCP-R1-019,VCP-R1-086,False,False,20,20.0,20.0,20.0,0.0,0.0,20.0,20.0,0.0,0.0,,27,,,,,,,,
PAIR,,VCP-R1-019,VCP-R1-087,False,False,20,20.0,20.0,19.0,1.0,0.02631578947368421,20.0,20.0,0.0,0.0,,27,,,,,,,,
PAIR,,VCP-R1-019,VCP-R1-088,False,False,20,20.0,20.0,19.0,1.0,0.02631578947368421,20.0,20.0,0.0,0.0,,27,,,,,,,,
PAIR,,VCP-R1-019,VCP-R1-089,False,False,20,20.0,20.0,19.0,1.0,0.02631578947368421,20.0,20.0,0.0,0.0,,27,,,,,,,,
PAIR,,VCP-R1-019,VCP-R1-090,False,False,20,20.0,20.0,20.0,1.0,0.02564102564102564,20.0,20.0,0.0,0.0,,27,,,,,,,,
PAIR,,VCP-R1-019,VCP-R1-091,False,False,20,20.0,20.0,19.0,1.0,0.02631578947368421,20.0,20.0,0.0,0.0,,27,,,,,,,,
PAIR,,VCP-R1-019,VCP-R1-092,False,False,20,20.0,20.0,19.0,1.0,0.02631578947368421,20.0,20.0,0.0,0.0,,27,,,,,,,,
PAIR,,VCP-R1-019,VCP-R1-093,False,False,20,20.0,20.0,19.0,1.0,0.02631578947368421,20.0,20.0,0.0,0.0,,27,,,,,,,,
PAIR,,VCP-R1-019,VCP-R1-094,False,False,20,20.0,20.0,19.0,0.0,0.0,20.0,20.0,0.0,0.0,,27,,,,,,,,
PAIR,,VCP-R1-019,VCP-R1-095,False,False,20,20.0,20.0,20.0,1.0,0.02564102564102564,20.0,20.0,0.0,0.0,,27,,,,,,,,
PAIR,,VCP-R1-019,VCP-R1-096,False,False,20,20.0,20.0,20.0,1.0,0.02564102564102564,20.0,20.0,0.0,0.0,,27,,,,,,,,
PAIR,,VCP-R1-019,VCP-R1-097,False,False,20,20.0,20.0,20.0,1.0,0.02564102564102564,20.0,20.0,0.0,0.0,,27,,,,,,,,
PAIR,,VCP-R1-019,VCP-R1-098,False,False,20,20.0,20.0,20.0,1.0,0.02564102564102564,20.0,20.0,0.0,0.0,,27,,,,,,,,
PAIR,,VCP-R1-019,VCP-R1-099,False,False,20,20.0,20.0,20.0,3.0,0.08108108108108109,20.0,20.0,0.0,0.0,,27,,,,,,,,
PAIR,,VCP-R1-019,VCP-R1-100,False,False,20,20.0,20.0,19.0,1.0,0.02631578947368421,20.0,20.0,0.0,0.0,,27,,,,,,,,
PAIR,,VCP-R1-019,VCP-R1-101,False,False,20,20.0,20.0,19.0,1.0,0.02631578947368421,20.0,20.0,0.0,0.0,,27,,,,,,,,
PAIR,,VCP-R1-019,VCP-R1-102,False,False,20,20.0,20.0,19.0,1.0,0.02631578947368421,20.0,20.0,0.0,0.0,,27,,,,,,,,
PAIR,,VCP-R1-019,VCP-R1-103,False,False,20,20.0,20.0,19.0,0.0,0.0,20.0,20.0,0.0,0.0,,27,,,,,,,,
PAIR,,VCP-R1-019,VCP-R1-104,False,False,20,20.0,20.0,20.0,1.0,0.02564102564102564,20.0,20.0,0.0,0.0,,27,,,,,,,,
PAIR,,VCP-R1-019,VCP-R1-105,False,False,20,20.0,20.0,20.0,1.0,0.02564102564102564,20.0,20.0,0.0,0.0,,27,,,,,,,,
PAIR,,VCP-R1-019,VCP-R1-106,False,False,20,20.0,20.0,19.0,1.0,0.02631578947368421,20.0,20.0,0.0,0.0,,27,,,,,,,,
PAIR,,VCP-R1-019,VCP-R1-107,False,False,20,20.0,20.0,20.0,1.0,0.02564102564102564,20.0,20.0,0.0,0.0,,27,,,,,,,,
PAIR,,VCP-R1-019,VCP-R1-108,False,False,20,20.0,20.0,20.0,2.0,0.05263157894736842,20.0,20.0,0.0,0.0,,27,,,,,,,,
PAIR,,VCP-R1-020,VCP-R1-021,True,True,20,20.0,19.0,19.0,12.0,0.46153846153846156,20.0,20.0,12.0,0.42857142857142855,,27,,,,,,,,
PAIR,,VCP-R1-020,VCP-R1-022,True,False,20,20.0,19.0,19.0,8.0,0.26666666666666666,20.0,20.0,7.0,0.21212121212121213,,27,,,,,,,,
PAIR,,VCP-R1-020,VCP-R1-023,True,False,20,20.0,19.0,19.0,11.0,0.4074074074074074,20.0,20.0,10.0,0.3333333333333333,,27,,,,,,,,
PAIR,,VCP-R1-020,VCP-R1-024,True,False,20,20.0,19.0,19.0,12.0,0.46153846153846156,20.0,20.0,12.0,0.42857142857142855,,27,,,,,,,,
PAIR,,VCP-R1-020,VCP-R1-025,True,False,20,20.0,19.0,20.0,7.0,0.21875,20.0,20.0,6.0,0.17647058823529413,,27,,,,,,,,
PAIR,,VCP-R1-020,VCP-R1-026,True,True,20,20.0,19.0,19.0,8.0,0.26666666666666666,20.0,20.0,7.0,0.21212121212121213,,27,,,,,,,,
PAIR,,VCP-R1-020,VCP-R1-027,True,False,20,20.0,19.0,20.0,11.0,0.39285714285714285,20.0,20.0,10.0,0.3333333333333333,,27,,,,,,,,
PAIR,,VCP-R1-020,VCP-R1-028,True,False,20,20.0,19.0,20.0,2.0,0.05405405405405406,20.0,20.0,1.0,0.02564102564102564,,27,,,,,,,,
PAIR,,VCP-R1-020,VCP-R1-029,True,False,20,20.0,19.0,20.0,2.0,0.05405405405405406,20.0,20.0,1.0,0.02564102564102564,,27,,,,,,,,
PAIR,,VCP-R1-020,VCP-R1-030,True,True,20,20.0,19.0,18.0,1.0,0.027777777777777776,20.0,20.0,0.0,0.0,,27,,,,,,,,
PAIR,,VCP-R1-020,VCP-R1-031,True,True,20,20.0,19.0,20.0,0.0,0.0,20.0,20.0,0.0,0.0,,27,,,,,,,,
PAIR,,VCP-R1-020,VCP-R1-032,True,True,20,20.0,19.0,20.0,2.0,0.05405405405405406,20.0,20.0,1.0,0.02564102564102564,,27,,,,,,,,
PAIR,,VCP-R1-020,VCP-R1-033,True,True,20,20.0,19.0,19.0,1.0,0.02702702702702703,20.0,20.0,0.0,0.0,,27,,,,,,,,
PAIR,,VCP-R1-020,VCP-R1-034,True,False,20,20.0,19.0,19.0,0.0,0.0,20.0,20.0,0.0,0.0,,27,,,,,,,,
PAIR,,VCP-R1-020,VCP-R1-035,True,False,20,20.0,19.0,20.0,1.0,0.02631578947368421,20.0,20.0,1.0,0.02564102564102564,,27,,,,,,,,
PAIR,,VCP-R1-020,VCP-R1-036,True,True,20,20.0,19.0,20.0,1.0,0.02631578947368421,20.0,20.0,0.0,0.0,,27,,,,,,,,
PAIR,,VCP-R1-020,VCP-R1-037,True,False,20,20.0,19.0,19.0,3.0,0.08571428571428572,20.0,20.0,2.0,0.05263157894736842,,27,,,,,,,,
PAIR,,VCP-R1-020,VCP-R1-038,True,False,20,20.0,19.0,20.0,3.0,0.08333333333333333,20.0,20.0,2.0,0.05263157894736842,,27,,,,,,,,
PAIR,,VCP-R1-020,VCP-R1-039,True,False,20,20.0,19.0,20.0,1.0,0.02631578947368421,20.0,20.0,0.0,0.0,,27,,,,,,,,
PAIR,,VCP-R1-020,VCP-R1-040,True,True,20,20.0,19.0,19.0,1.0,0.02702702702702703,20.0,20.0,1.0,0.02564102564102564,,27,,,,,,,,
PAIR,,VCP-R1-020,VCP-R1-041,True,False,20,20.0,19.0,20.0,2.0,0.05405405405405406,20.0,20.0,2.0,0.05263157894736842,,27,,,,,,,,
PAIR,,VCP-R1-020,VCP-R1-042,True,True,20,20.0,19.0,20.0,1.0,0.02631578947368421,20.0,20.0,0.0,0.0,,27,,,,,,,,
PAIR,,VCP-R1-020,VCP-R1-043,True,True,20,20.0,19.0,19.0,1.0,0.02702702702702703,20.0,20.0,1.0,0.02564102564102564,,27,,,,,,,,
PAIR,,VCP-R1-020,VCP-R1-044,True,False,20,20.0,19.0,20.0,1.0,0.02631578947368421,20.0,20.0,1.0,0.02564102564102564,,27,,,,,,,,
PAIR,,VCP-R1-020,VCP-R1-045,True,True,20,20.0,19.0,20.0,0.0,0.0,20.0,20.0,0.0,0.0,,27,,,,,,,,
PAIR,,VCP-R1-020,VCP-R1-046,True,False,20,20.0,19.0,19.0,3.0,0.08571428571428572,20.0,20.0,2.0,0.05263157894736842,,27,,,,,,,,
PAIR,,VCP-R1-020,VCP-R1-047,True,False,20,20.0,19.0,20.0,3.0,0.08333333333333333,20.0,20.0,2.0,0.05263157894736842,,27,,,,,,,,
PAIR,,VCP-R1-020,VCP-R1-048,True,False,20,20.0,19.0,20.0,1.0,0.02631578947368421,20.0,20.0,0.0,0.0,,27,,,,,,,,
PAIR,,VCP-R1-020,VCP-R1-049,True,True,20,20.0,19.0,20.0,1.0,0.02631578947368421,20.0,20.0,1.0,0.02564102564102564,,27,,,,,,,,
PAIR,,VCP-R1-020,VCP-R1-050,True,False,20,20.0,19.0,20.0,2.0,0.05405405405405406,20.0,20.0,2.0,0.05263157894736842,,27,,,,,,,,
PAIR,,VCP-R1-020,VCP-R1-051,True,True,20,20.0,19.0,20.0,1.0,0.02631578947368421,20.0,20.0,0.0,0.0,,27,,,,,,,,
PAIR,,VCP-R1-020,VCP-R1-052,True,True,20,20.0,19.0,19.0,1.0,0.02702702702702703,20.0,20.0,1.0,0.02564102564102564,,27,,,,,,,,
PAIR,,VCP-R1-020,VCP-R1-053,True,False,20,20.0,19.0,20.0,1.0,0.02631578947368421,20.0,20.0,1.0,0.02564102564102564,,27,,,,,,,,
PAIR,,VCP-R1-020,VCP-R1-054,True,True,20,20.0,19.0,20.0,0.0,0.0,20.0,20.0,0.0,0.0,,27,,,,,,,,
PAIR,,VCP-R1-020,VCP-R1-055,True,False,20,20.0,19.0,18.0,0.0,0.0,20.0,20.0,0.0,0.0,,27,,,,,,,,
PAIR,,VCP-R1-020,VCP-R1-056,True,False,20,20.0,19.0,20.0,1.0,0.02631578947368421,20.0,20.0,0.0,0.0,,27,,,,,,,,
PAIR,,VCP-R1-020,VCP-R1-057,True,False,20,19.0,19.0,18.0,1.0,0.027777777777777776,20.0,19.0,0.0,0.0,,27,,,,,,,,
PAIR,,VCP-R1-020,VCP-R1-058,True,False,20,20.0,19.0,19.0,0.0,0.0,20.0,20.0,0.0,0.0,,27,,,,,,,,
PAIR,,VCP-R1-020,VCP-R1-059,True,False,20,20.0,19.0,19.0,0.0,0.0,20.0,20.0,0.0,0.0,,27,,,,,,,,
PAIR,,VCP-R1-020,VCP-R1-060,True,False,20,20.0,19.0,20.0,0.0,0.0,20.0,20.0,0.0,0.0,,27,,,,,,,,
PAIR,,VCP-R1-020,VCP-R1-061,True,False,20,20.0,19.0,20.0,0.0,0.0,20.0,20.0,0.0,0.0,,27,,,,,,,,
PAIR,,VCP-R1-020,VCP-R1-062,True,False,20,20.0,19.0,20.0,0.0,0.0,20.0,20.0,0.0,0.0,,27,,,,,,,,
PAIR,,VCP-R1-020,VCP-R1-063,True,False,20,20.0,19.0,20.0,0.0,0.0,20.0,20.0,0.0,0.0,,27,,,,,,,,
PAIR,,VCP-R1-020,VCP-R1-064,True,False,20,20.0,19.0,19.0,2.0,0.05555555555555555,20.0,20.0,0.0,0.0,,27,,,,,,,,
PAIR,,VCP-R1-020,VCP-R1-065,True,False,20,20.0,19.0,20.0,1.0,0.02631578947368421,20.0,20.0,0.0,0.0,,27,,,,,,,,
PAIR,,VCP-R1-020,VCP-R1-066,True,False,20,20.0,19.0,20.0,2.0,0.05405405405405406,20.0,20.0,0.0,0.0,,27,,,,,,,,
PAIR,,VCP-R1-020,VCP-R1-067,True,False,20,20.0,19.0,20.0,1.0,0.02631578947368421,20.0,20.0,0.0,0.0,,27,,,,,,,,
PAIR,,VCP-R1-020,VCP-R1-068,True,False,20,20.0,19.0,19.0,1.0,0.02702702702702703,20.0,20.0,0.0,0.0,,27,,,,,,,,
PAIR,,VCP-R1-020,VCP-R1-069,True,False,20,20.0,19.0,20.0,1.0,0.02631578947368421,20.0,20.0,0.0,0.0,,27,,,,,,,,
PAIR,,VCP-R1-020,VCP-R1-070,True,False,20,20.0,19.0,20.0,1.0,0.02631578947368421,20.0,20.0,0.0,0.0,,27,,,,,,,,
PAIR,,VCP-R1-020,VCP-R1-071,True,False,20,20.0,19.0,20.0,1.0,0.02631578947368421,20.0,20.0,0.0,0.0,,27,,,,,,,,
PAIR,,VCP-R1-020,VCP-R1-072,True,False,20,20.0,19.0,20.0,1.0,0.02631578947368421,20.0,20.0,0.0,0.0,,27,,,,,,,,
PAIR,,VCP-R1-020,VCP-R1-073,True,False,20,20.0,19.0,20.0,1.0,0.02631578947368421,20.0,20.0,0.0,0.0,,27,,,,,,,,
PAIR,,VCP-R1-020,VCP-R1-074,True,False,20,20.0,19.0,20.0,1.0,0.02631578947368421,20.0,20.0,0.0,0.0,,27,,,,,,,,
PAIR,,VCP-R1-020,VCP-R1-075,True,False,20,20.0,19.0,20.0,2.0,0.05405405405405406,20.0,20.0,0.0,0.0,,27,,,,,,,,
PAIR,,VCP-R1-020,VCP-R1-076,True,False,20,20.0,19.0,20.0,1.0,0.02631578947368421,20.0,20.0,0.0,0.0,,27,,,,,,,,
PAIR,,VCP-R1-020,VCP-R1-077,True,False,20,20.0,19.0,19.0,1.0,0.02702702702702703,20.0,20.0,0.0,0.0,,27,,,,,,,,
PAIR,,VCP-R1-020,VCP-R1-078,True,False,20,20.0,19.0,20.0,1.0,0.02631578947368421,20.0,20.0,0.0,0.0,,27,,,,,,,,
PAIR,,VCP-R1-020,VCP-R1-079,True,False,20,20.0,19.0,20.0,1.0,0.02631578947368421,20.0,20.0,0.0,0.0,,27,,,,,,,,
PAIR,,VCP-R1-020,VCP-R1-080,True,False,20,20.0,19.0,20.0,1.0,0.02631578947368421,20.0,20.0,0.0,0.0,,27,,,,,,,,
PAIR,,VCP-R1-020,VCP-R1-081,True,False,20,20.0,19.0,20.0,1.0,0.02631578947368421,20.0,20.0,0.0,0.0,,27,,,,,,,,
PAIR,,VCP-R1-020,VCP-R1-082,True,False,20,20.0,19.0,20.0,0.0,0.0,20.0,20.0,0.0,0.0,,27,,,,,,,,
PAIR,,VCP-R1-020,VCP-R1-083,True,False,20,20.0,19.0,20.0,0.0,0.0,20.0,20.0,0.0,0.0,,27,,,,,,,,
PAIR,,VCP-R1-020,VCP-R1-084,True,False,20,18.0,19.0,18.0,0.0,0.0,20.0,18.0,0.0,0.0,,27,,,,,,,,
PAIR,,VCP-R1-020,VCP-R1-085,True,False,20,20.0,19.0,19.0,0.0,0.0,20.0,20.0,0.0,0.0,,27,,,,,,,,
PAIR,,VCP-R1-020,VCP-R1-086,True,False,20,20.0,19.0,20.0,0.0,0.0,20.0,20.0,0.0,0.0,,27,,,,,,,,
PAIR,,VCP-R1-020,VCP-R1-087,True,False,20,20.0,19.0,19.0,0.0,0.0,20.0,20.0,0.0,0.0,,27,,,,,,,,
PAIR,,VCP-R1-020,VCP-R1-088,True,False,20,20.0,19.0,19.0,0.0,0.0,20.0,20.0,0.0,0.0,,27,,,,,,,,
PAIR,,VCP-R1-020,VCP-R1-089,True,False,20,20.0,19.0,19.0,0.0,0.0,20.0,20.0,0.0,0.0,,27,,,,,,,,
PAIR,,VCP-R1-020,VCP-R1-090,True,False,20,20.0,19.0,20.0,0.0,0.0,20.0,20.0,0.0,0.0,,27,,,,,,,,
PAIR,,VCP-R1-020,VCP-R1-091,True,False,20,20.0,19.0,19.0,1.0,0.02702702702702703,20.0,20.0,0.0,0.0,,27,,,,,,,,
PAIR,,VCP-R1-020,VCP-R1-092,True,False,20,20.0,19.0,19.0,1.0,0.02702702702702703,20.0,20.0,0.0,0.0,,27,,,,,,,,
PAIR,,VCP-R1-020,VCP-R1-093,True,False,20,20.0,19.0,19.0,1.0,0.02702702702702703,20.0,20.0,0.0,0.0,,27,,,,,,,,
PAIR,,VCP-R1-020,VCP-R1-094,True,False,20,20.0,19.0,19.0,0.0,0.0,20.0,20.0,0.0,0.0,,27,,,,,,,,
PAIR,,VCP-R1-020,VCP-R1-095,True,False,20,20.0,19.0,20.0,1.0,0.02631578947368421,20.0,20.0,0.0,0.0,,27,,,,,,,,
PAIR,,VCP-R1-020,VCP-R1-096,True,False,20,20.0,19.0,20.0,1.0,0.02631578947368421,20.0,20.0,0.0,0.0,,27,,,,,,,,
PAIR,,VCP-R1-020,VCP-R1-097,True,False,20,20.0,19.0,20.0,1.0,0.02631578947368421,20.0,20.0,0.0,0.0,,27,,,,,,,,
PAIR,,VCP-R1-020,VCP-R1-098,True,False,20,20.0,19.0,20.0,1.0,0.02631578947368421,20.0,20.0,0.0,0.0,,27,,,,,,,,
PAIR,,VCP-R1-020,VCP-R1-099,True,False,20,20.0,19.0,20.0,2.0,0.05405405405405406,20.0,20.0,0.0,0.0,,27,,,,,,,,
PAIR,,VCP-R1-020,VCP-R1-100,True,False,20,20.0,19.0,19.0,1.0,0.02702702702702703,20.0,20.0,0.0,0.0,,27,,,,,,,,
PAIR,,VCP-R1-020,VCP-R1-101,True,False,20,20.0,19.0,19.0,1.0,0.02702702702702703,20.0,20.0,0.0,0.0,,27,,,,,,,,
PAIR,,VCP-R1-020,VCP-R1-102,True,False,20,20.0,19.0,19.0,1.0,0.02702702702702703,20.0,20.0,0.0,0.0,,27,,,,,,,,
PAIR,,VCP-R1-020,VCP-R1-103,True,False,20,20.0,19.0,19.0,0.0,0.0,20.0,20.0,0.0,0.0,,27,,,,,,,,
PAIR,,VCP-R1-020,VCP-R1-104,True,False,20,20.0,19.0,20.0,1.0,0.02631578947368421,20.0,20.0,0.0,0.0,,27,,,,,,,,
PAIR,,VCP-R1-020,VCP-R1-105,True,False,20,20.0,19.0,20.0,1.0,0.02631578947368421,20.0,20.0,0.0,0.0,,27,,,,,,,,
PAIR,,VCP-R1-020,VCP-R1-106,True,False,20,20.0,19.0,19.0,1.0,0.02702702702702703,20.0,20.0,0.0,0.0,,27,,,,,,,,
PAIR,,VCP-R1-020,VCP-R1-107,True,False,20,20.0,19.0,20.0,1.0,0.02631578947368421,20.0,20.0,0.0,0.0,,27,,,,,,,,
PAIR,,VCP-R1-020,VCP-R1-108,True,False,20,20.0,19.0,20.0,1.0,0.02631578947368421,20.0,20.0,0.0,0.0,,27,,,,,,,,
PAIR,,VCP-R1-021,VCP-R1-022,True,False,20,20.0,19.0,19.0,6.0,0.1875,20.0,20.0,5.0,0.14285714285714285,,27,,,,,,,,
PAIR,,VCP-R1-021,VCP-R1-023,True,False,20,20.0,19.0,19.0,8.0,0.26666666666666666,20.0,20.0,7.0,0.21212121212121213,,27,,,,,,,,
PAIR,,VCP-R1-021,VCP-R1-024,True,False,20,20.0,19.0,19.0,13.0,0.52,20.0,20.0,13.0,0.48148148148148145,,27,,,,,,,,
PAIR,,VCP-R1-021,VCP-R1-025,True,False,20,20.0,19.0,20.0,5.0,0.14705882352941177,20.0,20.0,4.0,0.1111111111111111,,27,,,,,,,,
PAIR,,VCP-R1-021,VCP-R1-026,True,True,20,20.0,19.0,19.0,6.0,0.1875,20.0,20.0,5.0,0.14285714285714285,,27,,,,,,,,
PAIR,,VCP-R1-021,VCP-R1-027,True,False,20,20.0,19.0,20.0,11.0,0.39285714285714285,20.0,20.0,10.0,0.3333333333333333,,27,,,,,,,,
PAIR,,VCP-R1-021,VCP-R1-028,True,False,20,20.0,19.0,20.0,2.0,0.05405405405405406,20.0,20.0,0.0,0.0,,27,,,,,,,,
PAIR,,VCP-R1-021,VCP-R1-029,True,False,20,20.0,19.0,20.0,2.0,0.05405405405405406,20.0,20.0,0.0,0.0,,27,,,,,,,,
PAIR,,VCP-R1-021,VCP-R1-030,True,True,20,20.0,19.0,18.0,1.0,0.027777777777777776,20.0,20.0,0.0,0.0,,27,,,,,,,,
PAIR,,VCP-R1-021,VCP-R1-031,True,True,20,20.0,19.0,20.0,0.0,0.0,20.0,20.0,0.0,0.0,,27,,,,,,,,
PAIR,,VCP-R1-021,VCP-R1-032,True,True,20,20.0,19.0,20.0,1.0,0.02631578947368421,20.0,20.0,0.0,0.0,,27,,,,,,,,
PAIR,,VCP-R1-021,VCP-R1-033,True,True,20,20.0,19.0,19.0,1.0,0.02702702702702703,20.0,20.0,0.0,0.0,,27,,,,,,,,
PAIR,,VCP-R1-021,VCP-R1-034,True,False,20,20.0,19.0,19.0,0.0,0.0,20.0,20.0,0.0,0.0,,27,,,,,,,,
PAIR,,VCP-R1-021,VCP-R1-035,True,False,20,20.0,19.0,20.0,0.0,0.0,20.0,20.0,0.0,0.0,,27,,,,,,,,
PAIR,,VCP-R1-021,VCP-R1-036,True,True,20,20.0,19.0,20.0,1.0,0.02631578947368421,20.0,20.0,0.0,0.0,,27,,,,,,,,
PAIR,,VCP-R1-021,VCP-R1-037,True,False,20,20.0,19.0,19.0,2.0,0.05555555555555555,20.0,20.0,0.0,0.0,,27,,,,,,,,
PAIR,,VCP-R1-021,VCP-R1-038,True,False,20,20.0,19.0,20.0,3.0,0.08333333333333333,20.0,20.0,1.0,0.02564102564102564,,27,,,,,,,,
PAIR,,VCP-R1-021,VCP-R1-039,True,False,20,20.0,19.0,20.0,2.0,0.05405405405405406,20.0,20.0,1.0,0.02564102564102564,,27,,,,,,,,
PAIR,,VCP-R1-021,VCP-R1-040,True,True,20,20.0,19.0,19.0,0.0,0.0,20.0,20.0,0.0,0.0,,27,,,,,,,,
PAIR,,VCP-R1-021,VCP-R1-041,True,False,20,20.0,19.0,20.0,0.0,0.0,20.0,20.0,0.0,0.0,,27,,,,,,,,
PAIR,,VCP-R1-021,VCP-R1-042,True,True,20,20.0,19.0,20.0,1.0,0.02631578947368421,20.0,20.0,0.0,0.0,,27,,,,,,,,
PAIR,,VCP-R1-021,VCP-R1-043,True,True,20,20.0,19.0,19.0,1.0,0.02702702702702703,20.0,20.0,0.0,0.0,,27,,,,,,,,
PAIR,,VCP-R1-021,VCP-R1-044,True,False,20,20.0,19.0,20.0,1.0,0.02631578947368421,20.0,20.0,0.0,0.0,,27,,,,,,,,
PAIR,,VCP-R1-021,VCP-R1-045,True,True,20,20.0,19.0,20.0,1.0,0.02631578947368421,20.0,20.0,0.0,0.0,,27,,,,,,,,
PAIR,,VCP-R1-021,VCP-R1-046,True,False,20,20.0,19.0,19.0,1.0,0.02702702702702703,20.0,20.0,0.0,0.0,,27,,,,,,,,
PAIR,,VCP-R1-021,VCP-R1-047,True,False,20,20.0,19.0,20.0,3.0,0.08333333333333333,20.0,20.0,1.0,0.02564102564102564,,27,,,,,,,,
PAIR,,VCP-R1-021,VCP-R1-048,True,False,20,20.0,19.0,20.0,2.0,0.05405405405405406,20.0,20.0,1.0,0.02564102564102564,,27,,,,,,,,
PAIR,,VCP-R1-021,VCP-R1-049,True,True,20,20.0,19.0,20.0,0.0,0.0,20.0,20.0,0.0,0.0,,27,,,,,,,,
PAIR,,VCP-R1-021,VCP-R1-050,True,False,20,20.0,19.0,20.0,0.0,0.0,20.0,20.0,0.0,0.0,,27,,,,,,,,
PAIR,,VCP-R1-021,VCP-R1-051,True,True,20,20.0,19.0,20.0,1.0,0.02631578947368421,20.0,20.0,0.0,0.0,,27,,,,,,,,
PAIR,,VCP-R1-021,VCP-R1-052,True,True,20,20.0,19.0,19.0,1.0,0.02702702702702703,20.0,20.0,0.0,0.0,,27,,,,,,,,
PAIR,,VCP-R1-021,VCP-R1-053,True,False,20,20.0,19.0,20.0,1.0,0.02631578947368421,20.0,20.0,0.0,0.0,,27,,,,,,,,
PAIR,,VCP-R1-021,VCP-R1-054,True,True,20,20.0,19.0,20.0,1.0,0.02631578947368421,20.0,20.0,0.0,0.0,,27,,,,,,,,
PAIR,,VCP-R1-021,VCP-R1-055,True,False,20,20.0,19.0,18.0,0.0,0.0,20.0,20.0,0.0,0.0,,27,,,,,,,,
PAIR,,VCP-R1-021,VCP-R1-056,True,False,20,20.0,19.0,20.0,0.0,0.0,20.0,20.0,0.0,0.0,,27,,,,,,,,
PAIR,,VCP-R1-021,VCP-R1-057,True,False,20,19.0,19.0,18.0,0.0,0.0,20.0,19.0,0.0,0.0,,27,,,,,,,,
PAIR,,VCP-R1-021,VCP-R1-058,True,False,20,20.0,19.0,19.0,1.0,0.02702702702702703,20.0,20.0,0.0,0.0,,27,,,,,,,,
PAIR,,VCP-R1-021,VCP-R1-059,True,False,20,20.0,19.0,19.0,1.0,0.02702702702702703,20.0,20.0,0.0,0.0,,27,,,,,,,,
PAIR,,VCP-R1-021,VCP-R1-060,True,False,20,20.0,19.0,20.0,0.0,0.0,20.0,20.0,0.0,0.0,,27,,,,,,,,
PAIR,,VCP-R1-021,VCP-R1-061,True,False,20,20.0,19.0,20.0,1.0,0.02631578947368421,20.0,20.0,0.0,0.0,,27,,,,,,,,
PAIR,,VCP-R1-021,VCP-R1-062,True,False,20,20.0,19.0,20.0,1.0,0.02631578947368421,20.0,20.0,0.0,0.0,,27,,,,,,,,
PAIR,,VCP-R1-021,VCP-R1-063,True,False,20,20.0,19.0,20.0,0.0,0.0,20.0,20.0,0.0,0.0,,27,,,,,,,,
PAIR,,VCP-R1-021,VCP-R1-064,True,False,20,20.0,19.0,19.0,2.0,0.05555555555555555,20.0,20.0,0.0,0.0,,27,,,,,,,,
PAIR,,VCP-R1-021,VCP-R1-065,True,False,20,20.0,19.0,20.0,1.0,0.02631578947368421,20.0,20.0,0.0,0.0,,27,,,,,,,,
PAIR,,VCP-R1-021,VCP-R1-066,True,False,20,20.0,19.0,20.0,1.0,0.02631578947368421,20.0,20.0,0.0,0.0,,27,,,,,,,,
PAIR,,VCP-R1-021,VCP-R1-067,True,False,20,20.0,19.0,20.0,2.0,0.05405405405405406,20.0,20.0,0.0,0.0,,27,,,,,,,,
PAIR,,VCP-R1-021,VCP-R1-068,True,False,20,20.0,19.0,19.0,2.0,0.05555555555555555,20.0,20.0,0.0,0.0,,27,,,,,,,,
PAIR,,VCP-R1-021,VCP-R1-069,True,False,20,20.0,19.0,20.0,1.0,0.02631578947368421,20.0,20.0,0.0,0.0,,27,,,,,,,,
PAIR,,VCP-R1-021,VCP-R1-070,True,False,20,20.0,19.0,20.0,1.0,0.02631578947368421,20.0,20.0,0.0,0.0,,27,,,,,,,,
PAIR,,VCP-R1-021,VCP-R1-071,True,False,20,20.0,19.0,20.0,1.0,0.02631578947368421,20.0,20.0,0.0,0.0,,27,,,,,,,,
PAIR,,VCP-R1-021,VCP-R1-072,True,False,20,20.0,19.0,20.0,1.0,0.02631578947368421,20.0,20.0,0.0,0.0,,27,,,,,,,,
PAIR,,VCP-R1-021,VCP-R1-073,True,False,20,20.0,19.0,20.0,1.0,0.02631578947368421,20.0,20.0,0.0,0.0,,27,,,,,,,,
PAIR,,VCP-R1-021,VCP-R1-074,True,False,20,20.0,19.0,20.0,1.0,0.02631578947368421,20.0,20.0,0.0,0.0,,27,,,,,,,,
PAIR,,VCP-R1-021,VCP-R1-075,True,False,20,20.0,19.0,20.0,1.0,0.02631578947368421,20.0,20.0,0.0,0.0,,27,,,,,,,,
PAIR,,VCP-R1-021,VCP-R1-076,True,False,20,20.0,19.0,20.0,2.0,0.05405405405405406,20.0,20.0,0.0,0.0,,27,,,,,,,,
PAIR,,VCP-R1-021,VCP-R1-077,True,False,20,20.0,19.0,19.0,2.0,0.05555555555555555,20.0,20.0,0.0,0.0,,27,,,,,,,,
PAIR,,VCP-R1-021,VCP-R1-078,True,False,20,20.0,19.0,20.0,1.0,0.02631578947368421,20.0,20.0,0.0,0.0,,27,,,,,,,,
PAIR,,VCP-R1-021,VCP-R1-079,True,False,20,20.0,19.0,20.0,1.0,0.02631578947368421,20.0,20.0,0.0,0.0,,27,,,,,,,,
PAIR,,VCP-R1-021,VCP-R1-080,True,False,20,20.0,19.0,20.0,1.0,0.02631578947368421,20.0,20.0,0.0,0.0,,27,,,,,,,,
PAIR,,VCP-R1-021,VCP-R1-081,True,False,20,20.0,19.0,20.0,1.0,0.02631578947368421,20.0,20.0,0.0,0.0,,27,,,,,,,,
PAIR,,VCP-R1-021,VCP-R1-082,True,False,20,20.0,19.0,20.0,0.0,0.0,20.0,20.0,0.0,0.0,,27,,,,,,,,
PAIR,,VCP-R1-021,VCP-R1-083,True,False,20,20.0,19.0,20.0,0.0,0.0,20.0,20.0,0.0,0.0,,27,,,,,,,,
PAIR,,VCP-R1-021,VCP-R1-084,True,False,20,18.0,19.0,18.0,0.0,0.0,20.0,18.0,0.0,0.0,,27,,,,,,,,
PAIR,,VCP-R1-021,VCP-R1-085,True,False,20,20.0,19.0,19.0,0.0,0.0,20.0,20.0,0.0,0.0,,27,,,,,,,,
PAIR,,VCP-R1-021,VCP-R1-086,True,False,20,20.0,19.0,20.0,0.0,0.0,20.0,20.0,0.0,0.0,,27,,,,,,,,
PAIR,,VCP-R1-021,VCP-R1-087,True,False,20,20.0,19.0,19.0,0.0,0.0,20.0,20.0,0.0,0.0,,27,,,,,,,,
PAIR,,VCP-R1-021,VCP-R1-088,True,False,20,20.0,19.0,19.0,0.0,0.0,20.0,20.0,0.0,0.0,,27,,,,,,,,
PAIR,,VCP-R1-021,VCP-R1-089,True,False,20,20.0,19.0,19.0,0.0,0.0,20.0,20.0,0.0,0.0,,27,,,,,,,,
PAIR,,VCP-R1-021,VCP-R1-090,True,False,20,20.0,19.0,20.0,1.0,0.02631578947368421,20.0,20.0,0.0,0.0,,27,,,,,,,,
PAIR,,VCP-R1-021,VCP-R1-091,True,False,20,20.0,19.0,19.0,1.0,0.02702702702702703,20.0,20.0,0.0,0.0,,27,,,,,,,,
PAIR,,VCP-R1-021,VCP-R1-092,True,False,20,20.0,19.0,19.0,1.0,0.02702702702702703,20.0,20.0,0.0,0.0,,27,,,,,,,,
PAIR,,VCP-R1-021,VCP-R1-093,True,False,20,20.0,19.0,19.0,1.0,0.02702702702702703,20.0,20.0,0.0,0.0,,27,,,,,,,,
PAIR,,VCP-R1-021,VCP-R1-094,True,False,20,20.0,19.0,19.0,1.0,0.02702702702702703,20.0,20.0,0.0,0.0,,27,,,,,,,,
PAIR,,VCP-R1-021,VCP-R1-095,True,False,20,20.0,19.0,20.0,1.0,0.02631578947368421,20.0,20.0,0.0,0.0,,27,,,,,,,,
PAIR,,VCP-R1-021,VCP-R1-096,True,False,20,20.0,19.0,20.0,1.0,0.02631578947368421,20.0,20.0,0.0,0.0,,27,,,,,,,,
PAIR,,VCP-R1-021,VCP-R1-097,True,False,20,20.0,19.0,20.0,1.0,0.02631578947368421,20.0,20.0,0.0,0.0,,27,,,,,,,,
PAIR,,VCP-R1-021,VCP-R1-098,True,False,20,20.0,19.0,20.0,1.0,0.02631578947368421,20.0,20.0,0.0,0.0,,27,,,,,,,,
PAIR,,VCP-R1-021,VCP-R1-099,True,False,20,20.0,19.0,20.0,2.0,0.05405405405405406,20.0,20.0,0.0,0.0,,27,,,,,,,,
PAIR,,VCP-R1-021,VCP-R1-100,True,False,20,20.0,19.0,19.0,1.0,0.02702702702702703,20.0,20.0,0.0,0.0,,27,,,,,,,,
PAIR,,VCP-R1-021,VCP-R1-101,True,False,20,20.0,19.0,19.0,1.0,0.02702702702702703,20.0,20.0,0.0,0.0,,27,,,,,,,,
PAIR,,VCP-R1-021,VCP-R1-102,True,False,20,20.0,19.0,19.0,1.0,0.02702702702702703,20.0,20.0,0.0,0.0,,27,,,,,,,,
PAIR,,VCP-R1-021,VCP-R1-103,True,False,20,20.0,19.0,19.0,1.0,0.02702702702702703,20.0,20.0,0.0,0.0,,27,,,,,,,,
PAIR,,VCP-R1-021,VCP-R1-104,True,False,20,20.0,19.0,20.0,1.0,0.02631578947368421,20.0,20.0,0.0,0.0,,27,,,,,,,,
PAIR,,VCP-R1-021,VCP-R1-105,True,False,20,20.0,19.0,20.0,1.0,0.02631578947368421,20.0,20.0,0.0,0.0,,27,,,,,,,,
PAIR,,VCP-R1-021,VCP-R1-106,True,False,20,20.0,19.0,19.0,2.0,0.05555555555555555,20.0,20.0,0.0,0.0,,27,,,,,,,,
PAIR,,VCP-R1-021,VCP-R1-107,True,False,20,20.0,19.0,20.0,2.0,0.05405405405405406,20.0,20.0,0.0,0.0,,27,,,,,,,,
PAIR,,VCP-R1-021,VCP-R1-108,True,False,20,20.0,19.0,20.0,1.0,0.02631578947368421,20.0,20.0,0.0,0.0,,27,,,,,,,,
PAIR,,VCP-R1-022,VCP-R1-023,False,False,20,20.0,19.0,19.0,14.0,0.5833333333333334,20.0,20.0,15.0,0.6,,27,,,,,,,,
PAIR,,VCP-R1-022,VCP-R1-024,False,False,20,20.0,19.0,19.0,7.0,0.22580645161290322,20.0,20.0,7.0,0.21212121212121213,,27,,,,,,,,
PAIR,,VCP-R1-022,VCP-R1-025,False,False,20,20.0,19.0,20.0,15.0,0.625,20.0,20.0,14.0,0.5384615384615384,,27,,,,,,,,
PAIR,,VCP-R1-022,VCP-R1-026,False,True,20,20.0,19.0,19.0,15.0,0.6521739130434783,20.0,20.0,15.0,0.6,,27,,,,,,,,
PAIR,,VCP-R1-022,VCP-R1-027,False,False,20,20.0,19.0,20.0,8.0,0.25806451612903225,20.0,20.0,7.0,0.21212121212121213,,27,,,,,,,,
PAIR,,VCP-R1-022,VCP-R1-028,False,False,20,20.0,19.0,20.0,1.0,0.02631578947368421,20.0,20.0,1.0,0.02564102564102564,,27,,,,,,,,
PAIR,,VCP-R1-022,VCP-R1-029,False,False,20,20.0,19.0,20.0,0.0,0.0,20.0,20.0,0.0,0.0,,27,,,,,,,,
PAIR,,VCP-R1-022,VCP-R1-030,False,True,20,20.0,19.0,18.0,0.0,0.0,20.0,20.0,0.0,0.0,,27,,,,,,,,
PAIR,,VCP-R1-022,VCP-R1-031,False,True,20,20.0,19.0,20.0,1.0,0.02631578947368421,20.0,20.0,1.0,0.02564102564102564,,27,,,,,,,,
PAIR,,VCP-R1-022,VCP-R1-032,False,True,20,20.0,19.0,20.0,0.0,0.0,20.0,20.0,0.0,0.0,,27,,,,,,,,
PAIR,,VCP-R1-022,VCP-R1-033,False,True,20,20.0,19.0,19.0,0.0,0.0,20.0,20.0,0.0,0.0,,27,,,,,,,,
PAIR,,VCP-R1-022,VCP-R1-034,False,False,20,20.0,19.0,19.0,1.0,0.02702702702702703,20.0,20.0,1.0,0.02564102564102564,,27,,,,,,,,
PAIR,,VCP-R1-022,VCP-R1-035,False,False,20,20.0,19.0,20.0,0.0,0.0,20.0,20.0,0.0,0.0,,27,,,,,,,,
PAIR,,VCP-R1-022,VCP-R1-036,False,True,20,20.0,19.0,20.0,0.0,0.0,20.0,20.0,0.0,0.0,,27,,,,,,,,
PAIR,,VCP-R1-022,VCP-R1-037,False,False,20,20.0,19.0,19.0,2.0,0.05555555555555555,20.0,20.0,2.0,0.05263157894736842,,27,,,,,,,,
PAIR,,VCP-R1-022,VCP-R1-038,False,False,20,20.0,19.0,20.0,1.0,0.02631578947368421,20.0,20.0,1.0,0.02564102564102564,,27,,,,,,,,
PAIR,,VCP-R1-022,VCP-R1-039,False,False,20,20.0,19.0,20.0,0.0,0.0,20.0,20.0,0.0,0.0,,27,,,,,,,,
PAIR,,VCP-R1-022,VCP-R1-040,False,True,20,20.0,19.0,19.0,2.0,0.05555555555555555,20.0,20.0,2.0,0.05263157894736842,,27,,,,,,,,
PAIR,,VCP-R1-022,VCP-R1-041,False,False,20,20.0,19.0,20.0,1.0,0.02631578947368421,20.0,20.0,1.0,0.02564102564102564,,27,,,,,,,,
PAIR,,VCP-R1-022,VCP-R1-042,False,True,20,20.0,19.0,20.0,0.0,0.0,20.0,20.0,0.0,0.0,,27,,,,,,,,
PAIR,,VCP-R1-022,VCP-R1-043,False,True,20,20.0,19.0,19.0,2.0,0.05555555555555555,20.0,20.0,2.0,0.05263157894736842,,27,,,,,,,,
PAIR,,VCP-R1-022,VCP-R1-044,False,False,20,20.0,19.0,20.0,1.0,0.02631578947368421,20.0,20.0,1.0,0.02564102564102564,,27,,,,,,,,
PAIR,,VCP-R1-022,VCP-R1-045,False,True,20,20.0,19.0,20.0,0.0,0.0,20.0,20.0,0.0,0.0,,27,,,,,,,,
PAIR,,VCP-R1-022,VCP-R1-046,False,False,20,20.0,19.0,19.0,2.0,0.05555555555555555,20.0,20.0,2.0,0.05263157894736842,,27,,,,,,,,
PAIR,,VCP-R1-022,VCP-R1-047,False,False,20,20.0,19.0,20.0,1.0,0.02631578947368421,20.0,20.0,1.0,0.02564102564102564,,27,,,,,,,,
PAIR,,VCP-R1-022,VCP-R1-048,False,False,20,20.0,19.0,20.0,0.0,0.0,20.0,20.0,0.0,0.0,,27,,,,,,,,
PAIR,,VCP-R1-022,VCP-R1-049,False,True,20,20.0,19.0,20.0,2.0,0.05405405405405406,20.0,20.0,2.0,0.05263157894736842,,27,,,,,,,,
PAIR,,VCP-R1-022,VCP-R1-050,False,False,20,20.0,19.0,20.0,1.0,0.02631578947368421,20.0,20.0,1.0,0.02564102564102564,,27,,,,,,,,
PAIR,,VCP-R1-022,VCP-R1-051,False,True,20,20.0,19.0,20.0,0.0,0.0,20.0,20.0,0.0,0.0,,27,,,,,,,,
PAIR,,VCP-R1-022,VCP-R1-052,False,True,20,20.0,19.0,19.0,2.0,0.05555555555555555,20.0,20.0,2.0,0.05263157894736842,,27,,,,,,,,
PAIR,,VCP-R1-022,VCP-R1-053,False,False,20,20.0,19.0,20.0,1.0,0.02631578947368421,20.0,20.0,1.0,0.02564102564102564,,27,,,,,,,,
PAIR,,VCP-R1-022,VCP-R1-054,False,True,20,20.0,19.0,20.0,0.0,0.0,20.0,20.0,0.0,0.0,,27,,,,,,,,
PAIR,,VCP-R1-022,VCP-R1-055,False,False,20,20.0,19.0,18.0,0.0,0.0,20.0,20.0,0.0,0.0,,27,,,,,,,,
PAIR,,VCP-R1-022,VCP-R1-056,False,False,20,20.0,19.0,20.0,1.0,0.02631578947368421,20.0,20.0,0.0,0.0,,27,,,,,,,,
PAIR,,VCP-R1-022,VCP-R1-057,False,False,20,19.0,19.0,18.0,0.0,0.0,20.0,19.0,0.0,0.0,,27,,,,,,,,
PAIR,,VCP-R1-022,VCP-R1-058,False,False,20,20.0,19.0,19.0,1.0,0.02702702702702703,20.0,20.0,0.0,0.0,,27,,,,,,,,
PAIR,,VCP-R1-022,VCP-R1-059,False,False,20,20.0,19.0,19.0,0.0,0.0,20.0,20.0,0.0,0.0,,27,,,,,,,,
PAIR,,VCP-R1-022,VCP-R1-060,False,False,20,20.0,19.0,20.0,0.0,0.0,20.0,20.0,0.0,0.0,,27,,,,,,,,
PAIR,,VCP-R1-022,VCP-R1-061,False,False,20,20.0,19.0,20.0,0.0,0.0,20.0,20.0,0.0,0.0,,27,,,,,,,,
PAIR,,VCP-R1-022,VCP-R1-062,False,False,20,20.0,19.0,20.0,0.0,0.0,20.0,20.0,0.0,0.0,,27,,,,,,,,
PAIR,,VCP-R1-022,VCP-R1-063,False,False,20,20.0,19.0,20.0,0.0,0.0,20.0,20.0,0.0,0.0,,27,,,,,,,,
PAIR,,VCP-R1-022,VCP-R1-064,False,False,20,20.0,19.0,19.0,1.0,0.02702702702702703,20.0,20.0,0.0,0.0,,27,,,,,,,,
PAIR,,VCP-R1-022,VCP-R1-065,False,False,20,20.0,19.0,20.0,1.0,0.02631578947368421,20.0,20.0,0.0,0.0,,27,,,,,,,,
PAIR,,VCP-R1-022,VCP-R1-066,False,False,20,20.0,19.0,20.0,1.0,0.02631578947368421,20.0,20.0,0.0,0.0,,27,,,,,,,,
PAIR,,VCP-R1-022,VCP-R1-067,False,False,20,20.0,19.0,20.0,1.0,0.02631578947368421,20.0,20.0,0.0,0.0,,27,,,,,,,,
PAIR,,VCP-R1-022,VCP-R1-068,False,False,20,20.0,19.0,19.0,1.0,0.02702702702702703,20.0,20.0,0.0,0.0,,27,,,,,,,,
PAIR,,VCP-R1-022,VCP-R1-069,False,False,20,20.0,19.0,20.0,1.0,0.02631578947368421,20.0,20.0,0.0,0.0,,27,,,,,,,,
PAIR,,VCP-R1-022,VCP-R1-070,False,False,20,20.0,19.0,20.0,1.0,0.02631578947368421,20.0,20.0,0.0,0.0,,27,,,,,,,,
PAIR,,VCP-R1-022,VCP-R1-071,False,False,20,20.0,19.0,20.0,1.0,0.02631578947368421,20.0,20.0,0.0,0.0,,27,,,,,,,,
PAIR,,VCP-R1-022,VCP-R1-072,False,False,20,20.0,19.0,20.0,1.0,0.02631578947368421,20.0,20.0,0.0,0.0,,27,,,,,,,,
PAIR,,VCP-R1-022,VCP-R1-073,False,False,20,20.0,19.0,20.0,1.0,0.02631578947368421,20.0,20.0,0.0,0.0,,27,,,,,,,,
PAIR,,VCP-R1-022,VCP-R1-074,False,False,20,20.0,19.0,20.0,1.0,0.02631578947368421,20.0,20.0,0.0,0.0,,27,,,,,,,,
PAIR,,VCP-R1-022,VCP-R1-075,False,False,20,20.0,19.0,20.0,1.0,0.02631578947368421,20.0,20.0,0.0,0.0,,27,,,,,,,,
PAIR,,VCP-R1-022,VCP-R1-076,False,False,20,20.0,19.0,20.0,1.0,0.02631578947368421,20.0,20.0,0.0,0.0,,27,,,,,,,,
PAIR,,VCP-R1-022,VCP-R1-077,False,False,20,20.0,19.0,19.0,1.0,0.02702702702702703,20.0,20.0,0.0,0.0,,27,,,,,,,,
PAIR,,VCP-R1-022,VCP-R1-078,False,False,20,20.0,19.0,20.0,1.0,0.02631578947368421,20.0,20.0,0.0,0.0,,27,,,,,,,,
PAIR,,VCP-R1-022,VCP-R1-079,False,False,20,20.0,19.0,20.0,1.0,0.02631578947368421,20.0,20.0,0.0,0.0,,27,,,,,,,,
PAIR,,VCP-R1-022,VCP-R1-080,False,False,20,20.0,19.0,20.0,1.0,0.02631578947368421,20.0,20.0,0.0,0.0,,27,,,,,,,,
PAIR,,VCP-R1-022,VCP-R1-081,False,False,20,20.0,19.0,20.0,1.0,0.02631578947368421,20.0,20.0,0.0,0.0,,27,,,,,,,,
PAIR,,VCP-R1-022,VCP-R1-082,False,False,20,20.0,19.0,20.0,1.0,0.02631578947368421,20.0,20.0,0.0,0.0,,27,,,,,,,,
PAIR,,VCP-R1-022,VCP-R1-083,False,False,20,20.0,19.0,20.0,1.0,0.02631578947368421,20.0,20.0,0.0,0.0,,27,,,,,,,,
PAIR,,VCP-R1-022,VCP-R1-084,False,False,20,18.0,19.0,18.0,1.0,0.027777777777777776,20.0,18.0,0.0,0.0,,27,,,,,,,,
PAIR,,VCP-R1-022,VCP-R1-085,False,False,20,20.0,19.0,19.0,0.0,0.0,20.0,20.0,0.0,0.0,,27,,,,,,,,
PAIR,,VCP-R1-022,VCP-R1-086,False,False,20,20.0,19.0,20.0,0.0,0.0,20.0,20.0,0.0,0.0,,27,,,,,,,,
PAIR,,VCP-R1-022,VCP-R1-087,False,False,20,20.0,19.0,19.0,0.0,0.0,20.0,20.0,0.0,0.0,,27,,,,,,,,
PAIR,,VCP-R1-022,VCP-R1-088,False,False,20,20.0,19.0,19.0,1.0,0.02702702702702703,20.0,20.0,0.0,0.0,,27,,,,,,,,
PAIR,,VCP-R1-022,VCP-R1-089,False,False,20,20.0,19.0,19.0,1.0,0.02702702702702703,20.0,20.0,0.0,0.0,,27,,,,,,,,
PAIR,,VCP-R1-022,VCP-R1-090,False,False,20,20.0,19.0,20.0,1.0,0.02631578947368421,20.0,20.0,0.0,0.0,,27,,,,,,,,
PAIR,,VCP-R1-022,VCP-R1-091,False,False,20,20.0,19.0,19.0,0.0,0.0,20.0,20.0,0.0,0.0,,27,,,,,,,,
PAIR,,VCP-R1-022,VCP-R1-092,False,False,20,20.0,19.0,19.0,0.0,0.0,20.0,20.0,0.0,0.0,,27,,,,,,,,
PAIR,,VCP-R1-022,VCP-R1-093,False,False,20,20.0,19.0,19.0,0.0,0.0,20.0,20.0,0.0,0.0,,27,,,,,,,,
PAIR,,VCP-R1-022,VCP-R1-094,False,False,20,20.0,19.0,19.0,0.0,0.0,20.0,20.0,0.0,0.0,,27,,,,,,,,
PAIR,,VCP-R1-022,VCP-R1-095,False,False,20,20.0,19.0,20.0,0.0,0.0,20.0,20.0,0.0,0.0,,27,,,,,,,,
PAIR,,VCP-R1-022,VCP-R1-096,False,False,20,20.0,19.0,20.0,0.0,0.0,20.0,20.0,0.0,0.0,,27,,,,,,,,
PAIR,,VCP-R1-022,VCP-R1-097,False,False,20,20.0,19.0,20.0,1.0,0.02631578947368421,20.0,20.0,0.0,0.0,,27,,,,,,,,
PAIR,,VCP-R1-022,VCP-R1-098,False,False,20,20.0,19.0,20.0,1.0,0.02631578947368421,20.0,20.0,0.0,0.0,,27,,,,,,,,
PAIR,,VCP-R1-022,VCP-R1-099,False,False,20,20.0,19.0,20.0,2.0,0.05405405405405406,20.0,20.0,0.0,0.0,,27,,,,,,,,
PAIR,,VCP-R1-022,VCP-R1-100,False,False,20,20.0,19.0,19.0,0.0,0.0,20.0,20.0,0.0,0.0,,27,,,,,,,,
PAIR,,VCP-R1-022,VCP-R1-101,False,False,20,20.0,19.0,19.0,0.0,0.0,20.0,20.0,0.0,0.0,,27,,,,,,,,
PAIR,,VCP-R1-022,VCP-R1-102,False,False,20,20.0,19.0,19.0,0.0,0.0,20.0,20.0,0.0,0.0,,27,,,,,,,,
PAIR,,VCP-R1-022,VCP-R1-103,False,False,20,20.0,19.0,19.0,0.0,0.0,20.0,20.0,0.0,0.0,,27,,,,,,,,
PAIR,,VCP-R1-022,VCP-R1-104,False,False,20,20.0,19.0,20.0,0.0,0.0,20.0,20.0,0.0,0.0,,27,,,,,,,,
PAIR,,VCP-R1-022,VCP-R1-105,False,False,20,20.0,19.0,20.0,0.0,0.0,20.0,20.0,0.0,0.0,,27,,,,,,,,
PAIR,,VCP-R1-022,VCP-R1-106,False,False,20,20.0,19.0,19.0,1.0,0.02702702702702703,20.0,20.0,0.0,0.0,,27,,,,,,,,
PAIR,,VCP-R1-022,VCP-R1-107,False,False,20,20.0,19.0,20.0,1.0,0.02631578947368421,20.0,20.0,0.0,0.0,,27,,,,,,,,
PAIR,,VCP-R1-022,VCP-R1-108,False,False,20,20.0,19.0,20.0,2.0,0.05405405405405406,20.0,20.0,0.0,0.0,,27,,,,,,,,
PAIR,,VCP-R1-023,VCP-R1-024,False,False,20,20.0,19.0,19.0,10.0,0.35714285714285715,20.0,20.0,10.0,0.3333333333333333,,27,,,,,,,,
PAIR,,VCP-R1-023,VCP-R1-025,False,False,20,20.0,19.0,20.0,10.0,0.3448275862068966,20.0,20.0,10.0,0.3333333333333333,,27,,,,,,,,
PAIR,,VCP-R1-023,VCP-R1-026,False,True,20,20.0,19.0,19.0,15.0,0.6521739130434783,20.0,20.0,16.0,0.6666666666666666,,27,,,,,,,,
PAIR,,VCP-R1-023,VCP-R1-027,False,False,20,20.0,19.0,20.0,10.0,0.3448275862068966,20.0,20.0,10.0,0.3333333333333333,,27,,,,,,,,
PAIR,,VCP-R1-023,VCP-R1-028,False,False,20,20.0,19.0,20.0,1.0,0.02631578947368421,20.0,20.0,0.0,0.0,,27,,,,,,,,
PAIR,,VCP-R1-023,VCP-R1-029,False,False,20,20.0,19.0,20.0,1.0,0.02631578947368421,20.0,20.0,0.0,0.0,,27,,,,,,,,
PAIR,,VCP-R1-023,VCP-R1-030,False,True,20,20.0,19.0,18.0,1.0,0.027777777777777776,20.0,20.0,0.0,0.0,,27,,,,,,,,
PAIR,,VCP-R1-023,VCP-R1-031,False,True,20,20.0,19.0,20.0,0.0,0.0,20.0,20.0,0.0,0.0,,27,,,,,,,,
PAIR,,VCP-R1-023,VCP-R1-032,False,True,20,20.0,19.0,20.0,1.0,0.02631578947368421,20.0,20.0,0.0,0.0,,27,,,,,,,,
PAIR,,VCP-R1-023,VCP-R1-033,False,True,20,20.0,19.0,19.0,1.0,0.02702702702702703,20.0,20.0,0.0,0.0,,27,,,,,,,,
PAIR,,VCP-R1-023,VCP-R1-034,False,False,20,20.0,19.0,19.0,0.0,0.0,20.0,20.0,0.0,0.0,,27,,,,,,,,
PAIR,,VCP-R1-023,VCP-R1-035,False,False,20,20.0,19.0,20.0,0.0,0.0,20.0,20.0,0.0,0.0,,27,,,,,,,,
PAIR,,VCP-R1-023,VCP-R1-036,False,True,20,20.0,19.0,20.0,1.0,0.02631578947368421,20.0,20.0,0.0,0.0,,27,,,,,,,,
PAIR,,VCP-R1-023,VCP-R1-037,False,False,20,20.0,19.0,19.0,2.0,0.05555555555555555,20.0,20.0,1.0,0.02564102564102564,,27,,,,,,,,
PAIR,,VCP-R1-023,VCP-R1-038,False,False,20,20.0,19.0,20.0,2.0,0.05405405405405406,20.0,20.0,1.0,0.02564102564102564,,27,,,,,,,,
PAIR,,VCP-R1-023,VCP-R1-039,False,False,20,20.0,19.0,20.0,1.0,0.02631578947368421,20.0,20.0,0.0,0.0,,27,,,,,,,,
PAIR,,VCP-R1-023,VCP-R1-040,False,True,20,20.0,19.0,19.0,1.0,0.02702702702702703,20.0,20.0,1.0,0.02564102564102564,,27,,,,,,,,
PAIR,,VCP-R1-023,VCP-R1-041,False,False,20,20.0,19.0,20.0,1.0,0.02631578947368421,20.0,20.0,1.0,0.02564102564102564,,27,,,,,,,,
PAIR,,VCP-R1-023,VCP-R1-042,False,True,20,20.0,19.0,20.0,1.0,0.02631578947368421,20.0,20.0,0.0,0.0,,27,,,,,,,,
PAIR,,VCP-R1-023,VCP-R1-043,False,True,20,20.0,19.0,19.0,1.0,0.02702702702702703,20.0,20.0,1.0,0.02564102564102564,,27,,,,,,,,
PAIR,,VCP-R1-023,VCP-R1-044,False,False,20,20.0,19.0,20.0,1.0,0.02631578947368421,20.0,20.0,1.0,0.02564102564102564,,27,,,,,,,,
PAIR,,VCP-R1-023,VCP-R1-045,False,True,20,20.0,19.0,20.0,0.0,0.0,20.0,20.0,0.0,0.0,,27,,,,,,,,
PAIR,,VCP-R1-023,VCP-R1-046,False,False,20,20.0,19.0,19.0,2.0,0.05555555555555555,20.0,20.0,1.0,0.02564102564102564,,27,,,,,,,,
PAIR,,VCP-R1-023,VCP-R1-047,False,False,20,20.0,19.0,20.0,2.0,0.05405405405405406,20.0,20.0,1.0,0.02564102564102564,,27,,,,,,,,
PAIR,,VCP-R1-023,VCP-R1-048,False,False,20,20.0,19.0,20.0,1.0,0.02631578947368421,20.0,20.0,0.0,0.0,,27,,,,,,,,
PAIR,,VCP-R1-023,VCP-R1-049,False,True,20,20.0,19.0,20.0,1.0,0.02631578947368421,20.0,20.0,1.0,0.02564102564102564,,27,,,,,,,,
PAIR,,VCP-R1-023,VCP-R1-050,False,False,20,20.0,19.0,20.0,1.0,0.02631578947368421,20.0,20.0,1.0,0.02564102564102564,,27,,,,,,,,
PAIR,,VCP-R1-023,VCP-R1-051,False,True,20,20.0,19.0,20.0,1.0,0.02631578947368421,20.0,20.0,0.0,0.0,,27,,,,,,,,
PAIR,,VCP-R1-023,VCP-R1-052,False,True,20,20.0,19.0,19.0,1.0,0.02702702702702703,20.0,20.0,1.0,0.02564102564102564,,27,,,,,,,,
PAIR,,VCP-R1-023,VCP-R1-053,False,False,20,20.0,19.0,20.0,1.0,0.02631578947368421,20.0,20.0,1.0,0.02564102564102564,,27,,,,,,,,
PAIR,,VCP-R1-023,VCP-R1-054,False,True,20,20.0,19.0,20.0,0.0,0.0,20.0,20.0,0.0,0.0,,27,,,,,,,,
PAIR,,VCP-R1-023,VCP-R1-055,False,False,20,20.0,19.0,18.0,0.0,0.0,20.0,20.0,0.0,0.0,,27,,,,,,,,
PAIR,,VCP-R1-023,VCP-R1-056,False,False,20,20.0,19.0,20.0,1.0,0.02631578947368421,20.0,20.0,0.0,0.0,,27,,,,,,,,
PAIR,,VCP-R1-023,VCP-R1-057,False,False,20,19.0,19.0,18.0,0.0,0.0,20.0,19.0,0.0,0.0,,27,,,,,,,,
PAIR,,VCP-R1-023,VCP-R1-058,False,False,20,20.0,19.0,19.0,1.0,0.02702702702702703,20.0,20.0,0.0,0.0,,27,,,,,,,,
PAIR,,VCP-R1-023,VCP-R1-059,False,False,20,20.0,19.0,19.0,0.0,0.0,20.0,20.0,0.0,0.0,,27,,,,,,,,
PAIR,,VCP-R1-023,VCP-R1-060,False,False,20,20.0,19.0,20.0,0.0,0.0,20.0,20.0,0.0,0.0,,27,,,,,,,,
PAIR,,VCP-R1-023,VCP-R1-061,False,False,20,20.0,19.0,20.0,0.0,0.0,20.0,20.0,0.0,0.0,,27,,,,,,,,
PAIR,,VCP-R1-023,VCP-R1-062,False,False,20,20.0,19.0,20.0,0.0,0.0,20.0,20.0,0.0,0.0,,27,,,,,,,,
PAIR,,VCP-R1-023,VCP-R1-063,False,False,20,20.0,19.0,20.0,0.0,0.0,20.0,20.0,0.0,0.0,,27,,,,,,,,
PAIR,,VCP-R1-023,VCP-R1-064,False,False,20,20.0,19.0,19.0,1.0,0.02702702702702703,20.0,20.0,0.0,0.0,,27,,,,,,,,
PAIR,,VCP-R1-023,VCP-R1-065,False,False,20,20.0,19.0,20.0,1.0,0.02631578947368421,20.0,20.0,0.0,0.0,,27,,,,,,,,
PAIR,,VCP-R1-023,VCP-R1-066,False,False,20,20.0,19.0,20.0,1.0,0.02631578947368421,20.0,20.0,0.0,0.0,,27,,,,,,,,
PAIR,,VCP-R1-023,VCP-R1-067,False,False,20,20.0,19.0,20.0,1.0,0.02631578947368421,20.0,20.0,0.0,0.0,,27,,,,,,,,
PAIR,,VCP-R1-023,VCP-R1-068,False,False,20,20.0,19.0,19.0,1.0,0.02702702702702703,20.0,20.0,0.0,0.0,,27,,,,,,,,
PAIR,,VCP-R1-023,VCP-R1-069,False,False,20,20.0,19.0,20.0,1.0,0.02631578947368421,20.0,20.0,0.0,0.0,,27,,,,,,,,
PAIR,,VCP-R1-023,VCP-R1-070,False,False,20,20.0,19.0,20.0,1.0,0.02631578947368421,20.0,20.0,0.0,0.0,,27,,,,,,,,
PAIR,,VCP-R1-023,VCP-R1-071,False,False,20,20.0,19.0,20.0,1.0,0.02631578947368421,20.0,20.0,0.0,0.0,,27,,,,,,,,
PAIR,,VCP-R1-023,VCP-R1-072,False,False,20,20.0,19.0,20.0,1.0,0.02631578947368421,20.0,20.0,0.0,0.0,,27,,,,,,,,
PAIR,,VCP-R1-023,VCP-R1-073,False,False,20,20.0,19.0,20.0,1.0,0.02631578947368421,20.0,20.0,0.0,0.0,,27,,,,,,,,
PAIR,,VCP-R1-023,VCP-R1-074,False,False,20,20.0,19.0,20.0,1.0,0.02631578947368421,20.0,20.0,0.0,0.0,,27,,,,,,,,
PAIR,,VCP-R1-023,VCP-R1-075,False,False,20,20.0,19.0,20.0,1.0,0.02631578947368421,20.0,20.0,0.0,0.0,,27,,,,,,,,
PAIR,,VCP-R1-023,VCP-R1-076,False,False,20,20.0,19.0,20.0,1.0,0.02631578947368421,20.0,20.0,0.0,0.0,,27,,,,,,,,
PAIR,,VCP-R1-023,VCP-R1-077,False,False,20,20.0,19.0,19.0,1.0,0.02702702702702703,20.0,20.0,0.0,0.0,,27,,,,,,,,
PAIR,,VCP-R1-023,VCP-R1-078,False,False,20,20.0,19.0,20.0,1.0,0.02631578947368421,20.0,20.0,0.0,0.0,,27,,,,,,,,
PAIR,,VCP-R1-023,VCP-R1-079,False,False,20,20.0,19.0,20.0,1.0,0.02631578947368421,20.0,20.0,0.0,0.0,,27,,,,,,,,
PAIR,,VCP-R1-023,VCP-R1-080,False,False,20,20.0,19.0,20.0,1.0,0.02631578947368421,20.0,20.0,0.0,0.0,,27,,,,,,,,
PAIR,,VCP-R1-023,VCP-R1-081,False,False,20,20.0,19.0,20.0,1.0,0.02631578947368421,20.0,20.0,0.0,0.0,,27,,,,,,,,
PAIR,,VCP-R1-023,VCP-R1-082,False,False,20,20.0,19.0,20.0,1.0,0.02631578947368421,20.0,20.0,0.0,0.0,,27,,,,,,,,
PAIR,,VCP-R1-023,VCP-R1-083,False,False,20,20.0,19.0,20.0,2.0,0.05405405405405406,20.0,20.0,0.0,0.0,,27,,,,,,,,
PAIR,,VCP-R1-023,VCP-R1-084,False,False,20,18.0,19.0,18.0,2.0,0.05714285714285714,20.0,18.0,0.0,0.0,,27,,,,,,,,
PAIR,,VCP-R1-023,VCP-R1-085,False,False,20,20.0,19.0,19.0,0.0,0.0,20.0,20.0,0.0,0.0,,27,,,,,,,,
PAIR,,VCP-R1-023,VCP-R1-086,False,False,20,20.0,19.0,20.0,0.0,0.0,20.0,20.0,0.0,0.0,,27,,,,,,,,
PAIR,,VCP-R1-023,VCP-R1-087,False,False,20,20.0,19.0,19.0,0.0,0.0,20.0,20.0,0.0,0.0,,27,,,,,,,,
PAIR,,VCP-R1-023,VCP-R1-088,False,False,20,20.0,19.0,19.0,0.0,0.0,20.0,20.0,0.0,0.0,,27,,,,,,,,
PAIR,,VCP-R1-023,VCP-R1-089,False,False,20,20.0,19.0,19.0,0.0,0.0,20.0,20.0,0.0,0.0,,27,,,,,,,,
PAIR,,VCP-R1-023,VCP-R1-090,False,False,20,20.0,19.0,20.0,0.0,0.0,20.0,20.0,0.0,0.0,,27,,,,,,,,
PAIR,,VCP-R1-023,VCP-R1-091,False,False,20,20.0,19.0,19.0,1.0,0.02702702702702703,20.0,20.0,0.0,0.0,,27,,,,,,,,
PAIR,,VCP-R1-023,VCP-R1-092,False,False,20,20.0,19.0,19.0,1.0,0.02702702702702703,20.0,20.0,0.0,0.0,,27,,,,,,,,
PAIR,,VCP-R1-023,VCP-R1-093,False,False,20,20.0,19.0,19.0,1.0,0.02702702702702703,20.0,20.0,0.0,0.0,,27,,,,,,,,
PAIR,,VCP-R1-023,VCP-R1-094,False,False,20,20.0,19.0,19.0,0.0,0.0,20.0,20.0,0.0,0.0,,27,,,,,,,,
PAIR,,VCP-R1-023,VCP-R1-095,False,False,20,20.0,19.0,20.0,1.0,0.02631578947368421,20.0,20.0,0.0,0.0,,27,,,,,,,,
PAIR,,VCP-R1-023,VCP-R1-096,False,False,20,20.0,19.0,20.0,1.0,0.02631578947368421,20.0,20.0,0.0,0.0,,27,,,,,,,,
PAIR,,VCP-R1-023,VCP-R1-097,False,False,20,20.0,19.0,20.0,1.0,0.02631578947368421,20.0,20.0,0.0,0.0,,27,,,,,,,,
PAIR,,VCP-R1-023,VCP-R1-098,False,False,20,20.0,19.0,20.0,1.0,0.02631578947368421,20.0,20.0,0.0,0.0,,27,,,,,,,,
PAIR,,VCP-R1-023,VCP-R1-099,False,False,20,20.0,19.0,20.0,2.0,0.05405405405405406,20.0,20.0,0.0,0.0,,27,,,,,,,,
PAIR,,VCP-R1-023,VCP-R1-100,False,False,20,20.0,19.0,19.0,1.0,0.02702702702702703,20.0,20.0,0.0,0.0,,27,,,,,,,,
PAIR,,VCP-R1-023,VCP-R1-101,False,False,20,20.0,19.0,19.0,1.0,0.02702702702702703,20.0,20.0,0.0,0.0,,27,,,,,,,,
PAIR,,VCP-R1-023,VCP-R1-102,False,False,20,20.0,19.0,19.0,1.0,0.02702702702702703,20.0,20.0,0.0,0.0,,27,,,,,,,,
PAIR,,VCP-R1-023,VCP-R1-103,False,False,20,20.0,19.0,19.0,0.0,0.0,20.0,20.0,0.0,0.0,,27,,,,,,,,
PAIR,,VCP-R1-023,VCP-R1-104,False,False,20,20.0,19.0,20.0,1.0,0.02631578947368421,20.0,20.0,0.0,0.0,,27,,,,,,,,
PAIR,,VCP-R1-023,VCP-R1-105,False,False,20,20.0,19.0,20.0,1.0,0.02631578947368421,20.0,20.0,0.0,0.0,,27,,,,,,,,
PAIR,,VCP-R1-023,VCP-R1-106,False,False,20,20.0,19.0,19.0,1.0,0.02702702702702703,20.0,20.0,0.0,0.0,,27,,,,,,,,
PAIR,,VCP-R1-023,VCP-R1-107,False,False,20,20.0,19.0,20.0,1.0,0.02631578947368421,20.0,20.0,0.0,0.0,,27,,,,,,,,
PAIR,,VCP-R1-023,VCP-R1-108,False,False,20,20.0,19.0,20.0,1.0,0.02631578947368421,20.0,20.0,0.0,0.0,,27,,,,,,,,
PAIR,,VCP-R1-024,VCP-R1-025,False,False,20,20.0,19.0,20.0,6.0,0.18181818181818182,20.0,20.0,6.0,0.17647058823529413,,27,,,,,,,,
PAIR,,VCP-R1-024,VCP-R1-026,False,True,20,20.0,19.0,19.0,7.0,0.22580645161290322,20.0,20.0,7.0,0.21212121212121213,,27,,,,,,,,
PAIR,,VCP-R1-024,VCP-R1-027,False,False,20,20.0,19.0,20.0,14.0,0.56,20.0,20.0,14.0,0.5384615384615384,,27,,,,,,,,
PAIR,,VCP-R1-024,VCP-R1-028,False,False,20,20.0,19.0,20.0,1.0,0.02631578947368421,20.0,20.0,0.0,0.0,,27,,,,,,,,
PAIR,,VCP-R1-024,VCP-R1-029,False,False,20,20.0,19.0,20.0,1.0,0.02631578947368421,20.0,20.0,0.0,0.0,,27,,,,,,,,
PAIR,,VCP-R1-024,VCP-R1-030,False,True,20,20.0,19.0,18.0,1.0,0.027777777777777776,20.0,20.0,0.0,0.0,,27,,,,,,,,
PAIR,,VCP-R1-024,VCP-R1-031,False,True,20,20.0,19.0,20.0,0.0,0.0,20.0,20.0,0.0,0.0,,27,,,,,,,,
PAIR,,VCP-R1-024,VCP-R1-032,False,True,20,20.0,19.0,20.0,1.0,0.02631578947368421,20.0,20.0,0.0,0.0,,27,,,,,,,,
PAIR,,VCP-R1-024,VCP-R1-033,False,True,20,20.0,19.0,19.0,1.0,0.02702702702702703,20.0,20.0,0.0,0.0,,27,,,,,,,,
PAIR,,VCP-R1-024,VCP-R1-034,False,False,20,20.0,19.0,19.0,0.0,0.0,20.0,20.0,0.0,0.0,,27,,,,,,,,
PAIR,,VCP-R1-024,VCP-R1-035,False,False,20,20.0,19.0,20.0,0.0,0.0,20.0,20.0,0.0,0.0,,27,,,,,,,,
PAIR,,VCP-R1-024,VCP-R1-036,False,True,20,20.0,19.0,20.0,1.0,0.02631578947368421,20.0,20.0,0.0,0.0,,27,,,,,,,,
PAIR,,VCP-R1-024,VCP-R1-037,False,False,20,20.0,19.0,19.0,1.0,0.02702702702702703,20.0,20.0,0.0,0.0,,27,,,,,,,,
PAIR,,VCP-R1-024,VCP-R1-038,False,False,20,20.0,19.0,20.0,1.0,0.02631578947368421,20.0,20.0,0.0,0.0,,27,,,,,,,,
PAIR,,VCP-R1-024,VCP-R1-039,False,False,20,20.0,19.0,20.0,1.0,0.02631578947368421,20.0,20.0,0.0,0.0,,27,,,,,,,,
PAIR,,VCP-R1-024,VCP-R1-040,False,True,20,20.0,19.0,19.0,1.0,0.02702702702702703,20.0,20.0,0.0,0.0,,27,,,,,,,,
PAIR,,VCP-R1-024,VCP-R1-041,False,False,20,20.0,19.0,20.0,1.0,0.02631578947368421,20.0,20.0,0.0,0.0,,27,,,,,,,,
PAIR,,VCP-R1-024,VCP-R1-042,False,True,20,20.0,19.0,20.0,2.0,0.05405405405405406,20.0,20.0,0.0,0.0,,27,,,,,,,,
PAIR,,VCP-R1-024,VCP-R1-043,False,True,20,20.0,19.0,19.0,1.0,0.02702702702702703,20.0,20.0,0.0,0.0,,27,,,,,,,,
PAIR,,VCP-R1-024,VCP-R1-044,False,False,20,20.0,19.0,20.0,1.0,0.02631578947368421,20.0,20.0,0.0,0.0,,27,,,,,,,,
PAIR,,VCP-R1-024,VCP-R1-045,False,True,20,20.0,19.0,20.0,1.0,0.02631578947368421,20.0,20.0,0.0,0.0,,27,,,,,,,,
PAIR,,VCP-R1-024,VCP-R1-046,False,False,20,20.0,19.0,19.0,1.0,0.02702702702702703,20.0,20.0,0.0,0.0,,27,,,,,,,,
PAIR,,VCP-R1-024,VCP-R1-047,False,False,20,20.0,19.0,20.0,1.0,0.02631578947368421,20.0,20.0,0.0,0.0,,27,,,,,,,,
PAIR,,VCP-R1-024,VCP-R1-048,False,False,20,20.0,19.0,20.0,1.0,0.02631578947368421,20.0,20.0,0.0,0.0,,27,,,,,,,,
PAIR,,VCP-R1-024,VCP-R1-049,False,True,20,20.0,19.0,20.0,1.0,0.02631578947368421,20.0,20.0,0.0,0.0,,27,,,,,,,,
PAIR,,VCP-R1-024,VCP-R1-050,False,False,20,20.0,19.0,20.0,1.0,0.02631578947368421,20.0,20.0,0.0,0.0,,27,,,,,,,,
PAIR,,VCP-R1-024,VCP-R1-051,False,True,20,20.0,19.0,20.0,2.0,0.05405405405405406,20.0,20.0,0.0,0.0,,27,,,,,,,,
PAIR,,VCP-R1-024,VCP-R1-052,False,True,20,20.0,19.0,19.0,1.0,0.02702702702702703,20.0,20.0,0.0,0.0,,27,,,,,,,,
PAIR,,VCP-R1-024,VCP-R1-053,False,False,20,20.0,19.0,20.0,1.0,0.02631578947368421,20.0,20.0,0.0,0.0,,27,,,,,,,,
PAIR,,VCP-R1-024,VCP-R1-054,False,True,20,20.0,19.0,20.0,1.0,0.02631578947368421,20.0,20.0,0.0,0.0,,27,,,,,,,,
PAIR,,VCP-R1-024,VCP-R1-055,False,False,20,20.0,19.0,18.0,0.0,0.0,20.0,20.0,0.0,0.0,,27,,,,,,,,
PAIR,,VCP-R1-024,VCP-R1-056,False,False,20,20.0,19.0,20.0,0.0,0.0,20.0,20.0,0.0,0.0,,27,,,,,,,,
PAIR,,VCP-R1-024,VCP-R1-057,False,False,20,19.0,19.0,18.0,0.0,0.0,20.0,19.0,0.0,0.0,,27,,,,,,,,
PAIR,,VCP-R1-024,VCP-R1-058,False,False,20,20.0,19.0,19.0,0.0,0.0,20.0,20.0,0.0,0.0,,27,,,,,,,,
PAIR,,VCP-R1-024,VCP-R1-059,False,False,20,20.0,19.0,19.0,0.0,0.0,20.0,20.0,0.0,0.0,,27,,,,,,,,
PAIR,,VCP-R1-024,VCP-R1-060,False,False,20,20.0,19.0,20.0,0.0,0.0,20.0,20.0,0.0,0.0,,27,,,,,,,,
PAIR,,VCP-R1-024,VCP-R1-061,False,False,20,20.0,19.0,20.0,0.0,0.0,20.0,20.0,0.0,0.0,,27,,,,,,,,
PAIR,,VCP-R1-024,VCP-R1-062,False,False,20,20.0,19.0,20.0,0.0,0.0,20.0,20.0,0.0,0.0,,27,,,,,,,,
PAIR,,VCP-R1-024,VCP-R1-063,False,False,20,20.0,19.0,20.0,0.0,0.0,20.0,20.0,0.0,0.0,,27,,,,,,,,
PAIR,,VCP-R1-024,VCP-R1-064,False,False,20,20.0,19.0,19.0,2.0,0.05555555555555555,20.0,20.0,0.0,0.0,,27,,,,,,,,
PAIR,,VCP-R1-024,VCP-R1-065,False,False,20,20.0,19.0,20.0,1.0,0.02631578947368421,20.0,20.0,0.0,0.0,,27,,,,,,,,
PAIR,,VCP-R1-024,VCP-R1-066,False,False,20,20.0,19.0,20.0,1.0,0.02631578947368421,20.0,20.0,0.0,0.0,,27,,,,,,,,
PAIR,,VCP-R1-024,VCP-R1-067,False,False,20,20.0,19.0,20.0,1.0,0.02631578947368421,20.0,20.0,0.0,0.0,,27,,,,,,,,
PAIR,,VCP-R1-024,VCP-R1-068,False,False,20,20.0,19.0,19.0,1.0,0.02702702702702703,20.0,20.0,0.0,0.0,,27,,,,,,,,
PAIR,,VCP-R1-024,VCP-R1-069,False,False,20,20.0,19.0,20.0,1.0,0.02631578947368421,20.0,20.0,0.0,0.0,,27,,,,,,,,
PAIR,,VCP-R1-024,VCP-R1-070,False,False,20,20.0,19.0,20.0,1.0,0.02631578947368421,20.0,20.0,0.0,0.0,,27,,,,,,,,
PAIR,,VCP-R1-024,VCP-R1-071,False,False,20,20.0,19.0,20.0,1.0,0.02631578947368421,20.0,20.0,0.0,0.0,,27,,,,,,,,
PAIR,,VCP-R1-024,VCP-R1-072,False,False,20,20.0,19.0,20.0,1.0,0.02631578947368421,20.0,20.0,0.0,0.0,,27,,,,,,,,
PAIR,,VCP-R1-024,VCP-R1-073,False,False,20,20.0,19.0,20.0,1.0,0.02631578947368421,20.0,20.0,0.0,0.0,,27,,,,,,,,
PAIR,,VCP-R1-024,VCP-R1-074,False,False,20,20.0,19.0,20.0,1.0,0.02631578947368421,20.0,20.0,0.0,0.0,,27,,,,,,,,
PAIR,,VCP-R1-024,VCP-R1-075,False,False,20,20.0,19.0,20.0,1.0,0.02631578947368421,20.0,20.0,0.0,0.0,,27,,,,,,,,
PAIR,,VCP-R1-024,VCP-R1-076,False,False,20,20.0,19.0,20.0,1.0,0.02631578947368421,20.0,20.0,0.0,0.0,,27,,,,,,,,
PAIR,,VCP-R1-024,VCP-R1-077,False,False,20,20.0,19.0,19.0,1.0,0.02702702702702703,20.0,20.0,0.0,0.0,,27,,,,,,,,
PAIR,,VCP-R1-024,VCP-R1-078,False,False,20,20.0,19.0,20.0,1.0,0.02631578947368421,20.0,20.0,0.0,0.0,,27,,,,,,,,
PAIR,,VCP-R1-024,VCP-R1-079,False,False,20,20.0,19.0,20.0,1.0,0.02631578947368421,20.0,20.0,0.0,0.0,,27,,,,,,,,
PAIR,,VCP-R1-024,VCP-R1-080,False,False,20,20.0,19.0,20.0,1.0,0.02631578947368421,20.0,20.0,0.0,0.0,,27,,,,,,,,
PAIR,,VCP-R1-024,VCP-R1-081,False,False,20,20.0,19.0,20.0,1.0,0.02631578947368421,20.0,20.0,0.0,0.0,,27,,,,,,,,
PAIR,,VCP-R1-024,VCP-R1-082,False,False,20,20.0,19.0,20.0,0.0,0.0,20.0,20.0,0.0,0.0,,27,,,,,,,,
PAIR,,VCP-R1-024,VCP-R1-083,False,False,20,20.0,19.0,20.0,1.0,0.02631578947368421,20.0,20.0,0.0,0.0,,27,,,,,,,,
PAIR,,VCP-R1-024,VCP-R1-084,False,False,20,18.0,19.0,18.0,1.0,0.027777777777777776,20.0,18.0,0.0,0.0,,27,,,,,,,,
PAIR,,VCP-R1-024,VCP-R1-085,False,False,20,20.0,19.0,19.0,0.0,0.0,20.0,20.0,0.0,0.0,,27,,,,,,,,
PAIR,,VCP-R1-024,VCP-R1-086,False,False,20,20.0,19.0,20.0,0.0,0.0,20.0,20.0,0.0,0.0,,27,,,,,,,,
PAIR,,VCP-R1-024,VCP-R1-087,False,False,20,20.0,19.0,19.0,0.0,0.0,20.0,20.0,0.0,0.0,,27,,,,,,,,
PAIR,,VCP-R1-024,VCP-R1-088,False,False,20,20.0,19.0,19.0,0.0,0.0,20.0,20.0,0.0,0.0,,27,,,,,,,,
PAIR,,VCP-R1-024,VCP-R1-089,False,False,20,20.0,19.0,19.0,0.0,0.0,20.0,20.0,0.0,0.0,,27,,,,,,,,
PAIR,,VCP-R1-024,VCP-R1-090,False,False,20,20.0,19.0,20.0,0.0,0.0,20.0,20.0,0.0,0.0,,27,,,,,,,,
PAIR,,VCP-R1-024,VCP-R1-091,False,False,20,20.0,19.0,19.0,1.0,0.02702702702702703,20.0,20.0,0.0,0.0,,27,,,,,,,,
PAIR,,VCP-R1-024,VCP-R1-092,False,False,20,20.0,19.0,19.0,1.0,0.02702702702702703,20.0,20.0,0.0,0.0,,27,,,,,,,,
PAIR,,VCP-R1-024,VCP-R1-093,False,False,20,20.0,19.0,19.0,1.0,0.02702702702702703,20.0,20.0,0.0,0.0,,27,,,,,,,,
PAIR,,VCP-R1-024,VCP-R1-094,False,False,20,20.0,19.0,19.0,0.0,0.0,20.0,20.0,0.0,0.0,,27,,,,,,,,
PAIR,,VCP-R1-024,VCP-R1-095,False,False,20,20.0,19.0,20.0,1.0,0.02631578947368421,20.0,20.0,0.0,0.0,,27,,,,,,,,
PAIR,,VCP-R1-024,VCP-R1-096,False,False,20,20.0,19.0,20.0,1.0,0.02631578947368421,20.0,20.0,0.0,0.0,,27,,,,,,,,
PAIR,,VCP-R1-024,VCP-R1-097,False,False,20,20.0,19.0,20.0,1.0,0.02631578947368421,20.0,20.0,0.0,0.0,,27,,,,,,,,
PAIR,,VCP-R1-024,VCP-R1-098,False,False,20,20.0,19.0,20.0,1.0,0.02631578947368421,20.0,20.0,0.0,0.0,,27,,,,,,,,
PAIR,,VCP-R1-024,VCP-R1-099,False,False,20,20.0,19.0,20.0,2.0,0.05405405405405406,20.0,20.0,0.0,0.0,,27,,,,,,,,
PAIR,,VCP-R1-024,VCP-R1-100,False,False,20,20.0,19.0,19.0,1.0,0.02702702702702703,20.0,20.0,0.0,0.0,,27,,,,,,,,
PAIR,,VCP-R1-024,VCP-R1-101,False,False,20,20.0,19.0,19.0,1.0,0.02702702702702703,20.0,20.0,0.0,0.0,,27,,,,,,,,
PAIR,,VCP-R1-024,VCP-R1-102,False,False,20,20.0,19.0,19.0,1.0,0.02702702702702703,20.0,20.0,0.0,0.0,,27,,,,,,,,
PAIR,,VCP-R1-024,VCP-R1-103,False,False,20,20.0,19.0,19.0,0.0,0.0,20.0,20.0,0.0,0.0,,27,,,,,,,,
PAIR,,VCP-R1-024,VCP-R1-104,False,False,20,20.0,19.0,20.0,1.0,0.02631578947368421,20.0,20.0,0.0,0.0,,27,,,,,,,,
PAIR,,VCP-R1-024,VCP-R1-105,False,False,20,20.0,19.0,20.0,1.0,0.02631578947368421,20.0,20.0,0.0,0.0,,27,,,,,,,,
PAIR,,VCP-R1-024,VCP-R1-106,False,False,20,20.0,19.0,19.0,2.0,0.05555555555555555,20.0,20.0,0.0,0.0,,27,,,,,,,,
PAIR,,VCP-R1-024,VCP-R1-107,False,False,20,20.0,19.0,20.0,2.0,0.05405405405405406,20.0,20.0,0.0,0.0,,27,,,,,,,,
PAIR,,VCP-R1-024,VCP-R1-108,False,False,20,20.0,19.0,20.0,1.0,0.02631578947368421,20.0,20.0,0.0,0.0,,27,,,,,,,,
PAIR,,VCP-R1-025,VCP-R1-026,False,True,20,20.0,20.0,19.0,13.0,0.5,20.0,20.0,13.0,0.48148148148148145,,27,,,,,,,,
PAIR,,VCP-R1-025,VCP-R1-027,False,False,20,20.0,20.0,20.0,9.0,0.2903225806451613,20.0,20.0,9.0,0.2903225806451613,,27,,,,,,,,
PAIR,,VCP-R1-025,VCP-R1-028,False,False,20,20.0,20.0,20.0,1.0,0.02564102564102564,20.0,20.0,1.0,0.02564102564102564,,27,,,,,,,,
PAIR,,VCP-R1-025,VCP-R1-029,False,False,20,20.0,20.0,20.0,0.0,0.0,20.0,20.0,0.0,0.0,,27,,,,,,,,
PAIR,,VCP-R1-025,VCP-R1-030,False,True,20,20.0,20.0,18.0,0.0,0.0,20.0,20.0,0.0,0.0,,27,,,,,,,,
PAIR,,VCP-R1-025,VCP-R1-031,False,True,20,20.0,20.0,20.0,2.0,0.05263157894736842,20.0,20.0,2.0,0.05263157894736842,,27,,,,,,,,
PAIR,,VCP-R1-025,VCP-R1-032,False,True,20,20.0,20.0,20.0,0.0,0.0,20.0,20.0,0.0,0.0,,27,,,,,,,,
PAIR,,VCP-R1-025,VCP-R1-033,False,True,20,20.0,20.0,19.0,0.0,0.0,20.0,20.0,0.0,0.0,,27,,,,,,,,
PAIR,,VCP-R1-025,VCP-R1-034,False,False,20,20.0,20.0,19.0,2.0,0.05405405405405406,20.0,20.0,2.0,0.05263157894736842,,27,,,,,,,,
PAIR,,VCP-R1-025,VCP-R1-035,False,False,20,20.0,20.0,20.0,1.0,0.02564102564102564,20.0,20.0,0.0,0.0,,27,,,,,,,,
PAIR,,VCP-R1-025,VCP-R1-036,False,True,20,20.0,20.0,20.0,1.0,0.02564102564102564,20.0,20.0,0.0,0.0,,27,,,,,,,,
PAIR,,VCP-R1-025,VCP-R1-037,False,False,20,20.0,20.0,19.0,3.0,0.08333333333333333,20.0,20.0,2.0,0.05263157894736842,,27,,,,,,,,
PAIR,,VCP-R1-025,VCP-R1-038,False,False,20,20.0,20.0,20.0,1.0,0.02564102564102564,20.0,20.0,1.0,0.02564102564102564,,27,,,,,,,,
PAIR,,VCP-R1-025,VCP-R1-039,False,False,20,20.0,20.0,20.0,0.0,0.0,20.0,20.0,0.0,0.0,,27,,,,,,,,
PAIR,,VCP-R1-025,VCP-R1-040,False,True,20,20.0,20.0,19.0,3.0,0.08333333333333333,20.0,20.0,3.0,0.08108108108108109,,27,,,,,,,,
PAIR,,VCP-R1-025,VCP-R1-041,False,False,20,20.0,20.0,20.0,1.0,0.02564102564102564,20.0,20.0,1.0,0.02564102564102564,,27,,,,,,,,
PAIR,,VCP-R1-025,VCP-R1-042,False,True,20,20.0,20.0,20.0,0.0,0.0,20.0,20.0,0.0,0.0,,27,,,,,,,,
PAIR,,VCP-R1-025,VCP-R1-043,False,True,20,20.0,20.0,19.0,3.0,0.08333333333333333,20.0,20.0,3.0,0.08108108108108109,,27,,,,,,,,
PAIR,,VCP-R1-025,VCP-R1-044,False,False,20,20.0,20.0,20.0,2.0,0.05263157894736842,20.0,20.0,1.0,0.02564102564102564,,27,,,,,,,,
PAIR,,VCP-R1-025,VCP-R1-045,False,True,20,20.0,20.0,20.0,1.0,0.02564102564102564,20.0,20.0,0.0,0.0,,27,,,,,,,,
PAIR,,VCP-R1-025,VCP-R1-046,False,False,20,20.0,20.0,19.0,3.0,0.08333333333333333,20.0,20.0,2.0,0.05263157894736842,,27,,,,,,,,
PAIR,,VCP-R1-025,VCP-R1-047,False,False,20,20.0,20.0,20.0,1.0,0.02564102564102564,20.0,20.0,1.0,0.02564102564102564,,27,,,,,,,,
PAIR,,VCP-R1-025,VCP-R1-048,False,False,20,20.0,20.0,20.0,0.0,0.0,20.0,20.0,0.0,0.0,,27,,,,,,,,
PAIR,,VCP-R1-025,VCP-R1-049,False,True,20,20.0,20.0,20.0,3.0,0.08108108108108109,20.0,20.0,3.0,0.08108108108108109,,27,,,,,,,,
PAIR,,VCP-R1-025,VCP-R1-050,False,False,20,20.0,20.0,20.0,1.0,0.02564102564102564,20.0,20.0,1.0,0.02564102564102564,,27,,,,,,,,
PAIR,,VCP-R1-025,VCP-R1-051,False,True,20,20.0,20.0,20.0,0.0,0.0,20.0,20.0,0.0,0.0,,27,,,,,,,,
PAIR,,VCP-R1-025,VCP-R1-052,False,True,20,20.0,20.0,19.0,3.0,0.08333333333333333,20.0,20.0,3.0,0.08108108108108109,,27,,,,,,,,
PAIR,,VCP-R1-025,VCP-R1-053,False,False,20,20.0,20.0,20.0,2.0,0.05263157894736842,20.0,20.0,1.0,0.02564102564102564,,27,,,,,,,,
PAIR,,VCP-R1-025,VCP-R1-054,False,True,20,20.0,20.0,20.0,1.0,0.02564102564102564,20.0,20.0,0.0,0.0,,27,,,,,,,,
PAIR,,VCP-R1-025,VCP-R1-055,False,False,20,20.0,20.0,18.0,0.0,0.0,20.0,20.0,0.0,0.0,,27,,,,,,,,
PAIR,,VCP-R1-025,VCP-R1-056,False,False,20,20.0,20.0,20.0,1.0,0.02564102564102564,20.0,20.0,0.0,0.0,,27,,,,,,,,
PAIR,,VCP-R1-025,VCP-R1-057,False,False,20,19.0,20.0,18.0,0.0,0.0,20.0,19.0,0.0,0.0,,27,,,,,,,,
PAIR,,VCP-R1-025,VCP-R1-058,False,False,20,20.0,20.0,19.0,0.0,0.0,20.0,20.0,0.0,0.0,,27,,,,,,,,
PAIR,,VCP-R1-025,VCP-R1-059,False,False,20,20.0,20.0,19.0,0.0,0.0,20.0,20.0,0.0,0.0,,27,,,,,,,,
PAIR,,VCP-R1-025,VCP-R1-060,False,False,20,20.0,20.0,20.0,0.0,0.0,20.0,20.0,0.0,0.0,,27,,,,,,,,
PAIR,,VCP-R1-025,VCP-R1-061,False,False,20,20.0,20.0,20.0,0.0,0.0,20.0,20.0,0.0,0.0,,27,,,,,,,,
PAIR,,VCP-R1-025,VCP-R1-062,False,False,20,20.0,20.0,20.0,0.0,0.0,20.0,20.0,0.0,0.0,,27,,,,,,,,
PAIR,,VCP-R1-025,VCP-R1-063,False,False,20,20.0,20.0,20.0,0.0,0.0,20.0,20.0,0.0,0.0,,27,,,,,,,,
PAIR,,VCP-R1-025,VCP-R1-064,False,False,20,20.0,20.0,19.0,1.0,0.02631578947368421,20.0,20.0,0.0,0.0,,27,,,,,,,,
PAIR,,VCP-R1-025,VCP-R1-065,False,False,20,20.0,20.0,20.0,1.0,0.02564102564102564,20.0,20.0,0.0,0.0,,27,,,,,,,,
PAIR,,VCP-R1-025,VCP-R1-066,False,False,20,20.0,20.0,20.0,1.0,0.02564102564102564,20.0,20.0,0.0,0.0,,27,,,,,,,,
PAIR,,VCP-R1-025,VCP-R1-067,False,False,20,20.0,20.0,20.0,1.0,0.02564102564102564,20.0,20.0,0.0,0.0,,27,,,,,,,,
PAIR,,VCP-R1-025,VCP-R1-068,False,False,20,20.0,20.0,19.0,1.0,0.02631578947368421,20.0,20.0,0.0,0.0,,27,,,,,,,,
PAIR,,VCP-R1-025,VCP-R1-069,False,False,20,20.0,20.0,20.0,1.0,0.02564102564102564,20.0,20.0,0.0,0.0,,27,,,,,,,,
PAIR,,VCP-R1-025,VCP-R1-070,False,False,20,20.0,20.0,20.0,1.0,0.02564102564102564,20.0,20.0,0.0,0.0,,27,,,,,,,,
PAIR,,VCP-R1-025,VCP-R1-071,False,False,20,20.0,20.0,20.0,1.0,0.02564102564102564,20.0,20.0,0.0,0.0,,27,,,,,,,,
PAIR,,VCP-R1-025,VCP-R1-072,False,False,20,20.0,20.0,20.0,1.0,0.02564102564102564,20.0,20.0,0.0,0.0,,27,,,,,,,,
PAIR,,VCP-R1-025,VCP-R1-073,False,False,20,20.0,20.0,20.0,1.0,0.02564102564102564,20.0,20.0,0.0,0.0,,27,,,,,,,,
PAIR,,VCP-R1-025,VCP-R1-074,False,False,20,20.0,20.0,20.0,1.0,0.02564102564102564,20.0,20.0,0.0,0.0,,27,,,,,,,,
PAIR,,VCP-R1-025,VCP-R1-075,False,False,20,20.0,20.0,20.0,1.0,0.02564102564102564,20.0,20.0,0.0,0.0,,27,,,,,,,,
PAIR,,VCP-R1-025,VCP-R1-076,False,False,20,20.0,20.0,20.0,1.0,0.02564102564102564,20.0,20.0,0.0,0.0,,27,,,,,,,,
PAIR,,VCP-R1-025,VCP-R1-077,False,False,20,20.0,20.0,19.0,1.0,0.02631578947368421,20.0,20.0,0.0,0.0,,27,,,,,,,,
PAIR,,VCP-R1-025,VCP-R1-078,False,False,20,20.0,20.0,20.0,1.0,0.02564102564102564,20.0,20.0,0.0,0.0,,27,,,,,,,,
PAIR,,VCP-R1-025,VCP-R1-079,False,False,20,20.0,20.0,20.0,1.0,0.02564102564102564,20.0,20.0,0.0,0.0,,27,,,,,,,,
PAIR,,VCP-R1-025,VCP-R1-080,False,False,20,20.0,20.0,20.0,1.0,0.02564102564102564,20.0,20.0,0.0,0.0,,27,,,,,,,,
PAIR,,VCP-R1-025,VCP-R1-081,False,False,20,20.0,20.0,20.0,1.0,0.02564102564102564,20.0,20.0,0.0,0.0,,27,,,,,,,,
PAIR,,VCP-R1-025,VCP-R1-082,False,False,20,20.0,20.0,20.0,1.0,0.02564102564102564,20.0,20.0,0.0,0.0,,27,,,,,,,,
PAIR,,VCP-R1-025,VCP-R1-083,False,False,20,20.0,20.0,20.0,1.0,0.02564102564102564,20.0,20.0,0.0,0.0,,27,,,,,,,,
PAIR,,VCP-R1-025,VCP-R1-084,False,False,20,18.0,20.0,18.0,1.0,0.02702702702702703,20.0,18.0,0.0,0.0,,27,,,,,,,,
PAIR,,VCP-R1-025,VCP-R1-085,False,False,20,20.0,20.0,19.0,0.0,0.0,20.0,20.0,0.0,0.0,,27,,,,,,,,
PAIR,,VCP-R1-025,VCP-R1-086,False,False,20,20.0,20.0,20.0,0.0,0.0,20.0,20.0,0.0,0.0,,27,,,,,,,,
PAIR,,VCP-R1-025,VCP-R1-087,False,False,20,20.0,20.0,19.0,0.0,0.0,20.0,20.0,0.0,0.0,,27,,,,,,,,
PAIR,,VCP-R1-025,VCP-R1-088,False,False,20,20.0,20.0,19.0,1.0,0.02631578947368421,20.0,20.0,0.0,0.0,,27,,,,,,,,
PAIR,,VCP-R1-025,VCP-R1-089,False,False,20,20.0,20.0,19.0,1.0,0.02631578947368421,20.0,20.0,0.0,0.0,,27,,,,,,,,
PAIR,,VCP-R1-025,VCP-R1-090,False,False,20,20.0,20.0,20.0,1.0,0.02564102564102564,20.0,20.0,0.0,0.0,,27,,,,,,,,
PAIR,,VCP-R1-025,VCP-R1-091,False,False,20,20.0,20.0,19.0,0.0,0.0,20.0,20.0,0.0,0.0,,27,,,,,,,,
PAIR,,VCP-R1-025,VCP-R1-092,False,False,20,20.0,20.0,19.0,0.0,0.0,20.0,20.0,0.0,0.0,,27,,,,,,,,
PAIR,,VCP-R1-025,VCP-R1-093,False,False,20,20.0,20.0,19.0,0.0,0.0,20.0,20.0,0.0,0.0,,27,,,,,,,,
PAIR,,VCP-R1-025,VCP-R1-094,False,False,20,20.0,20.0,19.0,1.0,0.02631578947368421,20.0,20.0,0.0,0.0,,27,,,,,,,,
PAIR,,VCP-R1-025,VCP-R1-095,False,False,20,20.0,20.0,20.0,1.0,0.02564102564102564,20.0,20.0,0.0,0.0,,27,,,,,,,,
PAIR,,VCP-R1-025,VCP-R1-096,False,False,20,20.0,20.0,20.0,0.0,0.0,20.0,20.0,0.0,0.0,,27,,,,,,,,
PAIR,,VCP-R1-025,VCP-R1-097,False,False,20,20.0,20.0,20.0,2.0,0.05263157894736842,20.0,20.0,0.0,0.0,,27,,,,,,,,
PAIR,,VCP-R1-025,VCP-R1-098,False,False,20,20.0,20.0,20.0,2.0,0.05263157894736842,20.0,20.0,0.0,0.0,,27,,,,,,,,
PAIR,,VCP-R1-025,VCP-R1-099,False,False,20,20.0,20.0,20.0,2.0,0.05263157894736842,20.0,20.0,0.0,0.0,,27,,,,,,,,
PAIR,,VCP-R1-025,VCP-R1-100,False,False,20,20.0,20.0,19.0,0.0,0.0,20.0,20.0,0.0,0.0,,27,,,,,,,,
PAIR,,VCP-R1-025,VCP-R1-101,False,False,20,20.0,20.0,19.0,0.0,0.0,20.0,20.0,0.0,0.0,,27,,,,,,,,
PAIR,,VCP-R1-025,VCP-R1-102,False,False,20,20.0,20.0,19.0,0.0,0.0,20.0,20.0,0.0,0.0,,27,,,,,,,,
PAIR,,VCP-R1-025,VCP-R1-103,False,False,20,20.0,20.0,19.0,1.0,0.02631578947368421,20.0,20.0,0.0,0.0,,27,,,,,,,,
PAIR,,VCP-R1-025,VCP-R1-104,False,False,20,20.0,20.0,20.0,1.0,0.02564102564102564,20.0,20.0,0.0,0.0,,27,,,,,,,,
PAIR,,VCP-R1-025,VCP-R1-105,False,False,20,20.0,20.0,20.0,0.0,0.0,20.0,20.0,0.0,0.0,,27,,,,,,,,
PAIR,,VCP-R1-025,VCP-R1-106,False,False,20,20.0,20.0,19.0,2.0,0.05405405405405406,20.0,20.0,0.0,0.0,,27,,,,,,,,
PAIR,,VCP-R1-025,VCP-R1-107,False,False,20,20.0,20.0,20.0,2.0,0.05263157894736842,20.0,20.0,0.0,0.0,,27,,,,,,,,
PAIR,,VCP-R1-025,VCP-R1-108,False,False,20,20.0,20.0,20.0,2.0,0.05263157894736842,20.0,20.0,0.0,0.0,,27,,,,,,,,
PAIR,,VCP-R1-026,VCP-R1-027,True,False,20,20.0,19.0,20.0,10.0,0.3448275862068966,20.0,20.0,10.0,0.3333333333333333,,27,,,,,,,,
PAIR,,VCP-R1-026,VCP-R1-028,True,False,20,20.0,19.0,20.0,0.0,0.0,20.0,20.0,0.0,0.0,,27,,,,,,,,
PAIR,,VCP-R1-026,VCP-R1-029,True,False,20,20.0,19.0,20.0,0.0,0.0,20.0,20.0,0.0,0.0,,27,,,,,,,,
PAIR,,VCP-R1-026,VCP-R1-030,True,True,20,20.0,19.0,18.0,0.0,0.0,20.0,20.0,0.0,0.0,,27,,,,,,,,
PAIR,,VCP-R1-026,VCP-R1-031,True,True,20,20.0,19.0,20.0,0.0,0.0,20.0,20.0,0.0,0.0,,27,,,,,,,,
PAIR,,VCP-R1-026,VCP-R1-032,True,True,20,20.0,19.0,20.0,0.0,0.0,20.0,20.0,0.0,0.0,,27,,,,,,,,
PAIR,,VCP-R1-026,VCP-R1-033,True,True,20,20.0,19.0,19.0,0.0,0.0,20.0,20.0,0.0,0.0,,27,,,,,,,,
PAIR,,VCP-R1-026,VCP-R1-034,True,False,20,20.0,19.0,19.0,0.0,0.0,20.0,20.0,0.0,0.0,,27,,,,,,,,
PAIR,,VCP-R1-026,VCP-R1-035,True,False,20,20.0,19.0,20.0,0.0,0.0,20.0,20.0,0.0,0.0,,27,,,,,,,,
PAIR,,VCP-R1-026,VCP-R1-036,True,True,20,20.0,19.0,20.0,0.0,0.0,20.0,20.0,0.0,0.0,,27,,,,,,,,
PAIR,,VCP-R1-026,VCP-R1-037,True,False,20,20.0,19.0,19.0,1.0,0.02702702702702703,20.0,20.0,1.0,0.02564102564102564,,27,,,,,,,,
PAIR,,VCP-R1-026,VCP-R1-038,True,False,20,20.0,19.0,20.0,1.0,0.02631578947368421,20.0,20.0,1.0,0.02564102564102564,,27,,,,,,,,
PAIR,,VCP-R1-026,VCP-R1-039,True,False,20,20.0,19.0,20.0,0.0,0.0,20.0,20.0,0.0,0.0,,27,,,,,,,,
PAIR,,VCP-R1-026,VCP-R1-040,True,True,20,20.0,19.0,19.0,1.0,0.02702702702702703,20.0,20.0,1.0,0.02564102564102564,,27,,,,,,,,
PAIR,,VCP-R1-026,VCP-R1-041,True,False,20,20.0,19.0,20.0,1.0,0.02631578947368421,20.0,20.0,1.0,0.02564102564102564,,27,,,,,,,,
PAIR,,VCP-R1-026,VCP-R1-042,True,True,20,20.0,19.0,20.0,0.0,0.0,20.0,20.0,0.0,0.0,,27,,,,,,,,
PAIR,,VCP-R1-026,VCP-R1-043,True,True,20,20.0,19.0,19.0,1.0,0.02702702702702703,20.0,20.0,1.0,0.02564102564102564,,27,,,,,,,,
PAIR,,VCP-R1-026,VCP-R1-044,True,False,20,20.0,19.0,20.0,1.0,0.02631578947368421,20.0,20.0,1.0,0.02564102564102564,,27,,,,,,,,
PAIR,,VCP-R1-026,VCP-R1-045,True,True,20,20.0,19.0,20.0,0.0,0.0,20.0,20.0,0.0,0.0,,27,,,,,,,,
PAIR,,VCP-R1-026,VCP-R1-046,True,False,20,20.0,19.0,19.0,1.0,0.02702702702702703,20.0,20.0,1.0,0.02564102564102564,,27,,,,,,,,
PAIR,,VCP-R1-026,VCP-R1-047,True,False,20,20.0,19.0,20.0,1.0,0.02631578947368421,20.0,20.0,1.0,0.02564102564102564,,27,,,,,,,,
PAIR,,VCP-R1-026,VCP-R1-048,True,False,20,20.0,19.0,20.0,0.0,0.0,20.0,20.0,0.0,0.0,,27,,,,,,,,
PAIR,,VCP-R1-026,VCP-R1-049,True,True,20,20.0,19.0,20.0,1.0,0.02631578947368421,20.0,20.0,1.0,0.02564102564102564,,27,,,,,,,,
PAIR,,VCP-R1-026,VCP-R1-050,True,False,20,20.0,19.0,20.0,1.0,0.02631578947368421,20.0,20.0,1.0,0.02564102564102564,,27,,,,,,,,
PAIR,,VCP-R1-026,VCP-R1-051,True,True,20,20.0,19.0,20.0,0.0,0.0,20.0,20.0,0.0,0.0,,27,,,,,,,,
PAIR,,VCP-R1-026,VCP-R1-052,True,True,20,20.0,19.0,19.0,1.0,0.02702702702702703,20.0,20.0,1.0,0.02564102564102564,,27,,,,,,,,
PAIR,,VCP-R1-026,VCP-R1-053,True,False,20,20.0,19.0,20.0,1.0,0.02631578947368421,20.0,20.0,1.0,0.02564102564102564,,27,,,,,,,,
PAIR,,VCP-R1-026,VCP-R1-054,True,True,20,20.0,19.0,20.0,0.0,0.0,20.0,20.0,0.0,0.0,,27,,,,,,,,
PAIR,,VCP-R1-026,VCP-R1-055,True,False,20,20.0,19.0,18.0,0.0,0.0,20.0,20.0,0.0,0.0,,27,,,,,,,,
PAIR,,VCP-R1-026,VCP-R1-056,True,False,20,20.0,19.0,20.0,1.0,0.02631578947368421,20.0,20.0,0.0,0.0,,27,,,,,,,,
PAIR,,VCP-R1-026,VCP-R1-057,True,False,20,19.0,19.0,18.0,0.0,0.0,20.0,19.0,0.0,0.0,,27,,,,,,,,
PAIR,,VCP-R1-026,VCP-R1-058,True,False,20,20.0,19.0,19.0,1.0,0.02702702702702703,20.0,20.0,0.0,0.0,,27,,,,,,,,
PAIR,,VCP-R1-026,VCP-R1-059,True,False,20,20.0,19.0,19.0,0.0,0.0,20.0,20.0,0.0,0.0,,27,,,,,,,,
PAIR,,VCP-R1-026,VCP-R1-060,True,False,20,20.0,19.0,20.0,0.0,0.0,20.0,20.0,0.0,0.0,,27,,,,,,,,
PAIR,,VCP-R1-026,VCP-R1-061,True,False,20,20.0,19.0,20.0,0.0,0.0,20.0,20.0,0.0,0.0,,27,,,,,,,,
PAIR,,VCP-R1-026,VCP-R1-062,True,False,20,20.0,19.0,20.0,0.0,0.0,20.0,20.0,0.0,0.0,,27,,,,,,,,
PAIR,,VCP-R1-026,VCP-R1-063,True,False,20,20.0,19.0,20.0,0.0,0.0,20.0,20.0,0.0,0.0,,27,,,,,,,,
PAIR,,VCP-R1-026,VCP-R1-064,True,False,20,20.0,19.0,19.0,1.0,0.02702702702702703,20.0,20.0,0.0,0.0,,27,,,,,,,,
PAIR,,VCP-R1-026,VCP-R1-065,True,False,20,20.0,19.0,20.0,1.0,0.02631578947368421,20.0,20.0,0.0,0.0,,27,,,,,,,,
PAIR,,VCP-R1-026,VCP-R1-066,True,False,20,20.0,19.0,20.0,1.0,0.02631578947368421,20.0,20.0,0.0,0.0,,27,,,,,,,,
PAIR,,VCP-R1-026,VCP-R1-067,True,False,20,20.0,19.0,20.0,1.0,0.02631578947368421,20.0,20.0,0.0,0.0,,27,,,,,,,,
PAIR,,VCP-R1-026,VCP-R1-068,True,False,20,20.0,19.0,19.0,1.0,0.02702702702702703,20.0,20.0,0.0,0.0,,27,,,,,,,,
PAIR,,VCP-R1-026,VCP-R1-069,True,False,20,20.0,19.0,20.0,1.0,0.02631578947368421,20.0,20.0,0.0,0.0,,27,,,,,,,,
PAIR,,VCP-R1-026,VCP-R1-070,True,False,20,20.0,19.0,20.0,1.0,0.02631578947368421,20.0,20.0,0.0,0.0,,27,,,,,,,,
PAIR,,VCP-R1-026,VCP-R1-071,True,False,20,20.0,19.0,20.0,1.0,0.02631578947368421,20.0,20.0,0.0,0.0,,27,,,,,,,,
PAIR,,VCP-R1-026,VCP-R1-072,True,False,20,20.0,19.0,20.0,1.0,0.02631578947368421,20.0,20.0,0.0,0.0,,27,,,,,,,,
PAIR,,VCP-R1-026,VCP-R1-073,True,False,20,20.0,19.0,20.0,1.0,0.02631578947368421,20.0,20.0,0.0,0.0,,27,,,,,,,,
PAIR,,VCP-R1-026,VCP-R1-074,True,False,20,20.0,19.0,20.0,1.0,0.02631578947368421,20.0,20.0,0.0,0.0,,27,,,,,,,,
PAIR,,VCP-R1-026,VCP-R1-075,True,False,20,20.0,19.0,20.0,1.0,0.02631578947368421,20.0,20.0,0.0,0.0,,27,,,,,,,,
PAIR,,VCP-R1-026,VCP-R1-076,True,False,20,20.0,19.0,20.0,1.0,0.02631578947368421,20.0,20.0,0.0,0.0,,27,,,,,,,,
PAIR,,VCP-R1-026,VCP-R1-077,True,False,20,20.0,19.0,19.0,1.0,0.02702702702702703,20.0,20.0,0.0,0.0,,27,,,,,,,,
PAIR,,VCP-R1-026,VCP-R1-078,True,False,20,20.0,19.0,20.0,1.0,0.02631578947368421,20.0,20.0,0.0,0.0,,27,,,,,,,,
PAIR,,VCP-R1-026,VCP-R1-079,True,False,20,20.0,19.0,20.0,1.0,0.02631578947368421,20.0,20.0,0.0,0.0,,27,,,,,,,,
PAIR,,VCP-R1-026,VCP-R1-080,True,False,20,20.0,19.0,20.0,1.0,0.02631578947368421,20.0,20.0,0.0,0.0,,27,,,,,,,,
PAIR,,VCP-R1-026,VCP-R1-081,True,False,20,20.0,19.0,20.0,1.0,0.02631578947368421,20.0,20.0,0.0,0.0,,27,,,,,,,,
PAIR,,VCP-R1-026,VCP-R1-082,True,False,20,20.0,19.0,20.0,1.0,0.02631578947368421,20.0,20.0,0.0,0.0,,27,,,,,,,,
PAIR,,VCP-R1-026,VCP-R1-083,True,False,20,20.0,19.0,20.0,2.0,0.05405405405405406,20.0,20.0,0.0,0.0,,27,,,,,,,,
PAIR,,VCP-R1-026,VCP-R1-084,True,False,20,18.0,19.0,18.0,2.0,0.05714285714285714,20.0,18.0,0.0,0.0,,27,,,,,,,,
PAIR,,VCP-R1-026,VCP-R1-085,True,False,20,20.0,19.0,19.0,0.0,0.0,20.0,20.0,0.0,0.0,,27,,,,,,,,
PAIR,,VCP-R1-026,VCP-R1-086,True,False,20,20.0,19.0,20.0,0.0,0.0,20.0,20.0,0.0,0.0,,27,,,,,,,,
PAIR,,VCP-R1-026,VCP-R1-087,True,False,20,20.0,19.0,19.0,0.0,0.0,20.0,20.0,0.0,0.0,,27,,,,,,,,
PAIR,,VCP-R1-026,VCP-R1-088,True,False,20,20.0,19.0,19.0,0.0,0.0,20.0,20.0,0.0,0.0,,27,,,,,,,,
PAIR,,VCP-R1-026,VCP-R1-089,True,False,20,20.0,19.0,19.0,0.0,0.0,20.0,20.0,0.0,0.0,,27,,,,,,,,
PAIR,,VCP-R1-026,VCP-R1-090,True,False,20,20.0,19.0,20.0,0.0,0.0,20.0,20.0,0.0,0.0,,27,,,,,,,,
PAIR,,VCP-R1-026,VCP-R1-091,True,False,20,20.0,19.0,19.0,0.0,0.0,20.0,20.0,0.0,0.0,,27,,,,,,,,
PAIR,,VCP-R1-026,VCP-R1-092,True,False,20,20.0,19.0,19.0,0.0,0.0,20.0,20.0,0.0,0.0,,27,,,,,,,,
PAIR,,VCP-R1-026,VCP-R1-093,True,False,20,20.0,19.0,19.0,0.0,0.0,20.0,20.0,0.0,0.0,,27,,,,,,,,
PAIR,,VCP-R1-026,VCP-R1-094,True,False,20,20.0,19.0,19.0,0.0,0.0,20.0,20.0,0.0,0.0,,27,,,,,,,,
PAIR,,VCP-R1-026,VCP-R1-095,True,False,20,20.0,19.0,20.0,0.0,0.0,20.0,20.0,0.0,0.0,,27,,,,,,,,
PAIR,,VCP-R1-026,VCP-R1-096,True,False,20,20.0,19.0,20.0,0.0,0.0,20.0,20.0,0.0,0.0,,27,,,,,,,,
PAIR,,VCP-R1-026,VCP-R1-097,True,False,20,20.0,19.0,20.0,1.0,0.02631578947368421,20.0,20.0,0.0,0.0,,27,,,,,,,,
PAIR,,VCP-R1-026,VCP-R1-098,True,False,20,20.0,19.0,20.0,1.0,0.02631578947368421,20.0,20.0,0.0,0.0,,27,,,,,,,,
PAIR,,VCP-R1-026,VCP-R1-099,True,False,20,20.0,19.0,20.0,1.0,0.02631578947368421,20.0,20.0,0.0,0.0,,27,,,,,,,,
PAIR,,VCP-R1-026,VCP-R1-100,True,False,20,20.0,19.0,19.0,0.0,0.0,20.0,20.0,0.0,0.0,,27,,,,,,,,
PAIR,,VCP-R1-026,VCP-R1-101,True,False,20,20.0,19.0,19.0,0.0,0.0,20.0,20.0,0.0,0.0,,27,,,,,,,,
PAIR,,VCP-R1-026,VCP-R1-102,True,False,20,20.0,19.0,19.0,0.0,0.0,20.0,20.0,0.0,0.0,,27,,,,,,,,
PAIR,,VCP-R1-026,VCP-R1-103,True,False,20,20.0,19.0,19.0,0.0,0.0,20.0,20.0,0.0,0.0,,27,,,,,,,,
PAIR,,VCP-R1-026,VCP-R1-104,True,False,20,20.0,19.0,20.0,0.0,0.0,20.0,20.0,0.0,0.0,,27,,,,,,,,
PAIR,,VCP-R1-026,VCP-R1-105,True,False,20,20.0,19.0,20.0,0.0,0.0,20.0,20.0,0.0,0.0,,27,,,,,,,,
PAIR,,VCP-R1-026,VCP-R1-106,True,False,20,20.0,19.0,19.0,1.0,0.02702702702702703,20.0,20.0,0.0,0.0,,27,,,,,,,,
PAIR,,VCP-R1-026,VCP-R1-107,True,False,20,20.0,19.0,20.0,1.0,0.02631578947368421,20.0,20.0,0.0,0.0,,27,,,,,,,,
PAIR,,VCP-R1-026,VCP-R1-108,True,False,20,20.0,19.0,20.0,1.0,0.02631578947368421,20.0,20.0,0.0,0.0,,27,,,,,,,,
PAIR,,VCP-R1-027,VCP-R1-028,False,False,20,20.0,20.0,20.0,1.0,0.02564102564102564,20.0,20.0,0.0,0.0,,27,,,,,,,,
PAIR,,VCP-R1-027,VCP-R1-029,False,False,20,20.0,20.0,20.0,1.0,0.02564102564102564,20.0,20.0,0.0,0.0,,27,,,,,,,,
PAIR,,VCP-R1-027,VCP-R1-030,False,True,20,20.0,20.0,18.0,1.0,0.02702702702702703,20.0,20.0,0.0,0.0,,27,,,,,,,,
PAIR,,VCP-R1-027,VCP-R1-031,False,True,20,20.0,20.0,20.0,0.0,0.0,20.0,20.0,0.0,0.0,,27,,,,,,,,
PAIR,,VCP-R1-027,VCP-R1-032,False,True,20,20.0,20.0,20.0,1.0,0.02564102564102564,20.0,20.0,0.0,0.0,,27,,,,,,,,
PAIR,,VCP-R1-027,VCP-R1-033,False,True,20,20.0,20.0,19.0,1.0,0.02631578947368421,20.0,20.0,0.0,0.0,,27,,,,,,,,
PAIR,,VCP-R1-027,VCP-R1-034,False,False,20,20.0,20.0,19.0,0.0,0.0,20.0,20.0,0.0,0.0,,27,,,,,,,,
PAIR,,VCP-R1-027,VCP-R1-035,False,False,20,20.0,20.0,20.0,0.0,0.0,20.0,20.0,0.0,0.0,,27,,,,,,,,
PAIR,,VCP-R1-027,VCP-R1-036,False,True,20,20.0,20.0,20.0,1.0,0.02564102564102564,20.0,20.0,0.0,0.0,,27,,,,,,,,
PAIR,,VCP-R1-027,VCP-R1-037,False,False,20,20.0,20.0,19.0,1.0,0.02631578947368421,20.0,20.0,0.0,0.0,,27,,,,,,,,
PAIR,,VCP-R1-027,VCP-R1-038,False,False,20,20.0,20.0,20.0,1.0,0.02564102564102564,20.0,20.0,0.0,0.0,,27,,,,,,,,
PAIR,,VCP-R1-027,VCP-R1-039,False,False,20,20.0,20.0,20.0,1.0,0.02564102564102564,20.0,20.0,0.0,0.0,,27,,,,,,,,
PAIR,,VCP-R1-027,VCP-R1-040,False,True,20,20.0,20.0,19.0,0.0,0.0,20.0,20.0,0.0,0.0,,27,,,,,,,,
PAIR,,VCP-R1-027,VCP-R1-041,False,False,20,20.0,20.0,20.0,0.0,0.0,20.0,20.0,0.0,0.0,,27,,,,,,,,
PAIR,,VCP-R1-027,VCP-R1-042,False,True,20,20.0,20.0,20.0,1.0,0.02564102564102564,20.0,20.0,0.0,0.0,,27,,,,,,,,
PAIR,,VCP-R1-027,VCP-R1-043,False,True,20,20.0,20.0,19.0,0.0,0.0,20.0,20.0,0.0,0.0,,27,,,,,,,,
PAIR,,VCP-R1-027,VCP-R1-044,False,False,20,20.0,20.0,20.0,0.0,0.0,20.0,20.0,0.0,0.0,,27,,,,,,,,
PAIR,,VCP-R1-027,VCP-R1-045,False,True,20,20.0,20.0,20.0,0.0,0.0,20.0,20.0,0.0,0.0,,27,,,,,,,,
PAIR,,VCP-R1-027,VCP-R1-046,False,False,20,20.0,20.0,19.0,1.0,0.02631578947368421,20.0,20.0,0.0,0.0,,27,,,,,,,,
PAIR,,VCP-R1-027,VCP-R1-047,False,False,20,20.0,20.0,20.0,1.0,0.02564102564102564,20.0,20.0,0.0,0.0,,27,,,,,,,,
PAIR,,VCP-R1-027,VCP-R1-048,False,False,20,20.0,20.0,20.0,1.0,0.02564102564102564,20.0,20.0,0.0,0.0,,27,,,,,,,,
PAIR,,VCP-R1-027,VCP-R1-049,False,True,20,20.0,20.0,20.0,0.0,0.0,20.0,20.0,0.0,0.0,,27,,,,,,,,
PAIR,,VCP-R1-027,VCP-R1-050,False,False,20,20.0,20.0,20.0,0.0,0.0,20.0,20.0,0.0,0.0,,27,,,,,,,,
PAIR,,VCP-R1-027,VCP-R1-051,False,True,20,20.0,20.0,20.0,1.0,0.02564102564102564,20.0,20.0,0.0,0.0,,27,,,,,,,,
PAIR,,VCP-R1-027,VCP-R1-052,False,True,20,20.0,20.0,19.0,0.0,0.0,20.0,20.0,0.0,0.0,,27,,,,,,,,
PAIR,,VCP-R1-027,VCP-R1-053,False,False,20,20.0,20.0,20.0,0.0,0.0,20.0,20.0,0.0,0.0,,27,,,,,,,,
PAIR,,VCP-R1-027,VCP-R1-054,False,True,20,20.0,20.0,20.0,0.0,0.0,20.0,20.0,0.0,0.0,,27,,,,,,,,
PAIR,,VCP-R1-027,VCP-R1-055,False,False,20,20.0,20.0,18.0,0.0,0.0,20.0,20.0,0.0,0.0,,27,,,,,,,,
PAIR,,VCP-R1-027,VCP-R1-056,False,False,20,20.0,20.0,20.0,0.0,0.0,20.0,20.0,0.0,0.0,,27,,,,,,,,
PAIR,,VCP-R1-027,VCP-R1-057,False,False,20,19.0,20.0,18.0,0.0,0.0,20.0,19.0,0.0,0.0,,27,,,,,,,,
PAIR,,VCP-R1-027,VCP-R1-058,False,False,20,20.0,20.0,19.0,0.0,0.0,20.0,20.0,0.0,0.0,,27,,,,,,,,
PAIR,,VCP-R1-027,VCP-R1-059,False,False,20,20.0,20.0,19.0,0.0,0.0,20.0,20.0,0.0,0.0,,27,,,,,,,,
PAIR,,VCP-R1-027,VCP-R1-060,False,False,20,20.0,20.0,20.0,0.0,0.0,20.0,20.0,0.0,0.0,,27,,,,,,,,
PAIR,,VCP-R1-027,VCP-R1-061,False,False,20,20.0,20.0,20.0,0.0,0.0,20.0,20.0,0.0,0.0,,27,,,,,,,,
PAIR,,VCP-R1-027,VCP-R1-062,False,False,20,20.0,20.0,20.0,0.0,0.0,20.0,20.0,0.0,0.0,,27,,,,,,,,
PAIR,,VCP-R1-027,VCP-R1-063,False,False,20,20.0,20.0,20.0,0.0,0.0,20.0,20.0,0.0,0.0,,27,,,,,,,,
PAIR,,VCP-R1-027,VCP-R1-064,False,False,20,20.0,20.0,19.0,2.0,0.05405405405405406,20.0,20.0,0.0,0.0,,27,,,,,,,,
PAIR,,VCP-R1-027,VCP-R1-065,False,False,20,20.0,20.0,20.0,1.0,0.02564102564102564,20.0,20.0,0.0,0.0,,27,,,,,,,,
PAIR,,VCP-R1-027,VCP-R1-066,False,False,20,20.0,20.0,20.0,1.0,0.02564102564102564,20.0,20.0,0.0,0.0,,27,,,,,,,,
PAIR,,VCP-R1-027,VCP-R1-067,False,False,20,20.0,20.0,20.0,1.0,0.02564102564102564,20.0,20.0,0.0,0.0,,27,,,,,,,,
PAIR,,VCP-R1-027,VCP-R1-068,False,False,20,20.0,20.0,19.0,1.0,0.02631578947368421,20.0,20.0,0.0,0.0,,27,,,,,,,,
PAIR,,VCP-R1-027,VCP-R1-069,False,False,20,20.0,20.0,20.0,1.0,0.02564102564102564,20.0,20.0,0.0,0.0,,27,,,,,,,,
PAIR,,VCP-R1-027,VCP-R1-070,False,False,20,20.0,20.0,20.0,1.0,0.02564102564102564,20.0,20.0,0.0,0.0,,27,,,,,,,,
PAIR,,VCP-R1-027,VCP-R1-071,False,False,20,20.0,20.0,20.0,1.0,0.02564102564102564,20.0,20.0,0.0,0.0,,27,,,,,,,,
PAIR,,VCP-R1-027,VCP-R1-072,False,False,20,20.0,20.0,20.0,1.0,0.02564102564102564,20.0,20.0,0.0,0.0,,27,,,,,,,,
PAIR,,VCP-R1-027,VCP-R1-073,False,False,20,20.0,20.0,20.0,1.0,0.02564102564102564,20.0,20.0,0.0,0.0,,27,,,,,,,,
PAIR,,VCP-R1-027,VCP-R1-074,False,False,20,20.0,20.0,20.0,1.0,0.02564102564102564,20.0,20.0,0.0,0.0,,27,,,,,,,,
PAIR,,VCP-R1-027,VCP-R1-075,False,False,20,20.0,20.0,20.0,1.0,0.02564102564102564,20.0,20.0,0.0,0.0,,27,,,,,,,,
PAIR,,VCP-R1-027,VCP-R1-076,False,False,20,20.0,20.0,20.0,1.0,0.02564102564102564,20.0,20.0,0.0,0.0,,27,,,,,,,,
PAIR,,VCP-R1-027,VCP-R1-077,False,False,20,20.0,20.0,19.0,1.0,0.02631578947368421,20.0,20.0,0.0,0.0,,27,,,,,,,,
PAIR,,VCP-R1-027,VCP-R1-078,False,False,20,20.0,20.0,20.0,1.0,0.02564102564102564,20.0,20.0,0.0,0.0,,27,,,,,,,,
PAIR,,VCP-R1-027,VCP-R1-079,False,False,20,20.0,20.0,20.0,1.0,0.02564102564102564,20.0,20.0,0.0,0.0,,27,,,,,,,,
PAIR,,VCP-R1-027,VCP-R1-080,False,False,20,20.0,20.0,20.0,1.0,0.02564102564102564,20.0,20.0,0.0,0.0,,27,,,,,,,,
PAIR,,VCP-R1-027,VCP-R1-081,False,False,20,20.0,20.0,20.0,1.0,0.02564102564102564,20.0,20.0,0.0,0.0,,27,,,,,,,,
PAIR,,VCP-R1-027,VCP-R1-082,False,False,20,20.0,20.0,20.0,0.0,0.0,20.0,20.0,0.0,0.0,,27,,,,,,,,
PAIR,,VCP-R1-027,VCP-R1-083,False,False,20,20.0,20.0,20.0,1.0,0.02564102564102564,20.0,20.0,0.0,0.0,,27,,,,,,,,
PAIR,,VCP-R1-027,VCP-R1-084,False,False,20,18.0,20.0,18.0,1.0,0.02702702702702703,20.0,18.0,0.0,0.0,,27,,,,,,,,
PAIR,,VCP-R1-027,VCP-R1-085,False,False,20,20.0,20.0,19.0,0.0,0.0,20.0,20.0,0.0,0.0,,27,,,,,,,,
PAIR,,VCP-R1-027,VCP-R1-086,False,False,20,20.0,20.0,20.0,0.0,0.0,20.0,20.0,0.0,0.0,,27,,,,,,,,
PAIR,,VCP-R1-027,VCP-R1-087,False,False,20,20.0,20.0,19.0,0.0,0.0,20.0,20.0,0.0,0.0,,27,,,,,,,,
PAIR,,VCP-R1-027,VCP-R1-088,False,False,20,20.0,20.0,19.0,0.0,0.0,20.0,20.0,0.0,0.0,,27,,,,,,,,
PAIR,,VCP-R1-027,VCP-R1-089,False,False,20,20.0,20.0,19.0,0.0,0.0,20.0,20.0,0.0,0.0,,27,,,,,,,,
PAIR,,VCP-R1-027,VCP-R1-090,False,False,20,20.0,20.0,20.0,0.0,0.0,20.0,20.0,0.0,0.0,,27,,,,,,,,
PAIR,,VCP-R1-027,VCP-R1-091,False,False,20,20.0,20.0,19.0,1.0,0.02631578947368421,20.0,20.0,0.0,0.0,,27,,,,,,,,
PAIR,,VCP-R1-027,VCP-R1-092,False,False,20,20.0,20.0,19.0,1.0,0.02631578947368421,20.0,20.0,0.0,0.0,,27,,,,,,,,
PAIR,,VCP-R1-027,VCP-R1-093,False,False,20,20.0,20.0,19.0,1.0,0.02631578947368421,20.0,20.0,0.0,0.0,,27,,,,,,,,
PAIR,,VCP-R1-027,VCP-R1-094,False,False,20,20.0,20.0,19.0,0.0,0.0,20.0,20.0,0.0,0.0,,27,,,,,,,,
PAIR,,VCP-R1-027,VCP-R1-095,False,False,20,20.0,20.0,20.0,1.0,0.02564102564102564,20.0,20.0,0.0,0.0,,27,,,,,,,,
PAIR,,VCP-R1-027,VCP-R1-096,False,False,20,20.0,20.0,20.0,1.0,0.02564102564102564,20.0,20.0,0.0,0.0,,27,,,,,,,,
PAIR,,VCP-R1-027,VCP-R1-097,False,False,20,20.0,20.0,20.0,1.0,0.02564102564102564,20.0,20.0,0.0,0.0,,27,,,,,,,,
PAIR,,VCP-R1-027,VCP-R1-098,False,False,20,20.0,20.0,20.0,1.0,0.02564102564102564,20.0,20.0,0.0,0.0,,27,,,,,,,,
PAIR,,VCP-R1-027,VCP-R1-099,False,False,20,20.0,20.0,20.0,2.0,0.05263157894736842,20.0,20.0,0.0,0.0,,27,,,,,,,,
PAIR,,VCP-R1-027,VCP-R1-100,False,False,20,20.0,20.0,19.0,1.0,0.02631578947368421,20.0,20.0,0.0,0.0,,27,,,,,,,,
PAIR,,VCP-R1-027,VCP-R1-101,False,False,20,20.0,20.0,19.0,1.0,0.02631578947368421,20.0,20.0,0.0,0.0,,27,,,,,,,,
PAIR,,VCP-R1-027,VCP-R1-102,False,False,20,20.0,20.0,19.0,1.0,0.02631578947368421,20.0,20.0,0.0,0.0,,27,,,,,,,,
PAIR,,VCP-R1-027,VCP-R1-103,False,False,20,20.0,20.0,19.0,0.0,0.0,20.0,20.0,0.0,0.0,,27,,,,,,,,
PAIR,,VCP-R1-027,VCP-R1-104,False,False,20,20.0,20.0,20.0,1.0,0.02564102564102564,20.0,20.0,0.0,0.0,,27,,,,,,,,
PAIR,,VCP-R1-027,VCP-R1-105,False,False,20,20.0,20.0,20.0,1.0,0.02564102564102564,20.0,20.0,0.0,0.0,,27,,,,,,,,
PAIR,,VCP-R1-027,VCP-R1-106,False,False,20,20.0,20.0,19.0,1.0,0.02631578947368421,20.0,20.0,0.0,0.0,,27,,,,,,,,
PAIR,,VCP-R1-027,VCP-R1-107,False,False,20,20.0,20.0,20.0,1.0,0.02564102564102564,20.0,20.0,0.0,0.0,,27,,,,,,,,
PAIR,,VCP-R1-027,VCP-R1-108,False,False,20,20.0,20.0,20.0,1.0,0.02564102564102564,20.0,20.0,0.0,0.0,,27,,,,,,,,
PAIR,,VCP-R1-028,VCP-R1-029,False,False,20,20.0,20.0,20.0,17.0,0.7391304347826086,20.0,20.0,17.0,0.7391304347826086,,27,,,,,,,,
PAIR,,VCP-R1-028,VCP-R1-030,False,True,20,20.0,20.0,18.0,9.0,0.3103448275862069,20.0,20.0,9.0,0.2903225806451613,,27,,,,,,,,
PAIR,,VCP-R1-028,VCP-R1-031,False,True,20,20.0,20.0,20.0,6.0,0.17647058823529413,20.0,20.0,6.0,0.17647058823529413,,27,,,,,,,,
PAIR,,VCP-R1-028,VCP-R1-032,False,True,20,20.0,20.0,20.0,6.0,0.17647058823529413,20.0,20.0,6.0,0.17647058823529413,,27,,,,,,,,
PAIR,,VCP-R1-028,VCP-R1-033,False,True,20,20.0,20.0,19.0,4.0,0.11428571428571428,20.0,20.0,4.0,0.1111111111111111,,27,,,,,,,,
PAIR,,VCP-R1-028,VCP-R1-034,False,False,20,20.0,20.0,19.0,5.0,0.14705882352941177,20.0,20.0,5.0,0.14285714285714285,,27,,,,,,,,
PAIR,,VCP-R1-028,VCP-R1-035,False,False,20,20.0,20.0,20.0,5.0,0.14285714285714285,20.0,20.0,5.0,0.14285714285714285,,27,,,,,,,,
PAIR,,VCP-R1-028,VCP-R1-036,False,True,20,20.0,20.0,20.0,3.0,0.08108108108108109,20.0,20.0,3.0,0.08108108108108109,,27,,,,,,,,
PAIR,,VCP-R1-028,VCP-R1-037,False,False,20,20.0,20.0,19.0,10.0,0.3448275862068966,20.0,20.0,10.0,0.3333333333333333,,27,,,,,,,,
PAIR,,VCP-R1-028,VCP-R1-038,False,False,20,20.0,20.0,20.0,17.0,0.7391304347826086,20.0,20.0,17.0,0.7391304347826086,,27,,,,,,,,
PAIR,,VCP-R1-028,VCP-R1-039,False,False,20,20.0,20.0,20.0,9.0,0.2903225806451613,20.0,20.0,9.0,0.2903225806451613,,27,,,,,,,,
PAIR,,VCP-R1-028,VCP-R1-040,False,True,20,20.0,20.0,19.0,4.0,0.11428571428571428,20.0,20.0,4.0,0.1111111111111111,,27,,,,,,,,
PAIR,,VCP-R1-028,VCP-R1-041,False,False,20,20.0,20.0,20.0,5.0,0.14285714285714285,20.0,20.0,5.0,0.14285714285714285,,27,,,,,,,,
PAIR,,VCP-R1-028,VCP-R1-042,False,True,20,20.0,20.0,20.0,3.0,0.08108108108108109,20.0,20.0,3.0,0.08108108108108109,,27,,,,,,,,
PAIR,,VCP-R1-028,VCP-R1-043,False,True,20,20.0,20.0,19.0,5.0,0.14705882352941177,20.0,20.0,4.0,0.1111111111111111,,27,,,,,,,,
PAIR,,VCP-R1-028,VCP-R1-044,False,False,20,20.0,20.0,20.0,4.0,0.1111111111111111,20.0,20.0,3.0,0.08108108108108109,,27,,,,,,,,
PAIR,,VCP-R1-028,VCP-R1-045,False,True,20,20.0,20.0,20.0,3.0,0.08108108108108109,20.0,20.0,2.0,0.05263157894736842,,27,,,,,,,,
PAIR,,VCP-R1-028,VCP-R1-046,False,False,20,20.0,20.0,19.0,9.0,0.3,20.0,20.0,9.0,0.2903225806451613,,27,,,,,,,,
PAIR,,VCP-R1-028,VCP-R1-047,False,False,20,20.0,20.0,20.0,16.0,0.6666666666666666,20.0,20.0,16.0,0.6666666666666666,,27,,,,,,,,
PAIR,,VCP-R1-028,VCP-R1-048,False,False,20,20.0,20.0,20.0,9.0,0.2903225806451613,20.0,20.0,9.0,0.2903225806451613,,27,,,,,,,,
PAIR,,VCP-R1-028,VCP-R1-049,False,True,20,20.0,20.0,20.0,4.0,0.1111111111111111,20.0,20.0,4.0,0.1111111111111111,,27,,,,,,,,
PAIR,,VCP-R1-028,VCP-R1-050,False,False,20,20.0,20.0,20.0,5.0,0.14285714285714285,20.0,20.0,5.0,0.14285714285714285,,27,,,,,,,,
PAIR,,VCP-R1-028,VCP-R1-051,False,True,20,20.0,20.0,20.0,3.0,0.08108108108108109,20.0,20.0,3.0,0.08108108108108109,,27,,,,,,,,
PAIR,,VCP-R1-028,VCP-R1-052,False,True,20,20.0,20.0,19.0,5.0,0.14705882352941177,20.0,20.0,4.0,0.1111111111111111,,27,,,,,,,,
PAIR,,VCP-R1-028,VCP-R1-053,False,False,20,20.0,20.0,20.0,4.0,0.1111111111111111,20.0,20.0,3.0,0.08108108108108109,,27,,,,,,,,
PAIR,,VCP-R1-028,VCP-R1-054,False,True,20,20.0,20.0,20.0,3.0,0.08108108108108109,20.0,20.0,2.0,0.05263157894736842,,27,,,,,,,,
PAIR,,VCP-R1-028,VCP-R1-055,False,False,20,20.0,20.0,18.0,1.0,0.02702702702702703,20.0,20.0,0.0,0.0,,27,,,,,,,,
PAIR,,VCP-R1-028,VCP-R1-056,False,False,20,20.0,20.0,20.0,1.0,0.02564102564102564,20.0,20.0,0.0,0.0,,27,,,,,,,,
PAIR,,VCP-R1-028,VCP-R1-057,False,False,20,19.0,20.0,18.0,0.0,0.0,20.0,19.0,0.0,0.0,,27,,,,,,,,
PAIR,,VCP-R1-028,VCP-R1-058,False,False,20,20.0,20.0,19.0,1.0,0.02631578947368421,20.0,20.0,0.0,0.0,,27,,,,,,,,
PAIR,,VCP-R1-028,VCP-R1-059,False,False,20,20.0,20.0,19.0,1.0,0.02631578947368421,20.0,20.0,0.0,0.0,,27,,,,,,,,
PAIR,,VCP-R1-028,VCP-R1-060,False,False,20,20.0,20.0,20.0,1.0,0.02564102564102564,20.0,20.0,0.0,0.0,,27,,,,,,,,
PAIR,,VCP-R1-028,VCP-R1-061,False,False,20,20.0,20.0,20.0,2.0,0.05263157894736842,20.0,20.0,0.0,0.0,,27,,,,,,,,
PAIR,,VCP-R1-028,VCP-R1-062,False,False,20,20.0,20.0,20.0,1.0,0.02564102564102564,20.0,20.0,0.0,0.0,,27,,,,,,,,
PAIR,,VCP-R1-028,VCP-R1-063,False,False,20,20.0,20.0,20.0,1.0,0.02564102564102564,20.0,20.0,0.0,0.0,,27,,,,,,,,
PAIR,,VCP-R1-028,VCP-R1-064,False,False,20,20.0,20.0,19.0,2.0,0.05405405405405406,20.0,20.0,1.0,0.02564102564102564,,27,,,,,,,,
PAIR,,VCP-R1-028,VCP-R1-065,False,False,20,20.0,20.0,20.0,3.0,0.08108108108108109,20.0,20.0,1.0,0.02564102564102564,,27,,,,,,,,
PAIR,,VCP-R1-028,VCP-R1-066,False,False,20,20.0,20.0,20.0,1.0,0.02564102564102564,20.0,20.0,0.0,0.0,,27,,,,,,,,
PAIR,,VCP-R1-028,VCP-R1-067,False,False,20,20.0,20.0,20.0,1.0,0.02564102564102564,20.0,20.0,0.0,0.0,,27,,,,,,,,
PAIR,,VCP-R1-028,VCP-R1-068,False,False,20,20.0,20.0,19.0,1.0,0.02631578947368421,20.0,20.0,0.0,0.0,,27,,,,,,,,
PAIR,,VCP-R1-028,VCP-R1-069,False,False,20,20.0,20.0,20.0,2.0,0.05263157894736842,20.0,20.0,0.0,0.0,,27,,,,,,,,
PAIR,,VCP-R1-028,VCP-R1-070,False,False,20,20.0,20.0,20.0,1.0,0.02564102564102564,20.0,20.0,0.0,0.0,,27,,,,,,,,
PAIR,,VCP-R1-028,VCP-R1-071,False,False,20,20.0,20.0,20.0,1.0,0.02564102564102564,20.0,20.0,0.0,0.0,,27,,,,,,,,
PAIR,,VCP-R1-028,VCP-R1-072,False,False,20,20.0,20.0,20.0,1.0,0.02564102564102564,20.0,20.0,0.0,0.0,,27,,,,,,,,
PAIR,,VCP-R1-028,VCP-R1-073,False,False,20,20.0,20.0,20.0,2.0,0.05263157894736842,20.0,20.0,1.0,0.02564102564102564,,27,,,,,,,,
PAIR,,VCP-R1-028,VCP-R1-074,False,False,20,20.0,20.0,20.0,3.0,0.08108108108108109,20.0,20.0,1.0,0.02564102564102564,,27,,,,,,,,
PAIR,,VCP-R1-028,VCP-R1-075,False,False,20,20.0,20.0,20.0,1.0,0.02564102564102564,20.0,20.0,0.0,0.0,,27,,,,,,,,
PAIR,,VCP-R1-028,VCP-R1-076,False,False,20,20.0,20.0,20.0,1.0,0.02564102564102564,20.0,20.0,0.0,0.0,,27,,,,,,,,
PAIR,,VCP-R1-028,VCP-R1-077,False,False,20,20.0,20.0,19.0,1.0,0.02631578947368421,20.0,20.0,0.0,0.0,,27,,,,,,,,
PAIR,,VCP-R1-028,VCP-R1-078,False,False,20,20.0,20.0,20.0,2.0,0.05263157894736842,20.0,20.0,0.0,0.0,,27,,,,,,,,
PAIR,,VCP-R1-028,VCP-R1-079,False,False,20,20.0,20.0,20.0,1.0,0.02564102564102564,20.0,20.0,0.0,0.0,,27,,,,,,,,
PAIR,,VCP-R1-028,VCP-R1-080,False,False,20,20.0,20.0,20.0,1.0,0.02564102564102564,20.0,20.0,0.0,0.0,,27,,,,,,,,
PAIR,,VCP-R1-028,VCP-R1-081,False,False,20,20.0,20.0,20.0,1.0,0.02564102564102564,20.0,20.0,0.0,0.0,,27,,,,,,,,
PAIR,,VCP-R1-028,VCP-R1-082,False,False,20,20.0,20.0,20.0,3.0,0.08108108108108109,20.0,20.0,0.0,0.0,,27,,,,,,,,
PAIR,,VCP-R1-028,VCP-R1-083,False,False,20,20.0,20.0,20.0,0.0,0.0,20.0,20.0,0.0,0.0,,27,,,,,,,,
PAIR,,VCP-R1-028,VCP-R1-084,False,False,20,18.0,20.0,18.0,0.0,0.0,20.0,18.0,0.0,0.0,,27,,,,,,,,
PAIR,,VCP-R1-028,VCP-R1-085,False,False,20,20.0,20.0,19.0,2.0,0.05405405405405406,20.0,20.0,0.0,0.0,,27,,,,,,,,
PAIR,,VCP-R1-028,VCP-R1-086,False,False,20,20.0,20.0,20.0,1.0,0.02564102564102564,20.0,20.0,0.0,0.0,,27,,,,,,,,
PAIR,,VCP-R1-028,VCP-R1-087,False,False,20,20.0,20.0,19.0,0.0,0.0,20.0,20.0,0.0,0.0,,27,,,,,,,,
PAIR,,VCP-R1-028,VCP-R1-088,False,False,20,20.0,20.0,19.0,3.0,0.08333333333333333,20.0,20.0,0.0,0.0,,27,,,,,,,,
PAIR,,VCP-R1-028,VCP-R1-089,False,False,20,20.0,20.0,19.0,3.0,0.08333333333333333,20.0,20.0,0.0,0.0,,27,,,,,,,,
PAIR,,VCP-R1-028,VCP-R1-090,False,False,20,20.0,20.0,20.0,2.0,0.05263157894736842,20.0,20.0,0.0,0.0,,27,,,,,,,,
PAIR,,VCP-R1-028,VCP-R1-091,False,False,20,20.0,20.0,19.0,2.0,0.05405405405405406,20.0,20.0,1.0,0.02564102564102564,,27,,,,,,,,
PAIR,,VCP-R1-028,VCP-R1-092,False,False,20,20.0,20.0,19.0,1.0,0.02631578947368421,20.0,20.0,1.0,0.02564102564102564,,27,,,,,,,,
PAIR,,VCP-R1-028,VCP-R1-093,False,False,20,20.0,20.0,19.0,1.0,0.02631578947368421,20.0,20.0,1.0,0.02564102564102564,,27,,,,,,,,
PAIR,,VCP-R1-028,VCP-R1-094,False,False,20,20.0,20.0,19.0,1.0,0.02631578947368421,20.0,20.0,0.0,0.0,,27,,,,,,,,
PAIR,,VCP-R1-028,VCP-R1-095,False,False,20,20.0,20.0,20.0,1.0,0.02564102564102564,20.0,20.0,1.0,0.02564102564102564,,27,,,,,,,,
PAIR,,VCP-R1-028,VCP-R1-096,False,False,20,20.0,20.0,20.0,1.0,0.02564102564102564,20.0,20.0,1.0,0.02564102564102564,,27,,,,,,,,
PAIR,,VCP-R1-028,VCP-R1-097,False,False,20,20.0,20.0,20.0,1.0,0.02564102564102564,20.0,20.0,0.0,0.0,,27,,,,,,,,
PAIR,,VCP-R1-028,VCP-R1-098,False,False,20,20.0,20.0,20.0,0.0,0.0,20.0,20.0,0.0,0.0,,27,,,,,,,,
PAIR,,VCP-R1-028,VCP-R1-099,False,False,20,20.0,20.0,20.0,3.0,0.08108108108108109,20.0,20.0,1.0,0.02564102564102564,,27,,,,,,,,
PAIR,,VCP-R1-028,VCP-R1-100,False,False,20,20.0,20.0,19.0,2.0,0.05405405405405406,20.0,20.0,1.0,0.02564102564102564,,27,,,,,,,,
PAIR,,VCP-R1-028,VCP-R1-101,False,False,20,20.0,20.0,19.0,1.0,0.02631578947368421,20.0,20.0,1.0,0.02564102564102564,,27,,,,,,,,
PAIR,,VCP-R1-028,VCP-R1-102,False,False,20,20.0,20.0,19.0,1.0,0.02631578947368421,20.0,20.0,1.0,0.02564102564102564,,27,,,,,,,,
PAIR,,VCP-R1-028,VCP-R1-103,False,False,20,20.0,20.0,19.0,0.0,0.0,20.0,20.0,0.0,0.0,,27,,,,,,,,
PAIR,,VCP-R1-028,VCP-R1-104,False,False,20,20.0,20.0,20.0,1.0,0.02564102564102564,20.0,20.0,1.0,0.02564102564102564,,27,,,,,,,,
PAIR,,VCP-R1-028,VCP-R1-105,False,False,20,20.0,20.0,20.0,1.0,0.02564102564102564,20.0,20.0,1.0,0.02564102564102564,,27,,,,,,,,
PAIR,,VCP-R1-028,VCP-R1-106,False,False,20,20.0,20.0,19.0,1.0,0.02631578947368421,20.0,20.0,0.0,0.0,,27,,,,,,,,
PAIR,,VCP-R1-028,VCP-R1-107,False,False,20,20.0,20.0,20.0,0.0,0.0,20.0,20.0,0.0,0.0,,27,,,,,,,,
PAIR,,VCP-R1-028,VCP-R1-108,False,False,20,20.0,20.0,20.0,1.0,0.02564102564102564,20.0,20.0,0.0,0.0,,27,,,,,,,,
PAIR,,VCP-R1-029,VCP-R1-030,False,True,20,20.0,20.0,18.0,11.0,0.4074074074074074,20.0,20.0,11.0,0.3793103448275862,,27,,,,,,,,
PAIR,,VCP-R1-029,VCP-R1-031,False,True,20,20.0,20.0,20.0,4.0,0.1111111111111111,20.0,20.0,4.0,0.1111111111111111,,27,,,,,,,,
PAIR,,VCP-R1-029,VCP-R1-032,False,True,20,20.0,20.0,20.0,6.0,0.17647058823529413,20.0,20.0,6.0,0.17647058823529413,,27,,,,,,,,
PAIR,,VCP-R1-029,VCP-R1-033,False,True,20,20.0,20.0,19.0,4.0,0.11428571428571428,20.0,20.0,4.0,0.1111111111111111,,27,,,,,,,,
PAIR,,VCP-R1-029,VCP-R1-034,False,False,20,20.0,20.0,19.0,3.0,0.08333333333333333,20.0,20.0,3.0,0.08108108108108109,,27,,,,,,,,
PAIR,,VCP-R1-029,VCP-R1-035,False,False,20,20.0,20.0,20.0,5.0,0.14285714285714285,20.0,20.0,5.0,0.14285714285714285,,27,,,,,,,,
PAIR,,VCP-R1-029,VCP-R1-036,False,True,20,20.0,20.0,20.0,3.0,0.08108108108108109,20.0,20.0,3.0,0.08108108108108109,,27,,,,,,,,
PAIR,,VCP-R1-029,VCP-R1-037,False,False,20,20.0,20.0,19.0,8.0,0.25806451612903225,20.0,20.0,8.0,0.25,,27,,,,,,,,
PAIR,,VCP-R1-029,VCP-R1-038,False,False,20,20.0,20.0,20.0,17.0,0.7391304347826086,20.0,20.0,17.0,0.7391304347826086,,27,,,,,,,,
PAIR,,VCP-R1-029,VCP-R1-039,False,False,20,20.0,20.0,20.0,11.0,0.3793103448275862,20.0,20.0,11.0,0.3793103448275862,,27,,,,,,,,
PAIR,,VCP-R1-029,VCP-R1-040,False,True,20,20.0,20.0,19.0,2.0,0.05405405405405406,20.0,20.0,2.0,0.05263157894736842,,27,,,,,,,,
PAIR,,VCP-R1-029,VCP-R1-041,False,False,20,20.0,20.0,20.0,5.0,0.14285714285714285,20.0,20.0,5.0,0.14285714285714285,,27,,,,,,,,
PAIR,,VCP-R1-029,VCP-R1-042,False,True,20,20.0,20.0,20.0,3.0,0.08108108108108109,20.0,20.0,3.0,0.08108108108108109,,27,,,,,,,,
PAIR,,VCP-R1-029,VCP-R1-043,False,True,20,20.0,20.0,19.0,3.0,0.08333333333333333,20.0,20.0,2.0,0.05263157894736842,,27,,,,,,,,
PAIR,,VCP-R1-029,VCP-R1-044,False,False,20,20.0,20.0,20.0,4.0,0.1111111111111111,20.0,20.0,3.0,0.08108108108108109,,27,,,,,,,,
PAIR,,VCP-R1-029,VCP-R1-045,False,True,20,20.0,20.0,20.0,3.0,0.08108108108108109,20.0,20.0,2.0,0.05263157894736842,,27,,,,,,,,
PAIR,,VCP-R1-029,VCP-R1-046,False,False,20,20.0,20.0,19.0,7.0,0.21875,20.0,20.0,7.0,0.21212121212121213,,27,,,,,,,,
PAIR,,VCP-R1-029,VCP-R1-047,False,False,20,20.0,20.0,20.0,16.0,0.6666666666666666,20.0,20.0,16.0,0.6666666666666666,,27,,,,,,,,
PAIR,,VCP-R1-029,VCP-R1-048,False,False,20,20.0,20.0,20.0,11.0,0.3793103448275862,20.0,20.0,11.0,0.3793103448275862,,27,,,,,,,,
PAIR,,VCP-R1-029,VCP-R1-049,False,True,20,20.0,20.0,20.0,2.0,0.05263157894736842,20.0,20.0,2.0,0.05263157894736842,,27,,,,,,,,
PAIR,,VCP-R1-029,VCP-R1-050,False,False,20,20.0,20.0,20.0,5.0,0.14285714285714285,20.0,20.0,5.0,0.14285714285714285,,27,,,,,,,,
PAIR,,VCP-R1-029,VCP-R1-051,False,True,20,20.0,20.0,20.0,3.0,0.08108108108108109,20.0,20.0,3.0,0.08108108108108109,,27,,,,,,,,
PAIR,,VCP-R1-029,VCP-R1-052,False,True,20,20.0,20.0,19.0,3.0,0.08333333333333333,20.0,20.0,2.0,0.05263157894736842,,27,,,,,,,,
PAIR,,VCP-R1-029,VCP-R1-053,False,False,20,20.0,20.0,20.0,4.0,0.1111111111111111,20.0,20.0,3.0,0.08108108108108109,,27,,,,,,,,
PAIR,,VCP-R1-029,VCP-R1-054,False,True,20,20.0,20.0,20.0,3.0,0.08108108108108109,20.0,20.0,2.0,0.05263157894736842,,27,,,,,,,,
PAIR,,VCP-R1-029,VCP-R1-055,False,False,20,20.0,20.0,18.0,1.0,0.02702702702702703,20.0,20.0,0.0,0.0,,27,,,,,,,,
PAIR,,VCP-R1-029,VCP-R1-056,False,False,20,20.0,20.0,20.0,1.0,0.02564102564102564,20.0,20.0,0.0,0.0,,27,,,,,,,,
PAIR,,VCP-R1-029,VCP-R1-057,False,False,20,19.0,20.0,18.0,0.0,0.0,20.0,19.0,0.0,0.0,,27,,,,,,,,
PAIR,,VCP-R1-029,VCP-R1-058,False,False,20,20.0,20.0,19.0,1.0,0.02631578947368421,20.0,20.0,0.0,0.0,,27,,,,,,,,
PAIR,,VCP-R1-029,VCP-R1-059,False,False,20,20.0,20.0,19.0,1.0,0.02631578947368421,20.0,20.0,0.0,0.0,,27,,,,,,,,
PAIR,,VCP-R1-029,VCP-R1-060,False,False,20,20.0,20.0,20.0,1.0,0.02564102564102564,20.0,20.0,0.0,0.0,,27,,,,,,,,
PAIR,,VCP-R1-029,VCP-R1-061,False,False,20,20.0,20.0,20.0,2.0,0.05263157894736842,20.0,20.0,0.0,0.0,,27,,,,,,,,
PAIR,,VCP-R1-029,VCP-R1-062,False,False,20,20.0,20.0,20.0,1.0,0.02564102564102564,20.0,20.0,0.0,0.0,,27,,,,,,,,
PAIR,,VCP-R1-029,VCP-R1-063,False,False,20,20.0,20.0,20.0,1.0,0.02564102564102564,20.0,20.0,0.0,0.0,,27,,,,,,,,
PAIR,,VCP-R1-029,VCP-R1-064,False,False,20,20.0,20.0,19.0,2.0,0.05405405405405406,20.0,20.0,1.0,0.02564102564102564,,27,,,,,,,,
PAIR,,VCP-R1-029,VCP-R1-065,False,False,20,20.0,20.0,20.0,3.0,0.08108108108108109,20.0,20.0,1.0,0.02564102564102564,,27,,,,,,,,
PAIR,,VCP-R1-029,VCP-R1-066,False,False,20,20.0,20.0,20.0,1.0,0.02564102564102564,20.0,20.0,0.0,0.0,,27,,,,,,,,
PAIR,,VCP-R1-029,VCP-R1-067,False,False,20,20.0,20.0,20.0,1.0,0.02564102564102564,20.0,20.0,0.0,0.0,,27,,,,,,,,
PAIR,,VCP-R1-029,VCP-R1-068,False,False,20,20.0,20.0,19.0,1.0,0.02631578947368421,20.0,20.0,0.0,0.0,,27,,,,,,,,
PAIR,,VCP-R1-029,VCP-R1-069,False,False,20,20.0,20.0,20.0,2.0,0.05263157894736842,20.0,20.0,0.0,0.0,,27,,,,,,,,
PAIR,,VCP-R1-029,VCP-R1-070,False,False,20,20.0,20.0,20.0,1.0,0.02564102564102564,20.0,20.0,0.0,0.0,,27,,,,,,,,
PAIR,,VCP-R1-029,VCP-R1-071,False,False,20,20.0,20.0,20.0,1.0,0.02564102564102564,20.0,20.0,0.0,0.0,,27,,,,,,,,
PAIR,,VCP-R1-029,VCP-R1-072,False,False,20,20.0,20.0,20.0,1.0,0.02564102564102564,20.0,20.0,0.0,0.0,,27,,,,,,,,
PAIR,,VCP-R1-029,VCP-R1-073,False,False,20,20.0,20.0,20.0,2.0,0.05263157894736842,20.0,20.0,1.0,0.02564102564102564,,27,,,,,,,,
PAIR,,VCP-R1-029,VCP-R1-074,False,False,20,20.0,20.0,20.0,3.0,0.08108108108108109,20.0,20.0,1.0,0.02564102564102564,,27,,,,,,,,
PAIR,,VCP-R1-029,VCP-R1-075,False,False,20,20.0,20.0,20.0,1.0,0.02564102564102564,20.0,20.0,0.0,0.0,,27,,,,,,,,
PAIR,,VCP-R1-029,VCP-R1-076,False,False,20,20.0,20.0,20.0,1.0,0.02564102564102564,20.0,20.0,0.0,0.0,,27,,,,,,,,
PAIR,,VCP-R1-029,VCP-R1-077,False,False,20,20.0,20.0,19.0,1.0,0.02631578947368421,20.0,20.0,0.0,0.0,,27,,,,,,,,
PAIR,,VCP-R1-029,VCP-R1-078,False,False,20,20.0,20.0,20.0,2.0,0.05263157894736842,20.0,20.0,0.0,0.0,,27,,,,,,,,
PAIR,,VCP-R1-029,VCP-R1-079,False,False,20,20.0,20.0,20.0,1.0,0.02564102564102564,20.0,20.0,0.0,0.0,,27,,,,,,,,
PAIR,,VCP-R1-029,VCP-R1-080,False,False,20,20.0,20.0,20.0,1.0,0.02564102564102564,20.0,20.0,0.0,0.0,,27,,,,,,,,
PAIR,,VCP-R1-029,VCP-R1-081,False,False,20,20.0,20.0,20.0,1.0,0.02564102564102564,20.0,20.0,0.0,0.0,,27,,,,,,,,
PAIR,,VCP-R1-029,VCP-R1-082,False,False,20,20.0,20.0,20.0,2.0,0.05263157894736842,20.0,20.0,0.0,0.0,,27,,,,,,,,
PAIR,,VCP-R1-029,VCP-R1-083,False,False,20,20.0,20.0,20.0,0.0,0.0,20.0,20.0,0.0,0.0,,27,,,,,,,,
PAIR,,VCP-R1-029,VCP-R1-084,False,False,20,18.0,20.0,18.0,0.0,0.0,20.0,18.0,0.0,0.0,,27,,,,,,,,
PAIR,,VCP-R1-029,VCP-R1-085,False,False,20,20.0,20.0,19.0,1.0,0.02631578947368421,20.0,20.0,0.0,0.0,,27,,,,,,,,
PAIR,,VCP-R1-029,VCP-R1-086,False,False,20,20.0,20.0,20.0,0.0,0.0,20.0,20.0,0.0,0.0,,27,,,,,,,,
PAIR,,VCP-R1-029,VCP-R1-087,False,False,20,20.0,20.0,19.0,0.0,0.0,20.0,20.0,0.0,0.0,,27,,,,,,,,
PAIR,,VCP-R1-029,VCP-R1-088,False,False,20,20.0,20.0,19.0,2.0,0.05405405405405406,20.0,20.0,0.0,0.0,,27,,,,,,,,
PAIR,,VCP-R1-029,VCP-R1-089,False,False,20,20.0,20.0,19.0,1.0,0.02631578947368421,20.0,20.0,0.0,0.0,,27,,,,,,,,
PAIR,,VCP-R1-029,VCP-R1-090,False,False,20,20.0,20.0,20.0,1.0,0.02564102564102564,20.0,20.0,0.0,0.0,,27,,,,,,,,
PAIR,,VCP-R1-029,VCP-R1-091,False,False,20,20.0,20.0,19.0,2.0,0.05405405405405406,20.0,20.0,1.0,0.02564102564102564,,27,,,,,,,,
PAIR,,VCP-R1-029,VCP-R1-092,False,False,20,20.0,20.0,19.0,1.0,0.02631578947368421,20.0,20.0,1.0,0.02564102564102564,,27,,,,,,,,
PAIR,,VCP-R1-029,VCP-R1-093,False,False,20,20.0,20.0,19.0,1.0,0.02631578947368421,20.0,20.0,1.0,0.02564102564102564,,27,,,,,,,,
PAIR,,VCP-R1-029,VCP-R1-094,False,False,20,20.0,20.0,19.0,1.0,0.02631578947368421,20.0,20.0,0.0,0.0,,27,,,,,,,,
PAIR,,VCP-R1-029,VCP-R1-095,False,False,20,20.0,20.0,20.0,1.0,0.02564102564102564,20.0,20.0,1.0,0.02564102564102564,,27,,,,,,,,
PAIR,,VCP-R1-029,VCP-R1-096,False,False,20,20.0,20.0,20.0,1.0,0.02564102564102564,20.0,20.0,1.0,0.02564102564102564,,27,,,,,,,,
PAIR,,VCP-R1-029,VCP-R1-097,False,False,20,20.0,20.0,20.0,1.0,0.02564102564102564,20.0,20.0,0.0,0.0,,27,,,,,,,,
PAIR,,VCP-R1-029,VCP-R1-098,False,False,20,20.0,20.0,20.0,0.0,0.0,20.0,20.0,0.0,0.0,,27,,,,,,,,
PAIR,,VCP-R1-029,VCP-R1-099,False,False,20,20.0,20.0,20.0,2.0,0.05263157894736842,20.0,20.0,1.0,0.02564102564102564,,27,,,,,,,,
PAIR,,VCP-R1-029,VCP-R1-100,False,False,20,20.0,20.0,19.0,2.0,0.05405405405405406,20.0,20.0,1.0,0.02564102564102564,,27,,,,,,,,
PAIR,,VCP-R1-029,VCP-R1-101,False,False,20,20.0,20.0,19.0,1.0,0.02631578947368421,20.0,20.0,1.0,0.02564102564102564,,27,,,,,,,,
PAIR,,VCP-R1-029,VCP-R1-102,False,False,20,20.0,20.0,19.0,1.0,0.02631578947368421,20.0,20.0,1.0,0.02564102564102564,,27,,,,,,,,
PAIR,,VCP-R1-029,VCP-R1-103,False,False,20,20.0,20.0,19.0,0.0,0.0,20.0,20.0,0.0,0.0,,27,,,,,,,,
PAIR,,VCP-R1-029,VCP-R1-104,False,False,20,20.0,20.0,20.0,1.0,0.02564102564102564,20.0,20.0,1.0,0.02564102564102564,,27,,,,,,,,
PAIR,,VCP-R1-029,VCP-R1-105,False,False,20,20.0,20.0,20.0,1.0,0.02564102564102564,20.0,20.0,1.0,0.02564102564102564,,27,,,,,,,,
PAIR,,VCP-R1-029,VCP-R1-106,False,False,20,20.0,20.0,19.0,1.0,0.02631578947368421,20.0,20.0,0.0,0.0,,27,,,,,,,,
PAIR,,VCP-R1-029,VCP-R1-107,False,False,20,20.0,20.0,20.0,0.0,0.0,20.0,20.0,0.0,0.0,,27,,,,,,,,
PAIR,,VCP-R1-029,VCP-R1-108,False,False,20,20.0,20.0,20.0,0.0,0.0,20.0,20.0,0.0,0.0,,27,,,,,,,,
PAIR,,VCP-R1-030,VCP-R1-031,True,True,20,20.0,18.0,20.0,2.0,0.05555555555555555,20.0,20.0,2.0,0.05263157894736842,,27,,,,,,,,
PAIR,,VCP-R1-030,VCP-R1-032,True,True,20,20.0,18.0,20.0,3.0,0.08571428571428572,20.0,20.0,3.0,0.08108108108108109,,27,,,,,,,,
PAIR,,VCP-R1-030,VCP-R1-033,True,True,20,20.0,18.0,19.0,4.0,0.12121212121212122,20.0,20.0,4.0,0.1111111111111111,,27,,,,,,,,
PAIR,,VCP-R1-030,VCP-R1-034,True,False,20,20.0,18.0,19.0,2.0,0.05714285714285714,20.0,20.0,2.0,0.05263157894736842,,27,,,,,,,,
PAIR,,VCP-R1-030,VCP-R1-035,True,False,20,20.0,18.0,20.0,2.0,0.05555555555555555,20.0,20.0,2.0,0.05263157894736842,,27,,,,,,,,
PAIR,,VCP-R1-030,VCP-R1-036,True,True,20,20.0,18.0,20.0,3.0,0.08571428571428572,20.0,20.0,3.0,0.08108108108108109,,27,,,,,,,,
PAIR,,VCP-R1-030,VCP-R1-037,True,False,20,20.0,18.0,19.0,3.0,0.08823529411764706,20.0,20.0,3.0,0.08108108108108109,,27,,,,,,,,
PAIR,,VCP-R1-030,VCP-R1-038,True,False,20,20.0,18.0,20.0,9.0,0.3103448275862069,20.0,20.0,9.0,0.2903225806451613,,27,,,,,,,,
PAIR,,VCP-R1-030,VCP-R1-039,True,False,20,20.0,18.0,20.0,14.0,0.5833333333333334,20.0,20.0,14.0,0.5384615384615384,,27,,,,,,,,
PAIR,,VCP-R1-030,VCP-R1-040,True,True,20,20.0,18.0,19.0,2.0,0.05714285714285714,20.0,20.0,2.0,0.05263157894736842,,27,,,,,,,,
PAIR,,VCP-R1-030,VCP-R1-041,True,False,20,20.0,18.0,20.0,2.0,0.05555555555555555,20.0,20.0,2.0,0.05263157894736842,,27,,,,,,,,
PAIR,,VCP-R1-030,VCP-R1-042,True,True,20,20.0,18.0,20.0,3.0,0.08571428571428572,20.0,20.0,3.0,0.08108108108108109,,27,,,,,,,,
PAIR,,VCP-R1-030,VCP-R1-043,True,True,20,20.0,18.0,19.0,2.0,0.05714285714285714,20.0,20.0,2.0,0.05263157894736842,,27,,,,,,,,
PAIR,,VCP-R1-030,VCP-R1-044,True,False,20,20.0,18.0,20.0,2.0,0.05555555555555555,20.0,20.0,2.0,0.05263157894736842,,27,,,,,,,,
PAIR,,VCP-R1-030,VCP-R1-045,True,True,20,20.0,18.0,20.0,2.0,0.05555555555555555,20.0,20.0,2.0,0.05263157894736842,,27,,,,,,,,
PAIR,,VCP-R1-030,VCP-R1-046,True,False,20,20.0,18.0,19.0,3.0,0.08823529411764706,20.0,20.0,3.0,0.08108108108108109,,27,,,,,,,,
PAIR,,VCP-R1-030,VCP-R1-047,True,False,20,20.0,18.0,20.0,9.0,0.3103448275862069,20.0,20.0,9.0,0.2903225806451613,,27,,,,,,,,
PAIR,,VCP-R1-030,VCP-R1-048,True,False,20,20.0,18.0,20.0,14.0,0.5833333333333334,20.0,20.0,14.0,0.5384615384615384,,27,,,,,,,,
PAIR,,VCP-R1-030,VCP-R1-049,True,True,20,20.0,18.0,20.0,2.0,0.05555555555555555,20.0,20.0,2.0,0.05263157894736842,,27,,,,,,,,
PAIR,,VCP-R1-030,VCP-R1-050,True,False,20,20.0,18.0,20.0,2.0,0.05555555555555555,20.0,20.0,2.0,0.05263157894736842,,27,,,,,,,,
PAIR,,VCP-R1-030,VCP-R1-051,True,True,20,20.0,18.0,20.0,3.0,0.08571428571428572,20.0,20.0,3.0,0.08108108108108109,,27,,,,,,,,
PAIR,,VCP-R1-030,VCP-R1-052,True,True,20,20.0,18.0,19.0,2.0,0.05714285714285714,20.0,20.0,2.0,0.05263157894736842,,27,,,,,,,,
PAIR,,VCP-R1-030,VCP-R1-053,True,False,20,20.0,18.0,20.0,2.0,0.05555555555555555,20.0,20.0,2.0,0.05263157894736842,,27,,,,,,,,
PAIR,,VCP-R1-030,VCP-R1-054,True,True,20,20.0,18.0,20.0,2.0,0.05555555555555555,20.0,20.0,2.0,0.05263157894736842,,27,,,,,,,,
PAIR,,VCP-R1-030,VCP-R1-055,True,False,20,20.0,18.0,18.0,1.0,0.02857142857142857,20.0,20.0,0.0,0.0,,27,,,,,,,,
PAIR,,VCP-R1-030,VCP-R1-056,True,False,20,20.0,18.0,20.0,2.0,0.05555555555555555,20.0,20.0,0.0,0.0,,27,,,,,,,,
PAIR,,VCP-R1-030,VCP-R1-057,True,False,20,19.0,18.0,18.0,1.0,0.02857142857142857,20.0,19.0,0.0,0.0,,27,,,,,,,,
PAIR,,VCP-R1-030,VCP-R1-058,True,False,20,20.0,18.0,19.0,1.0,0.027777777777777776,20.0,20.0,0.0,0.0,,27,,,,,,,,
PAIR,,VCP-R1-030,VCP-R1-059,True,False,20,20.0,18.0,19.0,1.0,0.027777777777777776,20.0,20.0,0.0,0.0,,27,,,,,,,,
PAIR,,VCP-R1-030,VCP-R1-060,True,False,20,20.0,18.0,20.0,1.0,0.02702702702702703,20.0,20.0,0.0,0.0,,27,,,,,,,,
PAIR,,VCP-R1-030,VCP-R1-061,True,False,20,20.0,18.0,20.0,1.0,0.02702702702702703,20.0,20.0,0.0,0.0,,27,,,,,,,,
PAIR,,VCP-R1-030,VCP-R1-062,True,False,20,20.0,18.0,20.0,1.0,0.02702702702702703,20.0,20.0,0.0,0.0,,27,,,,,,,,
PAIR,,VCP-R1-030,VCP-R1-063,True,False,20,20.0,18.0,20.0,1.0,0.02702702702702703,20.0,20.0,0.0,0.0,,27,,,,,,,,
PAIR,,VCP-R1-030,VCP-R1-064,True,False,20,20.0,18.0,19.0,0.0,0.0,20.0,20.0,0.0,0.0,,27,,,,,,,,
PAIR,,VCP-R1-030,VCP-R1-065,True,False,20,20.0,18.0,20.0,1.0,0.02702702702702703,20.0,20.0,0.0,0.0,,27,,,,,,,,
PAIR,,VCP-R1-030,VCP-R1-066,True,False,20,20.0,18.0,20.0,1.0,0.02702702702702703,20.0,20.0,0.0,0.0,,27,,,,,,,,
PAIR,,VCP-R1-030,VCP-R1-067,True,False,20,20.0,18.0,20.0,1.0,0.02702702702702703,20.0,20.0,0.0,0.0,,27,,,,,,,,
PAIR,,VCP-R1-030,VCP-R1-068,True,False,20,20.0,18.0,19.0,1.0,0.027777777777777776,20.0,20.0,0.0,0.0,,27,,,,,,,,
PAIR,,VCP-R1-030,VCP-R1-069,True,False,20,20.0,18.0,20.0,1.0,0.02702702702702703,20.0,20.0,0.0,0.0,,27,,,,,,,,
PAIR,,VCP-R1-030,VCP-R1-070,True,False,20,20.0,18.0,20.0,0.0,0.0,20.0,20.0,0.0,0.0,,27,,,,,,,,
PAIR,,VCP-R1-030,VCP-R1-071,True,False,20,20.0,18.0,20.0,1.0,0.02702702702702703,20.0,20.0,0.0,0.0,,27,,,,,,,,
PAIR,,VCP-R1-030,VCP-R1-072,True,False,20,20.0,18.0,20.0,1.0,0.02702702702702703,20.0,20.0,0.0,0.0,,27,,,,,,,,
PAIR,,VCP-R1-030,VCP-R1-073,True,False,20,20.0,18.0,20.0,0.0,0.0,20.0,20.0,0.0,0.0,,27,,,,,,,,
PAIR,,VCP-R1-030,VCP-R1-074,True,False,20,20.0,18.0,20.0,1.0,0.02702702702702703,20.0,20.0,0.0,0.0,,27,,,,,,,,
PAIR,,VCP-R1-030,VCP-R1-075,True,False,20,20.0,18.0,20.0,1.0,0.02702702702702703,20.0,20.0,0.0,0.0,,27,,,,,,,,
PAIR,,VCP-R1-030,VCP-R1-076,True,False,20,20.0,18.0,20.0,1.0,0.02702702702702703,20.0,20.0,0.0,0.0,,27,,,,,,,,
PAIR,,VCP-R1-030,VCP-R1-077,True,False,20,20.0,18.0,19.0,1.0,0.027777777777777776,20.0,20.0,0.0,0.0,,27,,,,,,,,
PAIR,,VCP-R1-030,VCP-R1-078,True,False,20,20.0,18.0,20.0,1.0,0.02702702702702703,20.0,20.0,0.0,0.0,,27,,,,,,,,
PAIR,,VCP-R1-030,VCP-R1-079,True,False,20,20.0,18.0,20.0,1.0,0.02702702702702703,20.0,20.0,0.0,0.0,,27,,,,,,,,
PAIR,,VCP-R1-030,VCP-R1-080,True,False,20,20.0,18.0,20.0,1.0,0.02702702702702703,20.0,20.0,0.0,0.0,,27,,,,,,,,
PAIR,,VCP-R1-030,VCP-R1-081,True,False,20,20.0,18.0,20.0,1.0,0.02702702702702703,20.0,20.0,0.0,0.0,,27,,,,,,,,
PAIR,,VCP-R1-030,VCP-R1-082,True,False,20,20.0,18.0,20.0,1.0,0.02702702702702703,20.0,20.0,0.0,0.0,,27,,,,,,,,
PAIR,,VCP-R1-030,VCP-R1-083,True,False,20,20.0,18.0,20.0,1.0,0.02702702702702703,20.0,20.0,0.0,0.0,,27,,,,,,,,
PAIR,,VCP-R1-030,VCP-R1-084,True,False,20,18.0,18.0,18.0,1.0,0.02857142857142857,20.0,18.0,0.0,0.0,,27,,,,,,,,
PAIR,,VCP-R1-030,VCP-R1-085,True,False,20,20.0,18.0,19.0,0.0,0.0,20.0,20.0,0.0,0.0,,27,,,,,,,,
PAIR,,VCP-R1-030,VCP-R1-086,True,False,20,20.0,18.0,20.0,0.0,0.0,20.0,20.0,0.0,0.0,,27,,,,,,,,
PAIR,,VCP-R1-030,VCP-R1-087,True,False,20,20.0,18.0,19.0,0.0,0.0,20.0,20.0,0.0,0.0,,27,,,,,,,,
PAIR,,VCP-R1-030,VCP-R1-088,True,False,20,20.0,18.0,19.0,0.0,0.0,20.0,20.0,0.0,0.0,,27,,,,,,,,
PAIR,,VCP-R1-030,VCP-R1-089,True,False,20,20.0,18.0,19.0,1.0,0.027777777777777776,20.0,20.0,0.0,0.0,,27,,,,,,,,
PAIR,,VCP-R1-030,VCP-R1-090,True,False,20,20.0,18.0,20.0,1.0,0.02702702702702703,20.0,20.0,0.0,0.0,,27,,,,,,,,
PAIR,,VCP-R1-030,VCP-R1-091,True,False,20,20.0,18.0,19.0,1.0,0.027777777777777776,20.0,20.0,1.0,0.02564102564102564,,27,,,,,,,,
PAIR,,VCP-R1-030,VCP-R1-092,True,False,20,20.0,18.0,19.0,1.0,0.027777777777777776,20.0,20.0,1.0,0.02564102564102564,,27,,,,,,,,
PAIR,,VCP-R1-030,VCP-R1-093,True,False,20,20.0,18.0,19.0,1.0,0.027777777777777776,20.0,20.0,1.0,0.02564102564102564,,27,,,,,,,,
PAIR,,VCP-R1-030,VCP-R1-094,True,False,20,20.0,18.0,19.0,1.0,0.027777777777777776,20.0,20.0,0.0,0.0,,27,,,,,,,,
PAIR,,VCP-R1-030,VCP-R1-095,True,False,20,20.0,18.0,20.0,2.0,0.05555555555555555,20.0,20.0,1.0,0.02564102564102564,,27,,,,,,,,
PAIR,,VCP-R1-030,VCP-R1-096,True,False,20,20.0,18.0,20.0,1.0,0.02702702702702703,20.0,20.0,1.0,0.02564102564102564,,27,,,,,,,,
PAIR,,VCP-R1-030,VCP-R1-097,True,False,20,20.0,18.0,20.0,1.0,0.02702702702702703,20.0,20.0,0.0,0.0,,27,,,,,,,,
PAIR,,VCP-R1-030,VCP-R1-098,True,False,20,20.0,18.0,20.0,1.0,0.02702702702702703,20.0,20.0,0.0,0.0,,27,,,,,,,,
PAIR,,VCP-R1-030,VCP-R1-099,True,False,20,20.0,18.0,20.0,2.0,0.05555555555555555,20.0,20.0,1.0,0.02564102564102564,,27,,,,,,,,
PAIR,,VCP-R1-030,VCP-R1-100,True,False,20,20.0,18.0,19.0,1.0,0.027777777777777776,20.0,20.0,1.0,0.02564102564102564,,27,,,,,,,,
PAIR,,VCP-R1-030,VCP-R1-101,True,False,20,20.0,18.0,19.0,1.0,0.027777777777777776,20.0,20.0,1.0,0.02564102564102564,,27,,,,,,,,
PAIR,,VCP-R1-030,VCP-R1-102,True,False,20,20.0,18.0,19.0,1.0,0.027777777777777776,20.0,20.0,1.0,0.02564102564102564,,27,,,,,,,,
PAIR,,VCP-R1-030,VCP-R1-103,True,False,20,20.0,18.0,19.0,1.0,0.027777777777777776,20.0,20.0,0.0,0.0,,27,,,,,,,,
PAIR,,VCP-R1-030,VCP-R1-104,True,False,20,20.0,18.0,20.0,2.0,0.05555555555555555,20.0,20.0,1.0,0.02564102564102564,,27,,,,,,,,
PAIR,,VCP-R1-030,VCP-R1-105,True,False,20,20.0,18.0,20.0,1.0,0.02702702702702703,20.0,20.0,1.0,0.02564102564102564,,27,,,,,,,,
PAIR,,VCP-R1-030,VCP-R1-106,True,False,20,20.0,18.0,19.0,1.0,0.027777777777777776,20.0,20.0,0.0,0.0,,27,,,,,,,,
PAIR,,VCP-R1-030,VCP-R1-107,True,False,20,20.0,18.0,20.0,1.0,0.02702702702702703,20.0,20.0,0.0,0.0,,27,,,,,,,,
PAIR,,VCP-R1-030,VCP-R1-108,True,False,20,20.0,18.0,20.0,0.0,0.0,20.0,20.0,0.0,0.0,,27,,,,,,,,
PAIR,,VCP-R1-031,VCP-R1-032,True,True,20,20.0,20.0,20.0,14.0,0.5384615384615384,20.0,20.0,14.0,0.5384615384615384,,27,,,,,,,,
PAIR,,VCP-R1-031,VCP-R1-033,True,True,20,20.0,20.0,19.0,10.0,0.3448275862068966,20.0,20.0,10.0,0.3333333333333333,,27,,,,,,,,
PAIR,,VCP-R1-031,VCP-R1-034,True,False,20,20.0,20.0,19.0,15.0,0.625,20.0,20.0,15.0,0.6,,27,,,,,,,,
PAIR,,VCP-R1-031,VCP-R1-035,True,False,20,20.0,20.0,20.0,15.0,0.6,20.0,20.0,14.0,0.5384615384615384,,27,,,,,,,,
PAIR,,VCP-R1-031,VCP-R1-036,True,True,20,20.0,20.0,20.0,11.0,0.3793103448275862,20.0,20.0,10.0,0.3333333333333333,,27,,,,,,,,
PAIR,,VCP-R1-031,VCP-R1-037,True,False,20,20.0,20.0,19.0,7.0,0.21875,20.0,20.0,6.0,0.17647058823529413,,27,,,,,,,,
PAIR,,VCP-R1-031,VCP-R1-038,True,False,20,20.0,20.0,20.0,4.0,0.1111111111111111,20.0,20.0,4.0,0.1111111111111111,,27,,,,,,,,
PAIR,,VCP-R1-031,VCP-R1-039,True,False,20,20.0,20.0,20.0,2.0,0.05263157894736842,20.0,20.0,2.0,0.05263157894736842,,27,,,,,,,,
PAIR,,VCP-R1-031,VCP-R1-040,True,True,20,20.0,20.0,19.0,11.0,0.39285714285714285,20.0,20.0,11.0,0.3793103448275862,,27,,,,,,,,
PAIR,,VCP-R1-031,VCP-R1-041,True,False,20,20.0,20.0,20.0,14.0,0.5384615384615384,20.0,20.0,14.0,0.5384615384615384,,27,,,,,,,,
PAIR,,VCP-R1-031,VCP-R1-042,True,True,20,20.0,20.0,20.0,10.0,0.3333333333333333,20.0,20.0,10.0,0.3333333333333333,,27,,,,,,,,
PAIR,,VCP-R1-031,VCP-R1-043,True,True,20,20.0,20.0,19.0,8.0,0.25806451612903225,20.0,20.0,8.0,0.25,,27,,,,,,,,
PAIR,,VCP-R1-031,VCP-R1-044,True,False,20,20.0,20.0,20.0,11.0,0.3793103448275862,20.0,20.0,10.0,0.3333333333333333,,27,,,,,,,,
PAIR,,VCP-R1-031,VCP-R1-045,True,True,20,20.0,20.0,20.0,11.0,0.3793103448275862,20.0,20.0,10.0,0.3333333333333333,,27,,,,,,,,
PAIR,,VCP-R1-031,VCP-R1-046,True,False,20,20.0,20.0,19.0,7.0,0.21875,20.0,20.0,6.0,0.17647058823529413,,27,,,,,,,,
PAIR,,VCP-R1-031,VCP-R1-047,True,False,20,20.0,20.0,20.0,4.0,0.1111111111111111,20.0,20.0,4.0,0.1111111111111111,,27,,,,,,,,
PAIR,,VCP-R1-031,VCP-R1-048,True,False,20,20.0,20.0,20.0,2.0,0.05263157894736842,20.0,20.0,2.0,0.05263157894736842,,27,,,,,,,,
PAIR,,VCP-R1-031,VCP-R1-049,True,True,20,20.0,20.0,20.0,9.0,0.2903225806451613,20.0,20.0,9.0,0.2903225806451613,,27,,,,,,,,
PAIR,,VCP-R1-031,VCP-R1-050,True,False,20,20.0,20.0,20.0,14.0,0.5384615384615384,20.0,20.0,14.0,0.5384615384615384,,27,,,,,,,,
PAIR,,VCP-R1-031,VCP-R1-051,True,True,20,20.0,20.0,20.0,10.0,0.3333333333333333,20.0,20.0,10.0,0.3333333333333333,,27,,,,,,,,
PAIR,,VCP-R1-031,VCP-R1-052,True,True,20,20.0,20.0,19.0,7.0,0.21875,20.0,20.0,7.0,0.21212121212121213,,27,,,,,,,,
PAIR,,VCP-R1-031,VCP-R1-053,True,False,20,20.0,20.0,20.0,11.0,0.3793103448275862,20.0,20.0,10.0,0.3333333333333333,,27,,,,,,,,
PAIR,,VCP-R1-031,VCP-R1-054,True,True,20,20.0,20.0,20.0,11.0,0.3793103448275862,20.0,20.0,10.0,0.3333333333333333,,27,,,,,,,,
PAIR,,VCP-R1-031,VCP-R1-055,True,False,20,20.0,20.0,18.0,0.0,0.0,20.0,20.0,0.0,0.0,,27,,,,,,,,
PAIR,,VCP-R1-031,VCP-R1-056,True,False,20,20.0,20.0,20.0,0.0,0.0,20.0,20.0,0.0,0.0,,27,,,,,,,,
PAIR,,VCP-R1-031,VCP-R1-057,True,False,20,19.0,20.0,18.0,0.0,0.0,20.0,19.0,0.0,0.0,,27,,,,,,,,
PAIR,,VCP-R1-031,VCP-R1-058,True,False,20,20.0,20.0,19.0,1.0,0.02631578947368421,20.0,20.0,0.0,0.0,,27,,,,,,,,
PAIR,,VCP-R1-031,VCP-R1-059,True,False,20,20.0,20.0,19.0,2.0,0.05405405405405406,20.0,20.0,0.0,0.0,,27,,,,,,,,
PAIR,,VCP-R1-031,VCP-R1-060,True,False,20,20.0,20.0,20.0,1.0,0.02564102564102564,20.0,20.0,0.0,0.0,,27,,,,,,,,
PAIR,,VCP-R1-031,VCP-R1-061,True,False,20,20.0,20.0,20.0,1.0,0.02564102564102564,20.0,20.0,0.0,0.0,,27,,,,,,,,
PAIR,,VCP-R1-031,VCP-R1-062,True,False,20,20.0,20.0,20.0,1.0,0.02564102564102564,20.0,20.0,0.0,0.0,,27,,,,,,,,
PAIR,,VCP-R1-031,VCP-R1-063,True,False,20,20.0,20.0,20.0,1.0,0.02564102564102564,20.0,20.0,0.0,0.0,,27,,,,,,,,
PAIR,,VCP-R1-031,VCP-R1-064,True,False,20,20.0,20.0,19.0,1.0,0.02631578947368421,20.0,20.0,1.0,0.02564102564102564,,27,,,,,,,,
PAIR,,VCP-R1-031,VCP-R1-065,True,False,20,20.0,20.0,20.0,0.0,0.0,20.0,20.0,0.0,0.0,,27,,,,,,,,
PAIR,,VCP-R1-031,VCP-R1-066,True,False,20,20.0,20.0,20.0,0.0,0.0,20.0,20.0,0.0,0.0,,27,,,,,,,,
PAIR,,VCP-R1-031,VCP-R1-067,True,False,20,20.0,20.0,20.0,1.0,0.02564102564102564,20.0,20.0,1.0,0.02564102564102564,,27,,,,,,,,
PAIR,,VCP-R1-031,VCP-R1-068,True,False,20,20.0,20.0,19.0,2.0,0.05405405405405406,20.0,20.0,0.0,0.0,,27,,,,,,,,
PAIR,,VCP-R1-031,VCP-R1-069,True,False,20,20.0,20.0,20.0,1.0,0.02564102564102564,20.0,20.0,0.0,0.0,,27,,,,,,,,
PAIR,,VCP-R1-031,VCP-R1-070,True,False,20,20.0,20.0,20.0,2.0,0.05263157894736842,20.0,20.0,1.0,0.02564102564102564,,27,,,,,,,,
PAIR,,VCP-R1-031,VCP-R1-071,True,False,20,20.0,20.0,20.0,0.0,0.0,20.0,20.0,0.0,0.0,,27,,,,,,,,
PAIR,,VCP-R1-031,VCP-R1-072,True,False,20,20.0,20.0,20.0,0.0,0.0,20.0,20.0,0.0,0.0,,27,,,,,,,,
PAIR,,VCP-R1-031,VCP-R1-073,True,False,20,20.0,20.0,20.0,1.0,0.02564102564102564,20.0,20.0,1.0,0.02564102564102564,,27,,,,,,,,
PAIR,,VCP-R1-031,VCP-R1-074,True,False,20,20.0,20.0,20.0,0.0,0.0,20.0,20.0,0.0,0.0,,27,,,,,,,,
PAIR,,VCP-R1-031,VCP-R1-075,True,False,20,20.0,20.0,20.0,0.0,0.0,20.0,20.0,0.0,0.0,,27,,,,,,,,
PAIR,,VCP-R1-031,VCP-R1-076,True,False,20,20.0,20.0,20.0,1.0,0.02564102564102564,20.0,20.0,1.0,0.02564102564102564,,27,,,,,,,,
PAIR,,VCP-R1-031,VCP-R1-077,True,False,20,20.0,20.0,19.0,1.0,0.02631578947368421,20.0,20.0,0.0,0.0,,27,,,,,,,,
PAIR,,VCP-R1-031,VCP-R1-078,True,False,20,20.0,20.0,20.0,1.0,0.02564102564102564,20.0,20.0,0.0,0.0,,27,,,,,,,,
PAIR,,VCP-R1-031,VCP-R1-079,True,False,20,20.0,20.0,20.0,2.0,0.05263157894736842,20.0,20.0,1.0,0.02564102564102564,,27,,,,,,,,
PAIR,,VCP-R1-031,VCP-R1-080,True,False,20,20.0,20.0,20.0,0.0,0.0,20.0,20.0,0.0,0.0,,27,,,,,,,,
PAIR,,VCP-R1-031,VCP-R1-081,True,False,20,20.0,20.0,20.0,1.0,0.02564102564102564,20.0,20.0,0.0,0.0,,27,,,,,,,,
PAIR,,VCP-R1-031,VCP-R1-082,True,False,20,20.0,20.0,20.0,3.0,0.08108108108108109,20.0,20.0,0.0,0.0,,27,,,,,,,,
PAIR,,VCP-R1-031,VCP-R1-083,True,False,20,20.0,20.0,20.0,0.0,0.0,20.0,20.0,0.0,0.0,,27,,,,,,,,
PAIR,,VCP-R1-031,VCP-R1-084,True,False,20,18.0,20.0,18.0,0.0,0.0,20.0,18.0,0.0,0.0,,27,,,,,,,,
PAIR,,VCP-R1-031,VCP-R1-085,True,False,20,20.0,20.0,19.0,2.0,0.05405405405405406,20.0,20.0,0.0,0.0,,27,,,,,,,,
PAIR,,VCP-R1-031,VCP-R1-086,True,False,20,20.0,20.0,20.0,1.0,0.02564102564102564,20.0,20.0,0.0,0.0,,27,,,,,,,,
PAIR,,VCP-R1-031,VCP-R1-087,True,False,20,20.0,20.0,19.0,1.0,0.02631578947368421,20.0,20.0,0.0,0.0,,27,,,,,,,,
PAIR,,VCP-R1-031,VCP-R1-088,True,False,20,20.0,20.0,19.0,3.0,0.08333333333333333,20.0,20.0,0.0,0.0,,27,,,,,,,,
PAIR,,VCP-R1-031,VCP-R1-089,True,False,20,20.0,20.0,19.0,2.0,0.05405405405405406,20.0,20.0,0.0,0.0,,27,,,,,,,,
PAIR,,VCP-R1-031,VCP-R1-090,True,False,20,20.0,20.0,20.0,2.0,0.05263157894736842,20.0,20.0,0.0,0.0,,27,,,,,,,,
PAIR,,VCP-R1-031,VCP-R1-091,True,False,20,20.0,20.0,19.0,1.0,0.02631578947368421,20.0,20.0,0.0,0.0,,27,,,,,,,,
PAIR,,VCP-R1-031,VCP-R1-092,True,False,20,20.0,20.0,19.0,0.0,0.0,20.0,20.0,0.0,0.0,,27,,,,,,,,
PAIR,,VCP-R1-031,VCP-R1-093,True,False,20,20.0,20.0,19.0,0.0,0.0,20.0,20.0,0.0,0.0,,27,,,,,,,,
PAIR,,VCP-R1-031,VCP-R1-094,True,False,20,20.0,20.0,19.0,3.0,0.08333333333333333,20.0,20.0,1.0,0.02564102564102564,,27,,,,,,,,
PAIR,,VCP-R1-031,VCP-R1-095,True,False,20,20.0,20.0,20.0,2.0,0.05263157894736842,20.0,20.0,1.0,0.02564102564102564,,27,,,,,,,,
PAIR,,VCP-R1-031,VCP-R1-096,True,False,20,20.0,20.0,20.0,1.0,0.02564102564102564,20.0,20.0,0.0,0.0,,27,,,,,,,,
PAIR,,VCP-R1-031,VCP-R1-097,True,False,20,20.0,20.0,20.0,3.0,0.08108108108108109,20.0,20.0,1.0,0.02564102564102564,,27,,,,,,,,
PAIR,,VCP-R1-031,VCP-R1-098,True,False,20,20.0,20.0,20.0,2.0,0.05263157894736842,20.0,20.0,1.0,0.02564102564102564,,27,,,,,,,,
PAIR,,VCP-R1-031,VCP-R1-099,True,False,20,20.0,20.0,20.0,1.0,0.02564102564102564,20.0,20.0,0.0,0.0,,27,,,,,,,,
PAIR,,VCP-R1-031,VCP-R1-100,True,False,20,20.0,20.0,19.0,1.0,0.02631578947368421,20.0,20.0,0.0,0.0,,27,,,,,,,,
PAIR,,VCP-R1-031,VCP-R1-101,True,False,20,20.0,20.0,19.0,0.0,0.0,20.0,20.0,0.0,0.0,,27,,,,,,,,
PAIR,,VCP-R1-031,VCP-R1-102,True,False,20,20.0,20.0,19.0,0.0,0.0,20.0,20.0,0.0,0.0,,27,,,,,,,,
PAIR,,VCP-R1-031,VCP-R1-103,True,False,20,20.0,20.0,19.0,2.0,0.05405405405405406,20.0,20.0,1.0,0.02564102564102564,,27,,,,,,,,
PAIR,,VCP-R1-031,VCP-R1-104,True,False,20,20.0,20.0,20.0,2.0,0.05263157894736842,20.0,20.0,1.0,0.02564102564102564,,27,,,,,,,,
PAIR,,VCP-R1-031,VCP-R1-105,True,False,20,20.0,20.0,20.0,1.0,0.02564102564102564,20.0,20.0,0.0,0.0,,27,,,,,,,,
PAIR,,VCP-R1-031,VCP-R1-106,True,False,20,20.0,20.0,19.0,3.0,0.08333333333333333,20.0,20.0,1.0,0.02564102564102564,,27,,,,,,,,
PAIR,,VCP-R1-031,VCP-R1-107,True,False,20,20.0,20.0,20.0,2.0,0.05263157894736842,20.0,20.0,1.0,0.02564102564102564,,27,,,,,,,,
PAIR,,VCP-R1-031,VCP-R1-108,True,False,20,20.0,20.0,20.0,1.0,0.02564102564102564,20.0,20.0,0.0,0.0,,27,,,,,,,,
PAIR,,VCP-R1-032,VCP-R1-033,True,True,20,20.0,20.0,19.0,14.0,0.56,20.0,20.0,14.0,0.5384615384615384,,27,,,,,,,,
PAIR,,VCP-R1-032,VCP-R1-034,True,False,20,20.0,20.0,19.0,10.0,0.3448275862068966,20.0,20.0,10.0,0.3333333333333333,,27,,,,,,,,
PAIR,,VCP-R1-032,VCP-R1-035,True,False,20,20.0,20.0,20.0,16.0,0.6666666666666666,20.0,20.0,16.0,0.6666666666666666,,27,,,,,,,,
PAIR,,VCP-R1-032,VCP-R1-036,True,True,20,20.0,20.0,20.0,14.0,0.5384615384615384,20.0,20.0,14.0,0.5384615384615384,,27,,,,,,,,
PAIR,,VCP-R1-032,VCP-R1-037,True,False,20,20.0,20.0,19.0,6.0,0.18181818181818182,20.0,20.0,6.0,0.17647058823529413,,27,,,,,,,,
PAIR,,VCP-R1-032,VCP-R1-038,True,False,20,20.0,20.0,20.0,6.0,0.17647058823529413,20.0,20.0,6.0,0.17647058823529413,,27,,,,,,,,
PAIR,,VCP-R1-032,VCP-R1-039,True,False,20,20.0,20.0,20.0,3.0,0.08108108108108109,20.0,20.0,3.0,0.08108108108108109,,27,,,,,,,,
PAIR,,VCP-R1-032,VCP-R1-040,True,True,20,20.0,20.0,19.0,6.0,0.18181818181818182,20.0,20.0,6.0,0.17647058823529413,,27,,,,,,,,
PAIR,,VCP-R1-032,VCP-R1-041,True,False,20,20.0,20.0,20.0,16.0,0.6666666666666666,20.0,20.0,16.0,0.6666666666666666,,27,,,,,,,,
PAIR,,VCP-R1-032,VCP-R1-042,True,True,20,20.0,20.0,20.0,14.0,0.5384615384615384,20.0,20.0,14.0,0.5384615384615384,,27,,,,,,,,
PAIR,,VCP-R1-032,VCP-R1-043,True,True,20,20.0,20.0,19.0,4.0,0.11428571428571428,20.0,20.0,4.0,0.1111111111111111,,27,,,,,,,,
PAIR,,VCP-R1-032,VCP-R1-044,True,False,20,20.0,20.0,20.0,10.0,0.3333333333333333,20.0,20.0,10.0,0.3333333333333333,,27,,,,,,,,
PAIR,,VCP-R1-032,VCP-R1-045,True,True,20,20.0,20.0,20.0,12.0,0.42857142857142855,20.0,20.0,12.0,0.42857142857142855,,27,,,,,,,,
PAIR,,VCP-R1-032,VCP-R1-046,True,False,20,20.0,20.0,19.0,6.0,0.18181818181818182,20.0,20.0,6.0,0.17647058823529413,,27,,,,,,,,
PAIR,,VCP-R1-032,VCP-R1-047,True,False,20,20.0,20.0,20.0,6.0,0.17647058823529413,20.0,20.0,6.0,0.17647058823529413,,27,,,,,,,,
PAIR,,VCP-R1-032,VCP-R1-048,True,False,20,20.0,20.0,20.0,3.0,0.08108108108108109,20.0,20.0,3.0,0.08108108108108109,,27,,,,,,,,
PAIR,,VCP-R1-032,VCP-R1-049,True,True,20,20.0,20.0,20.0,4.0,0.1111111111111111,20.0,20.0,4.0,0.1111111111111111,,27,,,,,,,,
PAIR,,VCP-R1-032,VCP-R1-050,True,False,20,20.0,20.0,20.0,15.0,0.6,20.0,20.0,15.0,0.6,,27,,,,,,,,
PAIR,,VCP-R1-032,VCP-R1-051,True,True,20,20.0,20.0,20.0,14.0,0.5384615384615384,20.0,20.0,14.0,0.5384615384615384,,27,,,,,,,,
PAIR,,VCP-R1-032,VCP-R1-052,True,True,20,20.0,20.0,19.0,3.0,0.08333333333333333,20.0,20.0,3.0,0.08108108108108109,,27,,,,,,,,
PAIR,,VCP-R1-032,VCP-R1-053,True,False,20,20.0,20.0,20.0,10.0,0.3333333333333333,20.0,20.0,10.0,0.3333333333333333,,27,,,,,,,,
PAIR,,VCP-R1-032,VCP-R1-054,True,True,20,20.0,20.0,20.0,10.0,0.3333333333333333,20.0,20.0,10.0,0.3333333333333333,,27,,,,,,,,
PAIR,,VCP-R1-032,VCP-R1-055,True,False,20,20.0,20.0,18.0,0.0,0.0,20.0,20.0,0.0,0.0,,27,,,,,,,,
PAIR,,VCP-R1-032,VCP-R1-056,True,False,20,20.0,20.0,20.0,0.0,0.0,20.0,20.0,0.0,0.0,,27,,,,,,,,
PAIR,,VCP-R1-032,VCP-R1-057,True,False,20,19.0,20.0,18.0,0.0,0.0,20.0,19.0,0.0,0.0,,27,,,,,,,,
PAIR,,VCP-R1-032,VCP-R1-058,True,False,20,20.0,20.0,19.0,0.0,0.0,20.0,20.0,0.0,0.0,,27,,,,,,,,
PAIR,,VCP-R1-032,VCP-R1-059,True,False,20,20.0,20.0,19.0,0.0,0.0,20.0,20.0,0.0,0.0,,27,,,,,,,,
PAIR,,VCP-R1-032,VCP-R1-060,True,False,20,20.0,20.0,20.0,0.0,0.0,20.0,20.0,0.0,0.0,,27,,,,,,,,
PAIR,,VCP-R1-032,VCP-R1-061,True,False,20,20.0,20.0,20.0,1.0,0.02564102564102564,20.0,20.0,0.0,0.0,,27,,,,,,,,
PAIR,,VCP-R1-032,VCP-R1-062,True,False,20,20.0,20.0,20.0,0.0,0.0,20.0,20.0,0.0,0.0,,27,,,,,,,,
PAIR,,VCP-R1-032,VCP-R1-063,True,False,20,20.0,20.0,20.0,0.0,0.0,20.0,20.0,0.0,0.0,,27,,,,,,,,
PAIR,,VCP-R1-032,VCP-R1-064,True,False,20,20.0,20.0,19.0,0.0,0.0,20.0,20.0,0.0,0.0,,27,,,,,,,,
PAIR,,VCP-R1-032,VCP-R1-065,True,False,20,20.0,20.0,20.0,0.0,0.0,20.0,20.0,0.0,0.0,,27,,,,,,,,
PAIR,,VCP-R1-032,VCP-R1-066,True,False,20,20.0,20.0,20.0,0.0,0.0,20.0,20.0,0.0,0.0,,27,,,,,,,,
PAIR,,VCP-R1-032,VCP-R1-067,True,False,20,20.0,20.0,20.0,0.0,0.0,20.0,20.0,0.0,0.0,,27,,,,,,,,
PAIR,,VCP-R1-032,VCP-R1-068,True,False,20,20.0,20.0,19.0,0.0,0.0,20.0,20.0,0.0,0.0,,27,,,,,,,,
PAIR,,VCP-R1-032,VCP-R1-069,True,False,20,20.0,20.0,20.0,0.0,0.0,20.0,20.0,0.0,0.0,,27,,,,,,,,
PAIR,,VCP-R1-032,VCP-R1-070,True,False,20,20.0,20.0,20.0,1.0,0.02564102564102564,20.0,20.0,0.0,0.0,,27,,,,,,,,
PAIR,,VCP-R1-032,VCP-R1-071,True,False,20,20.0,20.0,20.0,0.0,0.0,20.0,20.0,0.0,0.0,,27,,,,,,,,
PAIR,,VCP-R1-032,VCP-R1-072,True,False,20,20.0,20.0,20.0,0.0,0.0,20.0,20.0,0.0,0.0,,27,,,,,,,,
PAIR,,VCP-R1-032,VCP-R1-073,True,False,20,20.0,20.0,20.0,0.0,0.0,20.0,20.0,0.0,0.0,,27,,,,,,,,
PAIR,,VCP-R1-032,VCP-R1-074,True,False,20,20.0,20.0,20.0,0.0,0.0,20.0,20.0,0.0,0.0,,27,,,,,,,,
PAIR,,VCP-R1-032,VCP-R1-075,True,False,20,20.0,20.0,20.0,0.0,0.0,20.0,20.0,0.0,0.0,,27,,,,,,,,
PAIR,,VCP-R1-032,VCP-R1-076,True,False,20,20.0,20.0,20.0,0.0,0.0,20.0,20.0,0.0,0.0,,27,,,,,,,,
PAIR,,VCP-R1-032,VCP-R1-077,True,False,20,20.0,20.0,19.0,0.0,0.0,20.0,20.0,0.0,0.0,,27,,,,,,,,
PAIR,,VCP-R1-032,VCP-R1-078,True,False,20,20.0,20.0,20.0,0.0,0.0,20.0,20.0,0.0,0.0,,27,,,,,,,,
PAIR,,VCP-R1-032,VCP-R1-079,True,False,20,20.0,20.0,20.0,1.0,0.02564102564102564,20.0,20.0,0.0,0.0,,27,,,,,,,,
PAIR,,VCP-R1-032,VCP-R1-080,True,False,20,20.0,20.0,20.0,0.0,0.0,20.0,20.0,0.0,0.0,,27,,,,,,,,
PAIR,,VCP-R1-032,VCP-R1-081,True,False,20,20.0,20.0,20.0,1.0,0.02564102564102564,20.0,20.0,0.0,0.0,,27,,,,,,,,
PAIR,,VCP-R1-032,VCP-R1-082,True,False,20,20.0,20.0,20.0,2.0,0.05263157894736842,20.0,20.0,0.0,0.0,,27,,,,,,,,
PAIR,,VCP-R1-032,VCP-R1-083,True,False,20,20.0,20.0,20.0,0.0,0.0,20.0,20.0,0.0,0.0,,27,,,,,,,,
PAIR,,VCP-R1-032,VCP-R1-084,True,False,20,18.0,20.0,18.0,0.0,0.0,20.0,18.0,0.0,0.0,,27,,,,,,,,
PAIR,,VCP-R1-032,VCP-R1-085,True,False,20,20.0,20.0,19.0,1.0,0.02631578947368421,20.0,20.0,0.0,0.0,,27,,,,,,,,
PAIR,,VCP-R1-032,VCP-R1-086,True,False,20,20.0,20.0,20.0,0.0,0.0,20.0,20.0,0.0,0.0,,27,,,,,,,,
PAIR,,VCP-R1-032,VCP-R1-087,True,False,20,20.0,20.0,19.0,0.0,0.0,20.0,20.0,0.0,0.0,,27,,,,,,,,
PAIR,,VCP-R1-032,VCP-R1-088,True,False,20,20.0,20.0,19.0,3.0,0.08333333333333333,20.0,20.0,0.0,0.0,,27,,,,,,,,
PAIR,,VCP-R1-032,VCP-R1-089,True,False,20,20.0,20.0,19.0,1.0,0.02631578947368421,20.0,20.0,0.0,0.0,,27,,,,,,,,
PAIR,,VCP-R1-032,VCP-R1-090,True,False,20,20.0,20.0,20.0,1.0,0.02564102564102564,20.0,20.0,0.0,0.0,,27,,,,,,,,
PAIR,,VCP-R1-032,VCP-R1-091,True,False,20,20.0,20.0,19.0,3.0,0.08333333333333333,20.0,20.0,2.0,0.05263157894736842,,27,,,,,,,,
PAIR,,VCP-R1-032,VCP-R1-092,True,False,20,20.0,20.0,19.0,2.0,0.05405405405405406,20.0,20.0,2.0,0.05263157894736842,,27,,,,,,,,
PAIR,,VCP-R1-032,VCP-R1-093,True,False,20,20.0,20.0,19.0,2.0,0.05405405405405406,20.0,20.0,2.0,0.05263157894736842,,27,,,,,,,,
PAIR,,VCP-R1-032,VCP-R1-094,True,False,20,20.0,20.0,19.0,3.0,0.08333333333333333,20.0,20.0,2.0,0.05263157894736842,,27,,,,,,,,
PAIR,,VCP-R1-032,VCP-R1-095,True,False,20,20.0,20.0,20.0,3.0,0.08108108108108109,20.0,20.0,3.0,0.08108108108108109,,27,,,,,,,,
PAIR,,VCP-R1-032,VCP-R1-096,True,False,20,20.0,20.0,20.0,2.0,0.05263157894736842,20.0,20.0,2.0,0.05263157894736842,,27,,,,,,,,
PAIR,,VCP-R1-032,VCP-R1-097,True,False,20,20.0,20.0,20.0,3.0,0.08108108108108109,20.0,20.0,1.0,0.02564102564102564,,27,,,,,,,,
PAIR,,VCP-R1-032,VCP-R1-098,True,False,20,20.0,20.0,20.0,2.0,0.05263157894736842,20.0,20.0,1.0,0.02564102564102564,,27,,,,,,,,
PAIR,,VCP-R1-032,VCP-R1-099,True,False,20,20.0,20.0,20.0,3.0,0.08108108108108109,20.0,20.0,2.0,0.05263157894736842,,27,,,,,,,,
PAIR,,VCP-R1-032,VCP-R1-100,True,False,20,20.0,20.0,19.0,3.0,0.08333333333333333,20.0,20.0,2.0,0.05263157894736842,,27,,,,,,,,
PAIR,,VCP-R1-032,VCP-R1-101,True,False,20,20.0,20.0,19.0,2.0,0.05405405405405406,20.0,20.0,2.0,0.05263157894736842,,27,,,,,,,,
PAIR,,VCP-R1-032,VCP-R1-102,True,False,20,20.0,20.0,19.0,2.0,0.05405405405405406,20.0,20.0,2.0,0.05263157894736842,,27,,,,,,,,
PAIR,,VCP-R1-032,VCP-R1-103,True,False,20,20.0,20.0,19.0,1.0,0.02631578947368421,20.0,20.0,1.0,0.02564102564102564,,27,,,,,,,,
PAIR,,VCP-R1-032,VCP-R1-104,True,False,20,20.0,20.0,20.0,3.0,0.08108108108108109,20.0,20.0,3.0,0.08108108108108109,,27,,,,,,,,
PAIR,,VCP-R1-032,VCP-R1-105,True,False,20,20.0,20.0,20.0,2.0,0.05263157894736842,20.0,20.0,2.0,0.05263157894736842,,27,,,,,,,,
PAIR,,VCP-R1-032,VCP-R1-106,True,False,20,20.0,20.0,19.0,3.0,0.08333333333333333,20.0,20.0,1.0,0.02564102564102564,,27,,,,,,,,
PAIR,,VCP-R1-032,VCP-R1-107,True,False,20,20.0,20.0,20.0,2.0,0.05263157894736842,20.0,20.0,1.0,0.02564102564102564,,27,,,,,,,,
PAIR,,VCP-R1-032,VCP-R1-108,True,False,20,20.0,20.0,20.0,2.0,0.05263157894736842,20.0,20.0,1.0,0.02564102564102564,,27,,,,,,,,
PAIR,,VCP-R1-033,VCP-R1-034,True,False,20,20.0,19.0,19.0,7.0,0.22580645161290322,20.0,20.0,7.0,0.21212121212121213,,27,,,,,,,,
PAIR,,VCP-R1-033,VCP-R1-035,True,False,20,20.0,19.0,20.0,11.0,0.39285714285714285,20.0,20.0,11.0,0.3793103448275862,,27,,,,,,,,
PAIR,,VCP-R1-033,VCP-R1-036,True,True,20,20.0,19.0,20.0,15.0,0.625,20.0,20.0,15.0,0.6,參數組合的主要贏家重疊，需檢查高原是否依賴共同個股／行情,27,,,,,,,,
PAIR,,VCP-R1-033,VCP-R1-037,True,False,20,20.0,19.0,19.0,3.0,0.08571428571428572,20.0,20.0,3.0,0.08108108108108109,,27,,,,,,,,
PAIR,,VCP-R1-033,VCP-R1-038,True,False,20,20.0,19.0,20.0,4.0,0.11428571428571428,20.0,20.0,4.0,0.1111111111111111,,27,,,,,,,,
PAIR,,VCP-R1-033,VCP-R1-039,True,False,20,20.0,19.0,20.0,4.0,0.11428571428571428,20.0,20.0,4.0,0.1111111111111111,,27,,,,,,,,
PAIR,,VCP-R1-033,VCP-R1-040,True,True,20,20.0,19.0,19.0,4.0,0.11764705882352941,20.0,20.0,4.0,0.1111111111111111,,27,,,,,,,,
PAIR,,VCP-R1-033,VCP-R1-041,True,False,20,20.0,19.0,20.0,11.0,0.39285714285714285,20.0,20.0,11.0,0.3793103448275862,,27,,,,,,,,
PAIR,,VCP-R1-033,VCP-R1-042,True,True,20,20.0,19.0,20.0,15.0,0.625,20.0,20.0,15.0,0.6,參數組合的主要贏家重疊，需檢查高原是否依賴共同個股／行情,27,,,,,,,,
PAIR,,VCP-R1-033,VCP-R1-043,True,True,20,20.0,19.0,19.0,2.0,0.05555555555555555,20.0,20.0,2.0,0.05263157894736842,,27,,,,,,,,
PAIR,,VCP-R1-033,VCP-R1-044,True,False,20,20.0,19.0,20.0,7.0,0.21875,20.0,20.0,7.0,0.21212121212121213,,27,,,,,,,,
PAIR,,VCP-R1-033,VCP-R1-045,True,True,20,20.0,19.0,20.0,12.0,0.4444444444444444,20.0,20.0,12.0,0.42857142857142855,,27,,,,,,,,
PAIR,,VCP-R1-033,VCP-R1-046,True,False,20,20.0,19.0,19.0,3.0,0.08571428571428572,20.0,20.0,3.0,0.08108108108108109,,27,,,,,,,,
PAIR,,VCP-R1-033,VCP-R1-047,True,False,20,20.0,19.0,20.0,4.0,0.11428571428571428,20.0,20.0,4.0,0.1111111111111111,,27,,,,,,,,
PAIR,,VCP-R1-033,VCP-R1-048,True,False,20,20.0,19.0,20.0,4.0,0.11428571428571428,20.0,20.0,4.0,0.1111111111111111,,27,,,,,,,,
PAIR,,VCP-R1-033,VCP-R1-049,True,True,20,20.0,19.0,20.0,2.0,0.05405405405405406,20.0,20.0,2.0,0.05263157894736842,,27,,,,,,,,
PAIR,,VCP-R1-033,VCP-R1-050,True,False,20,20.0,19.0,20.0,10.0,0.3448275862068966,20.0,20.0,10.0,0.3333333333333333,,27,,,,,,,,
PAIR,,VCP-R1-033,VCP-R1-051,True,True,20,20.0,19.0,20.0,15.0,0.625,20.0,20.0,15.0,0.6,參數組合的主要贏家重疊，需檢查高原是否依賴共同個股／行情,27,,,,,,,,
PAIR,,VCP-R1-033,VCP-R1-052,True,True,20,20.0,19.0,19.0,2.0,0.05555555555555555,20.0,20.0,2.0,0.05263157894736842,,27,,,,,,,,
PAIR,,VCP-R1-033,VCP-R1-053,True,False,20,20.0,19.0,20.0,7.0,0.21875,20.0,20.0,7.0,0.21212121212121213,,27,,,,,,,,
PAIR,,VCP-R1-033,VCP-R1-054,True,True,20,20.0,19.0,20.0,10.0,0.3448275862068966,20.0,20.0,10.0,0.3333333333333333,,27,,,,,,,,
PAIR,,VCP-R1-033,VCP-R1-055,True,False,20,20.0,19.0,18.0,0.0,0.0,20.0,20.0,0.0,0.0,,27,,,,,,,,
PAIR,,VCP-R1-033,VCP-R1-056,True,False,20,20.0,19.0,20.0,0.0,0.0,20.0,20.0,0.0,0.0,,27,,,,,,,,
PAIR,,VCP-R1-033,VCP-R1-057,True,False,20,19.0,19.0,18.0,0.0,0.0,20.0,19.0,0.0,0.0,,27,,,,,,,,
PAIR,,VCP-R1-033,VCP-R1-058,True,False,20,20.0,19.0,19.0,0.0,0.0,20.0,20.0,0.0,0.0,,27,,,,,,,,
PAIR,,VCP-R1-033,VCP-R1-059,True,False,20,20.0,19.0,19.0,0.0,0.0,20.0,20.0,0.0,0.0,,27,,,,,,,,
PAIR,,VCP-R1-033,VCP-R1-060,True,False,20,20.0,19.0,20.0,0.0,0.0,20.0,20.0,0.0,0.0,,27,,,,,,,,
PAIR,,VCP-R1-033,VCP-R1-061,True,False,20,20.0,19.0,20.0,1.0,0.02631578947368421,20.0,20.0,0.0,0.0,,27,,,,,,,,
PAIR,,VCP-R1-033,VCP-R1-062,True,False,20,20.0,19.0,20.0,0.0,0.0,20.0,20.0,0.0,0.0,,27,,,,,,,,
PAIR,,VCP-R1-033,VCP-R1-063,True,False,20,20.0,19.0,20.0,0.0,0.0,20.0,20.0,0.0,0.0,,27,,,,,,,,
PAIR,,VCP-R1-033,VCP-R1-064,True,False,20,20.0,19.0,19.0,0.0,0.0,20.0,20.0,0.0,0.0,,27,,,,,,,,
PAIR,,VCP-R1-033,VCP-R1-065,True,False,20,20.0,19.0,20.0,0.0,0.0,20.0,20.0,0.0,0.0,,27,,,,,,,,
PAIR,,VCP-R1-033,VCP-R1-066,True,False,20,20.0,19.0,20.0,0.0,0.0,20.0,20.0,0.0,0.0,,27,,,,,,,,
PAIR,,VCP-R1-033,VCP-R1-067,True,False,20,20.0,19.0,20.0,0.0,0.0,20.0,20.0,0.0,0.0,,27,,,,,,,,
PAIR,,VCP-R1-033,VCP-R1-068,True,False,20,20.0,19.0,19.0,0.0,0.0,20.0,20.0,0.0,0.0,,27,,,,,,,,
PAIR,,VCP-R1-033,VCP-R1-069,True,False,20,20.0,19.0,20.0,0.0,0.0,20.0,20.0,0.0,0.0,,27,,,,,,,,
PAIR,,VCP-R1-033,VCP-R1-070,True,False,20,20.0,19.0,20.0,1.0,0.02631578947368421,20.0,20.0,0.0,0.0,,27,,,,,,,,
PAIR,,VCP-R1-033,VCP-R1-071,True,False,20,20.0,19.0,20.0,0.0,0.0,20.0,20.0,0.0,0.0,,27,,,,,,,,
PAIR,,VCP-R1-033,VCP-R1-072,True,False,20,20.0,19.0,20.0,0.0,0.0,20.0,20.0,0.0,0.0,,27,,,,,,,,
PAIR,,VCP-R1-033,VCP-R1-073,True,False,20,20.0,19.0,20.0,0.0,0.0,20.0,20.0,0.0,0.0,,27,,,,,,,,
PAIR,,VCP-R1-033,VCP-R1-074,True,False,20,20.0,19.0,20.0,0.0,0.0,20.0,20.0,0.0,0.0,,27,,,,,,,,
PAIR,,VCP-R1-033,VCP-R1-075,True,False,20,20.0,19.0,20.0,0.0,0.0,20.0,20.0,0.0,0.0,,27,,,,,,,,
PAIR,,VCP-R1-033,VCP-R1-076,True,False,20,20.0,19.0,20.0,0.0,0.0,20.0,20.0,0.0,0.0,,27,,,,,,,,
PAIR,,VCP-R1-033,VCP-R1-077,True,False,20,20.0,19.0,19.0,0.0,0.0,20.0,20.0,0.0,0.0,,27,,,,,,,,
PAIR,,VCP-R1-033,VCP-R1-078,True,False,20,20.0,19.0,20.0,0.0,0.0,20.0,20.0,0.0,0.0,,27,,,,,,,,
PAIR,,VCP-R1-033,VCP-R1-079,True,False,20,20.0,19.0,20.0,1.0,0.02631578947368421,20.0,20.0,0.0,0.0,,27,,,,,,,,
PAIR,,VCP-R1-033,VCP-R1-080,True,False,20,20.0,19.0,20.0,0.0,0.0,20.0,20.0,0.0,0.0,,27,,,,,,,,
PAIR,,VCP-R1-033,VCP-R1-081,True,False,20,20.0,19.0,20.0,1.0,0.02631578947368421,20.0,20.0,0.0,0.0,,27,,,,,,,,
PAIR,,VCP-R1-033,VCP-R1-082,True,False,20,20.0,19.0,20.0,1.0,0.02631578947368421,20.0,20.0,0.0,0.0,,27,,,,,,,,
PAIR,,VCP-R1-033,VCP-R1-083,True,False,20,20.0,19.0,20.0,0.0,0.0,20.0,20.0,0.0,0.0,,27,,,,,,,,
PAIR,,VCP-R1-033,VCP-R1-084,True,False,20,18.0,19.0,18.0,0.0,0.0,20.0,18.0,0.0,0.0,,27,,,,,,,,
PAIR,,VCP-R1-033,VCP-R1-085,True,False,20,20.0,19.0,19.0,0.0,0.0,20.0,20.0,0.0,0.0,,27,,,,,,,,
PAIR,,VCP-R1-033,VCP-R1-086,True,False,20,20.0,19.0,20.0,0.0,0.0,20.0,20.0,0.0,0.0,,27,,,,,,,,
PAIR,,VCP-R1-033,VCP-R1-087,True,False,20,20.0,19.0,19.0,0.0,0.0,20.0,20.0,0.0,0.0,,27,,,,,,,,
PAIR,,VCP-R1-033,VCP-R1-088,True,False,20,20.0,19.0,19.0,1.0,0.02702702702702703,20.0,20.0,0.0,0.0,,27,,,,,,,,
PAIR,,VCP-R1-033,VCP-R1-089,True,False,20,20.0,19.0,19.0,1.0,0.02702702702702703,20.0,20.0,0.0,0.0,,27,,,,,,,,
PAIR,,VCP-R1-033,VCP-R1-090,True,False,20,20.0,19.0,20.0,1.0,0.02631578947368421,20.0,20.0,0.0,0.0,,27,,,,,,,,
PAIR,,VCP-R1-033,VCP-R1-091,True,False,20,20.0,19.0,19.0,2.0,0.05555555555555555,20.0,20.0,2.0,0.05263157894736842,,27,,,,,,,,
PAIR,,VCP-R1-033,VCP-R1-092,True,False,20,20.0,19.0,19.0,2.0,0.05555555555555555,20.0,20.0,2.0,0.05263157894736842,,27,,,,,,,,
PAIR,,VCP-R1-033,VCP-R1-093,True,False,20,20.0,19.0,19.0,2.0,0.05555555555555555,20.0,20.0,2.0,0.05263157894736842,,27,,,,,,,,
PAIR,,VCP-R1-033,VCP-R1-094,True,False,20,20.0,19.0,19.0,1.0,0.02702702702702703,20.0,20.0,1.0,0.02564102564102564,,27,,,,,,,,
PAIR,,VCP-R1-033,VCP-R1-095,True,False,20,20.0,19.0,20.0,2.0,0.05405405405405406,20.0,20.0,2.0,0.05263157894736842,,27,,,,,,,,
PAIR,,VCP-R1-033,VCP-R1-096,True,False,20,20.0,19.0,20.0,2.0,0.05405405405405406,20.0,20.0,2.0,0.05263157894736842,,27,,,,,,,,
PAIR,,VCP-R1-033,VCP-R1-097,True,False,20,20.0,19.0,20.0,1.0,0.02631578947368421,20.0,20.0,0.0,0.0,,27,,,,,,,,
PAIR,,VCP-R1-033,VCP-R1-098,True,False,20,20.0,19.0,20.0,1.0,0.02631578947368421,20.0,20.0,0.0,0.0,,27,,,,,,,,
PAIR,,VCP-R1-033,VCP-R1-099,True,False,20,20.0,19.0,20.0,3.0,0.08333333333333333,20.0,20.0,2.0,0.05263157894736842,,27,,,,,,,,
PAIR,,VCP-R1-033,VCP-R1-100,True,False,20,20.0,19.0,19.0,2.0,0.05555555555555555,20.0,20.0,2.0,0.05263157894736842,,27,,,,,,,,
PAIR,,VCP-R1-033,VCP-R1-101,True,False,20,20.0,19.0,19.0,2.0,0.05555555555555555,20.0,20.0,2.0,0.05263157894736842,,27,,,,,,,,
PAIR,,VCP-R1-033,VCP-R1-102,True,False,20,20.0,19.0,19.0,2.0,0.05555555555555555,20.0,20.0,2.0,0.05263157894736842,,27,,,,,,,,
PAIR,,VCP-R1-033,VCP-R1-103,True,False,20,20.0,19.0,19.0,0.0,0.0,20.0,20.0,0.0,0.0,,27,,,,,,,,
PAIR,,VCP-R1-033,VCP-R1-104,True,False,20,20.0,19.0,20.0,2.0,0.05405405405405406,20.0,20.0,2.0,0.05263157894736842,,27,,,,,,,,
PAIR,,VCP-R1-033,VCP-R1-105,True,False,20,20.0,19.0,20.0,2.0,0.05405405405405406,20.0,20.0,2.0,0.05263157894736842,,27,,,,,,,,
PAIR,,VCP-R1-033,VCP-R1-106,True,False,20,20.0,19.0,19.0,1.0,0.02702702702702703,20.0,20.0,0.0,0.0,,27,,,,,,,,
PAIR,,VCP-R1-033,VCP-R1-107,True,False,20,20.0,19.0,20.0,1.0,0.02631578947368421,20.0,20.0,0.0,0.0,,27,,,,,,,,
PAIR,,VCP-R1-033,VCP-R1-108,True,False,20,20.0,19.0,20.0,2.0,0.05405405405405406,20.0,20.0,1.0,0.02564102564102564,,27,,,,,,,,
PAIR,,VCP-R1-034,VCP-R1-035,False,False,20,20.0,19.0,20.0,14.0,0.56,20.0,20.0,14.0,0.5384615384615384,,27,,,,,,,,
PAIR,,VCP-R1-034,VCP-R1-036,False,True,20,20.0,19.0,20.0,9.0,0.3,20.0,20.0,9.0,0.2903225806451613,,27,,,,,,,,
PAIR,,VCP-R1-034,VCP-R1-037,False,False,20,20.0,19.0,19.0,6.0,0.1875,20.0,20.0,5.0,0.14285714285714285,,27,,,,,,,,
PAIR,,VCP-R1-034,VCP-R1-038,False,False,20,20.0,19.0,20.0,3.0,0.08333333333333333,20.0,20.0,3.0,0.08108108108108109,,27,,,,,,,,
PAIR,,VCP-R1-034,VCP-R1-039,False,False,20,20.0,19.0,20.0,2.0,0.05405405405405406,20.0,20.0,2.0,0.05263157894736842,,27,,,,,,,,
PAIR,,VCP-R1-034,VCP-R1-040,False,True,20,20.0,19.0,19.0,11.0,0.4074074074074074,20.0,20.0,11.0,0.3793103448275862,,27,,,,,,,,
PAIR,,VCP-R1-034,VCP-R1-041,False,False,20,20.0,19.0,20.0,10.0,0.3448275862068966,20.0,20.0,10.0,0.3333333333333333,,27,,,,,,,,
PAIR,,VCP-R1-034,VCP-R1-042,False,True,20,20.0,19.0,20.0,7.0,0.21875,20.0,20.0,7.0,0.21212121212121213,,27,,,,,,,,
PAIR,,VCP-R1-034,VCP-R1-043,False,True,20,20.0,19.0,19.0,10.0,0.35714285714285715,20.0,20.0,11.0,0.3793103448275862,,27,,,,,,,,
PAIR,,VCP-R1-034,VCP-R1-044,False,False,20,20.0,19.0,20.0,14.0,0.56,20.0,20.0,14.0,0.5384615384615384,,27,,,,,,,,
PAIR,,VCP-R1-034,VCP-R1-045,False,True,20,20.0,19.0,20.0,9.0,0.3,20.0,20.0,9.0,0.2903225806451613,,27,,,,,,,,
PAIR,,VCP-R1-034,VCP-R1-046,False,False,20,20.0,19.0,19.0,6.0,0.1875,20.0,20.0,5.0,0.14285714285714285,,27,,,,,,,,
PAIR,,VCP-R1-034,VCP-R1-047,False,False,20,20.0,19.0,20.0,3.0,0.08333333333333333,20.0,20.0,3.0,0.08108108108108109,,27,,,,,,,,
PAIR,,VCP-R1-034,VCP-R1-048,False,False,20,20.0,19.0,20.0,2.0,0.05405405405405406,20.0,20.0,2.0,0.05263157894736842,,27,,,,,,,,
PAIR,,VCP-R1-034,VCP-R1-049,False,True,20,20.0,19.0,20.0,9.0,0.3,20.0,20.0,9.0,0.2903225806451613,,27,,,,,,,,
PAIR,,VCP-R1-034,VCP-R1-050,False,False,20,20.0,19.0,20.0,10.0,0.3448275862068966,20.0,20.0,10.0,0.3333333333333333,,27,,,,,,,,
PAIR,,VCP-R1-034,VCP-R1-051,False,True,20,20.0,19.0,20.0,7.0,0.21875,20.0,20.0,7.0,0.21212121212121213,,27,,,,,,,,
PAIR,,VCP-R1-034,VCP-R1-052,False,True,20,20.0,19.0,19.0,9.0,0.3103448275862069,20.0,20.0,10.0,0.3333333333333333,,27,,,,,,,,
PAIR,,VCP-R1-034,VCP-R1-053,False,False,20,20.0,19.0,20.0,13.0,0.5,20.0,20.0,13.0,0.48148148148148145,,27,,,,,,,,
PAIR,,VCP-R1-034,VCP-R1-054,False,True,20,20.0,19.0,20.0,9.0,0.3,20.0,20.0,9.0,0.2903225806451613,,27,,,,,,,,
PAIR,,VCP-R1-034,VCP-R1-055,False,False,20,20.0,19.0,18.0,1.0,0.027777777777777776,20.0,20.0,0.0,0.0,,27,,,,,,,,
PAIR,,VCP-R1-034,VCP-R1-056,False,False,20,20.0,19.0,20.0,1.0,0.02631578947368421,20.0,20.0,0.0,0.0,,27,,,,,,,,
PAIR,,VCP-R1-034,VCP-R1-057,False,False,20,19.0,19.0,18.0,1.0,0.027777777777777776,20.0,19.0,0.0,0.0,,27,,,,,,,,
PAIR,,VCP-R1-034,VCP-R1-058,False,False,20,20.0,19.0,19.0,0.0,0.0,20.0,20.0,0.0,0.0,,27,,,,,,,,
PAIR,,VCP-R1-034,VCP-R1-059,False,False,20,20.0,19.0,19.0,1.0,0.02702702702702703,20.0,20.0,0.0,0.0,,27,,,,,,,,
PAIR,,VCP-R1-034,VCP-R1-060,False,False,20,20.0,19.0,20.0,2.0,0.05405405405405406,20.0,20.0,0.0,0.0,,27,,,,,,,,
PAIR,,VCP-R1-034,VCP-R1-061,False,False,20,20.0,19.0,20.0,1.0,0.02631578947368421,20.0,20.0,0.0,0.0,,27,,,,,,,,
PAIR,,VCP-R1-034,VCP-R1-062,False,False,20,20.0,19.0,20.0,0.0,0.0,20.0,20.0,0.0,0.0,,27,,,,,,,,
PAIR,,VCP-R1-034,VCP-R1-063,False,False,20,20.0,19.0,20.0,1.0,0.02631578947368421,20.0,20.0,0.0,0.0,,27,,,,,,,,
PAIR,,VCP-R1-034,VCP-R1-064,False,False,20,20.0,19.0,19.0,2.0,0.05555555555555555,20.0,20.0,1.0,0.02564102564102564,,27,,,,,,,,
PAIR,,VCP-R1-034,VCP-R1-065,False,False,20,20.0,19.0,20.0,1.0,0.02631578947368421,20.0,20.0,0.0,0.0,,27,,,,,,,,
PAIR,,VCP-R1-034,VCP-R1-066,False,False,20,20.0,19.0,20.0,1.0,0.02631578947368421,20.0,20.0,0.0,0.0,,27,,,,,,,,
PAIR,,VCP-R1-034,VCP-R1-067,False,False,20,20.0,19.0,20.0,1.0,0.02631578947368421,20.0,20.0,1.0,0.02564102564102564,,27,,,,,,,,
PAIR,,VCP-R1-034,VCP-R1-068,False,False,20,20.0,19.0,19.0,1.0,0.02702702702702703,20.0,20.0,0.0,0.0,,27,,,,,,,,
PAIR,,VCP-R1-034,VCP-R1-069,False,False,20,20.0,19.0,20.0,1.0,0.02631578947368421,20.0,20.0,0.0,0.0,,27,,,,,,,,
PAIR,,VCP-R1-034,VCP-R1-070,False,False,20,20.0,19.0,20.0,3.0,0.08333333333333333,20.0,20.0,2.0,0.05263157894736842,,27,,,,,,,,
PAIR,,VCP-R1-034,VCP-R1-071,False,False,20,20.0,19.0,20.0,1.0,0.02631578947368421,20.0,20.0,1.0,0.02564102564102564,,27,,,,,,,,
PAIR,,VCP-R1-034,VCP-R1-072,False,False,20,20.0,19.0,20.0,0.0,0.0,20.0,20.0,0.0,0.0,,27,,,,,,,,
PAIR,,VCP-R1-034,VCP-R1-073,False,False,20,20.0,19.0,20.0,2.0,0.05405405405405406,20.0,20.0,1.0,0.02564102564102564,,27,,,,,,,,
PAIR,,VCP-R1-034,VCP-R1-074,False,False,20,20.0,19.0,20.0,1.0,0.02631578947368421,20.0,20.0,0.0,0.0,,27,,,,,,,,
PAIR,,VCP-R1-034,VCP-R1-075,False,False,20,20.0,19.0,20.0,1.0,0.02631578947368421,20.0,20.0,0.0,0.0,,27,,,,,,,,
PAIR,,VCP-R1-034,VCP-R1-076,False,False,20,20.0,19.0,20.0,1.0,0.02631578947368421,20.0,20.0,1.0,0.02564102564102564,,27,,,,,,,,
PAIR,,VCP-R1-034,VCP-R1-077,False,False,20,20.0,19.0,19.0,0.0,0.0,20.0,20.0,0.0,0.0,,27,,,,,,,,
PAIR,,VCP-R1-034,VCP-R1-078,False,False,20,20.0,19.0,20.0,1.0,0.02631578947368421,20.0,20.0,0.0,0.0,,27,,,,,,,,
PAIR,,VCP-R1-034,VCP-R1-079,False,False,20,20.0,19.0,20.0,3.0,0.08333333333333333,20.0,20.0,2.0,0.05263157894736842,,27,,,,,,,,
PAIR,,VCP-R1-034,VCP-R1-080,False,False,20,20.0,19.0,20.0,1.0,0.02631578947368421,20.0,20.0,1.0,0.02564102564102564,,27,,,,,,,,
PAIR,,VCP-R1-034,VCP-R1-081,False,False,20,20.0,19.0,20.0,0.0,0.0,20.0,20.0,0.0,0.0,,27,,,,,,,,
PAIR,,VCP-R1-034,VCP-R1-082,False,False,20,20.0,19.0,20.0,2.0,0.05405405405405406,20.0,20.0,0.0,0.0,,27,,,,,,,,
PAIR,,VCP-R1-034,VCP-R1-083,False,False,20,20.0,19.0,20.0,1.0,0.02631578947368421,20.0,20.0,0.0,0.0,,27,,,,,,,,
PAIR,,VCP-R1-034,VCP-R1-084,False,False,20,18.0,19.0,18.0,1.0,0.027777777777777776,20.0,18.0,0.0,0.0,,27,,,,,,,,
PAIR,,VCP-R1-034,VCP-R1-085,False,False,20,20.0,19.0,19.0,1.0,0.02702702702702703,20.0,20.0,0.0,0.0,,27,,,,,,,,
PAIR,,VCP-R1-034,VCP-R1-086,False,False,20,20.0,19.0,20.0,1.0,0.02631578947368421,20.0,20.0,0.0,0.0,,27,,,,,,,,
PAIR,,VCP-R1-034,VCP-R1-087,False,False,20,20.0,19.0,19.0,1.0,0.02702702702702703,20.0,20.0,0.0,0.0,,27,,,,,,,,
PAIR,,VCP-R1-034,VCP-R1-088,False,False,20,20.0,19.0,19.0,2.0,0.05555555555555555,20.0,20.0,0.0,0.0,,27,,,,,,,,
PAIR,,VCP-R1-034,VCP-R1-089,False,False,20,20.0,19.0,19.0,1.0,0.02702702702702703,20.0,20.0,0.0,0.0,,27,,,,,,,,
PAIR,,VCP-R1-034,VCP-R1-090,False,False,20,20.0,19.0,20.0,2.0,0.05405405405405406,20.0,20.0,0.0,0.0,,27,,,,,,,,
PAIR,,VCP-R1-034,VCP-R1-091,False,False,20,20.0,19.0,19.0,0.0,0.0,20.0,20.0,0.0,0.0,,27,,,,,,,,
PAIR,,VCP-R1-034,VCP-R1-092,False,False,20,20.0,19.0,19.0,0.0,0.0,20.0,20.0,0.0,0.0,,27,,,,,,,,
PAIR,,VCP-R1-034,VCP-R1-093,False,False,20,20.0,19.0,19.0,0.0,0.0,20.0,20.0,0.0,0.0,,27,,,,,,,,
PAIR,,VCP-R1-034,VCP-R1-094,False,False,20,20.0,19.0,19.0,2.0,0.05555555555555555,20.0,20.0,1.0,0.02564102564102564,,27,,,,,,,,
PAIR,,VCP-R1-034,VCP-R1-095,False,False,20,20.0,19.0,20.0,2.0,0.05405405405405406,20.0,20.0,1.0,0.02564102564102564,,27,,,,,,,,
PAIR,,VCP-R1-034,VCP-R1-096,False,False,20,20.0,19.0,20.0,1.0,0.02631578947368421,20.0,20.0,0.0,0.0,,27,,,,,,,,
PAIR,,VCP-R1-034,VCP-R1-097,False,False,20,20.0,19.0,20.0,3.0,0.08333333333333333,20.0,20.0,1.0,0.02564102564102564,,27,,,,,,,,
PAIR,,VCP-R1-034,VCP-R1-098,False,False,20,20.0,19.0,20.0,2.0,0.05405405405405406,20.0,20.0,1.0,0.02564102564102564,,27,,,,,,,,
PAIR,,VCP-R1-034,VCP-R1-099,False,False,20,20.0,19.0,20.0,1.0,0.02631578947368421,20.0,20.0,0.0,0.0,,27,,,,,,,,
PAIR,,VCP-R1-034,VCP-R1-100,False,False,20,20.0,19.0,19.0,0.0,0.0,20.0,20.0,0.0,0.0,,27,,,,,,,,
PAIR,,VCP-R1-034,VCP-R1-101,False,False,20,20.0,19.0,19.0,0.0,0.0,20.0,20.0,0.0,0.0,,27,,,,,,,,
PAIR,,VCP-R1-034,VCP-R1-102,False,False,20,20.0,19.0,19.0,0.0,0.0,20.0,20.0,0.0,0.0,,27,,,,,,,,
PAIR,,VCP-R1-034,VCP-R1-103,False,False,20,20.0,19.0,19.0,2.0,0.05555555555555555,20.0,20.0,1.0,0.02564102564102564,,27,,,,,,,,
PAIR,,VCP-R1-034,VCP-R1-104,False,False,20,20.0,19.0,20.0,2.0,0.05405405405405406,20.0,20.0,1.0,0.02564102564102564,,27,,,,,,,,
PAIR,,VCP-R1-034,VCP-R1-105,False,False,20,20.0,19.0,20.0,1.0,0.02631578947368421,20.0,20.0,0.0,0.0,,27,,,,,,,,
PAIR,,VCP-R1-034,VCP-R1-106,False,False,20,20.0,19.0,19.0,3.0,0.08571428571428572,20.0,20.0,1.0,0.02564102564102564,,27,,,,,,,,
PAIR,,VCP-R1-034,VCP-R1-107,False,False,20,20.0,19.0,20.0,2.0,0.05405405405405406,20.0,20.0,1.0,0.02564102564102564,,27,,,,,,,,
PAIR,,VCP-R1-034,VCP-R1-108,False,False,20,20.0,19.0,20.0,1.0,0.02631578947368421,20.0,20.0,0.0,0.0,,27,,,,,,,,
PAIR,,VCP-R1-035,VCP-R1-036,False,True,20,20.0,20.0,20.0,13.0,0.48148148148148145,20.0,20.0,13.0,0.48148148148148145,,27,,,,,,,,
PAIR,,VCP-R1-035,VCP-R1-037,False,False,20,20.0,20.0,19.0,6.0,0.18181818181818182,20.0,20.0,5.0,0.14285714285714285,,27,,,,,,,,
PAIR,,VCP-R1-035,VCP-R1-038,False,False,20,20.0,20.0,20.0,5.0,0.14285714285714285,20.0,20.0,5.0,0.14285714285714285,,27,,,,,,,,
PAIR,,VCP-R1-035,VCP-R1-039,False,False,20,20.0,20.0,20.0,2.0,0.05263157894736842,20.0,20.0,2.0,0.05263157894736842,,27,,,,,,,,
PAIR,,VCP-R1-035,VCP-R1-040,False,True,20,20.0,20.0,19.0,7.0,0.21875,20.0,20.0,6.0,0.17647058823529413,,27,,,,,,,,
PAIR,,VCP-R1-035,VCP-R1-041,False,False,20,20.0,20.0,20.0,16.0,0.6666666666666666,20.0,20.0,16.0,0.6666666666666666,,27,,,,,,,,
PAIR,,VCP-R1-035,VCP-R1-042,False,True,20,20.0,20.0,20.0,11.0,0.3793103448275862,20.0,20.0,11.0,0.3793103448275862,,27,,,,,,,,
PAIR,,VCP-R1-035,VCP-R1-043,False,True,20,20.0,20.0,19.0,6.0,0.18181818181818182,20.0,20.0,6.0,0.17647058823529413,,27,,,,,,,,
PAIR,,VCP-R1-035,VCP-R1-044,False,False,20,20.0,20.0,20.0,14.0,0.5384615384615384,20.0,20.0,14.0,0.5384615384615384,,27,,,,,,,,
PAIR,,VCP-R1-035,VCP-R1-045,False,True,20,20.0,20.0,20.0,13.0,0.48148148148148145,20.0,20.0,13.0,0.48148148148148145,,27,,,,,,,,
PAIR,,VCP-R1-035,VCP-R1-046,False,False,20,20.0,20.0,19.0,6.0,0.18181818181818182,20.0,20.0,5.0,0.14285714285714285,,27,,,,,,,,
PAIR,,VCP-R1-035,VCP-R1-047,False,False,20,20.0,20.0,20.0,5.0,0.14285714285714285,20.0,20.0,5.0,0.14285714285714285,,27,,,,,,,,
PAIR,,VCP-R1-035,VCP-R1-048,False,False,20,20.0,20.0,20.0,2.0,0.05263157894736842,20.0,20.0,2.0,0.05263157894736842,,27,,,,,,,,
PAIR,,VCP-R1-035,VCP-R1-049,False,True,20,20.0,20.0,20.0,5.0,0.14285714285714285,20.0,20.0,4.0,0.1111111111111111,,27,,,,,,,,
PAIR,,VCP-R1-035,VCP-R1-050,False,False,20,20.0,20.0,20.0,15.0,0.6,20.0,20.0,15.0,0.6,,27,,,,,,,,
PAIR,,VCP-R1-035,VCP-R1-051,False,True,20,20.0,20.0,20.0,11.0,0.3793103448275862,20.0,20.0,11.0,0.3793103448275862,,27,,,,,,,,
PAIR,,VCP-R1-035,VCP-R1-052,False,True,20,20.0,20.0,19.0,5.0,0.14705882352941177,20.0,20.0,5.0,0.14285714285714285,,27,,,,,,,,
PAIR,,VCP-R1-035,VCP-R1-053,False,False,20,20.0,20.0,20.0,13.0,0.48148148148148145,20.0,20.0,13.0,0.48148148148148145,,27,,,,,,,,
PAIR,,VCP-R1-035,VCP-R1-054,False,True,20,20.0,20.0,20.0,12.0,0.42857142857142855,20.0,20.0,12.0,0.42857142857142855,,27,,,,,,,,
PAIR,,VCP-R1-035,VCP-R1-055,False,False,20,20.0,20.0,18.0,1.0,0.02702702702702703,20.0,20.0,0.0,0.0,,27,,,,,,,,
PAIR,,VCP-R1-035,VCP-R1-056,False,False,20,20.0,20.0,20.0,1.0,0.02564102564102564,20.0,20.0,0.0,0.0,,27,,,,,,,,
PAIR,,VCP-R1-035,VCP-R1-057,False,False,20,19.0,20.0,18.0,1.0,0.02702702702702703,20.0,19.0,0.0,0.0,,27,,,,,,,,
PAIR,,VCP-R1-035,VCP-R1-058,False,False,20,20.0,20.0,19.0,0.0,0.0,20.0,20.0,0.0,0.0,,27,,,,,,,,
PAIR,,VCP-R1-035,VCP-R1-059,False,False,20,20.0,20.0,19.0,0.0,0.0,20.0,20.0,0.0,0.0,,27,,,,,,,,
PAIR,,VCP-R1-035,VCP-R1-060,False,False,20,20.0,20.0,20.0,1.0,0.02564102564102564,20.0,20.0,0.0,0.0,,27,,,,,,,,
PAIR,,VCP-R1-035,VCP-R1-061,False,False,20,20.0,20.0,20.0,1.0,0.02564102564102564,20.0,20.0,0.0,0.0,,27,,,,,,,,
PAIR,,VCP-R1-035,VCP-R1-062,False,False,20,20.0,20.0,20.0,0.0,0.0,20.0,20.0,0.0,0.0,,27,,,,,,,,
PAIR,,VCP-R1-035,VCP-R1-063,False,False,20,20.0,20.0,20.0,0.0,0.0,20.0,20.0,0.0,0.0,,27,,,,,,,,
PAIR,,VCP-R1-035,VCP-R1-064,False,False,20,20.0,20.0,19.0,1.0,0.02631578947368421,20.0,20.0,0.0,0.0,,27,,,,,,,,
PAIR,,VCP-R1-035,VCP-R1-065,False,False,20,20.0,20.0,20.0,1.0,0.02564102564102564,20.0,20.0,0.0,0.0,,27,,,,,,,,
PAIR,,VCP-R1-035,VCP-R1-066,False,False,20,20.0,20.0,20.0,1.0,0.02564102564102564,20.0,20.0,0.0,0.0,,27,,,,,,,,
PAIR,,VCP-R1-035,VCP-R1-067,False,False,20,20.0,20.0,20.0,0.0,0.0,20.0,20.0,0.0,0.0,,27,,,,,,,,
PAIR,,VCP-R1-035,VCP-R1-068,False,False,20,20.0,20.0,19.0,0.0,0.0,20.0,20.0,0.0,0.0,,27,,,,,,,,
PAIR,,VCP-R1-035,VCP-R1-069,False,False,20,20.0,20.0,20.0,0.0,0.0,20.0,20.0,0.0,0.0,,27,,,,,,,,
PAIR,,VCP-R1-035,VCP-R1-070,False,False,20,20.0,20.0,20.0,2.0,0.05263157894736842,20.0,20.0,1.0,0.02564102564102564,,27,,,,,,,,
PAIR,,VCP-R1-035,VCP-R1-071,False,False,20,20.0,20.0,20.0,1.0,0.02564102564102564,20.0,20.0,1.0,0.02564102564102564,,27,,,,,,,,
PAIR,,VCP-R1-035,VCP-R1-072,False,False,20,20.0,20.0,20.0,0.0,0.0,20.0,20.0,0.0,0.0,,27,,,,,,,,
PAIR,,VCP-R1-035,VCP-R1-073,False,False,20,20.0,20.0,20.0,1.0,0.02564102564102564,20.0,20.0,0.0,0.0,,27,,,,,,,,
PAIR,,VCP-R1-035,VCP-R1-074,False,False,20,20.0,20.0,20.0,1.0,0.02564102564102564,20.0,20.0,0.0,0.0,,27,,,,,,,,
PAIR,,VCP-R1-035,VCP-R1-075,False,False,20,20.0,20.0,20.0,1.0,0.02564102564102564,20.0,20.0,0.0,0.0,,27,,,,,,,,
PAIR,,VCP-R1-035,VCP-R1-076,False,False,20,20.0,20.0,20.0,0.0,0.0,20.0,20.0,0.0,0.0,,27,,,,,,,,
PAIR,,VCP-R1-035,VCP-R1-077,False,False,20,20.0,20.0,19.0,0.0,0.0,20.0,20.0,0.0,0.0,,27,,,,,,,,
PAIR,,VCP-R1-035,VCP-R1-078,False,False,20,20.0,20.0,20.0,0.0,0.0,20.0,20.0,0.0,0.0,,27,,,,,,,,
PAIR,,VCP-R1-035,VCP-R1-079,False,False,20,20.0,20.0,20.0,2.0,0.05263157894736842,20.0,20.0,1.0,0.02564102564102564,,27,,,,,,,,
PAIR,,VCP-R1-035,VCP-R1-080,False,False,20,20.0,20.0,20.0,1.0,0.02564102564102564,20.0,20.0,1.0,0.02564102564102564,,27,,,,,,,,
PAIR,,VCP-R1-035,VCP-R1-081,False,False,20,20.0,20.0,20.0,1.0,0.02564102564102564,20.0,20.0,0.0,0.0,,27,,,,,,,,
PAIR,,VCP-R1-035,VCP-R1-082,False,False,20,20.0,20.0,20.0,2.0,0.05263157894736842,20.0,20.0,0.0,0.0,,27,,,,,,,,
PAIR,,VCP-R1-035,VCP-R1-083,False,False,20,20.0,20.0,20.0,1.0,0.02564102564102564,20.0,20.0,0.0,0.0,,27,,,,,,,,
PAIR,,VCP-R1-035,VCP-R1-084,False,False,20,18.0,20.0,18.0,1.0,0.02702702702702703,20.0,18.0,0.0,0.0,,27,,,,,,,,
PAIR,,VCP-R1-035,VCP-R1-085,False,False,20,20.0,20.0,19.0,1.0,0.02631578947368421,20.0,20.0,0.0,0.0,,27,,,,,,,,
PAIR,,VCP-R1-035,VCP-R1-086,False,False,20,20.0,20.0,20.0,0.0,0.0,20.0,20.0,0.0,0.0,,27,,,,,,,,
PAIR,,VCP-R1-035,VCP-R1-087,False,False,20,20.0,20.0,19.0,0.0,0.0,20.0,20.0,0.0,0.0,,27,,,,,,,,
PAIR,,VCP-R1-035,VCP-R1-088,False,False,20,20.0,20.0,19.0,2.0,0.05405405405405406,20.0,20.0,0.0,0.0,,27,,,,,,,,
PAIR,,VCP-R1-035,VCP-R1-089,False,False,20,20.0,20.0,19.0,0.0,0.0,20.0,20.0,0.0,0.0,,27,,,,,,,,
PAIR,,VCP-R1-035,VCP-R1-090,False,False,20,20.0,20.0,20.0,0.0,0.0,20.0,20.0,0.0,0.0,,27,,,,,,,,
PAIR,,VCP-R1-035,VCP-R1-091,False,False,20,20.0,20.0,19.0,2.0,0.05405405405405406,20.0,20.0,1.0,0.02564102564102564,,27,,,,,,,,
PAIR,,VCP-R1-035,VCP-R1-092,False,False,20,20.0,20.0,19.0,1.0,0.02631578947368421,20.0,20.0,1.0,0.02564102564102564,,27,,,,,,,,
PAIR,,VCP-R1-035,VCP-R1-093,False,False,20,20.0,20.0,19.0,1.0,0.02631578947368421,20.0,20.0,1.0,0.02564102564102564,,27,,,,,,,,
PAIR,,VCP-R1-035,VCP-R1-094,False,False,20,20.0,20.0,19.0,4.0,0.11428571428571428,20.0,20.0,2.0,0.05263157894736842,,27,,,,,,,,
PAIR,,VCP-R1-035,VCP-R1-095,False,False,20,20.0,20.0,20.0,3.0,0.08108108108108109,20.0,20.0,2.0,0.05263157894736842,,27,,,,,,,,
PAIR,,VCP-R1-035,VCP-R1-096,False,False,20,20.0,20.0,20.0,1.0,0.02564102564102564,20.0,20.0,1.0,0.02564102564102564,,27,,,,,,,,
PAIR,,VCP-R1-035,VCP-R1-097,False,False,20,20.0,20.0,20.0,3.0,0.08108108108108109,20.0,20.0,1.0,0.02564102564102564,,27,,,,,,,,
PAIR,,VCP-R1-035,VCP-R1-098,False,False,20,20.0,20.0,20.0,2.0,0.05263157894736842,20.0,20.0,1.0,0.02564102564102564,,27,,,,,,,,
PAIR,,VCP-R1-035,VCP-R1-099,False,False,20,20.0,20.0,20.0,1.0,0.02564102564102564,20.0,20.0,1.0,0.02564102564102564,,27,,,,,,,,
PAIR,,VCP-R1-035,VCP-R1-100,False,False,20,20.0,20.0,19.0,2.0,0.05405405405405406,20.0,20.0,1.0,0.02564102564102564,,27,,,,,,,,
PAIR,,VCP-R1-035,VCP-R1-101,False,False,20,20.0,20.0,19.0,1.0,0.02631578947368421,20.0,20.0,1.0,0.02564102564102564,,27,,,,,,,,
PAIR,,VCP-R1-035,VCP-R1-102,False,False,20,20.0,20.0,19.0,1.0,0.02631578947368421,20.0,20.0,1.0,0.02564102564102564,,27,,,,,,,,
PAIR,,VCP-R1-035,VCP-R1-103,False,False,20,20.0,20.0,19.0,2.0,0.05405405405405406,20.0,20.0,1.0,0.02564102564102564,,27,,,,,,,,
PAIR,,VCP-R1-035,VCP-R1-104,False,False,20,20.0,20.0,20.0,3.0,0.08108108108108109,20.0,20.0,2.0,0.05263157894736842,,27,,,,,,,,
PAIR,,VCP-R1-035,VCP-R1-105,False,False,20,20.0,20.0,20.0,1.0,0.02564102564102564,20.0,20.0,1.0,0.02564102564102564,,27,,,,,,,,
PAIR,,VCP-R1-035,VCP-R1-106,False,False,20,20.0,20.0,19.0,3.0,0.08333333333333333,20.0,20.0,1.0,0.02564102564102564,,27,,,,,,,,
PAIR,,VCP-R1-035,VCP-R1-107,False,False,20,20.0,20.0,20.0,2.0,0.05263157894736842,20.0,20.0,1.0,0.02564102564102564,,27,,,,,,,,
PAIR,,VCP-R1-035,VCP-R1-108,False,False,20,20.0,20.0,20.0,1.0,0.02564102564102564,20.0,20.0,1.0,0.02564102564102564,,27,,,,,,,,
PAIR,,VCP-R1-036,VCP-R1-037,True,False,20,20.0,20.0,19.0,4.0,0.11428571428571428,20.0,20.0,3.0,0.08108108108108109,,27,,,,,,,,
PAIR,,VCP-R1-036,VCP-R1-038,True,False,20,20.0,20.0,20.0,3.0,0.08108108108108109,20.0,20.0,3.0,0.08108108108108109,,27,,,,,,,,
PAIR,,VCP-R1-036,VCP-R1-039,True,False,20,20.0,20.0,20.0,3.0,0.08108108108108109,20.0,20.0,3.0,0.08108108108108109,,27,,,,,,,,
PAIR,,VCP-R1-036,VCP-R1-040,True,True,20,20.0,20.0,19.0,5.0,0.14705882352941177,20.0,20.0,4.0,0.1111111111111111,,27,,,,,,,,
PAIR,,VCP-R1-036,VCP-R1-041,True,False,20,20.0,20.0,20.0,11.0,0.3793103448275862,20.0,20.0,11.0,0.3793103448275862,,27,,,,,,,,
PAIR,,VCP-R1-036,VCP-R1-042,True,True,20,20.0,20.0,20.0,15.0,0.6,20.0,20.0,15.0,0.6,,27,,,,,,,,
PAIR,,VCP-R1-036,VCP-R1-043,True,True,20,20.0,20.0,19.0,3.0,0.08333333333333333,20.0,20.0,3.0,0.08108108108108109,,27,,,,,,,,
PAIR,,VCP-R1-036,VCP-R1-044,True,False,20,20.0,20.0,20.0,9.0,0.2903225806451613,20.0,20.0,9.0,0.2903225806451613,,27,,,,,,,,
PAIR,,VCP-R1-036,VCP-R1-045,True,True,20,20.0,20.0,20.0,14.0,0.5384615384615384,20.0,20.0,14.0,0.5384615384615384,,27,,,,,,,,
PAIR,,VCP-R1-036,VCP-R1-046,True,False,20,20.0,20.0,19.0,4.0,0.11428571428571428,20.0,20.0,3.0,0.08108108108108109,,27,,,,,,,,
PAIR,,VCP-R1-036,VCP-R1-047,True,False,20,20.0,20.0,20.0,3.0,0.08108108108108109,20.0,20.0,3.0,0.08108108108108109,,27,,,,,,,,
PAIR,,VCP-R1-036,VCP-R1-048,True,False,20,20.0,20.0,20.0,3.0,0.08108108108108109,20.0,20.0,3.0,0.08108108108108109,,27,,,,,,,,
PAIR,,VCP-R1-036,VCP-R1-049,True,True,20,20.0,20.0,20.0,3.0,0.08108108108108109,20.0,20.0,2.0,0.05263157894736842,,27,,,,,,,,
PAIR,,VCP-R1-036,VCP-R1-050,True,False,20,20.0,20.0,20.0,10.0,0.3333333333333333,20.0,20.0,10.0,0.3333333333333333,,27,,,,,,,,
PAIR,,VCP-R1-036,VCP-R1-051,True,True,20,20.0,20.0,20.0,15.0,0.6,20.0,20.0,15.0,0.6,,27,,,,,,,,
PAIR,,VCP-R1-036,VCP-R1-052,True,True,20,20.0,20.0,19.0,3.0,0.08333333333333333,20.0,20.0,3.0,0.08108108108108109,,27,,,,,,,,
PAIR,,VCP-R1-036,VCP-R1-053,True,False,20,20.0,20.0,20.0,8.0,0.25,20.0,20.0,8.0,0.25,,27,,,,,,,,
PAIR,,VCP-R1-036,VCP-R1-054,True,True,20,20.0,20.0,20.0,12.0,0.42857142857142855,20.0,20.0,12.0,0.42857142857142855,,27,,,,,,,,
PAIR,,VCP-R1-036,VCP-R1-055,True,False,20,20.0,20.0,18.0,0.0,0.0,20.0,20.0,0.0,0.0,,27,,,,,,,,
PAIR,,VCP-R1-036,VCP-R1-056,True,False,20,20.0,20.0,20.0,0.0,0.0,20.0,20.0,0.0,0.0,,27,,,,,,,,
PAIR,,VCP-R1-036,VCP-R1-057,True,False,20,19.0,20.0,18.0,0.0,0.0,20.0,19.0,0.0,0.0,,27,,,,,,,,
PAIR,,VCP-R1-036,VCP-R1-058,True,False,20,20.0,20.0,19.0,0.0,0.0,20.0,20.0,0.0,0.0,,27,,,,,,,,
PAIR,,VCP-R1-036,VCP-R1-059,True,False,20,20.0,20.0,19.0,0.0,0.0,20.0,20.0,0.0,0.0,,27,,,,,,,,
PAIR,,VCP-R1-036,VCP-R1-060,True,False,20,20.0,20.0,20.0,0.0,0.0,20.0,20.0,0.0,0.0,,27,,,,,,,,
PAIR,,VCP-R1-036,VCP-R1-061,True,False,20,20.0,20.0,20.0,0.0,0.0,20.0,20.0,0.0,0.0,,27,,,,,,,,
PAIR,,VCP-R1-036,VCP-R1-062,True,False,20,20.0,20.0,20.0,0.0,0.0,20.0,20.0,0.0,0.0,,27,,,,,,,,
PAIR,,VCP-R1-036,VCP-R1-063,True,False,20,20.0,20.0,20.0,0.0,0.0,20.0,20.0,0.0,0.0,,27,,,,,,,,
PAIR,,VCP-R1-036,VCP-R1-064,True,False,20,20.0,20.0,19.0,0.0,0.0,20.0,20.0,0.0,0.0,,27,,,,,,,,
PAIR,,VCP-R1-036,VCP-R1-065,True,False,20,20.0,20.0,20.0,0.0,0.0,20.0,20.0,0.0,0.0,,27,,,,,,,,
PAIR,,VCP-R1-036,VCP-R1-066,True,False,20,20.0,20.0,20.0,0.0,0.0,20.0,20.0,0.0,0.0,,27,,,,,,,,
PAIR,,VCP-R1-036,VCP-R1-067,True,False,20,20.0,20.0,20.0,0.0,0.0,20.0,20.0,0.0,0.0,,27,,,,,,,,
PAIR,,VCP-R1-036,VCP-R1-068,True,False,20,20.0,20.0,19.0,0.0,0.0,20.0,20.0,0.0,0.0,,27,,,,,,,,
PAIR,,VCP-R1-036,VCP-R1-069,True,False,20,20.0,20.0,20.0,0.0,0.0,20.0,20.0,0.0,0.0,,27,,,,,,,,
PAIR,,VCP-R1-036,VCP-R1-070,True,False,20,20.0,20.0,20.0,0.0,0.0,20.0,20.0,0.0,0.0,,27,,,,,,,,
PAIR,,VCP-R1-036,VCP-R1-071,True,False,20,20.0,20.0,20.0,0.0,0.0,20.0,20.0,0.0,0.0,,27,,,,,,,,
PAIR,,VCP-R1-036,VCP-R1-072,True,False,20,20.0,20.0,20.0,0.0,0.0,20.0,20.0,0.0,0.0,,27,,,,,,,,
PAIR,,VCP-R1-036,VCP-R1-073,True,False,20,20.0,20.0,20.0,0.0,0.0,20.0,20.0,0.0,0.0,,27,,,,,,,,
PAIR,,VCP-R1-036,VCP-R1-074,True,False,20,20.0,20.0,20.0,0.0,0.0,20.0,20.0,0.0,0.0,,27,,,,,,,,
PAIR,,VCP-R1-036,VCP-R1-075,True,False,20,20.0,20.0,20.0,0.0,0.0,20.0,20.0,0.0,0.0,,27,,,,,,,,
PAIR,,VCP-R1-036,VCP-R1-076,True,False,20,20.0,20.0,20.0,0.0,0.0,20.0,20.0,0.0,0.0,,27,,,,,,,,
PAIR,,VCP-R1-036,VCP-R1-077,True,False,20,20.0,20.0,19.0,0.0,0.0,20.0,20.0,0.0,0.0,,27,,,,,,,,
PAIR,,VCP-R1-036,VCP-R1-078,True,False,20,20.0,20.0,20.0,0.0,0.0,20.0,20.0,0.0,0.0,,27,,,,,,,,
PAIR,,VCP-R1-036,VCP-R1-079,True,False,20,20.0,20.0,20.0,0.0,0.0,20.0,20.0,0.0,0.0,,27,,,,,,,,
PAIR,,VCP-R1-036,VCP-R1-080,True,False,20,20.0,20.0,20.0,0.0,0.0,20.0,20.0,0.0,0.0,,27,,,,,,,,
PAIR,,VCP-R1-036,VCP-R1-081,True,False,20,20.0,20.0,20.0,1.0,0.02564102564102564,20.0,20.0,0.0,0.0,,27,,,,,,,,
PAIR,,VCP-R1-036,VCP-R1-082,True,False,20,20.0,20.0,20.0,1.0,0.02564102564102564,20.0,20.0,0.0,0.0,,27,,,,,,,,
PAIR,,VCP-R1-036,VCP-R1-083,True,False,20,20.0,20.0,20.0,0.0,0.0,20.0,20.0,0.0,0.0,,27,,,,,,,,
PAIR,,VCP-R1-036,VCP-R1-084,True,False,20,18.0,20.0,18.0,0.0,0.0,20.0,18.0,0.0,0.0,,27,,,,,,,,
PAIR,,VCP-R1-036,VCP-R1-085,True,False,20,20.0,20.0,19.0,0.0,0.0,20.0,20.0,0.0,0.0,,27,,,,,,,,
PAIR,,VCP-R1-036,VCP-R1-086,True,False,20,20.0,20.0,20.0,0.0,0.0,20.0,20.0,0.0,0.0,,27,,,,,,,,
PAIR,,VCP-R1-036,VCP-R1-087,True,False,20,20.0,20.0,19.0,0.0,0.0,20.0,20.0,0.0,0.0,,27,,,,,,,,
PAIR,,VCP-R1-036,VCP-R1-088,True,False,20,20.0,20.0,19.0,1.0,0.02631578947368421,20.0,20.0,0.0,0.0,,27,,,,,,,,
PAIR,,VCP-R1-036,VCP-R1-089,True,False,20,20.0,20.0,19.0,1.0,0.02631578947368421,20.0,20.0,0.0,0.0,,27,,,,,,,,
PAIR,,VCP-R1-036,VCP-R1-090,True,False,20,20.0,20.0,20.0,1.0,0.02564102564102564,20.0,20.0,0.0,0.0,,27,,,,,,,,
PAIR,,VCP-R1-036,VCP-R1-091,True,False,20,20.0,20.0,19.0,2.0,0.05405405405405406,20.0,20.0,2.0,0.05263157894736842,,27,,,,,,,,
PAIR,,VCP-R1-036,VCP-R1-092,True,False,20,20.0,20.0,19.0,2.0,0.05405405405405406,20.0,20.0,2.0,0.05263157894736842,,27,,,,,,,,
PAIR,,VCP-R1-036,VCP-R1-093,True,False,20,20.0,20.0,19.0,2.0,0.05405405405405406,20.0,20.0,2.0,0.05263157894736842,,27,,,,,,,,
PAIR,,VCP-R1-036,VCP-R1-094,True,False,20,20.0,20.0,19.0,2.0,0.05405405405405406,20.0,20.0,1.0,0.02564102564102564,,27,,,,,,,,
PAIR,,VCP-R1-036,VCP-R1-095,True,False,20,20.0,20.0,20.0,3.0,0.08108108108108109,20.0,20.0,2.0,0.05263157894736842,,27,,,,,,,,
PAIR,,VCP-R1-036,VCP-R1-096,True,False,20,20.0,20.0,20.0,2.0,0.05263157894736842,20.0,20.0,2.0,0.05263157894736842,,27,,,,,,,,
PAIR,,VCP-R1-036,VCP-R1-097,True,False,20,20.0,20.0,20.0,2.0,0.05263157894736842,20.0,20.0,0.0,0.0,,27,,,,,,,,
PAIR,,VCP-R1-036,VCP-R1-098,True,False,20,20.0,20.0,20.0,2.0,0.05263157894736842,20.0,20.0,0.0,0.0,,27,,,,,,,,
PAIR,,VCP-R1-036,VCP-R1-099,True,False,20,20.0,20.0,20.0,3.0,0.08108108108108109,20.0,20.0,2.0,0.05263157894736842,,27,,,,,,,,
PAIR,,VCP-R1-036,VCP-R1-100,True,False,20,20.0,20.0,19.0,2.0,0.05405405405405406,20.0,20.0,2.0,0.05263157894736842,,27,,,,,,,,
PAIR,,VCP-R1-036,VCP-R1-101,True,False,20,20.0,20.0,19.0,2.0,0.05405405405405406,20.0,20.0,2.0,0.05263157894736842,,27,,,,,,,,
PAIR,,VCP-R1-036,VCP-R1-102,True,False,20,20.0,20.0,19.0,2.0,0.05405405405405406,20.0,20.0,2.0,0.05263157894736842,,27,,,,,,,,
PAIR,,VCP-R1-036,VCP-R1-103,True,False,20,20.0,20.0,19.0,1.0,0.02631578947368421,20.0,20.0,0.0,0.0,,27,,,,,,,,
PAIR,,VCP-R1-036,VCP-R1-104,True,False,20,20.0,20.0,20.0,3.0,0.08108108108108109,20.0,20.0,2.0,0.05263157894736842,,27,,,,,,,,
PAIR,,VCP-R1-036,VCP-R1-105,True,False,20,20.0,20.0,20.0,2.0,0.05263157894736842,20.0,20.0,2.0,0.05263157894736842,,27,,,,,,,,
PAIR,,VCP-R1-036,VCP-R1-106,True,False,20,20.0,20.0,19.0,2.0,0.05405405405405406,20.0,20.0,0.0,0.0,,27,,,,,,,,
PAIR,,VCP-R1-036,VCP-R1-107,True,False,20,20.0,20.0,20.0,2.0,0.05263157894736842,20.0,20.0,0.0,0.0,,27,,,,,,,,
PAIR,,VCP-R1-036,VCP-R1-108,True,False,20,20.0,20.0,20.0,2.0,0.05263157894736842,20.0,20.0,1.0,0.02564102564102564,,27,,,,,,,,
PAIR,,VCP-R1-037,VCP-R1-038,False,False,20,20.0,19.0,20.0,10.0,0.3448275862068966,20.0,20.0,10.0,0.3333333333333333,,27,,,,,,,,
PAIR,,VCP-R1-037,VCP-R1-039,False,False,20,20.0,19.0,20.0,4.0,0.11428571428571428,20.0,20.0,4.0,0.1111111111111111,,27,,,,,,,,
PAIR,,VCP-R1-037,VCP-R1-040,False,True,20,20.0,19.0,19.0,8.0,0.26666666666666666,20.0,20.0,8.0,0.25,,27,,,,,,,,
PAIR,,VCP-R1-037,VCP-R1-041,False,False,20,20.0,19.0,20.0,6.0,0.18181818181818182,20.0,20.0,6.0,0.17647058823529413,,27,,,,,,,,
PAIR,,VCP-R1-037,VCP-R1-042,False,True,20,20.0,19.0,20.0,4.0,0.11428571428571428,20.0,20.0,4.0,0.1111111111111111,,27,,,,,,,,
PAIR,,VCP-R1-037,VCP-R1-043,False,True,20,20.0,19.0,19.0,9.0,0.3103448275862069,20.0,20.0,7.0,0.21212121212121213,,27,,,,,,,,
PAIR,,VCP-R1-037,VCP-R1-044,False,False,20,20.0,19.0,20.0,6.0,0.18181818181818182,20.0,20.0,4.0,0.1111111111111111,,27,,,,,,,,
PAIR,,VCP-R1-037,VCP-R1-045,False,True,20,20.0,19.0,20.0,4.0,0.11428571428571428,20.0,20.0,2.0,0.05263157894736842,,27,,,,,,,,
PAIR,,VCP-R1-037,VCP-R1-046,False,False,20,20.0,19.0,19.0,18.0,0.9,20.0,20.0,19.0,0.9047619047619048,,27,,,,,,,,
PAIR,,VCP-R1-037,VCP-R1-047,False,False,20,20.0,19.0,20.0,10.0,0.3448275862068966,20.0,20.0,10.0,0.3333333333333333,,27,,,,,,,,
PAIR,,VCP-R1-037,VCP-R1-048,False,False,20,20.0,19.0,20.0,4.0,0.11428571428571428,20.0,20.0,4.0,0.1111111111111111,,27,,,,,,,,
PAIR,,VCP-R1-037,VCP-R1-049,False,True,20,20.0,19.0,20.0,8.0,0.25806451612903225,20.0,20.0,7.0,0.21212121212121213,,27,,,,,,,,
PAIR,,VCP-R1-037,VCP-R1-050,False,False,20,20.0,19.0,20.0,6.0,0.18181818181818182,20.0,20.0,6.0,0.17647058823529413,,27,,,,,,,,
PAIR,,VCP-R1-037,VCP-R1-051,False,True,20,20.0,19.0,20.0,3.0,0.08333333333333333,20.0,20.0,3.0,0.08108108108108109,,27,,,,,,,,
PAIR,,VCP-R1-037,VCP-R1-052,False,True,20,20.0,19.0,19.0,7.0,0.22580645161290322,20.0,20.0,5.0,0.14285714285714285,,27,,,,,,,,
PAIR,,VCP-R1-037,VCP-R1-053,False,False,20,20.0,19.0,20.0,6.0,0.18181818181818182,20.0,20.0,4.0,0.1111111111111111,,27,,,,,,,,
PAIR,,VCP-R1-037,VCP-R1-054,False,True,20,20.0,19.0,20.0,4.0,0.11428571428571428,20.0,20.0,2.0,0.05263157894736842,,27,,,,,,,,
PAIR,,VCP-R1-037,VCP-R1-055,False,False,20,20.0,19.0,18.0,0.0,0.0,20.0,20.0,0.0,0.0,,27,,,,,,,,
PAIR,,VCP-R1-037,VCP-R1-056,False,False,20,20.0,19.0,20.0,0.0,0.0,20.0,20.0,0.0,0.0,,27,,,,,,,,
PAIR,,VCP-R1-037,VCP-R1-057,False,False,20,19.0,19.0,18.0,0.0,0.0,20.0,19.0,0.0,0.0,,27,,,,,,,,
PAIR,,VCP-R1-037,VCP-R1-058,False,False,20,20.0,19.0,19.0,0.0,0.0,20.0,20.0,0.0,0.0,,27,,,,,,,,
PAIR,,VCP-R1-037,VCP-R1-059,False,False,20,20.0,19.0,19.0,0.0,0.0,20.0,20.0,0.0,0.0,,27,,,,,,,,
PAIR,,VCP-R1-037,VCP-R1-060,False,False,20,20.0,19.0,20.0,0.0,0.0,20.0,20.0,0.0,0.0,,27,,,,,,,,
PAIR,,VCP-R1-037,VCP-R1-061,False,False,20,20.0,19.0,20.0,1.0,0.02631578947368421,20.0,20.0,0.0,0.0,,27,,,,,,,,
PAIR,,VCP-R1-037,VCP-R1-062,False,False,20,20.0,19.0,20.0,0.0,0.0,20.0,20.0,0.0,0.0,,27,,,,,,,,
PAIR,,VCP-R1-037,VCP-R1-063,False,False,20,20.0,19.0,20.0,0.0,0.0,20.0,20.0,0.0,0.0,,27,,,,,,,,
PAIR,,VCP-R1-037,VCP-R1-064,False,False,20,20.0,19.0,19.0,0.0,0.0,20.0,20.0,0.0,0.0,,27,,,,,,,,
PAIR,,VCP-R1-037,VCP-R1-065,False,False,20,20.0,19.0,20.0,0.0,0.0,20.0,20.0,0.0,0.0,,27,,,,,,,,
PAIR,,VCP-R1-037,VCP-R1-066,False,False,20,20.0,19.0,20.0,0.0,0.0,20.0,20.0,0.0,0.0,,27,,,,,,,,
PAIR,,VCP-R1-037,VCP-R1-067,False,False,20,20.0,19.0,20.0,0.0,0.0,20.0,20.0,0.0,0.0,,27,,,,,,,,
PAIR,,VCP-R1-037,VCP-R1-068,False,False,20,20.0,19.0,19.0,0.0,0.0,20.0,20.0,0.0,0.0,,27,,,,,,,,
PAIR,,VCP-R1-037,VCP-R1-069,False,False,20,20.0,19.0,20.0,0.0,0.0,20.0,20.0,0.0,0.0,,27,,,,,,,,
PAIR,,VCP-R1-037,VCP-R1-070,False,False,20,20.0,19.0,20.0,1.0,0.02631578947368421,20.0,20.0,0.0,0.0,,27,,,,,,,,
PAIR,,VCP-R1-037,VCP-R1-071,False,False,20,20.0,19.0,20.0,0.0,0.0,20.0,20.0,0.0,0.0,,27,,,,,,,,
PAIR,,VCP-R1-037,VCP-R1-072,False,False,20,20.0,19.0,20.0,0.0,0.0,20.0,20.0,0.0,0.0,,27,,,,,,,,
PAIR,,VCP-R1-037,VCP-R1-073,False,False,20,20.0,19.0,20.0,0.0,0.0,20.0,20.0,0.0,0.0,,27,,,,,,,,
PAIR,,VCP-R1-037,VCP-R1-074,False,False,20,20.0,19.0,20.0,0.0,0.0,20.0,20.0,0.0,0.0,,27,,,,,,,,
PAIR,,VCP-R1-037,VCP-R1-075,False,False,20,20.0,19.0,20.0,0.0,0.0,20.0,20.0,0.0,0.0,,27,,,,,,,,
PAIR,,VCP-R1-037,VCP-R1-076,False,False,20,20.0,19.0,20.0,0.0,0.0,20.0,20.0,0.0,0.0,,27,,,,,,,,
PAIR,,VCP-R1-037,VCP-R1-077,False,False,20,20.0,19.0,19.0,0.0,0.0,20.0,20.0,0.0,0.0,,27,,,,,,,,
PAIR,,VCP-R1-037,VCP-R1-078,False,False,20,20.0,19.0,20.0,0.0,0.0,20.0,20.0,0.0,0.0,,27,,,,,,,,
PAIR,,VCP-R1-037,VCP-R1-079,False,False,20,20.0,19.0,20.0,1.0,0.02631578947368421,20.0,20.0,0.0,0.0,,27,,,,,,,,
PAIR,,VCP-R1-037,VCP-R1-080,False,False,20,20.0,19.0,20.0,0.0,0.0,20.0,20.0,0.0,0.0,,27,,,,,,,,
PAIR,,VCP-R1-037,VCP-R1-081,False,False,20,20.0,19.0,20.0,0.0,0.0,20.0,20.0,0.0,0.0,,27,,,,,,,,
PAIR,,VCP-R1-037,VCP-R1-082,False,False,20,20.0,19.0,20.0,2.0,0.05405405405405406,20.0,20.0,0.0,0.0,,27,,,,,,,,
PAIR,,VCP-R1-037,VCP-R1-083,False,False,20,20.0,19.0,20.0,0.0,0.0,20.0,20.0,0.0,0.0,,27,,,,,,,,
PAIR,,VCP-R1-037,VCP-R1-084,False,False,20,18.0,19.0,18.0,0.0,0.0,20.0,18.0,0.0,0.0,,27,,,,,,,,
PAIR,,VCP-R1-037,VCP-R1-085,False,False,20,20.0,19.0,19.0,1.0,0.02702702702702703,20.0,20.0,0.0,0.0,,27,,,,,,,,
PAIR,,VCP-R1-037,VCP-R1-086,False,False,20,20.0,19.0,20.0,0.0,0.0,20.0,20.0,0.0,0.0,,27,,,,,,,,
PAIR,,VCP-R1-037,VCP-R1-087,False,False,20,20.0,19.0,19.0,0.0,0.0,20.0,20.0,0.0,0.0,,27,,,,,,,,
PAIR,,VCP-R1-037,VCP-R1-088,False,False,20,20.0,19.0,19.0,3.0,0.08571428571428572,20.0,20.0,0.0,0.0,,27,,,,,,,,
PAIR,,VCP-R1-037,VCP-R1-089,False,False,20,20.0,19.0,19.0,1.0,0.02702702702702703,20.0,20.0,0.0,0.0,,27,,,,,,,,
PAIR,,VCP-R1-037,VCP-R1-090,False,False,20,20.0,19.0,20.0,1.0,0.02631578947368421,20.0,20.0,0.0,0.0,,27,,,,,,,,
PAIR,,VCP-R1-037,VCP-R1-091,False,False,20,20.0,19.0,19.0,2.0,0.05555555555555555,20.0,20.0,1.0,0.02564102564102564,,27,,,,,,,,
PAIR,,VCP-R1-037,VCP-R1-092,False,False,20,20.0,19.0,19.0,1.0,0.02702702702702703,20.0,20.0,1.0,0.02564102564102564,,27,,,,,,,,
PAIR,,VCP-R1-037,VCP-R1-093,False,False,20,20.0,19.0,19.0,1.0,0.02702702702702703,20.0,20.0,1.0,0.02564102564102564,,27,,,,,,,,
PAIR,,VCP-R1-037,VCP-R1-094,False,False,20,20.0,19.0,19.0,2.0,0.05555555555555555,20.0,20.0,0.0,0.0,,27,,,,,,,,
PAIR,,VCP-R1-037,VCP-R1-095,False,False,20,20.0,19.0,20.0,2.0,0.05405405405405406,20.0,20.0,1.0,0.02564102564102564,,27,,,,,,,,
PAIR,,VCP-R1-037,VCP-R1-096,False,False,20,20.0,19.0,20.0,1.0,0.02631578947368421,20.0,20.0,1.0,0.02564102564102564,,27,,,,,,,,
PAIR,,VCP-R1-037,VCP-R1-097,False,False,20,20.0,19.0,20.0,2.0,0.05405405405405406,20.0,20.0,0.0,0.0,,27,,,,,,,,
PAIR,,VCP-R1-037,VCP-R1-098,False,False,20,20.0,19.0,20.0,1.0,0.02631578947368421,20.0,20.0,0.0,0.0,,27,,,,,,,,
PAIR,,VCP-R1-037,VCP-R1-099,False,False,20,20.0,19.0,20.0,2.0,0.05405405405405406,20.0,20.0,1.0,0.02564102564102564,,27,,,,,,,,
PAIR,,VCP-R1-037,VCP-R1-100,False,False,20,20.0,19.0,19.0,2.0,0.05555555555555555,20.0,20.0,1.0,0.02564102564102564,,27,,,,,,,,
PAIR,,VCP-R1-037,VCP-R1-101,False,False,20,20.0,19.0,19.0,1.0,0.02702702702702703,20.0,20.0,1.0,0.02564102564102564,,27,,,,,,,,
PAIR,,VCP-R1-037,VCP-R1-102,False,False,20,20.0,19.0,19.0,1.0,0.02702702702702703,20.0,20.0,1.0,0.02564102564102564,,27,,,,,,,,
PAIR,,VCP-R1-037,VCP-R1-103,False,False,20,20.0,19.0,19.0,1.0,0.02702702702702703,20.0,20.0,0.0,0.0,,27,,,,,,,,
PAIR,,VCP-R1-037,VCP-R1-104,False,False,20,20.0,19.0,20.0,2.0,0.05405405405405406,20.0,20.0,1.0,0.02564102564102564,,27,,,,,,,,
PAIR,,VCP-R1-037,VCP-R1-105,False,False,20,20.0,19.0,20.0,1.0,0.02631578947368421,20.0,20.0,1.0,0.02564102564102564,,27,,,,,,,,
PAIR,,VCP-R1-037,VCP-R1-106,False,False,20,20.0,19.0,19.0,2.0,0.05555555555555555,20.0,20.0,0.0,0.0,,27,,,,,,,,
PAIR,,VCP-R1-037,VCP-R1-107,False,False,20,20.0,19.0,20.0,1.0,0.02631578947368421,20.0,20.0,0.0,0.0,,27,,,,,,,,
PAIR,,VCP-R1-037,VCP-R1-108,False,False,20,20.0,19.0,20.0,1.0,0.02631578947368421,20.0,20.0,0.0,0.0,,27,,,,,,,,
PAIR,,VCP-R1-038,VCP-R1-039,False,False,20,20.0,20.0,20.0,11.0,0.3793103448275862,20.0,20.0,11.0,0.3793103448275862,,27,,,,,,,,
PAIR,,VCP-R1-038,VCP-R1-040,False,True,20,20.0,20.0,19.0,3.0,0.08333333333333333,20.0,20.0,3.0,0.08108108108108109,,27,,,,,,,,
PAIR,,VCP-R1-038,VCP-R1-041,False,False,20,20.0,20.0,20.0,6.0,0.17647058823529413,20.0,20.0,6.0,0.17647058823529413,,27,,,,,,,,
PAIR,,VCP-R1-038,VCP-R1-042,False,True,20,20.0,20.0,20.0,4.0,0.1111111111111111,20.0,20.0,4.0,0.1111111111111111,,27,,,,,,,,
PAIR,,VCP-R1-038,VCP-R1-043,False,True,20,20.0,20.0,19.0,4.0,0.11428571428571428,20.0,20.0,3.0,0.08108108108108109,,27,,,,,,,,
PAIR,,VCP-R1-038,VCP-R1-044,False,False,20,20.0,20.0,20.0,5.0,0.14285714285714285,20.0,20.0,4.0,0.1111111111111111,,27,,,,,,,,
PAIR,,VCP-R1-038,VCP-R1-045,False,True,20,20.0,20.0,20.0,3.0,0.08108108108108109,20.0,20.0,2.0,0.05263157894736842,,27,,,,,,,,
PAIR,,VCP-R1-038,VCP-R1-046,False,False,20,20.0,20.0,19.0,9.0,0.3,20.0,20.0,9.0,0.2903225806451613,,27,,,,,,,,
PAIR,,VCP-R1-038,VCP-R1-047,False,False,20,20.0,20.0,20.0,19.0,0.9047619047619048,20.0,20.0,19.0,0.9047619047619048,,27,,,,,,,,
PAIR,,VCP-R1-038,VCP-R1-048,False,False,20,20.0,20.0,20.0,11.0,0.3793103448275862,20.0,20.0,11.0,0.3793103448275862,,27,,,,,,,,
PAIR,,VCP-R1-038,VCP-R1-049,False,True,20,20.0,20.0,20.0,3.0,0.08108108108108109,20.0,20.0,3.0,0.08108108108108109,,27,,,,,,,,
PAIR,,VCP-R1-038,VCP-R1-050,False,False,20,20.0,20.0,20.0,6.0,0.17647058823529413,20.0,20.0,6.0,0.17647058823529413,,27,,,,,,,,
PAIR,,VCP-R1-038,VCP-R1-051,False,True,20,20.0,20.0,20.0,3.0,0.08108108108108109,20.0,20.0,3.0,0.08108108108108109,,27,,,,,,,,
PAIR,,VCP-R1-038,VCP-R1-052,False,True,20,20.0,20.0,19.0,4.0,0.11428571428571428,20.0,20.0,3.0,0.08108108108108109,,27,,,,,,,,
PAIR,,VCP-R1-038,VCP-R1-053,False,False,20,20.0,20.0,20.0,5.0,0.14285714285714285,20.0,20.0,4.0,0.1111111111111111,,27,,,,,,,,
PAIR,,VCP-R1-038,VCP-R1-054,False,True,20,20.0,20.0,20.0,3.0,0.08108108108108109,20.0,20.0,2.0,0.05263157894736842,,27,,,,,,,,
PAIR,,VCP-R1-038,VCP-R1-055,False,False,20,20.0,20.0,18.0,1.0,0.02702702702702703,20.0,20.0,0.0,0.0,,27,,,,,,,,
PAIR,,VCP-R1-038,VCP-R1-056,False,False,20,20.0,20.0,20.0,1.0,0.02564102564102564,20.0,20.0,0.0,0.0,,27,,,,,,,,
PAIR,,VCP-R1-038,VCP-R1-057,False,False,20,19.0,20.0,18.0,0.0,0.0,20.0,19.0,0.0,0.0,,27,,,,,,,,
PAIR,,VCP-R1-038,VCP-R1-058,False,False,20,20.0,20.0,19.0,1.0,0.02631578947368421,20.0,20.0,0.0,0.0,,27,,,,,,,,
PAIR,,VCP-R1-038,VCP-R1-059,False,False,20,20.0,20.0,19.0,1.0,0.02631578947368421,20.0,20.0,0.0,0.0,,27,,,,,,,,
PAIR,,VCP-R1-038,VCP-R1-060,False,False,20,20.0,20.0,20.0,1.0,0.02564102564102564,20.0,20.0,0.0,0.0,,27,,,,,,,,
PAIR,,VCP-R1-038,VCP-R1-061,False,False,20,20.0,20.0,20.0,2.0,0.05263157894736842,20.0,20.0,0.0,0.0,,27,,,,,,,,
PAIR,,VCP-R1-038,VCP-R1-062,False,False,20,20.0,20.0,20.0,1.0,0.02564102564102564,20.0,20.0,0.0,0.0,,27,,,,,,,,
PAIR,,VCP-R1-038,VCP-R1-063,False,False,20,20.0,20.0,20.0,1.0,0.02564102564102564,20.0,20.0,0.0,0.0,,27,,,,,,,,
PAIR,,VCP-R1-038,VCP-R1-064,False,False,20,20.0,20.0,19.0,2.0,0.05405405405405406,20.0,20.0,1.0,0.02564102564102564,,27,,,,,,,,
PAIR,,VCP-R1-038,VCP-R1-065,False,False,20,20.0,20.0,20.0,3.0,0.08108108108108109,20.0,20.0,1.0,0.02564102564102564,,27,,,,,,,,
PAIR,,VCP-R1-038,VCP-R1-066,False,False,20,20.0,20.0,20.0,1.0,0.02564102564102564,20.0,20.0,0.0,0.0,,27,,,,,,,,
PAIR,,VCP-R1-038,VCP-R1-067,False,False,20,20.0,20.0,20.0,1.0,0.02564102564102564,20.0,20.0,0.0,0.0,,27,,,,,,,,
PAIR,,VCP-R1-038,VCP-R1-068,False,False,20,20.0,20.0,19.0,1.0,0.02631578947368421,20.0,20.0,0.0,0.0,,27,,,,,,,,
PAIR,,VCP-R1-038,VCP-R1-069,False,False,20,20.0,20.0,20.0,2.0,0.05263157894736842,20.0,20.0,0.0,0.0,,27,,,,,,,,
PAIR,,VCP-R1-038,VCP-R1-070,False,False,20,20.0,20.0,20.0,1.0,0.02564102564102564,20.0,20.0,0.0,0.0,,27,,,,,,,,
PAIR,,VCP-R1-038,VCP-R1-071,False,False,20,20.0,20.0,20.0,1.0,0.02564102564102564,20.0,20.0,0.0,0.0,,27,,,,,,,,
PAIR,,VCP-R1-038,VCP-R1-072,False,False,20,20.0,20.0,20.0,1.0,0.02564102564102564,20.0,20.0,0.0,0.0,,27,,,,,,,,
PAIR,,VCP-R1-038,VCP-R1-073,False,False,20,20.0,20.0,20.0,2.0,0.05263157894736842,20.0,20.0,1.0,0.02564102564102564,,27,,,,,,,,
PAIR,,VCP-R1-038,VCP-R1-074,False,False,20,20.0,20.0,20.0,3.0,0.08108108108108109,20.0,20.0,1.0,0.02564102564102564,,27,,,,,,,,
PAIR,,VCP-R1-038,VCP-R1-075,False,False,20,20.0,20.0,20.0,1.0,0.02564102564102564,20.0,20.0,0.0,0.0,,27,,,,,,,,
PAIR,,VCP-R1-038,VCP-R1-076,False,False,20,20.0,20.0,20.0,1.0,0.02564102564102564,20.0,20.0,0.0,0.0,,27,,,,,,,,
PAIR,,VCP-R1-038,VCP-R1-077,False,False,20,20.0,20.0,19.0,1.0,0.02631578947368421,20.0,20.0,0.0,0.0,,27,,,,,,,,
PAIR,,VCP-R1-038,VCP-R1-078,False,False,20,20.0,20.0,20.0,2.0,0.05263157894736842,20.0,20.0,0.0,0.0,,27,,,,,,,,
PAIR,,VCP-R1-038,VCP-R1-079,False,False,20,20.0,20.0,20.0,1.0,0.02564102564102564,20.0,20.0,0.0,0.0,,27,,,,,,,,
PAIR,,VCP-R1-038,VCP-R1-080,False,False,20,20.0,20.0,20.0,1.0,0.02564102564102564,20.0,20.0,0.0,0.0,,27,,,,,,,,
PAIR,,VCP-R1-038,VCP-R1-081,False,False,20,20.0,20.0,20.0,1.0,0.02564102564102564,20.0,20.0,0.0,0.0,,27,,,,,,,,
PAIR,,VCP-R1-038,VCP-R1-082,False,False,20,20.0,20.0,20.0,2.0,0.05263157894736842,20.0,20.0,0.0,0.0,,27,,,,,,,,
PAIR,,VCP-R1-038,VCP-R1-083,False,False,20,20.0,20.0,20.0,0.0,0.0,20.0,20.0,0.0,0.0,,27,,,,,,,,
PAIR,,VCP-R1-038,VCP-R1-084,False,False,20,18.0,20.0,18.0,0.0,0.0,20.0,18.0,0.0,0.0,,27,,,,,,,,
PAIR,,VCP-R1-038,VCP-R1-085,False,False,20,20.0,20.0,19.0,1.0,0.02631578947368421,20.0,20.0,0.0,0.0,,27,,,,,,,,
PAIR,,VCP-R1-038,VCP-R1-086,False,False,20,20.0,20.0,20.0,0.0,0.0,20.0,20.0,0.0,0.0,,27,,,,,,,,
PAIR,,VCP-R1-038,VCP-R1-087,False,False,20,20.0,20.0,19.0,0.0,0.0,20.0,20.0,0.0,0.0,,27,,,,,,,,
PAIR,,VCP-R1-038,VCP-R1-088,False,False,20,20.0,20.0,19.0,2.0,0.05405405405405406,20.0,20.0,0.0,0.0,,27,,,,,,,,
PAIR,,VCP-R1-038,VCP-R1-089,False,False,20,20.0,20.0,19.0,1.0,0.02631578947368421,20.0,20.0,0.0,0.0,,27,,,,,,,,
PAIR,,VCP-R1-038,VCP-R1-090,False,False,20,20.0,20.0,20.0,1.0,0.02564102564102564,20.0,20.0,0.0,0.0,,27,,,,,,,,
PAIR,,VCP-R1-038,VCP-R1-091,False,False,20,20.0,20.0,19.0,2.0,0.05405405405405406,20.0,20.0,1.0,0.02564102564102564,,27,,,,,,,,
PAIR,,VCP-R1-038,VCP-R1-092,False,False,20,20.0,20.0,19.0,1.0,0.02631578947368421,20.0,20.0,1.0,0.02564102564102564,,27,,,,,,,,
PAIR,,VCP-R1-038,VCP-R1-093,False,False,20,20.0,20.0,19.0,1.0,0.02631578947368421,20.0,20.0,1.0,0.02564102564102564,,27,,,,,,,,
PAIR,,VCP-R1-038,VCP-R1-094,False,False,20,20.0,20.0,19.0,1.0,0.02631578947368421,20.0,20.0,0.0,0.0,,27,,,,,,,,
PAIR,,VCP-R1-038,VCP-R1-095,False,False,20,20.0,20.0,20.0,1.0,0.02564102564102564,20.0,20.0,1.0,0.02564102564102564,,27,,,,,,,,
PAIR,,VCP-R1-038,VCP-R1-096,False,False,20,20.0,20.0,20.0,1.0,0.02564102564102564,20.0,20.0,1.0,0.02564102564102564,,27,,,,,,,,
PAIR,,VCP-R1-038,VCP-R1-097,False,False,20,20.0,20.0,20.0,1.0,0.02564102564102564,20.0,20.0,0.0,0.0,,27,,,,,,,,
PAIR,,VCP-R1-038,VCP-R1-098,False,False,20,20.0,20.0,20.0,0.0,0.0,20.0,20.0,0.0,0.0,,27,,,,,,,,
PAIR,,VCP-R1-038,VCP-R1-099,False,False,20,20.0,20.0,20.0,2.0,0.05263157894736842,20.0,20.0,1.0,0.02564102564102564,,27,,,,,,,,
PAIR,,VCP-R1-038,VCP-R1-100,False,False,20,20.0,20.0,19.0,2.0,0.05405405405405406,20.0,20.0,1.0,0.02564102564102564,,27,,,,,,,,
PAIR,,VCP-R1-038,VCP-R1-101,False,False,20,20.0,20.0,19.0,1.0,0.02631578947368421,20.0,20.0,1.0,0.02564102564102564,,27,,,,,,,,
PAIR,,VCP-R1-038,VCP-R1-102,False,False,20,20.0,20.0,19.0,1.0,0.02631578947368421,20.0,20.0,1.0,0.02564102564102564,,27,,,,,,,,
PAIR,,VCP-R1-038,VCP-R1-103,False,False,20,20.0,20.0,19.0,0.0,0.0,20.0,20.0,0.0,0.0,,27,,,,,,,,
PAIR,,VCP-R1-038,VCP-R1-104,False,False,20,20.0,20.0,20.0,1.0,0.02564102564102564,20.0,20.0,1.0,0.02564102564102564,,27,,,,,,,,
PAIR,,VCP-R1-038,VCP-R1-105,False,False,20,20.0,20.0,20.0,1.0,0.02564102564102564,20.0,20.0,1.0,0.02564102564102564,,27,,,,,,,,
PAIR,,VCP-R1-038,VCP-R1-106,False,False,20,20.0,20.0,19.0,1.0,0.02631578947368421,20.0,20.0,0.0,0.0,,27,,,,,,,,
PAIR,,VCP-R1-038,VCP-R1-107,False,False,20,20.0,20.0,20.0,0.0,0.0,20.0,20.0,0.0,0.0,,27,,,,,,,,
PAIR,,VCP-R1-038,VCP-R1-108,False,False,20,20.0,20.0,20.0,0.0,0.0,20.0,20.0,0.0,0.0,,27,,,,,,,,
PAIR,,VCP-R1-039,VCP-R1-040,False,True,20,20.0,20.0,19.0,2.0,0.05405405405405406,20.0,20.0,2.0,0.05263157894736842,,27,,,,,,,,
PAIR,,VCP-R1-039,VCP-R1-041,False,False,20,20.0,20.0,20.0,2.0,0.05263157894736842,20.0,20.0,2.0,0.05263157894736842,,27,,,,,,,,
PAIR,,VCP-R1-039,VCP-R1-042,False,True,20,20.0,20.0,20.0,4.0,0.1111111111111111,20.0,20.0,4.0,0.1111111111111111,,27,,,,,,,,
PAIR,,VCP-R1-039,VCP-R1-043,False,True,20,20.0,20.0,19.0,2.0,0.05405405405405406,20.0,20.0,2.0,0.05263157894736842,,27,,,,,,,,
PAIR,,VCP-R1-039,VCP-R1-044,False,False,20,20.0,20.0,20.0,2.0,0.05263157894736842,20.0,20.0,2.0,0.05263157894736842,,27,,,,,,,,
PAIR,,VCP-R1-039,VCP-R1-045,False,True,20,20.0,20.0,20.0,2.0,0.05263157894736842,20.0,20.0,2.0,0.05263157894736842,,27,,,,,,,,
PAIR,,VCP-R1-039,VCP-R1-046,False,False,20,20.0,20.0,19.0,4.0,0.11428571428571428,20.0,20.0,4.0,0.1111111111111111,,27,,,,,,,,
PAIR,,VCP-R1-039,VCP-R1-047,False,False,20,20.0,20.0,20.0,11.0,0.3793103448275862,20.0,20.0,11.0,0.3793103448275862,,27,,,,,,,,
PAIR,,VCP-R1-039,VCP-R1-048,False,False,20,20.0,20.0,20.0,20.0,1.0,20.0,20.0,20.0,1.0,,27,,,,,,,,
PAIR,,VCP-R1-039,VCP-R1-049,False,True,20,20.0,20.0,20.0,2.0,0.05263157894736842,20.0,20.0,2.0,0.05263157894736842,,27,,,,,,,,
PAIR,,VCP-R1-039,VCP-R1-050,False,False,20,20.0,20.0,20.0,2.0,0.05263157894736842,20.0,20.0,2.0,0.05263157894736842,,27,,,,,,,,
PAIR,,VCP-R1-039,VCP-R1-051,False,True,20,20.0,20.0,20.0,3.0,0.08108108108108109,20.0,20.0,3.0,0.08108108108108109,,27,,,,,,,,
PAIR,,VCP-R1-039,VCP-R1-052,False,True,20,20.0,20.0,19.0,2.0,0.05405405405405406,20.0,20.0,2.0,0.05263157894736842,,27,,,,,,,,
PAIR,,VCP-R1-039,VCP-R1-053,False,False,20,20.0,20.0,20.0,2.0,0.05263157894736842,20.0,20.0,2.0,0.05263157894736842,,27,,,,,,,,
PAIR,,VCP-R1-039,VCP-R1-054,False,True,20,20.0,20.0,20.0,2.0,0.05263157894736842,20.0,20.0,2.0,0.05263157894736842,,27,,,,,,,,
PAIR,,VCP-R1-039,VCP-R1-055,False,False,20,20.0,20.0,18.0,1.0,0.02702702702702703,20.0,20.0,0.0,0.0,,27,,,,,,,,
PAIR,,VCP-R1-039,VCP-R1-056,False,False,20,20.0,20.0,20.0,1.0,0.02564102564102564,20.0,20.0,0.0,0.0,,27,,,,,,,,
PAIR,,VCP-R1-039,VCP-R1-057,False,False,20,19.0,20.0,18.0,0.0,0.0,20.0,19.0,0.0,0.0,,27,,,,,,,,
PAIR,,VCP-R1-039,VCP-R1-058,False,False,20,20.0,20.0,19.0,1.0,0.02631578947368421,20.0,20.0,0.0,0.0,,27,,,,,,,,
PAIR,,VCP-R1-039,VCP-R1-059,False,False,20,20.0,20.0,19.0,1.0,0.02631578947368421,20.0,20.0,0.0,0.0,,27,,,,,,,,
PAIR,,VCP-R1-039,VCP-R1-060,False,False,20,20.0,20.0,20.0,1.0,0.02564102564102564,20.0,20.0,0.0,0.0,,27,,,,,,,,
PAIR,,VCP-R1-039,VCP-R1-061,False,False,20,20.0,20.0,20.0,1.0,0.02564102564102564,20.0,20.0,0.0,0.0,,27,,,,,,,,
PAIR,,VCP-R1-039,VCP-R1-062,False,False,20,20.0,20.0,20.0,1.0,0.02564102564102564,20.0,20.0,0.0,0.0,,27,,,,,,,,
PAIR,,VCP-R1-039,VCP-R1-063,False,False,20,20.0,20.0,20.0,1.0,0.02564102564102564,20.0,20.0,0.0,0.0,,27,,,,,,,,
PAIR,,VCP-R1-039,VCP-R1-064,False,False,20,20.0,20.0,19.0,0.0,0.0,20.0,20.0,0.0,0.0,,27,,,,,,,,
PAIR,,VCP-R1-039,VCP-R1-065,False,False,20,20.0,20.0,20.0,1.0,0.02564102564102564,20.0,20.0,0.0,0.0,,27,,,,,,,,
PAIR,,VCP-R1-039,VCP-R1-066,False,False,20,20.0,20.0,20.0,0.0,0.0,20.0,20.0,0.0,0.0,,27,,,,,,,,
PAIR,,VCP-R1-039,VCP-R1-067,False,False,20,20.0,20.0,20.0,1.0,0.02564102564102564,20.0,20.0,0.0,0.0,,27,,,,,,,,
PAIR,,VCP-R1-039,VCP-R1-068,False,False,20,20.0,20.0,19.0,1.0,0.02631578947368421,20.0,20.0,0.0,0.0,,27,,,,,,,,
PAIR,,VCP-R1-039,VCP-R1-069,False,False,20,20.0,20.0,20.0,1.0,0.02564102564102564,20.0,20.0,0.0,0.0,,27,,,,,,,,
PAIR,,VCP-R1-039,VCP-R1-070,False,False,20,20.0,20.0,20.0,0.0,0.0,20.0,20.0,0.0,0.0,,27,,,,,,,,
PAIR,,VCP-R1-039,VCP-R1-071,False,False,20,20.0,20.0,20.0,1.0,0.02564102564102564,20.0,20.0,0.0,0.0,,27,,,,,,,,
PAIR,,VCP-R1-039,VCP-R1-072,False,False,20,20.0,20.0,20.0,1.0,0.02564102564102564,20.0,20.0,0.0,0.0,,27,,,,,,,,
PAIR,,VCP-R1-039,VCP-R1-073,False,False,20,20.0,20.0,20.0,0.0,0.0,20.0,20.0,0.0,0.0,,27,,,,,,,,
PAIR,,VCP-R1-039,VCP-R1-074,False,False,20,20.0,20.0,20.0,1.0,0.02564102564102564,20.0,20.0,0.0,0.0,,27,,,,,,,,
PAIR,,VCP-R1-039,VCP-R1-075,False,False,20,20.0,20.0,20.0,0.0,0.0,20.0,20.0,0.0,0.0,,27,,,,,,,,
PAIR,,VCP-R1-039,VCP-R1-076,False,False,20,20.0,20.0,20.0,1.0,0.02564102564102564,20.0,20.0,0.0,0.0,,27,,,,,,,,
PAIR,,VCP-R1-039,VCP-R1-077,False,False,20,20.0,20.0,19.0,1.0,0.02631578947368421,20.0,20.0,0.0,0.0,,27,,,,,,,,
PAIR,,VCP-R1-039,VCP-R1-078,False,False,20,20.0,20.0,20.0,1.0,0.02564102564102564,20.0,20.0,0.0,0.0,,27,,,,,,,,
PAIR,,VCP-R1-039,VCP-R1-079,False,False,20,20.0,20.0,20.0,0.0,0.0,20.0,20.0,0.0,0.0,,27,,,,,,,,
PAIR,,VCP-R1-039,VCP-R1-080,False,False,20,20.0,20.0,20.0,1.0,0.02564102564102564,20.0,20.0,0.0,0.0,,27,,,,,,,,
PAIR,,VCP-R1-039,VCP-R1-081,False,False,20,20.0,20.0,20.0,1.0,0.02564102564102564,20.0,20.0,0.0,0.0,,27,,,,,,,,
PAIR,,VCP-R1-039,VCP-R1-082,False,False,20,20.0,20.0,20.0,1.0,0.02564102564102564,20.0,20.0,0.0,0.0,,27,,,,,,,,
PAIR,,VCP-R1-039,VCP-R1-083,False,False,20,20.0,20.0,20.0,0.0,0.0,20.0,20.0,0.0,0.0,,27,,,,,,,,
PAIR,,VCP-R1-039,VCP-R1-084,False,False,20,18.0,20.0,18.0,0.0,0.0,20.0,18.0,0.0,0.0,,27,,,,,,,,
PAIR,,VCP-R1-039,VCP-R1-085,False,False,20,20.0,20.0,19.0,0.0,0.0,20.0,20.0,0.0,0.0,,27,,,,,,,,
PAIR,,VCP-R1-039,VCP-R1-086,False,False,20,20.0,20.0,20.0,0.0,0.0,20.0,20.0,0.0,0.0,,27,,,,,,,,
PAIR,,VCP-R1-039,VCP-R1-087,False,False,20,20.0,20.0,19.0,0.0,0.0,20.0,20.0,0.0,0.0,,27,,,,,,,,
PAIR,,VCP-R1-039,VCP-R1-088,False,False,20,20.0,20.0,19.0,0.0,0.0,20.0,20.0,0.0,0.0,,27,,,,,,,,
PAIR,,VCP-R1-039,VCP-R1-089,False,False,20,20.0,20.0,19.0,1.0,0.02631578947368421,20.0,20.0,0.0,0.0,,27,,,,,,,,
PAIR,,VCP-R1-039,VCP-R1-090,False,False,20,20.0,20.0,20.0,1.0,0.02564102564102564,20.0,20.0,0.0,0.0,,27,,,,,,,,
PAIR,,VCP-R1-039,VCP-R1-091,False,False,20,20.0,20.0,19.0,2.0,0.05405405405405406,20.0,20.0,1.0,0.02564102564102564,,27,,,,,,,,
PAIR,,VCP-R1-039,VCP-R1-092,False,False,20,20.0,20.0,19.0,2.0,0.05405405405405406,20.0,20.0,1.0,0.02564102564102564,,27,,,,,,,,
PAIR,,VCP-R1-039,VCP-R1-093,False,False,20,20.0,20.0,19.0,2.0,0.05405405405405406,20.0,20.0,1.0,0.02564102564102564,,27,,,,,,,,
PAIR,,VCP-R1-039,VCP-R1-094,False,False,20,20.0,20.0,19.0,0.0,0.0,20.0,20.0,0.0,0.0,,27,,,,,,,,
PAIR,,VCP-R1-039,VCP-R1-095,False,False,20,20.0,20.0,20.0,1.0,0.02564102564102564,20.0,20.0,1.0,0.02564102564102564,,27,,,,,,,,
PAIR,,VCP-R1-039,VCP-R1-096,False,False,20,20.0,20.0,20.0,2.0,0.05263157894736842,20.0,20.0,1.0,0.02564102564102564,,27,,,,,,,,
PAIR,,VCP-R1-039,VCP-R1-097,False,False,20,20.0,20.0,20.0,0.0,0.0,20.0,20.0,0.0,0.0,,27,,,,,,,,
PAIR,,VCP-R1-039,VCP-R1-098,False,False,20,20.0,20.0,20.0,0.0,0.0,20.0,20.0,0.0,0.0,,27,,,,,,,,
PAIR,,VCP-R1-039,VCP-R1-099,False,False,20,20.0,20.0,20.0,2.0,0.05263157894736842,20.0,20.0,1.0,0.02564102564102564,,27,,,,,,,,
PAIR,,VCP-R1-039,VCP-R1-100,False,False,20,20.0,20.0,19.0,2.0,0.05405405405405406,20.0,20.0,1.0,0.02564102564102564,,27,,,,,,,,
PAIR,,VCP-R1-039,VCP-R1-101,False,False,20,20.0,20.0,19.0,2.0,0.05405405405405406,20.0,20.0,1.0,0.02564102564102564,,27,,,,,,,,
PAIR,,VCP-R1-039,VCP-R1-102,False,False,20,20.0,20.0,19.0,2.0,0.05405405405405406,20.0,20.0,1.0,0.02564102564102564,,27,,,,,,,,
PAIR,,VCP-R1-039,VCP-R1-103,False,False,20,20.0,20.0,19.0,0.0,0.0,20.0,20.0,0.0,0.0,,27,,,,,,,,
PAIR,,VCP-R1-039,VCP-R1-104,False,False,20,20.0,20.0,20.0,1.0,0.02564102564102564,20.0,20.0,1.0,0.02564102564102564,,27,,,,,,,,
PAIR,,VCP-R1-039,VCP-R1-105,False,False,20,20.0,20.0,20.0,1.0,0.02564102564102564,20.0,20.0,1.0,0.02564102564102564,,27,,,,,,,,
PAIR,,VCP-R1-039,VCP-R1-106,False,False,20,20.0,20.0,19.0,0.0,0.0,20.0,20.0,0.0,0.0,,27,,,,,,,,
PAIR,,VCP-R1-039,VCP-R1-107,False,False,20,20.0,20.0,20.0,0.0,0.0,20.0,20.0,0.0,0.0,,27,,,,,,,,
PAIR,,VCP-R1-039,VCP-R1-108,False,False,20,20.0,20.0,20.0,0.0,0.0,20.0,20.0,0.0,0.0,,27,,,,,,,,
PAIR,,VCP-R1-040,VCP-R1-041,True,False,20,20.0,19.0,20.0,9.0,0.3,20.0,20.0,9.0,0.2903225806451613,,27,,,,,,,,
PAIR,,VCP-R1-040,VCP-R1-042,True,True,20,20.0,19.0,20.0,6.0,0.18181818181818182,20.0,20.0,6.0,0.17647058823529413,,27,,,,,,,,
PAIR,,VCP-R1-040,VCP-R1-043,True,True,20,20.0,19.0,19.0,15.0,0.6521739130434783,20.0,20.0,15.0,0.6,參數組合的主要贏家重疊，需檢查高原是否依賴共同個股／行情,27,,,,,,,,
PAIR,,VCP-R1-040,VCP-R1-044,True,False,20,20.0,19.0,20.0,10.0,0.3448275862068966,20.0,20.0,9.0,0.2903225806451613,,27,,,,,,,,
PAIR,,VCP-R1-040,VCP-R1-045,True,True,20,20.0,19.0,20.0,7.0,0.21875,20.0,20.0,6.0,0.17647058823529413,,27,,,,,,,,
PAIR,,VCP-R1-040,VCP-R1-046,True,False,20,20.0,19.0,19.0,8.0,0.26666666666666666,20.0,20.0,8.0,0.25,,27,,,,,,,,
PAIR,,VCP-R1-040,VCP-R1-047,True,False,20,20.0,19.0,20.0,3.0,0.08333333333333333,20.0,20.0,3.0,0.08108108108108109,,27,,,,,,,,
PAIR,,VCP-R1-040,VCP-R1-048,True,False,20,20.0,19.0,20.0,2.0,0.05405405405405406,20.0,20.0,2.0,0.05263157894736842,,27,,,,,,,,
PAIR,,VCP-R1-040,VCP-R1-049,True,True,20,20.0,19.0,20.0,16.0,0.6956521739130435,20.0,20.0,16.0,0.6666666666666666,參數組合的主要贏家重疊，需檢查高原是否依賴共同個股／行情,27,,,,,,,,
PAIR,,VCP-R1-040,VCP-R1-050,True,False,20,20.0,19.0,20.0,9.0,0.3,20.0,20.0,9.0,0.2903225806451613,,27,,,,,,,,
PAIR,,VCP-R1-040,VCP-R1-051,True,True,20,20.0,19.0,20.0,6.0,0.18181818181818182,20.0,20.0,6.0,0.17647058823529413,,27,,,,,,,,
PAIR,,VCP-R1-040,VCP-R1-052,True,True,20,20.0,19.0,19.0,12.0,0.46153846153846156,20.0,20.0,12.0,0.42857142857142855,,27,,,,,,,,
PAIR,,VCP-R1-040,VCP-R1-053,True,False,20,20.0,19.0,20.0,10.0,0.3448275862068966,20.0,20.0,9.0,0.2903225806451613,,27,,,,,,,,
PAIR,,VCP-R1-040,VCP-R1-054,True,True,20,20.0,19.0,20.0,7.0,0.21875,20.0,20.0,6.0,0.17647058823529413,,27,,,,,,,,
PAIR,,VCP-R1-040,VCP-R1-055,True,False,20,20.0,19.0,18.0,0.0,0.0,20.0,20.0,0.0,0.0,,27,,,,,,,,
PAIR,,VCP-R1-040,VCP-R1-056,True,False,20,20.0,19.0,20.0,0.0,0.0,20.0,20.0,0.0,0.0,,27,,,,,,,,
PAIR,,VCP-R1-040,VCP-R1-057,True,False,20,19.0,19.0,18.0,0.0,0.0,20.0,19.0,0.0,0.0,,27,,,,,,,,
PAIR,,VCP-R1-040,VCP-R1-058,True,False,20,20.0,19.0,19.0,0.0,0.0,20.0,20.0,0.0,0.0,,27,,,,,,,,
PAIR,,VCP-R1-040,VCP-R1-059,True,False,20,20.0,19.0,19.0,1.0,0.02702702702702703,20.0,20.0,0.0,0.0,,27,,,,,,,,
PAIR,,VCP-R1-040,VCP-R1-060,True,False,20,20.0,19.0,20.0,1.0,0.02631578947368421,20.0,20.0,0.0,0.0,,27,,,,,,,,
PAIR,,VCP-R1-040,VCP-R1-061,True,False,20,20.0,19.0,20.0,0.0,0.0,20.0,20.0,0.0,0.0,,27,,,,,,,,
PAIR,,VCP-R1-040,VCP-R1-062,True,False,20,20.0,19.0,20.0,0.0,0.0,20.0,20.0,0.0,0.0,,27,,,,,,,,
PAIR,,VCP-R1-040,VCP-R1-063,True,False,20,20.0,19.0,20.0,1.0,0.02631578947368421,20.0,20.0,0.0,0.0,,27,,,,,,,,
PAIR,,VCP-R1-040,VCP-R1-064,True,False,20,20.0,19.0,19.0,1.0,0.02702702702702703,20.0,20.0,1.0,0.02564102564102564,,27,,,,,,,,
PAIR,,VCP-R1-040,VCP-R1-065,True,False,20,20.0,19.0,20.0,0.0,0.0,20.0,20.0,0.0,0.0,,27,,,,,,,,
PAIR,,VCP-R1-040,VCP-R1-066,True,False,20,20.0,19.0,20.0,0.0,0.0,20.0,20.0,0.0,0.0,,27,,,,,,,,
PAIR,,VCP-R1-040,VCP-R1-067,True,False,20,20.0,19.0,20.0,1.0,0.02631578947368421,20.0,20.0,1.0,0.02564102564102564,,27,,,,,,,,
PAIR,,VCP-R1-040,VCP-R1-068,True,False,20,20.0,19.0,19.0,1.0,0.02702702702702703,20.0,20.0,0.0,0.0,,27,,,,,,,,
PAIR,,VCP-R1-040,VCP-R1-069,True,False,20,20.0,19.0,20.0,1.0,0.02631578947368421,20.0,20.0,0.0,0.0,,27,,,,,,,,
PAIR,,VCP-R1-040,VCP-R1-070,True,False,20,20.0,19.0,20.0,1.0,0.02631578947368421,20.0,20.0,1.0,0.02564102564102564,,27,,,,,,,,
PAIR,,VCP-R1-040,VCP-R1-071,True,False,20,20.0,19.0,20.0,0.0,0.0,20.0,20.0,0.0,0.0,,27,,,,,,,,
PAIR,,VCP-R1-040,VCP-R1-072,True,False,20,20.0,19.0,20.0,0.0,0.0,20.0,20.0,0.0,0.0,,27,,,,,,,,
PAIR,,VCP-R1-040,VCP-R1-073,True,False,20,20.0,19.0,20.0,1.0,0.02631578947368421,20.0,20.0,1.0,0.02564102564102564,,27,,,,,,,,
PAIR,,VCP-R1-040,VCP-R1-074,True,False,20,20.0,19.0,20.0,0.0,0.0,20.0,20.0,0.0,0.0,,27,,,,,,,,
PAIR,,VCP-R1-040,VCP-R1-075,True,False,20,20.0,19.0,20.0,0.0,0.0,20.0,20.0,0.0,0.0,,27,,,,,,,,
PAIR,,VCP-R1-040,VCP-R1-076,True,False,20,20.0,19.0,20.0,1.0,0.02631578947368421,20.0,20.0,1.0,0.02564102564102564,,27,,,,,,,,
PAIR,,VCP-R1-040,VCP-R1-077,True,False,20,20.0,19.0,19.0,0.0,0.0,20.0,20.0,0.0,0.0,,27,,,,,,,,
PAIR,,VCP-R1-040,VCP-R1-078,True,False,20,20.0,19.0,20.0,1.0,0.02631578947368421,20.0,20.0,0.0,0.0,,27,,,,,,,,
PAIR,,VCP-R1-040,VCP-R1-079,True,False,20,20.0,19.0,20.0,1.0,0.02631578947368421,20.0,20.0,1.0,0.02564102564102564,,27,,,,,,,,
PAIR,,VCP-R1-040,VCP-R1-080,True,False,20,20.0,19.0,20.0,0.0,0.0,20.0,20.0,0.0,0.0,,27,,,,,,,,
PAIR,,VCP-R1-040,VCP-R1-081,True,False,20,20.0,19.0,20.0,0.0,0.0,20.0,20.0,0.0,0.0,,27,,,,,,,,
PAIR,,VCP-R1-040,VCP-R1-082,True,False,20,20.0,19.0,20.0,1.0,0.02631578947368421,20.0,20.0,0.0,0.0,,27,,,,,,,,
PAIR,,VCP-R1-040,VCP-R1-083,True,False,20,20.0,19.0,20.0,0.0,0.0,20.0,20.0,0.0,0.0,,27,,,,,,,,
PAIR,,VCP-R1-040,VCP-R1-084,True,False,20,18.0,19.0,18.0,0.0,0.0,20.0,18.0,0.0,0.0,,27,,,,,,,,
PAIR,,VCP-R1-040,VCP-R1-085,True,False,20,20.0,19.0,19.0,1.0,0.02702702702702703,20.0,20.0,0.0,0.0,,27,,,,,,,,
PAIR,,VCP-R1-040,VCP-R1-086,True,False,20,20.0,19.0,20.0,1.0,0.02631578947368421,20.0,20.0,0.0,0.0,,27,,,,,,,,
PAIR,,VCP-R1-040,VCP-R1-087,True,False,20,20.0,19.0,19.0,1.0,0.02702702702702703,20.0,20.0,0.0,0.0,,27,,,,,,,,
PAIR,,VCP-R1-040,VCP-R1-088,True,False,20,20.0,19.0,19.0,1.0,0.02702702702702703,20.0,20.0,0.0,0.0,,27,,,,,,,,
PAIR,,VCP-R1-040,VCP-R1-089,True,False,20,20.0,19.0,19.0,1.0,0.02702702702702703,20.0,20.0,0.0,0.0,,27,,,,,,,,
PAIR,,VCP-R1-040,VCP-R1-090,True,False,20,20.0,19.0,20.0,2.0,0.05405405405405406,20.0,20.0,0.0,0.0,,27,,,,,,,,
PAIR,,VCP-R1-040,VCP-R1-091,True,False,20,20.0,19.0,19.0,0.0,0.0,20.0,20.0,0.0,0.0,,27,,,,,,,,
PAIR,,VCP-R1-040,VCP-R1-092,True,False,20,20.0,19.0,19.0,0.0,0.0,20.0,20.0,0.0,0.0,,27,,,,,,,,
PAIR,,VCP-R1-040,VCP-R1-093,True,False,20,20.0,19.0,19.0,0.0,0.0,20.0,20.0,0.0,0.0,,27,,,,,,,,
PAIR,,VCP-R1-040,VCP-R1-094,True,False,20,20.0,19.0,19.0,2.0,0.05555555555555555,20.0,20.0,1.0,0.02564102564102564,,27,,,,,,,,
PAIR,,VCP-R1-040,VCP-R1-095,True,False,20,20.0,19.0,20.0,2.0,0.05405405405405406,20.0,20.0,1.0,0.02564102564102564,,27,,,,,,,,
PAIR,,VCP-R1-040,VCP-R1-096,True,False,20,20.0,19.0,20.0,1.0,0.02631578947368421,20.0,20.0,0.0,0.0,,27,,,,,,,,
PAIR,,VCP-R1-040,VCP-R1-097,True,False,20,20.0,19.0,20.0,2.0,0.05405405405405406,20.0,20.0,1.0,0.02564102564102564,,27,,,,,,,,
PAIR,,VCP-R1-040,VCP-R1-098,True,False,20,20.0,19.0,20.0,2.0,0.05405405405405406,20.0,20.0,1.0,0.02564102564102564,,27,,,,,,,,
PAIR,,VCP-R1-040,VCP-R1-099,True,False,20,20.0,19.0,20.0,1.0,0.02631578947368421,20.0,20.0,0.0,0.0,,27,,,,,,,,
PAIR,,VCP-R1-040,VCP-R1-100,True,False,20,20.0,19.0,19.0,0.0,0.0,20.0,20.0,0.0,0.0,,27,,,,,,,,
PAIR,,VCP-R1-040,VCP-R1-101,True,False,20,20.0,19.0,19.0,0.0,0.0,20.0,20.0,0.0,0.0,,27,,,,,,,,
PAIR,,VCP-R1-040,VCP-R1-102,True,False,20,20.0,19.0,19.0,0.0,0.0,20.0,20.0,0.0,0.0,,27,,,,,,,,
PAIR,,VCP-R1-040,VCP-R1-103,True,False,20,20.0,19.0,19.0,2.0,0.05555555555555555,20.0,20.0,1.0,0.02564102564102564,,27,,,,,,,,
PAIR,,VCP-R1-040,VCP-R1-104,True,False,20,20.0,19.0,20.0,2.0,0.05405405405405406,20.0,20.0,1.0,0.02564102564102564,,27,,,,,,,,
PAIR,,VCP-R1-040,VCP-R1-105,True,False,20,20.0,19.0,20.0,1.0,0.02631578947368421,20.0,20.0,0.0,0.0,,27,,,,,,,,
PAIR,,VCP-R1-040,VCP-R1-106,True,False,20,20.0,19.0,19.0,2.0,0.05555555555555555,20.0,20.0,1.0,0.02564102564102564,,27,,,,,,,,
PAIR,,VCP-R1-040,VCP-R1-107,True,False,20,20.0,19.0,20.0,2.0,0.05405405405405406,20.0,20.0,1.0,0.02564102564102564,,27,,,,,,,,
PAIR,,VCP-R1-040,VCP-R1-108,True,False,20,20.0,19.0,20.0,1.0,0.02631578947368421,20.0,20.0,0.0,0.0,,27,,,,,,,,
PAIR,,VCP-R1-041,VCP-R1-042,False,True,20,20.0,20.0,20.0,14.0,0.5384615384615384,20.0,20.0,14.0,0.5384615384615384,,27,,,,,,,,
PAIR,,VCP-R1-041,VCP-R1-043,False,True,20,20.0,20.0,19.0,7.0,0.21875,20.0,20.0,7.0,0.21212121212121213,,27,,,,,,,,
PAIR,,VCP-R1-041,VCP-R1-044,False,False,20,20.0,20.0,20.0,13.0,0.48148148148148145,20.0,20.0,13.0,0.48148148148148145,,27,,,,,,,,
PAIR,,VCP-R1-041,VCP-R1-045,False,True,20,20.0,20.0,20.0,14.0,0.5384615384615384,20.0,20.0,14.0,0.5384615384615384,,27,,,,,,,,
PAIR,,VCP-R1-041,VCP-R1-046,False,False,20,20.0,20.0,19.0,6.0,0.18181818181818182,20.0,20.0,6.0,0.17647058823529413,,27,,,,,,,,
PAIR,,VCP-R1-041,VCP-R1-047,False,False,20,20.0,20.0,20.0,6.0,0.17647058823529413,20.0,20.0,6.0,0.17647058823529413,,27,,,,,,,,
PAIR,,VCP-R1-041,VCP-R1-048,False,False,20,20.0,20.0,20.0,2.0,0.05263157894736842,20.0,20.0,2.0,0.05263157894736842,,27,,,,,,,,
PAIR,,VCP-R1-041,VCP-R1-049,False,True,20,20.0,20.0,20.0,7.0,0.21212121212121213,20.0,20.0,7.0,0.21212121212121213,,27,,,,,,,,
PAIR,,VCP-R1-041,VCP-R1-050,False,False,20,20.0,20.0,20.0,19.0,0.9047619047619048,20.0,20.0,19.0,0.9047619047619048,,27,,,,,,,,
PAIR,,VCP-R1-041,VCP-R1-051,False,True,20,20.0,20.0,20.0,14.0,0.5384615384615384,20.0,20.0,14.0,0.5384615384615384,,27,,,,,,,,
PAIR,,VCP-R1-041,VCP-R1-052,False,True,20,20.0,20.0,19.0,6.0,0.18181818181818182,20.0,20.0,6.0,0.17647058823529413,,27,,,,,,,,
PAIR,,VCP-R1-041,VCP-R1-053,False,False,20,20.0,20.0,20.0,13.0,0.48148148148148145,20.0,20.0,13.0,0.48148148148148145,,27,,,,,,,,
PAIR,,VCP-R1-041,VCP-R1-054,False,True,20,20.0,20.0,20.0,13.0,0.48148148148148145,20.0,20.0,13.0,0.48148148148148145,,27,,,,,,,,
PAIR,,VCP-R1-041,VCP-R1-055,False,False,20,20.0,20.0,18.0,0.0,0.0,20.0,20.0,0.0,0.0,,27,,,,,,,,
PAIR,,VCP-R1-041,VCP-R1-056,False,False,20,20.0,20.0,20.0,0.0,0.0,20.0,20.0,0.0,0.0,,27,,,,,,,,
PAIR,,VCP-R1-041,VCP-R1-057,False,False,20,19.0,20.0,18.0,0.0,0.0,20.0,19.0,0.0,0.0,,27,,,,,,,,
PAIR,,VCP-R1-041,VCP-R1-058,False,False,20,20.0,20.0,19.0,0.0,0.0,20.0,20.0,0.0,0.0,,27,,,,,,,,
PAIR,,VCP-R1-041,VCP-R1-059,False,False,20,20.0,20.0,19.0,0.0,0.0,20.0,20.0,0.0,0.0,,27,,,,,,,,
PAIR,,VCP-R1-041,VCP-R1-060,False,False,20,20.0,20.0,20.0,0.0,0.0,20.0,20.0,0.0,0.0,,27,,,,,,,,
PAIR,,VCP-R1-041,VCP-R1-061,False,False,20,20.0,20.0,20.0,1.0,0.02564102564102564,20.0,20.0,0.0,0.0,,27,,,,,,,,
PAIR,,VCP-R1-041,VCP-R1-062,False,False,20,20.0,20.0,20.0,0.0,0.0,20.0,20.0,0.0,0.0,,27,,,,,,,,
PAIR,,VCP-R1-041,VCP-R1-063,False,False,20,20.0,20.0,20.0,0.0,0.0,20.0,20.0,0.0,0.0,,27,,,,,,,,
PAIR,,VCP-R1-041,VCP-R1-064,False,False,20,20.0,20.0,19.0,0.0,0.0,20.0,20.0,0.0,0.0,,27,,,,,,,,
PAIR,,VCP-R1-041,VCP-R1-065,False,False,20,20.0,20.0,20.0,0.0,0.0,20.0,20.0,0.0,0.0,,27,,,,,,,,
PAIR,,VCP-R1-041,VCP-R1-066,False,False,20,20.0,20.0,20.0,0.0,0.0,20.0,20.0,0.0,0.0,,27,,,,,,,,
PAIR,,VCP-R1-041,VCP-R1-067,False,False,20,20.0,20.0,20.0,0.0,0.0,20.0,20.0,0.0,0.0,,27,,,,,,,,
PAIR,,VCP-R1-041,VCP-R1-068,False,False,20,20.0,20.0,19.0,0.0,0.0,20.0,20.0,0.0,0.0,,27,,,,,,,,
PAIR,,VCP-R1-041,VCP-R1-069,False,False,20,20.0,20.0,20.0,0.0,0.0,20.0,20.0,0.0,0.0,,27,,,,,,,,
PAIR,,VCP-R1-041,VCP-R1-070,False,False,20,20.0,20.0,20.0,1.0,0.02564102564102564,20.0,20.0,0.0,0.0,,27,,,,,,,,
PAIR,,VCP-R1-041,VCP-R1-071,False,False,20,20.0,20.0,20.0,0.0,0.0,20.0,20.0,0.0,0.0,,27,,,,,,,,
PAIR,,VCP-R1-041,VCP-R1-072,False,False,20,20.0,20.0,20.0,0.0,0.0,20.0,20.0,0.0,0.0,,27,,,,,,,,
PAIR,,VCP-R1-041,VCP-R1-073,False,False,20,20.0,20.0,20.0,0.0,0.0,20.0,20.0,0.0,0.0,,27,,,,,,,,
PAIR,,VCP-R1-041,VCP-R1-074,False,False,20,20.0,20.0,20.0,0.0,0.0,20.0,20.0,0.0,0.0,,27,,,,,,,,
PAIR,,VCP-R1-041,VCP-R1-075,False,False,20,20.0,20.0,20.0,0.0,0.0,20.0,20.0,0.0,0.0,,27,,,,,,,,
PAIR,,VCP-R1-041,VCP-R1-076,False,False,20,20.0,20.0,20.0,0.0,0.0,20.0,20.0,0.0,0.0,,27,,,,,,,,
PAIR,,VCP-R1-041,VCP-R1-077,False,False,20,20.0,20.0,19.0,0.0,0.0,20.0,20.0,0.0,0.0,,27,,,,,,,,
PAIR,,VCP-R1-041,VCP-R1-078,False,False,20,20.0,20.0,20.0,0.0,0.0,20.0,20.0,0.0,0.0,,27,,,,,,,,
PAIR,,VCP-R1-041,VCP-R1-079,False,False,20,20.0,20.0,20.0,1.0,0.02564102564102564,20.0,20.0,0.0,0.0,,27,,,,,,,,
PAIR,,VCP-R1-041,VCP-R1-080,False,False,20,20.0,20.0,20.0,0.0,0.0,20.0,20.0,0.0,0.0,,27,,,,,,,,
PAIR,,VCP-R1-041,VCP-R1-081,False,False,20,20.0,20.0,20.0,1.0,0.02564102564102564,20.0,20.0,0.0,0.0,,27,,,,,,,,
PAIR,,VCP-R1-041,VCP-R1-082,False,False,20,20.0,20.0,20.0,2.0,0.05263157894736842,20.0,20.0,0.0,0.0,,27,,,,,,,,
PAIR,,VCP-R1-041,VCP-R1-083,False,False,20,20.0,20.0,20.0,0.0,0.0,20.0,20.0,0.0,0.0,,27,,,,,,,,
PAIR,,VCP-R1-041,VCP-R1-084,False,False,20,18.0,20.0,18.0,0.0,0.0,20.0,18.0,0.0,0.0,,27,,,,,,,,
PAIR,,VCP-R1-041,VCP-R1-085,False,False,20,20.0,20.0,19.0,1.0,0.02631578947368421,20.0,20.0,0.0,0.0,,27,,,,,,,,
PAIR,,VCP-R1-041,VCP-R1-086,False,False,20,20.0,20.0,20.0,0.0,0.0,20.0,20.0,0.0,0.0,,27,,,,,,,,
PAIR,,VCP-R1-041,VCP-R1-087,False,False,20,20.0,20.0,19.0,0.0,0.0,20.0,20.0,0.0,0.0,,27,,,,,,,,
PAIR,,VCP-R1-041,VCP-R1-088,False,False,20,20.0,20.0,19.0,2.0,0.05405405405405406,20.0,20.0,0.0,0.0,,27,,,,,,,,
PAIR,,VCP-R1-041,VCP-R1-089,False,False,20,20.0,20.0,19.0,0.0,0.0,20.0,20.0,0.0,0.0,,27,,,,,,,,
PAIR,,VCP-R1-041,VCP-R1-090,False,False,20,20.0,20.0,20.0,0.0,0.0,20.0,20.0,0.0,0.0,,27,,,,,,,,
PAIR,,VCP-R1-041,VCP-R1-091,False,False,20,20.0,20.0,19.0,2.0,0.05405405405405406,20.0,20.0,1.0,0.02564102564102564,,27,,,,,,,,
PAIR,,VCP-R1-041,VCP-R1-092,False,False,20,20.0,20.0,19.0,1.0,0.02631578947368421,20.0,20.0,1.0,0.02564102564102564,,27,,,,,,,,
PAIR,,VCP-R1-041,VCP-R1-093,False,False,20,20.0,20.0,19.0,1.0,0.02631578947368421,20.0,20.0,1.0,0.02564102564102564,,27,,,,,,,,
PAIR,,VCP-R1-041,VCP-R1-094,False,False,20,20.0,20.0,19.0,3.0,0.08333333333333333,20.0,20.0,2.0,0.05263157894736842,,27,,,,,,,,
PAIR,,VCP-R1-041,VCP-R1-095,False,False,20,20.0,20.0,20.0,2.0,0.05263157894736842,20.0,20.0,2.0,0.05263157894736842,,27,,,,,,,,
PAIR,,VCP-R1-041,VCP-R1-096,False,False,20,20.0,20.0,20.0,1.0,0.02564102564102564,20.0,20.0,1.0,0.02564102564102564,,27,,,,,,,,
PAIR,,VCP-R1-041,VCP-R1-097,False,False,20,20.0,20.0,20.0,2.0,0.05263157894736842,20.0,20.0,1.0,0.02564102564102564,,27,,,,,,,,
PAIR,,VCP-R1-041,VCP-R1-098,False,False,20,20.0,20.0,20.0,1.0,0.02564102564102564,20.0,20.0,1.0,0.02564102564102564,,27,,,,,,,,
PAIR,,VCP-R1-041,VCP-R1-099,False,False,20,20.0,20.0,20.0,1.0,0.02564102564102564,20.0,20.0,1.0,0.02564102564102564,,27,,,,,,,,
PAIR,,VCP-R1-041,VCP-R1-100,False,False,20,20.0,20.0,19.0,2.0,0.05405405405405406,20.0,20.0,1.0,0.02564102564102564,,27,,,,,,,,
PAIR,,VCP-R1-041,VCP-R1-101,False,False,20,20.0,20.0,19.0,1.0,0.02631578947368421,20.0,20.0,1.0,0.02564102564102564,,27,,,,,,,,
PAIR,,VCP-R1-041,VCP-R1-102,False,False,20,20.0,20.0,19.0,1.0,0.02631578947368421,20.0,20.0,1.0,0.02564102564102564,,27,,,,,,,,
PAIR,,VCP-R1-041,VCP-R1-103,False,False,20,20.0,20.0,19.0,1.0,0.02631578947368421,20.0,20.0,1.0,0.02564102564102564,,27,,,,,,,,
PAIR,,VCP-R1-041,VCP-R1-104,False,False,20,20.0,20.0,20.0,2.0,0.05263157894736842,20.0,20.0,2.0,0.05263157894736842,,27,,,,,,,,
PAIR,,VCP-R1-041,VCP-R1-105,False,False,20,20.0,20.0,20.0,1.0,0.02564102564102564,20.0,20.0,1.0,0.02564102564102564,,27,,,,,,,,
PAIR,,VCP-R1-041,VCP-R1-106,False,False,20,20.0,20.0,19.0,2.0,0.05405405405405406,20.0,20.0,1.0,0.02564102564102564,,27,,,,,,,,
PAIR,,VCP-R1-041,VCP-R1-107,False,False,20,20.0,20.0,20.0,1.0,0.02564102564102564,20.0,20.0,1.0,0.02564102564102564,,27,,,,,,,,
PAIR,,VCP-R1-041,VCP-R1-108,False,False,20,20.0,20.0,20.0,1.0,0.02564102564102564,20.0,20.0,1.0,0.02564102564102564,,27,,,,,,,,
PAIR,,VCP-R1-042,VCP-R1-043,True,True,20,20.0,20.0,19.0,4.0,0.11428571428571428,20.0,20.0,4.0,0.1111111111111111,,27,,,,,,,,
PAIR,,VCP-R1-042,VCP-R1-044,True,False,20,20.0,20.0,20.0,9.0,0.2903225806451613,20.0,20.0,9.0,0.2903225806451613,,27,,,,,,,,
PAIR,,VCP-R1-042,VCP-R1-045,True,True,20,20.0,20.0,20.0,15.0,0.6,20.0,20.0,15.0,0.6,,27,,,,,,,,
PAIR,,VCP-R1-042,VCP-R1-046,True,False,20,20.0,20.0,19.0,4.0,0.11428571428571428,20.0,20.0,4.0,0.1111111111111111,,27,,,,,,,,
PAIR,,VCP-R1-042,VCP-R1-047,True,False,20,20.0,20.0,20.0,4.0,0.1111111111111111,20.0,20.0,4.0,0.1111111111111111,,27,,,,,,,,
PAIR,,VCP-R1-042,VCP-R1-048,True,False,20,20.0,20.0,20.0,4.0,0.1111111111111111,20.0,20.0,4.0,0.1111111111111111,,27,,,,,,,,
PAIR,,VCP-R1-042,VCP-R1-049,True,True,20,20.0,20.0,20.0,4.0,0.1111111111111111,20.0,20.0,4.0,0.1111111111111111,,27,,,,,,,,
PAIR,,VCP-R1-042,VCP-R1-050,True,False,20,20.0,20.0,20.0,13.0,0.48148148148148145,20.0,20.0,13.0,0.48148148148148145,,27,,,,,,,,
PAIR,,VCP-R1-042,VCP-R1-051,True,True,20,20.0,20.0,20.0,19.0,0.9047619047619048,20.0,20.0,19.0,0.9047619047619048,參數組合的主要贏家重疊，需檢查高原是否依賴共同個股／行情,27,,,,,,,,
PAIR,,VCP-R1-042,VCP-R1-052,True,True,20,20.0,20.0,19.0,4.0,0.11428571428571428,20.0,20.0,4.0,0.1111111111111111,,27,,,,,,,,
PAIR,,VCP-R1-042,VCP-R1-053,True,False,20,20.0,20.0,20.0,9.0,0.2903225806451613,20.0,20.0,9.0,0.2903225806451613,,27,,,,,,,,
PAIR,,VCP-R1-042,VCP-R1-054,True,True,20,20.0,20.0,20.0,13.0,0.48148148148148145,20.0,20.0,13.0,0.48148148148148145,,27,,,,,,,,
PAIR,,VCP-R1-042,VCP-R1-055,True,False,20,20.0,20.0,18.0,0.0,0.0,20.0,20.0,0.0,0.0,,27,,,,,,,,
PAIR,,VCP-R1-042,VCP-R1-056,True,False,20,20.0,20.0,20.0,0.0,0.0,20.0,20.0,0.0,0.0,,27,,,,,,,,
PAIR,,VCP-R1-042,VCP-R1-057,True,False,20,19.0,20.0,18.0,0.0,0.0,20.0,19.0,0.0,0.0,,27,,,,,,,,
PAIR,,VCP-R1-042,VCP-R1-058,True,False,20,20.0,20.0,19.0,0.0,0.0,20.0,20.0,0.0,0.0,,27,,,,,,,,
PAIR,,VCP-R1-042,VCP-R1-059,True,False,20,20.0,20.0,19.0,0.0,0.0,20.0,20.0,0.0,0.0,,27,,,,,,,,
PAIR,,VCP-R1-042,VCP-R1-060,True,False,20,20.0,20.0,20.0,0.0,0.0,20.0,20.0,0.0,0.0,,27,,,,,,,,
PAIR,,VCP-R1-042,VCP-R1-061,True,False,20,20.0,20.0,20.0,0.0,0.0,20.0,20.0,0.0,0.0,,27,,,,,,,,
PAIR,,VCP-R1-042,VCP-R1-062,True,False,20,20.0,20.0,20.0,0.0,0.0,20.0,20.0,0.0,0.0,,27,,,,,,,,
PAIR,,VCP-R1-042,VCP-R1-063,True,False,20,20.0,20.0,20.0,0.0,0.0,20.0,20.0,0.0,0.0,,27,,,,,,,,
PAIR,,VCP-R1-042,VCP-R1-064,True,False,20,20.0,20.0,19.0,0.0,0.0,20.0,20.0,0.0,0.0,,27,,,,,,,,
PAIR,,VCP-R1-042,VCP-R1-065,True,False,20,20.0,20.0,20.0,0.0,0.0,20.0,20.0,0.0,0.0,,27,,,,,,,,
PAIR,,VCP-R1-042,VCP-R1-066,True,False,20,20.0,20.0,20.0,0.0,0.0,20.0,20.0,0.0,0.0,,27,,,,,,,,
PAIR,,VCP-R1-042,VCP-R1-067,True,False,20,20.0,20.0,20.0,0.0,0.0,20.0,20.0,0.0,0.0,,27,,,,,,,,
PAIR,,VCP-R1-042,VCP-R1-068,True,False,20,20.0,20.0,19.0,0.0,0.0,20.0,20.0,0.0,0.0,,27,,,,,,,,
PAIR,,VCP-R1-042,VCP-R1-069,True,False,20,20.0,20.0,20.0,0.0,0.0,20.0,20.0,0.0,0.0,,27,,,,,,,,
PAIR,,VCP-R1-042,VCP-R1-070,True,False,20,20.0,20.0,20.0,0.0,0.0,20.0,20.0,0.0,0.0,,27,,,,,,,,
PAIR,,VCP-R1-042,VCP-R1-071,True,False,20,20.0,20.0,20.0,0.0,0.0,20.0,20.0,0.0,0.0,,27,,,,,,,,
PAIR,,VCP-R1-042,VCP-R1-072,True,False,20,20.0,20.0,20.0,0.0,0.0,20.0,20.0,0.0,0.0,,27,,,,,,,,
PAIR,,VCP-R1-042,VCP-R1-073,True,False,20,20.0,20.0,20.0,0.0,0.0,20.0,20.0,0.0,0.0,,27,,,,,,,,
PAIR,,VCP-R1-042,VCP-R1-074,True,False,20,20.0,20.0,20.0,0.0,0.0,20.0,20.0,0.0,0.0,,27,,,,,,,,
PAIR,,VCP-R1-042,VCP-R1-075,True,False,20,20.0,20.0,20.0,0.0,0.0,20.0,20.0,0.0,0.0,,27,,,,,,,,
PAIR,,VCP-R1-042,VCP-R1-076,True,False,20,20.0,20.0,20.0,0.0,0.0,20.0,20.0,0.0,0.0,,27,,,,,,,,
PAIR,,VCP-R1-042,VCP-R1-077,True,False,20,20.0,20.0,19.0,0.0,0.0,20.0,20.0,0.0,0.0,,27,,,,,,,,
PAIR,,VCP-R1-042,VCP-R1-078,True,False,20,20.0,20.0,20.0,0.0,0.0,20.0,20.0,0.0,0.0,,27,,,,,,,,
PAIR,,VCP-R1-042,VCP-R1-079,True,False,20,20.0,20.0,20.0,0.0,0.0,20.0,20.0,0.0,0.0,,27,,,,,,,,
PAIR,,VCP-R1-042,VCP-R1-080,True,False,20,20.0,20.0,20.0,0.0,0.0,20.0,20.0,0.0,0.0,,27,,,,,,,,
PAIR,,VCP-R1-042,VCP-R1-081,True,False,20,20.0,20.0,20.0,1.0,0.02564102564102564,20.0,20.0,0.0,0.0,,27,,,,,,,,
PAIR,,VCP-R1-042,VCP-R1-082,True,False,20,20.0,20.0,20.0,1.0,0.02564102564102564,20.0,20.0,0.0,0.0,,27,,,,,,,,
PAIR,,VCP-R1-042,VCP-R1-083,True,False,20,20.0,20.0,20.0,0.0,0.0,20.0,20.0,0.0,0.0,,27,,,,,,,,
PAIR,,VCP-R1-042,VCP-R1-084,True,False,20,18.0,20.0,18.0,0.0,0.0,20.0,18.0,0.0,0.0,,27,,,,,,,,
PAIR,,VCP-R1-042,VCP-R1-085,True,False,20,20.0,20.0,19.0,0.0,0.0,20.0,20.0,0.0,0.0,,27,,,,,,,,
PAIR,,VCP-R1-042,VCP-R1-086,True,False,20,20.0,20.0,20.0,0.0,0.0,20.0,20.0,0.0,0.0,,27,,,,,,,,
PAIR,,VCP-R1-042,VCP-R1-087,True,False,20,20.0,20.0,19.0,0.0,0.0,20.0,20.0,0.0,0.0,,27,,,,,,,,
PAIR,,VCP-R1-042,VCP-R1-088,True,False,20,20.0,20.0,19.0,1.0,0.02631578947368421,20.0,20.0,0.0,0.0,,27,,,,,,,,
PAIR,,VCP-R1-042,VCP-R1-089,True,False,20,20.0,20.0,19.0,1.0,0.02631578947368421,20.0,20.0,0.0,0.0,,27,,,,,,,,
PAIR,,VCP-R1-042,VCP-R1-090,True,False,20,20.0,20.0,20.0,1.0,0.02564102564102564,20.0,20.0,0.0,0.0,,27,,,,,,,,
PAIR,,VCP-R1-042,VCP-R1-091,True,False,20,20.0,20.0,19.0,2.0,0.05405405405405406,20.0,20.0,2.0,0.05263157894736842,,27,,,,,,,,
PAIR,,VCP-R1-042,VCP-R1-092,True,False,20,20.0,20.0,19.0,2.0,0.05405405405405406,20.0,20.0,2.0,0.05263157894736842,,27,,,,,,,,
PAIR,,VCP-R1-042,VCP-R1-093,True,False,20,20.0,20.0,19.0,2.0,0.05405405405405406,20.0,20.0,2.0,0.05263157894736842,,27,,,,,,,,
PAIR,,VCP-R1-042,VCP-R1-094,True,False,20,20.0,20.0,19.0,1.0,0.02631578947368421,20.0,20.0,1.0,0.02564102564102564,,27,,,,,,,,
PAIR,,VCP-R1-042,VCP-R1-095,True,False,20,20.0,20.0,20.0,2.0,0.05263157894736842,20.0,20.0,2.0,0.05263157894736842,,27,,,,,,,,
PAIR,,VCP-R1-042,VCP-R1-096,True,False,20,20.0,20.0,20.0,2.0,0.05263157894736842,20.0,20.0,2.0,0.05263157894736842,,27,,,,,,,,
PAIR,,VCP-R1-042,VCP-R1-097,True,False,20,20.0,20.0,20.0,1.0,0.02564102564102564,20.0,20.0,0.0,0.0,,27,,,,,,,,
PAIR,,VCP-R1-042,VCP-R1-098,True,False,20,20.0,20.0,20.0,1.0,0.02564102564102564,20.0,20.0,0.0,0.0,,27,,,,,,,,
PAIR,,VCP-R1-042,VCP-R1-099,True,False,20,20.0,20.0,20.0,3.0,0.08108108108108109,20.0,20.0,2.0,0.05263157894736842,,27,,,,,,,,
PAIR,,VCP-R1-042,VCP-R1-100,True,False,20,20.0,20.0,19.0,2.0,0.05405405405405406,20.0,20.0,2.0,0.05263157894736842,,27,,,,,,,,
PAIR,,VCP-R1-042,VCP-R1-101,True,False,20,20.0,20.0,19.0,2.0,0.05405405405405406,20.0,20.0,2.0,0.05263157894736842,,27,,,,,,,,
PAIR,,VCP-R1-042,VCP-R1-102,True,False,20,20.0,20.0,19.0,2.0,0.05405405405405406,20.0,20.0,2.0,0.05263157894736842,,27,,,,,,,,
PAIR,,VCP-R1-042,VCP-R1-103,True,False,20,20.0,20.0,19.0,0.0,0.0,20.0,20.0,0.0,0.0,,27,,,,,,,,
PAIR,,VCP-R1-042,VCP-R1-104,True,False,20,20.0,20.0,20.0,2.0,0.05263157894736842,20.0,20.0,2.0,0.05263157894736842,,27,,,,,,,,
PAIR,,VCP-R1-042,VCP-R1-105,True,False,20,20.0,20.0,20.0,2.0,0.05263157894736842,20.0,20.0,2.0,0.05263157894736842,,27,,,,,,,,
PAIR,,VCP-R1-042,VCP-R1-106,True,False,20,20.0,20.0,19.0,1.0,0.02631578947368421,20.0,20.0,0.0,0.0,,27,,,,,,,,
PAIR,,VCP-R1-042,VCP-R1-107,True,False,20,20.0,20.0,20.0,1.0,0.02564102564102564,20.0,20.0,0.0,0.0,,27,,,,,,,,
PAIR,,VCP-R1-042,VCP-R1-108,True,False,20,20.0,20.0,20.0,2.0,0.05263157894736842,20.0,20.0,1.0,0.02564102564102564,,27,,,,,,,,
PAIR,,VCP-R1-043,VCP-R1-044,True,False,20,20.0,19.0,20.0,11.0,0.39285714285714285,20.0,20.0,11.0,0.3793103448275862,,27,,,,,,,,
PAIR,,VCP-R1-043,VCP-R1-045,True,True,20,20.0,19.0,20.0,6.0,0.18181818181818182,20.0,20.0,6.0,0.17647058823529413,,27,,,,,,,,
PAIR,,VCP-R1-043,VCP-R1-046,True,False,20,20.0,19.0,19.0,8.0,0.26666666666666666,20.0,20.0,7.0,0.21212121212121213,,27,,,,,,,,
PAIR,,VCP-R1-043,VCP-R1-047,True,False,20,20.0,19.0,20.0,4.0,0.11428571428571428,20.0,20.0,3.0,0.08108108108108109,,27,,,,,,,,
PAIR,,VCP-R1-043,VCP-R1-048,True,False,20,20.0,19.0,20.0,2.0,0.05405405405405406,20.0,20.0,2.0,0.05263157894736842,,27,,,,,,,,
PAIR,,VCP-R1-043,VCP-R1-049,True,True,20,20.0,19.0,20.0,15.0,0.625,20.0,20.0,15.0,0.6,參數組合的主要贏家重疊，需檢查高原是否依賴共同個股／行情,27,,,,,,,,
PAIR,,VCP-R1-043,VCP-R1-050,True,False,20,20.0,19.0,20.0,7.0,0.21875,20.0,20.0,7.0,0.21212121212121213,,27,,,,,,,,
PAIR,,VCP-R1-043,VCP-R1-051,True,True,20,20.0,19.0,20.0,4.0,0.11428571428571428,20.0,20.0,4.0,0.1111111111111111,,27,,,,,,,,
PAIR,,VCP-R1-043,VCP-R1-052,True,True,20,20.0,19.0,19.0,16.0,0.7272727272727273,20.0,20.0,17.0,0.7391304347826086,參數組合的主要贏家重疊，需檢查高原是否依賴共同個股／行情,27,,,,,,,,
PAIR,,VCP-R1-043,VCP-R1-053,True,False,20,20.0,19.0,20.0,11.0,0.39285714285714285,20.0,20.0,11.0,0.3793103448275862,,27,,,,,,,,
PAIR,,VCP-R1-043,VCP-R1-054,True,True,20,20.0,19.0,20.0,6.0,0.18181818181818182,20.0,20.0,6.0,0.17647058823529413,,27,,,,,,,,
PAIR,,VCP-R1-043,VCP-R1-055,True,False,20,20.0,19.0,18.0,1.0,0.027777777777777776,20.0,20.0,0.0,0.0,,27,,,,,,,,
PAIR,,VCP-R1-043,VCP-R1-056,True,False,20,20.0,19.0,20.0,1.0,0.02631578947368421,20.0,20.0,0.0,0.0,,27,,,,,,,,
PAIR,,VCP-R1-043,VCP-R1-057,True,False,20,19.0,19.0,18.0,1.0,0.027777777777777776,20.0,19.0,0.0,0.0,,27,,,,,,,,
PAIR,,VCP-R1-043,VCP-R1-058,True,False,20,20.0,19.0,19.0,0.0,0.0,20.0,20.0,0.0,0.0,,27,,,,,,,,
PAIR,,VCP-R1-043,VCP-R1-059,True,False,20,20.0,19.0,19.0,0.0,0.0,20.0,20.0,0.0,0.0,,27,,,,,,,,
PAIR,,VCP-R1-043,VCP-R1-060,True,False,20,20.0,19.0,20.0,1.0,0.02631578947368421,20.0,20.0,0.0,0.0,,27,,,,,,,,
PAIR,,VCP-R1-043,VCP-R1-061,True,False,20,20.0,19.0,20.0,0.0,0.0,20.0,20.0,0.0,0.0,,27,,,,,,,,
PAIR,,VCP-R1-043,VCP-R1-062,True,False,20,20.0,19.0,20.0,0.0,0.0,20.0,20.0,0.0,0.0,,27,,,,,,,,
PAIR,,VCP-R1-043,VCP-R1-063,True,False,20,20.0,19.0,20.0,0.0,0.0,20.0,20.0,0.0,0.0,,27,,,,,,,,
PAIR,,VCP-R1-043,VCP-R1-064,True,False,20,20.0,19.0,19.0,2.0,0.05555555555555555,20.0,20.0,1.0,0.02564102564102564,,27,,,,,,,,
PAIR,,VCP-R1-043,VCP-R1-065,True,False,20,20.0,19.0,20.0,1.0,0.02631578947368421,20.0,20.0,0.0,0.0,,27,,,,,,,,
PAIR,,VCP-R1-043,VCP-R1-066,True,False,20,20.0,19.0,20.0,1.0,0.02631578947368421,20.0,20.0,0.0,0.0,,27,,,,,,,,
PAIR,,VCP-R1-043,VCP-R1-067,True,False,20,20.0,19.0,20.0,1.0,0.02631578947368421,20.0,20.0,1.0,0.02564102564102564,,27,,,,,,,,
PAIR,,VCP-R1-043,VCP-R1-068,True,False,20,20.0,19.0,19.0,0.0,0.0,20.0,20.0,0.0,0.0,,27,,,,,,,,
PAIR,,VCP-R1-043,VCP-R1-069,True,False,20,20.0,19.0,20.0,0.0,0.0,20.0,20.0,0.0,0.0,,27,,,,,,,,
PAIR,,VCP-R1-043,VCP-R1-070,True,False,20,20.0,19.0,20.0,1.0,0.02631578947368421,20.0,20.0,1.0,0.02564102564102564,,27,,,,,,,,
PAIR,,VCP-R1-043,VCP-R1-071,True,False,20,20.0,19.0,20.0,0.0,0.0,20.0,20.0,0.0,0.0,,27,,,,,,,,
PAIR,,VCP-R1-043,VCP-R1-072,True,False,20,20.0,19.0,20.0,0.0,0.0,20.0,20.0,0.0,0.0,,27,,,,,,,,
PAIR,,VCP-R1-043,VCP-R1-073,True,False,20,20.0,19.0,20.0,2.0,0.05405405405405406,20.0,20.0,1.0,0.02564102564102564,,27,,,,,,,,
PAIR,,VCP-R1-043,VCP-R1-074,True,False,20,20.0,19.0,20.0,1.0,0.02631578947368421,20.0,20.0,0.0,0.0,,27,,,,,,,,
PAIR,,VCP-R1-043,VCP-R1-075,True,False,20,20.0,19.0,20.0,1.0,0.02631578947368421,20.0,20.0,0.0,0.0,,27,,,,,,,,
PAIR,,VCP-R1-043,VCP-R1-076,True,False,20,20.0,19.0,20.0,1.0,0.02631578947368421,20.0,20.0,1.0,0.02564102564102564,,27,,,,,,,,
PAIR,,VCP-R1-043,VCP-R1-077,True,False,20,20.0,19.0,19.0,0.0,0.0,20.0,20.0,0.0,0.0,,27,,,,,,,,
PAIR,,VCP-R1-043,VCP-R1-078,True,False,20,20.0,19.0,20.0,0.0,0.0,20.0,20.0,0.0,0.0,,27,,,,,,,,
PAIR,,VCP-R1-043,VCP-R1-079,True,False,20,20.0,19.0,20.0,1.0,0.02631578947368421,20.0,20.0,1.0,0.02564102564102564,,27,,,,,,,,
PAIR,,VCP-R1-043,VCP-R1-080,True,False,20,20.0,19.0,20.0,0.0,0.0,20.0,20.0,0.0,0.0,,27,,,,,,,,
PAIR,,VCP-R1-043,VCP-R1-081,True,False,20,20.0,19.0,20.0,0.0,0.0,20.0,20.0,0.0,0.0,,27,,,,,,,,
PAIR,,VCP-R1-043,VCP-R1-082,True,False,20,20.0,19.0,20.0,1.0,0.02631578947368421,20.0,20.0,0.0,0.0,,27,,,,,,,,
PAIR,,VCP-R1-043,VCP-R1-083,True,False,20,20.0,19.0,20.0,1.0,0.02631578947368421,20.0,20.0,0.0,0.0,,27,,,,,,,,
PAIR,,VCP-R1-043,VCP-R1-084,True,False,20,18.0,19.0,18.0,1.0,0.027777777777777776,20.0,18.0,0.0,0.0,,27,,,,,,,,
PAIR,,VCP-R1-043,VCP-R1-085,True,False,20,20.0,19.0,19.0,0.0,0.0,20.0,20.0,0.0,0.0,,27,,,,,,,,
PAIR,,VCP-R1-043,VCP-R1-086,True,False,20,20.0,19.0,20.0,0.0,0.0,20.0,20.0,0.0,0.0,,27,,,,,,,,
PAIR,,VCP-R1-043,VCP-R1-087,True,False,20,20.0,19.0,19.0,0.0,0.0,20.0,20.0,0.0,0.0,,27,,,,,,,,
PAIR,,VCP-R1-043,VCP-R1-088,True,False,20,20.0,19.0,19.0,1.0,0.02702702702702703,20.0,20.0,0.0,0.0,,27,,,,,,,,
PAIR,,VCP-R1-043,VCP-R1-089,True,False,20,20.0,19.0,19.0,1.0,0.02702702702702703,20.0,20.0,0.0,0.0,,27,,,,,,,,
PAIR,,VCP-R1-043,VCP-R1-090,True,False,20,20.0,19.0,20.0,1.0,0.02631578947368421,20.0,20.0,0.0,0.0,,27,,,,,,,,
PAIR,,VCP-R1-043,VCP-R1-091,True,False,20,20.0,19.0,19.0,0.0,0.0,20.0,20.0,0.0,0.0,,27,,,,,,,,
PAIR,,VCP-R1-043,VCP-R1-092,True,False,20,20.0,19.0,19.0,0.0,0.0,20.0,20.0,0.0,0.0,,27,,,,,,,,
PAIR,,VCP-R1-043,VCP-R1-093,True,False,20,20.0,19.0,19.0,0.0,0.0,20.0,20.0,0.0,0.0,,27,,,,,,,,
PAIR,,VCP-R1-043,VCP-R1-094,True,False,20,20.0,19.0,19.0,2.0,0.05555555555555555,20.0,20.0,1.0,0.02564102564102564,,27,,,,,,,,
PAIR,,VCP-R1-043,VCP-R1-095,True,False,20,20.0,19.0,20.0,2.0,0.05405405405405406,20.0,20.0,1.0,0.02564102564102564,,27,,,,,,,,
PAIR,,VCP-R1-043,VCP-R1-096,True,False,20,20.0,19.0,20.0,0.0,0.0,20.0,20.0,0.0,0.0,,27,,,,,,,,
PAIR,,VCP-R1-043,VCP-R1-097,True,False,20,20.0,19.0,20.0,2.0,0.05405405405405406,20.0,20.0,1.0,0.02564102564102564,,27,,,,,,,,
PAIR,,VCP-R1-043,VCP-R1-098,True,False,20,20.0,19.0,20.0,2.0,0.05405405405405406,20.0,20.0,1.0,0.02564102564102564,,27,,,,,,,,
PAIR,,VCP-R1-043,VCP-R1-099,True,False,20,20.0,19.0,20.0,1.0,0.02631578947368421,20.0,20.0,0.0,0.0,,27,,,,,,,,
PAIR,,VCP-R1-043,VCP-R1-100,True,False,20,20.0,19.0,19.0,0.0,0.0,20.0,20.0,0.0,0.0,,27,,,,,,,,
PAIR,,VCP-R1-043,VCP-R1-101,True,False,20,20.0,19.0,19.0,0.0,0.0,20.0,20.0,0.0,0.0,,27,,,,,,,,
PAIR,,VCP-R1-043,VCP-R1-102,True,False,20,20.0,19.0,19.0,0.0,0.0,20.0,20.0,0.0,0.0,,27,,,,,,,,
PAIR,,VCP-R1-043,VCP-R1-103,True,False,20,20.0,19.0,19.0,2.0,0.05555555555555555,20.0,20.0,1.0,0.02564102564102564,,27,,,,,,,,
PAIR,,VCP-R1-043,VCP-R1-104,True,False,20,20.0,19.0,20.0,2.0,0.05405405405405406,20.0,20.0,1.0,0.02564102564102564,,27,,,,,,,,
PAIR,,VCP-R1-043,VCP-R1-105,True,False,20,20.0,19.0,20.0,0.0,0.0,20.0,20.0,0.0,0.0,,27,,,,,,,,
PAIR,,VCP-R1-043,VCP-R1-106,True,False,20,20.0,19.0,19.0,2.0,0.05555555555555555,20.0,20.0,1.0,0.02564102564102564,,27,,,,,,,,
PAIR,,VCP-R1-043,VCP-R1-107,True,False,20,20.0,19.0,20.0,2.0,0.05405405405405406,20.0,20.0,1.0,0.02564102564102564,,27,,,,,,,,
PAIR,,VCP-R1-043,VCP-R1-108,True,False,20,20.0,19.0,20.0,1.0,0.02631578947368421,20.0,20.0,0.0,0.0,,27,,,,,,,,
PAIR,,VCP-R1-044,VCP-R1-045,False,True,20,20.0,20.0,20.0,13.0,0.48148148148148145,20.0,20.0,13.0,0.48148148148148145,,27,,,,,,,,
PAIR,,VCP-R1-044,VCP-R1-046,False,False,20,20.0,20.0,19.0,5.0,0.14705882352941177,20.0,20.0,4.0,0.1111111111111111,,27,,,,,,,,
PAIR,,VCP-R1-044,VCP-R1-047,False,False,20,20.0,20.0,20.0,5.0,0.14285714285714285,20.0,20.0,4.0,0.1111111111111111,,27,,,,,,,,
PAIR,,VCP-R1-044,VCP-R1-048,False,False,20,20.0,20.0,20.0,2.0,0.05263157894736842,20.0,20.0,2.0,0.05263157894736842,,27,,,,,,,,
PAIR,,VCP-R1-044,VCP-R1-049,False,True,20,20.0,20.0,20.0,8.0,0.25,20.0,20.0,7.0,0.21212121212121213,,27,,,,,,,,
PAIR,,VCP-R1-044,VCP-R1-050,False,False,20,20.0,20.0,20.0,13.0,0.48148148148148145,20.0,20.0,13.0,0.48148148148148145,,27,,,,,,,,
PAIR,,VCP-R1-044,VCP-R1-051,False,True,20,20.0,20.0,20.0,9.0,0.2903225806451613,20.0,20.0,9.0,0.2903225806451613,,27,,,,,,,,
PAIR,,VCP-R1-044,VCP-R1-052,False,True,20,20.0,20.0,19.0,10.0,0.3448275862068966,20.0,20.0,10.0,0.3333333333333333,,27,,,,,,,,
PAIR,,VCP-R1-044,VCP-R1-053,False,False,20,20.0,20.0,20.0,19.0,0.9047619047619048,20.0,20.0,19.0,0.9047619047619048,,27,,,,,,,,
PAIR,,VCP-R1-044,VCP-R1-054,False,True,20,20.0,20.0,20.0,13.0,0.48148148148148145,20.0,20.0,13.0,0.48148148148148145,,27,,,,,,,,
PAIR,,VCP-R1-044,VCP-R1-055,False,False,20,20.0,20.0,18.0,1.0,0.02702702702702703,20.0,20.0,0.0,0.0,,27,,,,,,,,
PAIR,,VCP-R1-044,VCP-R1-056,False,False,20,20.0,20.0,20.0,1.0,0.02564102564102564,20.0,20.0,0.0,0.0,,27,,,,,,,,
PAIR,,VCP-R1-044,VCP-R1-057,False,False,20,19.0,20.0,18.0,1.0,0.02702702702702703,20.0,19.0,0.0,0.0,,27,,,,,,,,
PAIR,,VCP-R1-044,VCP-R1-058,False,False,20,20.0,20.0,19.0,0.0,0.0,20.0,20.0,0.0,0.0,,27,,,,,,,,
PAIR,,VCP-R1-044,VCP-R1-059,False,False,20,20.0,20.0,19.0,0.0,0.0,20.0,20.0,0.0,0.0,,27,,,,,,,,
PAIR,,VCP-R1-044,VCP-R1-060,False,False,20,20.0,20.0,20.0,1.0,0.02564102564102564,20.0,20.0,0.0,0.0,,27,,,,,,,,
PAIR,,VCP-R1-044,VCP-R1-061,False,False,20,20.0,20.0,20.0,1.0,0.02564102564102564,20.0,20.0,0.0,0.0,,27,,,,,,,,
PAIR,,VCP-R1-044,VCP-R1-062,False,False,20,20.0,20.0,20.0,0.0,0.0,20.0,20.0,0.0,0.0,,27,,,,,,,,
PAIR,,VCP-R1-044,VCP-R1-063,False,False,20,20.0,20.0,20.0,0.0,0.0,20.0,20.0,0.0,0.0,,27,,,,,,,,
PAIR,,VCP-R1-044,VCP-R1-064,False,False,20,20.0,20.0,19.0,1.0,0.02631578947368421,20.0,20.0,0.0,0.0,,27,,,,,,,,
PAIR,,VCP-R1-044,VCP-R1-065,False,False,20,20.0,20.0,20.0,1.0,0.02564102564102564,20.0,20.0,0.0,0.0,,27,,,,,,,,
PAIR,,VCP-R1-044,VCP-R1-066,False,False,20,20.0,20.0,20.0,1.0,0.02564102564102564,20.0,20.0,0.0,0.0,,27,,,,,,,,
PAIR,,VCP-R1-044,VCP-R1-067,False,False,20,20.0,20.0,20.0,0.0,0.0,20.0,20.0,0.0,0.0,,27,,,,,,,,
PAIR,,VCP-R1-044,VCP-R1-068,False,False,20,20.0,20.0,19.0,0.0,0.0,20.0,20.0,0.0,0.0,,27,,,,,,,,
PAIR,,VCP-R1-044,VCP-R1-069,False,False,20,20.0,20.0,20.0,0.0,0.0,20.0,20.0,0.0,0.0,,27,,,,,,,,
PAIR,,VCP-R1-044,VCP-R1-070,False,False,20,20.0,20.0,20.0,3.0,0.08108108108108109,20.0,20.0,1.0,0.02564102564102564,,27,,,,,,,,
PAIR,,VCP-R1-044,VCP-R1-071,False,False,20,20.0,20.0,20.0,2.0,0.05263157894736842,20.0,20.0,1.0,0.02564102564102564,,27,,,,,,,,
PAIR,,VCP-R1-044,VCP-R1-072,False,False,20,20.0,20.0,20.0,0.0,0.0,20.0,20.0,0.0,0.0,,27,,,,,,,,
PAIR,,VCP-R1-044,VCP-R1-073,False,False,20,20.0,20.0,20.0,1.0,0.02564102564102564,20.0,20.0,0.0,0.0,,27,,,,,,,,
PAIR,,VCP-R1-044,VCP-R1-074,False,False,20,20.0,20.0,20.0,1.0,0.02564102564102564,20.0,20.0,0.0,0.0,,27,,,,,,,,
PAIR,,VCP-R1-044,VCP-R1-075,False,False,20,20.0,20.0,20.0,1.0,0.02564102564102564,20.0,20.0,0.0,0.0,,27,,,,,,,,
PAIR,,VCP-R1-044,VCP-R1-076,False,False,20,20.0,20.0,20.0,0.0,0.0,20.0,20.0,0.0,0.0,,27,,,,,,,,
PAIR,,VCP-R1-044,VCP-R1-077,False,False,20,20.0,20.0,19.0,0.0,0.0,20.0,20.0,0.0,0.0,,27,,,,,,,,
PAIR,,VCP-R1-044,VCP-R1-078,False,False,20,20.0,20.0,20.0,0.0,0.0,20.0,20.0,0.0,0.0,,27,,,,,,,,
PAIR,,VCP-R1-044,VCP-R1-079,False,False,20,20.0,20.0,20.0,3.0,0.08108108108108109,20.0,20.0,1.0,0.02564102564102564,,27,,,,,,,,
PAIR,,VCP-R1-044,VCP-R1-080,False,False,20,20.0,20.0,20.0,2.0,0.05263157894736842,20.0,20.0,1.0,0.02564102564102564,,27,,,,,,,,
PAIR,,VCP-R1-044,VCP-R1-081,False,False,20,20.0,20.0,20.0,0.0,0.0,20.0,20.0,0.0,0.0,,27,,,,,,,,
PAIR,,VCP-R1-044,VCP-R1-082,False,False,20,20.0,20.0,20.0,1.0,0.02564102564102564,20.0,20.0,0.0,0.0,,27,,,,,,,,
PAIR,,VCP-R1-044,VCP-R1-083,False,False,20,20.0,20.0,20.0,1.0,0.02564102564102564,20.0,20.0,0.0,0.0,,27,,,,,,,,
PAIR,,VCP-R1-044,VCP-R1-084,False,False,20,18.0,20.0,18.0,1.0,0.02702702702702703,20.0,18.0,0.0,0.0,,27,,,,,,,,
PAIR,,VCP-R1-044,VCP-R1-085,False,False,20,20.0,20.0,19.0,0.0,0.0,20.0,20.0,0.0,0.0,,27,,,,,,,,
PAIR,,VCP-R1-044,VCP-R1-086,False,False,20,20.0,20.0,20.0,0.0,0.0,20.0,20.0,0.0,0.0,,27,,,,,,,,
PAIR,,VCP-R1-044,VCP-R1-087,False,False,20,20.0,20.0,19.0,0.0,0.0,20.0,20.0,0.0,0.0,,27,,,,,,,,
PAIR,,VCP-R1-044,VCP-R1-088,False,False,20,20.0,20.0,19.0,1.0,0.02631578947368421,20.0,20.0,0.0,0.0,,27,,,,,,,,
PAIR,,VCP-R1-044,VCP-R1-089,False,False,20,20.0,20.0,19.0,0.0,0.0,20.0,20.0,0.0,0.0,,27,,,,,,,,
PAIR,,VCP-R1-044,VCP-R1-090,False,False,20,20.0,20.0,20.0,0.0,0.0,20.0,20.0,0.0,0.0,,27,,,,,,,,
PAIR,,VCP-R1-044,VCP-R1-091,False,False,20,20.0,20.0,19.0,0.0,0.0,20.0,20.0,0.0,0.0,,27,,,,,,,,
PAIR,,VCP-R1-044,VCP-R1-092,False,False,20,20.0,20.0,19.0,0.0,0.0,20.0,20.0,0.0,0.0,,27,,,,,,,,
PAIR,,VCP-R1-044,VCP-R1-093,False,False,20,20.0,20.0,19.0,0.0,0.0,20.0,20.0,0.0,0.0,,27,,,,,,,,
PAIR,,VCP-R1-044,VCP-R1-094,False,False,20,20.0,20.0,19.0,2.0,0.05405405405405406,20.0,20.0,1.0,0.02564102564102564,,27,,,,,,,,
PAIR,,VCP-R1-044,VCP-R1-095,False,False,20,20.0,20.0,20.0,2.0,0.05263157894736842,20.0,20.0,1.0,0.02564102564102564,,27,,,,,,,,
PAIR,,VCP-R1-044,VCP-R1-096,False,False,20,20.0,20.0,20.0,0.0,0.0,20.0,20.0,0.0,0.0,,27,,,,,,,,
PAIR,,VCP-R1-044,VCP-R1-097,False,False,20,20.0,20.0,20.0,3.0,0.08108108108108109,20.0,20.0,1.0,0.02564102564102564,,27,,,,,,,,
PAIR,,VCP-R1-044,VCP-R1-098,False,False,20,20.0,20.0,20.0,2.0,0.05263157894736842,20.0,20.0,1.0,0.02564102564102564,,27,,,,,,,,
PAIR,,VCP-R1-044,VCP-R1-099,False,False,20,20.0,20.0,20.0,0.0,0.0,20.0,20.0,0.0,0.0,,27,,,,,,,,
PAIR,,VCP-R1-044,VCP-R1-100,False,False,20,20.0,20.0,19.0,0.0,0.0,20.0,20.0,0.0,0.0,,27,,,,,,,,
PAIR,,VCP-R1-044,VCP-R1-101,False,False,20,20.0,20.0,19.0,0.0,0.0,20.0,20.0,0.0,0.0,,27,,,,,,,,
PAIR,,VCP-R1-044,VCP-R1-102,False,False,20,20.0,20.0,19.0,0.0,0.0,20.0,20.0,0.0,0.0,,27,,,,,,,,
PAIR,,VCP-R1-044,VCP-R1-103,False,False,20,20.0,20.0,19.0,2.0,0.05405405405405406,20.0,20.0,1.0,0.02564102564102564,,27,,,,,,,,
PAIR,,VCP-R1-044,VCP-R1-104,False,False,20,20.0,20.0,20.0,2.0,0.05263157894736842,20.0,20.0,1.0,0.02564102564102564,,27,,,,,,,,
PAIR,,VCP-R1-044,VCP-R1-105,False,False,20,20.0,20.0,20.0,0.0,0.0,20.0,20.0,0.0,0.0,,27,,,,,,,,
PAIR,,VCP-R1-044,VCP-R1-106,False,False,20,20.0,20.0,19.0,3.0,0.08333333333333333,20.0,20.0,1.0,0.02564102564102564,,27,,,,,,,,
PAIR,,VCP-R1-044,VCP-R1-107,False,False,20,20.0,20.0,20.0,2.0,0.05263157894736842,20.0,20.0,1.0,0.02564102564102564,,27,,,,,,,,
PAIR,,VCP-R1-044,VCP-R1-108,False,False,20,20.0,20.0,20.0,0.0,0.0,20.0,20.0,0.0,0.0,,27,,,,,,,,
PAIR,,VCP-R1-045,VCP-R1-046,True,False,20,20.0,20.0,19.0,3.0,0.08333333333333333,20.0,20.0,2.0,0.05263157894736842,,27,,,,,,,,
PAIR,,VCP-R1-045,VCP-R1-047,True,False,20,20.0,20.0,20.0,3.0,0.08108108108108109,20.0,20.0,2.0,0.05263157894736842,,27,,,,,,,,
PAIR,,VCP-R1-045,VCP-R1-048,True,False,20,20.0,20.0,20.0,2.0,0.05263157894736842,20.0,20.0,2.0,0.05263157894736842,,27,,,,,,,,
PAIR,,VCP-R1-045,VCP-R1-049,True,True,20,20.0,20.0,20.0,5.0,0.14285714285714285,20.0,20.0,4.0,0.1111111111111111,,27,,,,,,,,
PAIR,,VCP-R1-045,VCP-R1-050,True,False,20,20.0,20.0,20.0,13.0,0.48148148148148145,20.0,20.0,13.0,0.48148148148148145,,27,,,,,,,,
PAIR,,VCP-R1-045,VCP-R1-051,True,True,20,20.0,20.0,20.0,15.0,0.6,20.0,20.0,15.0,0.6,,27,,,,,,,,
PAIR,,VCP-R1-045,VCP-R1-052,True,True,20,20.0,20.0,19.0,6.0,0.18181818181818182,20.0,20.0,6.0,0.17647058823529413,,27,,,,,,,,
PAIR,,VCP-R1-045,VCP-R1-053,True,False,20,20.0,20.0,20.0,12.0,0.42857142857142855,20.0,20.0,12.0,0.42857142857142855,,27,,,,,,,,
PAIR,,VCP-R1-045,VCP-R1-054,True,True,20,20.0,20.0,20.0,18.0,0.8181818181818182,20.0,20.0,18.0,0.8181818181818182,參數組合的主要贏家重疊，需檢查高原是否依賴共同個股／行情,27,,,,,,,,
PAIR,,VCP-R1-045,VCP-R1-055,True,False,20,20.0,20.0,18.0,0.0,0.0,20.0,20.0,0.0,0.0,,27,,,,,,,,
PAIR,,VCP-R1-045,VCP-R1-056,True,False,20,20.0,20.0,20.0,0.0,0.0,20.0,20.0,0.0,0.0,,27,,,,,,,,
PAIR,,VCP-R1-045,VCP-R1-057,True,False,20,19.0,20.0,18.0,0.0,0.0,20.0,19.0,0.0,0.0,,27,,,,,,,,
PAIR,,VCP-R1-045,VCP-R1-058,True,False,20,20.0,20.0,19.0,0.0,0.0,20.0,20.0,0.0,0.0,,27,,,,,,,,
PAIR,,VCP-R1-045,VCP-R1-059,True,False,20,20.0,20.0,19.0,0.0,0.0,20.0,20.0,0.0,0.0,,27,,,,,,,,
PAIR,,VCP-R1-045,VCP-R1-060,True,False,20,20.0,20.0,20.0,0.0,0.0,20.0,20.0,0.0,0.0,,27,,,,,,,,
PAIR,,VCP-R1-045,VCP-R1-061,True,False,20,20.0,20.0,20.0,0.0,0.0,20.0,20.0,0.0,0.0,,27,,,,,,,,
PAIR,,VCP-R1-045,VCP-R1-062,True,False,20,20.0,20.0,20.0,0.0,0.0,20.0,20.0,0.0,0.0,,27,,,,,,,,
PAIR,,VCP-R1-045,VCP-R1-063,True,False,20,20.0,20.0,20.0,0.0,0.0,20.0,20.0,0.0,0.0,,27,,,,,,,,
PAIR,,VCP-R1-045,VCP-R1-064,True,False,20,20.0,20.0,19.0,0.0,0.0,20.0,20.0,0.0,0.0,,27,,,,,,,,
PAIR,,VCP-R1-045,VCP-R1-065,True,False,20,20.0,20.0,20.0,0.0,0.0,20.0,20.0,0.0,0.0,,27,,,,,,,,
PAIR,,VCP-R1-045,VCP-R1-066,True,False,20,20.0,20.0,20.0,0.0,0.0,20.0,20.0,0.0,0.0,,27,,,,,,,,
PAIR,,VCP-R1-045,VCP-R1-067,True,False,20,20.0,20.0,20.0,0.0,0.0,20.0,20.0,0.0,0.0,,27,,,,,,,,
PAIR,,VCP-R1-045,VCP-R1-068,True,False,20,20.0,20.0,19.0,0.0,0.0,20.0,20.0,0.0,0.0,,27,,,,,,,,
PAIR,,VCP-R1-045,VCP-R1-069,True,False,20,20.0,20.0,20.0,0.0,0.0,20.0,20.0,0.0,0.0,,27,,,,,,,,
PAIR,,VCP-R1-045,VCP-R1-070,True,False,20,20.0,20.0,20.0,1.0,0.02564102564102564,20.0,20.0,0.0,0.0,,27,,,,,,,,
PAIR,,VCP-R1-045,VCP-R1-071,True,False,20,20.0,20.0,20.0,1.0,0.02564102564102564,20.0,20.0,0.0,0.0,,27,,,,,,,,
PAIR,,VCP-R1-045,VCP-R1-072,True,False,20,20.0,20.0,20.0,0.0,0.0,20.0,20.0,0.0,0.0,,27,,,,,,,,
PAIR,,VCP-R1-045,VCP-R1-073,True,False,20,20.0,20.0,20.0,0.0,0.0,20.0,20.0,0.0,0.0,,27,,,,,,,,
PAIR,,VCP-R1-045,VCP-R1-074,True,False,20,20.0,20.0,20.0,0.0,0.0,20.0,20.0,0.0,0.0,,27,,,,,,,,
PAIR,,VCP-R1-045,VCP-R1-075,True,False,20,20.0,20.0,20.0,0.0,0.0,20.0,20.0,0.0,0.0,,27,,,,,,,,
PAIR,,VCP-R1-045,VCP-R1-076,True,False,20,20.0,20.0,20.0,0.0,0.0,20.0,20.0,0.0,0.0,,27,,,,,,,,
PAIR,,VCP-R1-045,VCP-R1-077,True,False,20,20.0,20.0,19.0,0.0,0.0,20.0,20.0,0.0,0.0,,27,,,,,,,,
PAIR,,VCP-R1-045,VCP-R1-078,True,False,20,20.0,20.0,20.0,0.0,0.0,20.0,20.0,0.0,0.0,,27,,,,,,,,
PAIR,,VCP-R1-045,VCP-R1-079,True,False,20,20.0,20.0,20.0,1.0,0.02564102564102564,20.0,20.0,0.0,0.0,,27,,,,,,,,
PAIR,,VCP-R1-045,VCP-R1-080,True,False,20,20.0,20.0,20.0,1.0,0.02564102564102564,20.0,20.0,0.0,0.0,,27,,,,,,,,
PAIR,,VCP-R1-045,VCP-R1-081,True,False,20,20.0,20.0,20.0,1.0,0.02564102564102564,20.0,20.0,0.0,0.0,,27,,,,,,,,
PAIR,,VCP-R1-045,VCP-R1-082,True,False,20,20.0,20.0,20.0,1.0,0.02564102564102564,20.0,20.0,0.0,0.0,,27,,,,,,,,
PAIR,,VCP-R1-045,VCP-R1-083,True,False,20,20.0,20.0,20.0,0.0,0.0,20.0,20.0,0.0,0.0,,27,,,,,,,,
PAIR,,VCP-R1-045,VCP-R1-084,True,False,20,18.0,20.0,18.0,0.0,0.0,20.0,18.0,0.0,0.0,,27,,,,,,,,
PAIR,,VCP-R1-045,VCP-R1-085,True,False,20,20.0,20.0,19.0,0.0,0.0,20.0,20.0,0.0,0.0,,27,,,,,,,,
PAIR,,VCP-R1-045,VCP-R1-086,True,False,20,20.0,20.0,20.0,0.0,0.0,20.0,20.0,0.0,0.0,,27,,,,,,,,
PAIR,,VCP-R1-045,VCP-R1-087,True,False,20,20.0,20.0,19.0,0.0,0.0,20.0,20.0,0.0,0.0,,27,,,,,,,,
PAIR,,VCP-R1-045,VCP-R1-088,True,False,20,20.0,20.0,19.0,1.0,0.02631578947368421,20.0,20.0,0.0,0.0,,27,,,,,,,,
PAIR,,VCP-R1-045,VCP-R1-089,True,False,20,20.0,20.0,19.0,1.0,0.02631578947368421,20.0,20.0,0.0,0.0,,27,,,,,,,,
PAIR,,VCP-R1-045,VCP-R1-090,True,False,20,20.0,20.0,20.0,1.0,0.02564102564102564,20.0,20.0,0.0,0.0,,27,,,,,,,,
PAIR,,VCP-R1-045,VCP-R1-091,True,False,20,20.0,20.0,19.0,2.0,0.05405405405405406,20.0,20.0,1.0,0.02564102564102564,,27,,,,,,,,
PAIR,,VCP-R1-045,VCP-R1-092,True,False,20,20.0,20.0,19.0,2.0,0.05405405405405406,20.0,20.0,1.0,0.02564102564102564,,27,,,,,,,,
PAIR,,VCP-R1-045,VCP-R1-093,True,False,20,20.0,20.0,19.0,2.0,0.05405405405405406,20.0,20.0,1.0,0.02564102564102564,,27,,,,,,,,
PAIR,,VCP-R1-045,VCP-R1-094,True,False,20,20.0,20.0,19.0,3.0,0.08333333333333333,20.0,20.0,1.0,0.02564102564102564,,27,,,,,,,,
PAIR,,VCP-R1-045,VCP-R1-095,True,False,20,20.0,20.0,20.0,3.0,0.08108108108108109,20.0,20.0,1.0,0.02564102564102564,,27,,,,,,,,
PAIR,,VCP-R1-045,VCP-R1-096,True,False,20,20.0,20.0,20.0,2.0,0.05263157894736842,20.0,20.0,1.0,0.02564102564102564,,27,,,,,,,,
PAIR,,VCP-R1-045,VCP-R1-097,True,False,20,20.0,20.0,20.0,3.0,0.08108108108108109,20.0,20.0,0.0,0.0,,27,,,,,,,,
PAIR,,VCP-R1-045,VCP-R1-098,True,False,20,20.0,20.0,20.0,3.0,0.08108108108108109,20.0,20.0,0.0,0.0,,27,,,,,,,,
PAIR,,VCP-R1-045,VCP-R1-099,True,False,20,20.0,20.0,20.0,3.0,0.08108108108108109,20.0,20.0,1.0,0.02564102564102564,,27,,,,,,,,
PAIR,,VCP-R1-045,VCP-R1-100,True,False,20,20.0,20.0,19.0,2.0,0.05405405405405406,20.0,20.0,1.0,0.02564102564102564,,27,,,,,,,,
PAIR,,VCP-R1-045,VCP-R1-101,True,False,20,20.0,20.0,19.0,2.0,0.05405405405405406,20.0,20.0,1.0,0.02564102564102564,,27,,,,,,,,
PAIR,,VCP-R1-045,VCP-R1-102,True,False,20,20.0,20.0,19.0,2.0,0.05405405405405406,20.0,20.0,1.0,0.02564102564102564,,27,,,,,,,,
PAIR,,VCP-R1-045,VCP-R1-103,True,False,20,20.0,20.0,19.0,2.0,0.05405405405405406,20.0,20.0,0.0,0.0,,27,,,,,,,,
PAIR,,VCP-R1-045,VCP-R1-104,True,False,20,20.0,20.0,20.0,3.0,0.08108108108108109,20.0,20.0,1.0,0.02564102564102564,,27,,,,,,,,
PAIR,,VCP-R1-045,VCP-R1-105,True,False,20,20.0,20.0,20.0,2.0,0.05263157894736842,20.0,20.0,1.0,0.02564102564102564,,27,,,,,,,,
PAIR,,VCP-R1-045,VCP-R1-106,True,False,20,20.0,20.0,19.0,3.0,0.08333333333333333,20.0,20.0,0.0,0.0,,27,,,,,,,,
PAIR,,VCP-R1-045,VCP-R1-107,True,False,20,20.0,20.0,20.0,3.0,0.08108108108108109,20.0,20.0,0.0,0.0,,27,,,,,,,,
PAIR,,VCP-R1-045,VCP-R1-108,True,False,20,20.0,20.0,20.0,3.0,0.08108108108108109,20.0,20.0,1.0,0.02564102564102564,,27,,,,,,,,
PAIR,,VCP-R1-046,VCP-R1-047,False,False,20,20.0,19.0,20.0,9.0,0.3,20.0,20.0,9.0,0.2903225806451613,,27,,,,,,,,
PAIR,,VCP-R1-046,VCP-R1-048,False,False,20,20.0,19.0,20.0,4.0,0.11428571428571428,20.0,20.0,4.0,0.1111111111111111,,27,,,,,,,,
PAIR,,VCP-R1-046,VCP-R1-049,False,True,20,20.0,19.0,20.0,9.0,0.3,20.0,20.0,8.0,0.25,,27,,,,,,,,
PAIR,,VCP-R1-046,VCP-R1-050,False,False,20,20.0,19.0,20.0,6.0,0.18181818181818182,20.0,20.0,6.0,0.17647058823529413,,27,,,,,,,,
PAIR,,VCP-R1-046,VCP-R1-051,False,True,20,20.0,19.0,20.0,3.0,0.08333333333333333,20.0,20.0,3.0,0.08108108108108109,,27,,,,,,,,
PAIR,,VCP-R1-046,VCP-R1-052,False,True,20,20.0,19.0,19.0,7.0,0.22580645161290322,20.0,20.0,6.0,0.17647058823529413,,27,,,,,,,,
PAIR,,VCP-R1-046,VCP-R1-053,False,False,20,20.0,19.0,20.0,5.0,0.14705882352941177,20.0,20.0,4.0,0.1111111111111111,,27,,,,,,,,
PAIR,,VCP-R1-046,VCP-R1-054,False,True,20,20.0,19.0,20.0,3.0,0.08333333333333333,20.0,20.0,2.0,0.05263157894736842,,27,,,,,,,,
PAIR,,VCP-R1-046,VCP-R1-055,False,False,20,20.0,19.0,18.0,0.0,0.0,20.0,20.0,0.0,0.0,,27,,,,,,,,
PAIR,,VCP-R1-046,VCP-R1-056,False,False,20,20.0,19.0,20.0,0.0,0.0,20.0,20.0,0.0,0.0,,27,,,,,,,,
PAIR,,VCP-R1-046,VCP-R1-057,False,False,20,19.0,19.0,18.0,0.0,0.0,20.0,19.0,0.0,0.0,,27,,,,,,,,
PAIR,,VCP-R1-046,VCP-R1-058,False,False,20,20.0,19.0,19.0,0.0,0.0,20.0,20.0,0.0,0.0,,27,,,,,,,,
PAIR,,VCP-R1-046,VCP-R1-059,False,False,20,20.0,19.0,19.0,0.0,0.0,20.0,20.0,0.0,0.0,,27,,,,,,,,
PAIR,,VCP-R1-046,VCP-R1-060,False,False,20,20.0,19.0,20.0,0.0,0.0,20.0,20.0,0.0,0.0,,27,,,,,,,,
PAIR,,VCP-R1-046,VCP-R1-061,False,False,20,20.0,19.0,20.0,1.0,0.02631578947368421,20.0,20.0,0.0,0.0,,27,,,,,,,,
PAIR,,VCP-R1-046,VCP-R1-062,False,False,20,20.0,19.0,20.0,0.0,0.0,20.0,20.0,0.0,0.0,,27,,,,,,,,
PAIR,,VCP-R1-046,VCP-R1-063,False,False,20,20.0,19.0,20.0,0.0,0.0,20.0,20.0,0.0,0.0,,27,,,,,,,,
PAIR,,VCP-R1-046,VCP-R1-064,False,False,20,20.0,19.0,19.0,0.0,0.0,20.0,20.0,0.0,0.0,,27,,,,,,,,
PAIR,,VCP-R1-046,VCP-R1-065,False,False,20,20.0,19.0,20.0,0.0,0.0,20.0,20.0,0.0,0.0,,27,,,,,,,,
PAIR,,VCP-R1-046,VCP-R1-066,False,False,20,20.0,19.0,20.0,0.0,0.0,20.0,20.0,0.0,0.0,,27,,,,,,,,
PAIR,,VCP-R1-046,VCP-R1-067,False,False,20,20.0,19.0,20.0,0.0,0.0,20.0,20.0,0.0,0.0,,27,,,,,,,,
PAIR,,VCP-R1-046,VCP-R1-068,False,False,20,20.0,19.0,19.0,0.0,0.0,20.0,20.0,0.0,0.0,,27,,,,,,,,
PAIR,,VCP-R1-046,VCP-R1-069,False,False,20,20.0,19.0,20.0,0.0,0.0,20.0,20.0,0.0,0.0,,27,,,,,,,,
PAIR,,VCP-R1-046,VCP-R1-070,False,False,20,20.0,19.0,20.0,1.0,0.02631578947368421,20.0,20.0,0.0,0.0,,27,,,,,,,,
PAIR,,VCP-R1-046,VCP-R1-071,False,False,20,20.0,19.0,20.0,0.0,0.0,20.0,20.0,0.0,0.0,,27,,,,,,,,
PAIR,,VCP-R1-046,VCP-R1-072,False,False,20,20.0,19.0,20.0,0.0,0.0,20.0,20.0,0.0,0.0,,27,,,,,,,,
PAIR,,VCP-R1-046,VCP-R1-073,False,False,20,20.0,19.0,20.0,0.0,0.0,20.0,20.0,0.0,0.0,,27,,,,,,,,
PAIR,,VCP-R1-046,VCP-R1-074,False,False,20,20.0,19.0,20.0,0.0,0.0,20.0,20.0,0.0,0.0,,27,,,,,,,,
PAIR,,VCP-R1-046,VCP-R1-075,False,False,20,20.0,19.0,20.0,0.0,0.0,20.0,20.0,0.0,0.0,,27,,,,,,,,
PAIR,,VCP-R1-046,VCP-R1-076,False,False,20,20.0,19.0,20.0,0.0,0.0,20.0,20.0,0.0,0.0,,27,,,,,,,,
PAIR,,VCP-R1-046,VCP-R1-077,False,False,20,20.0,19.0,19.0,0.0,0.0,20.0,20.0,0.0,0.0,,27,,,,,,,,
PAIR,,VCP-R1-046,VCP-R1-078,False,False,20,20.0,19.0,20.0,0.0,0.0,20.0,20.0,0.0,0.0,,27,,,,,,,,
PAIR,,VCP-R1-046,VCP-R1-079,False,False,20,20.0,19.0,20.0,1.0,0.02631578947368421,20.0,20.0,0.0,0.0,,27,,,,,,,,
PAIR,,VCP-R1-046,VCP-R1-080,False,False,20,20.0,19.0,20.0,0.0,0.0,20.0,20.0,0.0,0.0,,27,,,,,,,,
PAIR,,VCP-R1-046,VCP-R1-081,False,False,20,20.0,19.0,20.0,0.0,0.0,20.0,20.0,0.0,0.0,,27,,,,,,,,
PAIR,,VCP-R1-046,VCP-R1-082,False,False,20,20.0,19.0,20.0,2.0,0.05405405405405406,20.0,20.0,0.0,0.0,,27,,,,,,,,
PAIR,,VCP-R1-046,VCP-R1-083,False,False,20,20.0,19.0,20.0,0.0,0.0,20.0,20.0,0.0,0.0,,27,,,,,,,,
PAIR,,VCP-R1-046,VCP-R1-084,False,False,20,18.0,19.0,18.0,0.0,0.0,20.0,18.0,0.0,0.0,,27,,,,,,,,
PAIR,,VCP-R1-046,VCP-R1-085,False,False,20,20.0,19.0,19.0,1.0,0.02702702702702703,20.0,20.0,0.0,0.0,,27,,,,,,,,
PAIR,,VCP-R1-046,VCP-R1-086,False,False,20,20.0,19.0,20.0,0.0,0.0,20.0,20.0,0.0,0.0,,27,,,,,,,,
PAIR,,VCP-R1-046,VCP-R1-087,False,False,20,20.0,19.0,19.0,0.0,0.0,20.0,20.0,0.0,0.0,,27,,,,,,,,
PAIR,,VCP-R1-046,VCP-R1-088,False,False,20,20.0,19.0,19.0,3.0,0.08571428571428572,20.0,20.0,0.0,0.0,,27,,,,,,,,
PAIR,,VCP-R1-046,VCP-R1-089,False,False,20,20.0,19.0,19.0,1.0,0.02702702702702703,20.0,20.0,0.0,0.0,,27,,,,,,,,
PAIR,,VCP-R1-046,VCP-R1-090,False,False,20,20.0,19.0,20.0,1.0,0.02631578947368421,20.0,20.0,0.0,0.0,,27,,,,,,,,
PAIR,,VCP-R1-046,VCP-R1-091,False,False,20,20.0,19.0,19.0,2.0,0.05555555555555555,20.0,20.0,1.0,0.02564102564102564,,27,,,,,,,,
PAIR,,VCP-R1-046,VCP-R1-092,False,False,20,20.0,19.0,19.0,1.0,0.02702702702702703,20.0,20.0,1.0,0.02564102564102564,,27,,,,,,,,
PAIR,,VCP-R1-046,VCP-R1-093,False,False,20,20.0,19.0,19.0,1.0,0.02702702702702703,20.0,20.0,1.0,0.02564102564102564,,27,,,,,,,,
PAIR,,VCP-R1-046,VCP-R1-094,False,False,20,20.0,19.0,19.0,2.0,0.05555555555555555,20.0,20.0,0.0,0.0,,27,,,,,,,,
PAIR,,VCP-R1-046,VCP-R1-095,False,False,20,20.0,19.0,20.0,2.0,0.05405405405405406,20.0,20.0,1.0,0.02564102564102564,,27,,,,,,,,
PAIR,,VCP-R1-046,VCP-R1-096,False,False,20,20.0,19.0,20.0,1.0,0.02631578947368421,20.0,20.0,1.0,0.02564102564102564,,27,,,,,,,,
PAIR,,VCP-R1-046,VCP-R1-097,False,False,20,20.0,19.0,20.0,2.0,0.05405405405405406,20.0,20.0,0.0,0.0,,27,,,,,,,,
PAIR,,VCP-R1-046,VCP-R1-098,False,False,20,20.0,19.0,20.0,1.0,0.02631578947368421,20.0,20.0,0.0,0.0,,27,,,,,,,,
PAIR,,VCP-R1-046,VCP-R1-099,False,False,20,20.0,19.0,20.0,2.0,0.05405405405405406,20.0,20.0,1.0,0.02564102564102564,,27,,,,,,,,
PAIR,,VCP-R1-046,VCP-R1-100,False,False,20,20.0,19.0,19.0,2.0,0.05555555555555555,20.0,20.0,1.0,0.02564102564102564,,27,,,,,,,,
PAIR,,VCP-R1-046,VCP-R1-101,False,False,20,20.0,19.0,19.0,1.0,0.02702702702702703,20.0,20.0,1.0,0.02564102564102564,,27,,,,,,,,
PAIR,,VCP-R1-046,VCP-R1-102,False,False,20,20.0,19.0,19.0,1.0,0.02702702702702703,20.0,20.0,1.0,0.02564102564102564,,27,,,,,,,,
PAIR,,VCP-R1-046,VCP-R1-103,False,False,20,20.0,19.0,19.0,1.0,0.02702702702702703,20.0,20.0,0.0,0.0,,27,,,,,,,,
PAIR,,VCP-R1-046,VCP-R1-104,False,False,20,20.0,19.0,20.0,2.0,0.05405405405405406,20.0,20.0,1.0,0.02564102564102564,,27,,,,,,,,
PAIR,,VCP-R1-046,VCP-R1-105,False,False,20,20.0,19.0,20.0,1.0,0.02631578947368421,20.0,20.0,1.0,0.02564102564102564,,27,,,,,,,,
PAIR,,VCP-R1-046,VCP-R1-106,False,False,20,20.0,19.0,19.0,2.0,0.05555555555555555,20.0,20.0,0.0,0.0,,27,,,,,,,,
PAIR,,VCP-R1-046,VCP-R1-107,False,False,20,20.0,19.0,20.0,1.0,0.02631578947368421,20.0,20.0,0.0,0.0,,27,,,,,,,,
PAIR,,VCP-R1-046,VCP-R1-108,False,False,20,20.0,19.0,20.0,1.0,0.02631578947368421,20.0,20.0,0.0,0.0,,27,,,,,,,,
PAIR,,VCP-R1-047,VCP-R1-048,False,False,20,20.0,20.0,20.0,11.0,0.3793103448275862,20.0,20.0,11.0,0.3793103448275862,,27,,,,,,,,
PAIR,,VCP-R1-047,VCP-R1-049,False,True,20,20.0,20.0,20.0,3.0,0.08108108108108109,20.0,20.0,3.0,0.08108108108108109,,27,,,,,,,,
PAIR,,VCP-R1-047,VCP-R1-050,False,False,20,20.0,20.0,20.0,6.0,0.17647058823529413,20.0,20.0,6.0,0.17647058823529413,,27,,,,,,,,
PAIR,,VCP-R1-047,VCP-R1-051,False,True,20,20.0,20.0,20.0,3.0,0.08108108108108109,20.0,20.0,3.0,0.08108108108108109,,27,,,,,,,,
PAIR,,VCP-R1-047,VCP-R1-052,False,True,20,20.0,20.0,19.0,4.0,0.11428571428571428,20.0,20.0,3.0,0.08108108108108109,,27,,,,,,,,
PAIR,,VCP-R1-047,VCP-R1-053,False,False,20,20.0,20.0,20.0,5.0,0.14285714285714285,20.0,20.0,4.0,0.1111111111111111,,27,,,,,,,,
PAIR,,VCP-R1-047,VCP-R1-054,False,True,20,20.0,20.0,20.0,3.0,0.08108108108108109,20.0,20.0,2.0,0.05263157894736842,,27,,,,,,,,
PAIR,,VCP-R1-047,VCP-R1-055,False,False,20,20.0,20.0,18.0,1.0,0.02702702702702703,20.0,20.0,0.0,0.0,,27,,,,,,,,
PAIR,,VCP-R1-047,VCP-R1-056,False,False,20,20.0,20.0,20.0,1.0,0.02564102564102564,20.0,20.0,0.0,0.0,,27,,,,,,,,
PAIR,,VCP-R1-047,VCP-R1-057,False,False,20,19.0,20.0,18.0,0.0,0.0,20.0,19.0,0.0,0.0,,27,,,,,,,,
PAIR,,VCP-R1-047,VCP-R1-058,False,False,20,20.0,20.0,19.0,1.0,0.02631578947368421,20.0,20.0,0.0,0.0,,27,,,,,,,,
PAIR,,VCP-R1-047,VCP-R1-059,False,False,20,20.0,20.0,19.0,1.0,0.02631578947368421,20.0,20.0,0.0,0.0,,27,,,,,,,,
PAIR,,VCP-R1-047,VCP-R1-060,False,False,20,20.0,20.0,20.0,1.0,0.02564102564102564,20.0,20.0,0.0,0.0,,27,,,,,,,,
PAIR,,VCP-R1-047,VCP-R1-061,False,False,20,20.0,20.0,20.0,2.0,0.05263157894736842,20.0,20.0,0.0,0.0,,27,,,,,,,,
PAIR,,VCP-R1-047,VCP-R1-062,False,False,20,20.0,20.0,20.0,1.0,0.02564102564102564,20.0,20.0,0.0,0.0,,27,,,,,,,,
PAIR,,VCP-R1-047,VCP-R1-063,False,False,20,20.0,20.0,20.0,1.0,0.02564102564102564,20.0,20.0,0.0,0.0,,27,,,,,,,,
PAIR,,VCP-R1-047,VCP-R1-064,False,False,20,20.0,20.0,19.0,1.0,0.02631578947368421,20.0,20.0,0.0,0.0,,27,,,,,,,,
PAIR,,VCP-R1-047,VCP-R1-065,False,False,20,20.0,20.0,20.0,2.0,0.05263157894736842,20.0,20.0,0.0,0.0,,27,,,,,,,,
PAIR,,VCP-R1-047,VCP-R1-066,False,False,20,20.0,20.0,20.0,1.0,0.02564102564102564,20.0,20.0,0.0,0.0,,27,,,,,,,,
PAIR,,VCP-R1-047,VCP-R1-067,False,False,20,20.0,20.0,20.0,1.0,0.02564102564102564,20.0,20.0,0.0,0.0,,27,,,,,,,,
PAIR,,VCP-R1-047,VCP-R1-068,False,False,20,20.0,20.0,19.0,1.0,0.02631578947368421,20.0,20.0,0.0,0.0,,27,,,,,,,,
PAIR,,VCP-R1-047,VCP-R1-069,False,False,20,20.0,20.0,20.0,2.0,0.05263157894736842,20.0,20.0,0.0,0.0,,27,,,,,,,,
PAIR,,VCP-R1-047,VCP-R1-070,False,False,20,20.0,20.0,20.0,1.0,0.02564102564102564,20.0,20.0,0.0,0.0,,27,,,,,,,,
PAIR,,VCP-R1-047,VCP-R1-071,False,False,20,20.0,20.0,20.0,1.0,0.02564102564102564,20.0,20.0,0.0,0.0,,27,,,,,,,,
PAIR,,VCP-R1-047,VCP-R1-072,False,False,20,20.0,20.0,20.0,1.0,0.02564102564102564,20.0,20.0,0.0,0.0,,27,,,,,,,,
PAIR,,VCP-R1-047,VCP-R1-073,False,False,20,20.0,20.0,20.0,1.0,0.02564102564102564,20.0,20.0,0.0,0.0,,27,,,,,,,,
PAIR,,VCP-R1-047,VCP-R1-074,False,False,20,20.0,20.0,20.0,2.0,0.05263157894736842,20.0,20.0,0.0,0.0,,27,,,,,,,,
PAIR,,VCP-R1-047,VCP-R1-075,False,False,20,20.0,20.0,20.0,1.0,0.02564102564102564,20.0,20.0,0.0,0.0,,27,,,,,,,,
PAIR,,VCP-R1-047,VCP-R1-076,False,False,20,20.0,20.0,20.0,1.0,0.02564102564102564,20.0,20.0,0.0,0.0,,27,,,,,,,,
PAIR,,VCP-R1-047,VCP-R1-077,False,False,20,20.0,20.0,19.0,1.0,0.02631578947368421,20.0,20.0,0.0,0.0,,27,,,,,,,,
PAIR,,VCP-R1-047,VCP-R1-078,False,False,20,20.0,20.0,20.0,2.0,0.05263157894736842,20.0,20.0,0.0,0.0,,27,,,,,,,,
PAIR,,VCP-R1-047,VCP-R1-079,False,False,20,20.0,20.0,20.0,1.0,0.02564102564102564,20.0,20.0,0.0,0.0,,27,,,,,,,,
PAIR,,VCP-R1-047,VCP-R1-080,False,False,20,20.0,20.0,20.0,1.0,0.02564102564102564,20.0,20.0,0.0,0.0,,27,,,,,,,,
PAIR,,VCP-R1-047,VCP-R1-081,False,False,20,20.0,20.0,20.0,1.0,0.02564102564102564,20.0,20.0,0.0,0.0,,27,,,,,,,,
PAIR,,VCP-R1-047,VCP-R1-082,False,False,20,20.0,20.0,20.0,2.0,0.05263157894736842,20.0,20.0,0.0,0.0,,27,,,,,,,,
PAIR,,VCP-R1-047,VCP-R1-083,False,False,20,20.0,20.0,20.0,0.0,0.0,20.0,20.0,0.0,0.0,,27,,,,,,,,
PAIR,,VCP-R1-047,VCP-R1-084,False,False,20,18.0,20.0,18.0,0.0,0.0,20.0,18.0,0.0,0.0,,27,,,,,,,,
PAIR,,VCP-R1-047,VCP-R1-085,False,False,20,20.0,20.0,19.0,1.0,0.02631578947368421,20.0,20.0,0.0,0.0,,27,,,,,,,,
PAIR,,VCP-R1-047,VCP-R1-086,False,False,20,20.0,20.0,20.0,0.0,0.0,20.0,20.0,0.0,0.0,,27,,,,,,,,
PAIR,,VCP-R1-047,VCP-R1-087,False,False,20,20.0,20.0,19.0,0.0,0.0,20.0,20.0,0.0,0.0,,27,,,,,,,,
PAIR,,VCP-R1-047,VCP-R1-088,False,False,20,20.0,20.0,19.0,2.0,0.05405405405405406,20.0,20.0,0.0,0.0,,27,,,,,,,,
PAIR,,VCP-R1-047,VCP-R1-089,False,False,20,20.0,20.0,19.0,1.0,0.02631578947368421,20.0,20.0,0.0,0.0,,27,,,,,,,,
PAIR,,VCP-R1-047,VCP-R1-090,False,False,20,20.0,20.0,20.0,1.0,0.02564102564102564,20.0,20.0,0.0,0.0,,27,,,,,,,,
PAIR,,VCP-R1-047,VCP-R1-091,False,False,20,20.0,20.0,19.0,2.0,0.05405405405405406,20.0,20.0,1.0,0.02564102564102564,,27,,,,,,,,
PAIR,,VCP-R1-047,VCP-R1-092,False,False,20,20.0,20.0,19.0,1.0,0.02631578947368421,20.0,20.0,1.0,0.02564102564102564,,27,,,,,,,,
PAIR,,VCP-R1-047,VCP-R1-093,False,False,20,20.0,20.0,19.0,1.0,0.02631578947368421,20.0,20.0,1.0,0.02564102564102564,,27,,,,,,,,
PAIR,,VCP-R1-047,VCP-R1-094,False,False,20,20.0,20.0,19.0,1.0,0.02631578947368421,20.0,20.0,0.0,0.0,,27,,,,,,,,
PAIR,,VCP-R1-047,VCP-R1-095,False,False,20,20.0,20.0,20.0,1.0,0.02564102564102564,20.0,20.0,1.0,0.02564102564102564,,27,,,,,,,,
PAIR,,VCP-R1-047,VCP-R1-096,False,False,20,20.0,20.0,20.0,1.0,0.02564102564102564,20.0,20.0,1.0,0.02564102564102564,,27,,,,,,,,
PAIR,,VCP-R1-047,VCP-R1-097,False,False,20,20.0,20.0,20.0,1.0,0.02564102564102564,20.0,20.0,0.0,0.0,,27,,,,,,,,
PAIR,,VCP-R1-047,VCP-R1-098,False,False,20,20.0,20.0,20.0,0.0,0.0,20.0,20.0,0.0,0.0,,27,,,,,,,,
PAIR,,VCP-R1-047,VCP-R1-099,False,False,20,20.0,20.0,20.0,2.0,0.05263157894736842,20.0,20.0,1.0,0.02564102564102564,,27,,,,,,,,
PAIR,,VCP-R1-047,VCP-R1-100,False,False,20,20.0,20.0,19.0,2.0,0.05405405405405406,20.0,20.0,1.0,0.02564102564102564,,27,,,,,,,,
PAIR,,VCP-R1-047,VCP-R1-101,False,False,20,20.0,20.0,19.0,1.0,0.02631578947368421,20.0,20.0,1.0,0.02564102564102564,,27,,,,,,,,
PAIR,,VCP-R1-047,VCP-R1-102,False,False,20,20.0,20.0,19.0,1.0,0.02631578947368421,20.0,20.0,1.0,0.02564102564102564,,27,,,,,,,,
PAIR,,VCP-R1-047,VCP-R1-103,False,False,20,20.0,20.0,19.0,0.0,0.0,20.0,20.0,0.0,0.0,,27,,,,,,,,
PAIR,,VCP-R1-047,VCP-R1-104,False,False,20,20.0,20.0,20.0,1.0,0.02564102564102564,20.0,20.0,1.0,0.02564102564102564,,27,,,,,,,,
PAIR,,VCP-R1-047,VCP-R1-105,False,False,20,20.0,20.0,20.0,1.0,0.02564102564102564,20.0,20.0,1.0,0.02564102564102564,,27,,,,,,,,
PAIR,,VCP-R1-047,VCP-R1-106,False,False,20,20.0,20.0,19.0,1.0,0.02631578947368421,20.0,20.0,0.0,0.0,,27,,,,,,,,
PAIR,,VCP-R1-047,VCP-R1-107,False,False,20,20.0,20.0,20.0,0.0,0.0,20.0,20.0,0.0,0.0,,27,,,,,,,,
PAIR,,VCP-R1-047,VCP-R1-108,False,False,20,20.0,20.0,20.0,0.0,0.0,20.0,20.0,0.0,0.0,,27,,,,,,,,
PAIR,,VCP-R1-048,VCP-R1-049,False,True,20,20.0,20.0,20.0,2.0,0.05263157894736842,20.0,20.0,2.0,0.05263157894736842,,27,,,,,,,,
PAIR,,VCP-R1-048,VCP-R1-050,False,False,20,20.0,20.0,20.0,2.0,0.05263157894736842,20.0,20.0,2.0,0.05263157894736842,,27,,,,,,,,
PAIR,,VCP-R1-048,VCP-R1-051,False,True,20,20.0,20.0,20.0,3.0,0.08108108108108109,20.0,20.0,3.0,0.08108108108108109,,27,,,,,,,,
PAIR,,VCP-R1-048,VCP-R1-052,False,True,20,20.0,20.0,19.0,2.0,0.05405405405405406,20.0,20.0,2.0,0.05263157894736842,,27,,,,,,,,
PAIR,,VCP-R1-048,VCP-R1-053,False,False,20,20.0,20.0,20.0,2.0,0.05263157894736842,20.0,20.0,2.0,0.05263157894736842,,27,,,,,,,,
PAIR,,VCP-R1-048,VCP-R1-054,False,True,20,20.0,20.0,20.0,2.0,0.05263157894736842,20.0,20.0,2.0,0.05263157894736842,,27,,,,,,,,
PAIR,,VCP-R1-048,VCP-R1-055,False,False,20,20.0,20.0,18.0,1.0,0.02702702702702703,20.0,20.0,0.0,0.0,,27,,,,,,,,
PAIR,,VCP-R1-048,VCP-R1-056,False,False,20,20.0,20.0,20.0,1.0,0.02564102564102564,20.0,20.0,0.0,0.0,,27,,,,,,,,
PAIR,,VCP-R1-048,VCP-R1-057,False,False,20,19.0,20.0,18.0,0.0,0.0,20.0,19.0,0.0,0.0,,27,,,,,,,,
PAIR,,VCP-R1-048,VCP-R1-058,False,False,20,20.0,20.0,19.0,1.0,0.02631578947368421,20.0,20.0,0.0,0.0,,27,,,,,,,,
PAIR,,VCP-R1-048,VCP-R1-059,False,False,20,20.0,20.0,19.0,1.0,0.02631578947368421,20.0,20.0,0.0,0.0,,27,,,,,,,,
PAIR,,VCP-R1-048,VCP-R1-060,False,False,20,20.0,20.0,20.0,1.0,0.02564102564102564,20.0,20.0,0.0,0.0,,27,,,,,,,,
PAIR,,VCP-R1-048,VCP-R1-061,False,False,20,20.0,20.0,20.0,1.0,0.02564102564102564,20.0,20.0,0.0,0.0,,27,,,,,,,,
PAIR,,VCP-R1-048,VCP-R1-062,False,False,20,20.0,20.0,20.0,1.0,0.02564102564102564,20.0,20.0,0.0,0.0,,27,,,,,,,,
PAIR,,VCP-R1-048,VCP-R1-063,False,False,20,20.0,20.0,20.0,1.0,0.02564102564102564,20.0,20.0,0.0,0.0,,27,,,,,,,,
PAIR,,VCP-R1-048,VCP-R1-064,False,False,20,20.0,20.0,19.0,0.0,0.0,20.0,20.0,0.0,0.0,,27,,,,,,,,
PAIR,,VCP-R1-048,VCP-R1-065,False,False,20,20.0,20.0,20.0,1.0,0.02564102564102564,20.0,20.0,0.0,0.0,,27,,,,,,,,
PAIR,,VCP-R1-048,VCP-R1-066,False,False,20,20.0,20.0,20.0,0.0,0.0,20.0,20.0,0.0,0.0,,27,,,,,,,,
PAIR,,VCP-R1-048,VCP-R1-067,False,False,20,20.0,20.0,20.0,1.0,0.02564102564102564,20.0,20.0,0.0,0.0,,27,,,,,,,,
PAIR,,VCP-R1-048,VCP-R1-068,False,False,20,20.0,20.0,19.0,1.0,0.02631578947368421,20.0,20.0,0.0,0.0,,27,,,,,,,,
PAIR,,VCP-R1-048,VCP-R1-069,False,False,20,20.0,20.0,20.0,1.0,0.02564102564102564,20.0,20.0,0.0,0.0,,27,,,,,,,,
PAIR,,VCP-R1-048,VCP-R1-070,False,False,20,20.0,20.0,20.0,0.0,0.0,20.0,20.0,0.0,0.0,,27,,,,,,,,
PAIR,,VCP-R1-048,VCP-R1-071,False,False,20,20.0,20.0,20.0,1.0,0.02564102564102564,20.0,20.0,0.0,0.0,,27,,,,,,,,
PAIR,,VCP-R1-048,VCP-R1-072,False,False,20,20.0,20.0,20.0,1.0,0.02564102564102564,20.0,20.0,0.0,0.0,,27,,,,,,,,
PAIR,,VCP-R1-048,VCP-R1-073,False,False,20,20.0,20.0,20.0,0.0,0.0,20.0,20.0,0.0,0.0,,27,,,,,,,,
PAIR,,VCP-R1-048,VCP-R1-074,False,False,20,20.0,20.0,20.0,1.0,0.02564102564102564,20.0,20.0,0.0,0.0,,27,,,,,,,,
PAIR,,VCP-R1-048,VCP-R1-075,False,False,20,20.0,20.0,20.0,0.0,0.0,20.0,20.0,0.0,0.0,,27,,,,,,,,
PAIR,,VCP-R1-048,VCP-R1-076,False,False,20,20.0,20.0,20.0,1.0,0.02564102564102564,20.0,20.0,0.0,0.0,,27,,,,,,,,
PAIR,,VCP-R1-048,VCP-R1-077,False,False,20,20.0,20.0,19.0,1.0,0.02631578947368421,20.0,20.0,0.0,0.0,,27,,,,,,,,
PAIR,,VCP-R1-048,VCP-R1-078,False,False,20,20.0,20.0,20.0,1.0,0.02564102564102564,20.0,20.0,0.0,0.0,,27,,,,,,,,
PAIR,,VCP-R1-048,VCP-R1-079,False,False,20,20.0,20.0,20.0,0.0,0.0,20.0,20.0,0.0,0.0,,27,,,,,,,,
PAIR,,VCP-R1-048,VCP-R1-080,False,False,20,20.0,20.0,20.0,1.0,0.02564102564102564,20.0,20.0,0.0,0.0,,27,,,,,,,,
PAIR,,VCP-R1-048,VCP-R1-081,False,False,20,20.0,20.0,20.0,1.0,0.02564102564102564,20.0,20.0,0.0,0.0,,27,,,,,,,,
PAIR,,VCP-R1-048,VCP-R1-082,False,False,20,20.0,20.0,20.0,1.0,0.02564102564102564,20.0,20.0,0.0,0.0,,27,,,,,,,,
PAIR,,VCP-R1-048,VCP-R1-083,False,False,20,20.0,20.0,20.0,0.0,0.0,20.0,20.0,0.0,0.0,,27,,,,,,,,
PAIR,,VCP-R1-048,VCP-R1-084,False,False,20,18.0,20.0,18.0,0.0,0.0,20.0,18.0,0.0,0.0,,27,,,,,,,,
PAIR,,VCP-R1-048,VCP-R1-085,False,False,20,20.0,20.0,19.0,0.0,0.0,20.0,20.0,0.0,0.0,,27,,,,,,,,
PAIR,,VCP-R1-048,VCP-R1-086,False,False,20,20.0,20.0,20.0,0.0,0.0,20.0,20.0,0.0,0.0,,27,,,,,,,,
PAIR,,VCP-R1-048,VCP-R1-087,False,False,20,20.0,20.0,19.0,0.0,0.0,20.0,20.0,0.0,0.0,,27,,,,,,,,
PAIR,,VCP-R1-048,VCP-R1-088,False,False,20,20.0,20.0,19.0,0.0,0.0,20.0,20.0,0.0,0.0,,27,,,,,,,,
PAIR,,VCP-R1-048,VCP-R1-089,False,False,20,20.0,20.0,19.0,1.0,0.02631578947368421,20.0,20.0,0.0,0.0,,27,,,,,,,,
PAIR,,VCP-R1-048,VCP-R1-090,False,False,20,20.0,20.0,20.0,1.0,0.02564102564102564,20.0,20.0,0.0,0.0,,27,,,,,,,,
PAIR,,VCP-R1-048,VCP-R1-091,False,False,20,20.0,20.0,19.0,2.0,0.05405405405405406,20.0,20.0,1.0,0.02564102564102564,,27,,,,,,,,
PAIR,,VCP-R1-048,VCP-R1-092,False,False,20,20.0,20.0,19.0,2.0,0.05405405405405406,20.0,20.0,1.0,0.02564102564102564,,27,,,,,,,,
PAIR,,VCP-R1-048,VCP-R1-093,False,False,20,20.0,20.0,19.0,2.0,0.05405405405405406,20.0,20.0,1.0,0.02564102564102564,,27,,,,,,,,
PAIR,,VCP-R1-048,VCP-R1-094,False,False,20,20.0,20.0,19.0,0.0,0.0,20.0,20.0,0.0,0.0,,27,,,,,,,,
PAIR,,VCP-R1-048,VCP-R1-095,False,False,20,20.0,20.0,20.0,1.0,0.02564102564102564,20.0,20.0,1.0,0.02564102564102564,,27,,,,,,,,
PAIR,,VCP-R1-048,VCP-R1-096,False,False,20,20.0,20.0,20.0,2.0,0.05263157894736842,20.0,20.0,1.0,0.02564102564102564,,27,,,,,,,,
PAIR,,VCP-R1-048,VCP-R1-097,False,False,20,20.0,20.0,20.0,0.0,0.0,20.0,20.0,0.0,0.0,,27,,,,,,,,
PAIR,,VCP-R1-048,VCP-R1-098,False,False,20,20.0,20.0,20.0,0.0,0.0,20.0,20.0,0.0,0.0,,27,,,,,,,,
PAIR,,VCP-R1-048,VCP-R1-099,False,False,20,20.0,20.0,20.0,2.0,0.05263157894736842,20.0,20.0,1.0,0.02564102564102564,,27,,,,,,,,
PAIR,,VCP-R1-048,VCP-R1-100,False,False,20,20.0,20.0,19.0,2.0,0.05405405405405406,20.0,20.0,1.0,0.02564102564102564,,27,,,,,,,,
PAIR,,VCP-R1-048,VCP-R1-101,False,False,20,20.0,20.0,19.0,2.0,0.05405405405405406,20.0,20.0,1.0,0.02564102564102564,,27,,,,,,,,
PAIR,,VCP-R1-048,VCP-R1-102,False,False,20,20.0,20.0,19.0,2.0,0.05405405405405406,20.0,20.0,1.0,0.02564102564102564,,27,,,,,,,,
PAIR,,VCP-R1-048,VCP-R1-103,False,False,20,20.0,20.0,19.0,0.0,0.0,20.0,20.0,0.0,0.0,,27,,,,,,,,
PAIR,,VCP-R1-048,VCP-R1-104,False,False,20,20.0,20.0,20.0,1.0,0.02564102564102564,20.0,20.0,1.0,0.02564102564102564,,27,,,,,,,,
PAIR,,VCP-R1-048,VCP-R1-105,False,False,20,20.0,20.0,20.0,1.0,0.02564102564102564,20.0,20.0,1.0,0.02564102564102564,,27,,,,,,,,
PAIR,,VCP-R1-048,VCP-R1-106,False,False,20,20.0,20.0,19.0,0.0,0.0,20.0,20.0,0.0,0.0,,27,,,,,,,,
PAIR,,VCP-R1-048,VCP-R1-107,False,False,20,20.0,20.0,20.0,0.0,0.0,20.0,20.0,0.0,0.0,,27,,,,,,,,
PAIR,,VCP-R1-048,VCP-R1-108,False,False,20,20.0,20.0,20.0,0.0,0.0,20.0,20.0,0.0,0.0,,27,,,,,,,,
PAIR,,VCP-R1-049,VCP-R1-050,True,False,20,20.0,20.0,20.0,7.0,0.21212121212121213,20.0,20.0,7.0,0.21212121212121213,,27,,,,,,,,
PAIR,,VCP-R1-049,VCP-R1-051,True,True,20,20.0,20.0,20.0,4.0,0.1111111111111111,20.0,20.0,4.0,0.1111111111111111,,27,,,,,,,,
PAIR,,VCP-R1-049,VCP-R1-052,True,True,20,20.0,20.0,19.0,14.0,0.56,20.0,20.0,14.0,0.5384615384615384,,27,,,,,,,,
PAIR,,VCP-R1-049,VCP-R1-053,True,False,20,20.0,20.0,20.0,8.0,0.25,20.0,20.0,7.0,0.21212121212121213,,27,,,,,,,,
PAIR,,VCP-R1-049,VCP-R1-054,True,True,20,20.0,20.0,20.0,5.0,0.14285714285714285,20.0,20.0,4.0,0.1111111111111111,,27,,,,,,,,
PAIR,,VCP-R1-049,VCP-R1-055,True,False,20,20.0,20.0,18.0,0.0,0.0,20.0,20.0,0.0,0.0,,27,,,,,,,,
PAIR,,VCP-R1-049,VCP-R1-056,True,False,20,20.0,20.0,20.0,0.0,0.0,20.0,20.0,0.0,0.0,,27,,,,,,,,
PAIR,,VCP-R1-049,VCP-R1-057,True,False,20,19.0,20.0,18.0,0.0,0.0,20.0,19.0,0.0,0.0,,27,,,,,,,,
PAIR,,VCP-R1-049,VCP-R1-058,True,False,20,20.0,20.0,19.0,0.0,0.0,20.0,20.0,0.0,0.0,,27,,,,,,,,
PAIR,,VCP-R1-049,VCP-R1-059,True,False,20,20.0,20.0,19.0,1.0,0.02631578947368421,20.0,20.0,0.0,0.0,,27,,,,,,,,
PAIR,,VCP-R1-049,VCP-R1-060,True,False,20,20.0,20.0,20.0,1.0,0.02564102564102564,20.0,20.0,0.0,0.0,,27,,,,,,,,
PAIR,,VCP-R1-049,VCP-R1-061,True,False,20,20.0,20.0,20.0,0.0,0.0,20.0,20.0,0.0,0.0,,27,,,,,,,,
PAIR,,VCP-R1-049,VCP-R1-062,True,False,20,20.0,20.0,20.0,0.0,0.0,20.0,20.0,0.0,0.0,,27,,,,,,,,
PAIR,,VCP-R1-049,VCP-R1-063,True,False,20,20.0,20.0,20.0,1.0,0.02564102564102564,20.0,20.0,0.0,0.0,,27,,,,,,,,
PAIR,,VCP-R1-049,VCP-R1-064,True,False,20,20.0,20.0,19.0,1.0,0.02631578947368421,20.0,20.0,1.0,0.02564102564102564,,27,,,,,,,,
PAIR,,VCP-R1-049,VCP-R1-065,True,False,20,20.0,20.0,20.0,0.0,0.0,20.0,20.0,0.0,0.0,,27,,,,,,,,
PAIR,,VCP-R1-049,VCP-R1-066,True,False,20,20.0,20.0,20.0,0.0,0.0,20.0,20.0,0.0,0.0,,27,,,,,,,,
PAIR,,VCP-R1-049,VCP-R1-067,True,False,20,20.0,20.0,20.0,1.0,0.02564102564102564,20.0,20.0,1.0,0.02564102564102564,,27,,,,,,,,
PAIR,,VCP-R1-049,VCP-R1-068,True,False,20,20.0,20.0,19.0,1.0,0.02631578947368421,20.0,20.0,0.0,0.0,,27,,,,,,,,
PAIR,,VCP-R1-049,VCP-R1-069,True,False,20,20.0,20.0,20.0,1.0,0.02564102564102564,20.0,20.0,0.0,0.0,,27,,,,,,,,
PAIR,,VCP-R1-049,VCP-R1-070,True,False,20,20.0,20.0,20.0,1.0,0.02564102564102564,20.0,20.0,1.0,0.02564102564102564,,27,,,,,,,,
PAIR,,VCP-R1-049,VCP-R1-071,True,False,20,20.0,20.0,20.0,0.0,0.0,20.0,20.0,0.0,0.0,,27,,,,,,,,
PAIR,,VCP-R1-049,VCP-R1-072,True,False,20,20.0,20.0,20.0,0.0,0.0,20.0,20.0,0.0,0.0,,27,,,,,,,,
PAIR,,VCP-R1-049,VCP-R1-073,True,False,20,20.0,20.0,20.0,1.0,0.02564102564102564,20.0,20.0,1.0,0.02564102564102564,,27,,,,,,,,
PAIR,,VCP-R1-049,VCP-R1-074,True,False,20,20.0,20.0,20.0,0.0,0.0,20.0,20.0,0.0,0.0,,27,,,,,,,,
PAIR,,VCP-R1-049,VCP-R1-075,True,False,20,20.0,20.0,20.0,0.0,0.0,20.0,20.0,0.0,0.0,,27,,,,,,,,
PAIR,,VCP-R1-049,VCP-R1-076,True,False,20,20.0,20.0,20.0,1.0,0.02564102564102564,20.0,20.0,1.0,0.02564102564102564,,27,,,,,,,,
PAIR,,VCP-R1-049,VCP-R1-077,True,False,20,20.0,20.0,19.0,0.0,0.0,20.0,20.0,0.0,0.0,,27,,,,,,,,
PAIR,,VCP-R1-049,VCP-R1-078,True,False,20,20.0,20.0,20.0,1.0,0.02564102564102564,20.0,20.0,0.0,0.0,,27,,,,,,,,
PAIR,,VCP-R1-049,VCP-R1-079,True,False,20,20.0,20.0,20.0,1.0,0.02564102564102564,20.0,20.0,1.0,0.02564102564102564,,27,,,,,,,,
PAIR,,VCP-R1-049,VCP-R1-080,True,False,20,20.0,20.0,20.0,0.0,0.0,20.0,20.0,0.0,0.0,,27,,,,,,,,
PAIR,,VCP-R1-049,VCP-R1-081,True,False,20,20.0,20.0,20.0,0.0,0.0,20.0,20.0,0.0,0.0,,27,,,,,,,,
PAIR,,VCP-R1-049,VCP-R1-082,True,False,20,20.0,20.0,20.0,1.0,0.02564102564102564,20.0,20.0,0.0,0.0,,27,,,,,,,,
PAIR,,VCP-R1-049,VCP-R1-083,True,False,20,20.0,20.0,20.0,0.0,0.0,20.0,20.0,0.0,0.0,,27,,,,,,,,
PAIR,,VCP-R1-049,VCP-R1-084,True,False,20,18.0,20.0,18.0,0.0,0.0,20.0,18.0,0.0,0.0,,27,,,,,,,,
PAIR,,VCP-R1-049,VCP-R1-085,True,False,20,20.0,20.0,19.0,1.0,0.02631578947368421,20.0,20.0,0.0,0.0,,27,,,,,,,,
PAIR,,VCP-R1-049,VCP-R1-086,True,False,20,20.0,20.0,20.0,1.0,0.02564102564102564,20.0,20.0,0.0,0.0,,27,,,,,,,,
PAIR,,VCP-R1-049,VCP-R1-087,True,False,20,20.0,20.0,19.0,1.0,0.02631578947368421,20.0,20.0,0.0,0.0,,27,,,,,,,,
PAIR,,VCP-R1-049,VCP-R1-088,True,False,20,20.0,20.0,19.0,1.0,0.02631578947368421,20.0,20.0,0.0,0.0,,27,,,,,,,,
PAIR,,VCP-R1-049,VCP-R1-089,True,False,20,20.0,20.0,19.0,1.0,0.02631578947368421,20.0,20.0,0.0,0.0,,27,,,,,,,,
PAIR,,VCP-R1-049,VCP-R1-090,True,False,20,20.0,20.0,20.0,2.0,0.05263157894736842,20.0,20.0,0.0,0.0,,27,,,,,,,,
PAIR,,VCP-R1-049,VCP-R1-091,True,False,20,20.0,20.0,19.0,0.0,0.0,20.0,20.0,0.0,0.0,,27,,,,,,,,
PAIR,,VCP-R1-049,VCP-R1-092,True,False,20,20.0,20.0,19.0,0.0,0.0,20.0,20.0,0.0,0.0,,27,,,,,,,,
PAIR,,VCP-R1-049,VCP-R1-093,True,False,20,20.0,20.0,19.0,0.0,0.0,20.0,20.0,0.0,0.0,,27,,,,,,,,
PAIR,,VCP-R1-049,VCP-R1-094,True,False,20,20.0,20.0,19.0,2.0,0.05405405405405406,20.0,20.0,1.0,0.02564102564102564,,27,,,,,,,,
PAIR,,VCP-R1-049,VCP-R1-095,True,False,20,20.0,20.0,20.0,2.0,0.05263157894736842,20.0,20.0,1.0,0.02564102564102564,,27,,,,,,,,
PAIR,,VCP-R1-049,VCP-R1-096,True,False,20,20.0,20.0,20.0,1.0,0.02564102564102564,20.0,20.0,0.0,0.0,,27,,,,,,,,
PAIR,,VCP-R1-049,VCP-R1-097,True,False,20,20.0,20.0,20.0,2.0,0.05263157894736842,20.0,20.0,1.0,0.02564102564102564,,27,,,,,,,,
PAIR,,VCP-R1-049,VCP-R1-098,True,False,20,20.0,20.0,20.0,2.0,0.05263157894736842,20.0,20.0,1.0,0.02564102564102564,,27,,,,,,,,
PAIR,,VCP-R1-049,VCP-R1-099,True,False,20,20.0,20.0,20.0,1.0,0.02564102564102564,20.0,20.0,0.0,0.0,,27,,,,,,,,
PAIR,,VCP-R1-049,VCP-R1-100,True,False,20,20.0,20.0,19.0,0.0,0.0,20.0,20.0,0.0,0.0,,27,,,,,,,,
PAIR,,VCP-R1-049,VCP-R1-101,True,False,20,20.0,20.0,19.0,0.0,0.0,20.0,20.0,0.0,0.0,,27,,,,,,,,
PAIR,,VCP-R1-049,VCP-R1-102,True,False,20,20.0,20.0,19.0,0.0,0.0,20.0,20.0,0.0,0.0,,27,,,,,,,,
PAIR,,VCP-R1-049,VCP-R1-103,True,False,20,20.0,20.0,19.0,2.0,0.05405405405405406,20.0,20.0,1.0,0.02564102564102564,,27,,,,,,,,
PAIR,,VCP-R1-049,VCP-R1-104,True,False,20,20.0,20.0,20.0,2.0,0.05263157894736842,20.0,20.0,1.0,0.02564102564102564,,27,,,,,,,,
PAIR,,VCP-R1-049,VCP-R1-105,True,False,20,20.0,20.0,20.0,1.0,0.02564102564102564,20.0,20.0,0.0,0.0,,27,,,,,,,,
PAIR,,VCP-R1-049,VCP-R1-106,True,False,20,20.0,20.0,19.0,2.0,0.05405405405405406,20.0,20.0,1.0,0.02564102564102564,,27,,,,,,,,
PAIR,,VCP-R1-049,VCP-R1-107,True,False,20,20.0,20.0,20.0,2.0,0.05263157894736842,20.0,20.0,1.0,0.02564102564102564,,27,,,,,,,,
PAIR,,VCP-R1-049,VCP-R1-108,True,False,20,20.0,20.0,20.0,1.0,0.02564102564102564,20.0,20.0,0.0,0.0,,27,,,,,,,,
PAIR,,VCP-R1-050,VCP-R1-051,False,True,20,20.0,20.0,20.0,14.0,0.5384615384615384,20.0,20.0,14.0,0.5384615384615384,,27,,,,,,,,
PAIR,,VCP-R1-050,VCP-R1-052,False,True,20,20.0,20.0,19.0,6.0,0.18181818181818182,20.0,20.0,6.0,0.17647058823529413,,27,,,,,,,,
PAIR,,VCP-R1-050,VCP-R1-053,False,False,20,20.0,20.0,20.0,13.0,0.48148148148148145,20.0,20.0,13.0,0.48148148148148145,,27,,,,,,,,
PAIR,,VCP-R1-050,VCP-R1-054,False,True,20,20.0,20.0,20.0,14.0,0.5384615384615384,20.0,20.0,14.0,0.5384615384615384,,27,,,,,,,,
PAIR,,VCP-R1-050,VCP-R1-055,False,False,20,20.0,20.0,18.0,0.0,0.0,20.0,20.0,0.0,0.0,,27,,,,,,,,
PAIR,,VCP-R1-050,VCP-R1-056,False,False,20,20.0,20.0,20.0,0.0,0.0,20.0,20.0,0.0,0.0,,27,,,,,,,,
PAIR,,VCP-R1-050,VCP-R1-057,False,False,20,19.0,20.0,18.0,0.0,0.0,20.0,19.0,0.0,0.0,,27,,,,,,,,
PAIR,,VCP-R1-050,VCP-R1-058,False,False,20,20.0,20.0,19.0,0.0,0.0,20.0,20.0,0.0,0.0,,27,,,,,,,,
PAIR,,VCP-R1-050,VCP-R1-059,False,False,20,20.0,20.0,19.0,0.0,0.0,20.0,20.0,0.0,0.0,,27,,,,,,,,
PAIR,,VCP-R1-050,VCP-R1-060,False,False,20,20.0,20.0,20.0,0.0,0.0,20.0,20.0,0.0,0.0,,27,,,,,,,,
PAIR,,VCP-R1-050,VCP-R1-061,False,False,20,20.0,20.0,20.0,1.0,0.02564102564102564,20.0,20.0,0.0,0.0,,27,,,,,,,,
PAIR,,VCP-R1-050,VCP-R1-062,False,False,20,20.0,20.0,20.0,0.0,0.0,20.0,20.0,0.0,0.0,,27,,,,,,,,
PAIR,,VCP-R1-050,VCP-R1-063,False,False,20,20.0,20.0,20.0,0.0,0.0,20.0,20.0,0.0,0.0,,27,,,,,,,,
PAIR,,VCP-R1-050,VCP-R1-064,False,False,20,20.0,20.0,19.0,0.0,0.0,20.0,20.0,0.0,0.0,,27,,,,,,,,
PAIR,,VCP-R1-050,VCP-R1-065,False,False,20,20.0,20.0,20.0,0.0,0.0,20.0,20.0,0.0,0.0,,27,,,,,,,,
PAIR,,VCP-R1-050,VCP-R1-066,False,False,20,20.0,20.0,20.0,0.0,0.0,20.0,20.0,0.0,0.0,,27,,,,,,,,
PAIR,,VCP-R1-050,VCP-R1-067,False,False,20,20.0,20.0,20.0,0.0,0.0,20.0,20.0,0.0,0.0,,27,,,,,,,,
PAIR,,VCP-R1-050,VCP-R1-068,False,False,20,20.0,20.0,19.0,0.0,0.0,20.0,20.0,0.0,0.0,,27,,,,,,,,
PAIR,,VCP-R1-050,VCP-R1-069,False,False,20,20.0,20.0,20.0,0.0,0.0,20.0,20.0,0.0,0.0,,27,,,,,,,,
PAIR,,VCP-R1-050,VCP-R1-070,False,False,20,20.0,20.0,20.0,1.0,0.02564102564102564,20.0,20.0,0.0,0.0,,27,,,,,,,,
PAIR,,VCP-R1-050,VCP-R1-071,False,False,20,20.0,20.0,20.0,0.0,0.0,20.0,20.0,0.0,0.0,,27,,,,,,,,
PAIR,,VCP-R1-050,VCP-R1-072,False,False,20,20.0,20.0,20.0,0.0,0.0,20.0,20.0,0.0,0.0,,27,,,,,,,,
PAIR,,VCP-R1-050,VCP-R1-073,False,False,20,20.0,20.0,20.0,0.0,0.0,20.0,20.0,0.0,0.0,,27,,,,,,,,
PAIR,,VCP-R1-050,VCP-R1-074,False,False,20,20.0,20.0,20.0,0.0,0.0,20.0,20.0,0.0,0.0,,27,,,,,,,,
PAIR,,VCP-R1-050,VCP-R1-075,False,False,20,20.0,20.0,20.0,0.0,0.0,20.0,20.0,0.0,0.0,,27,,,,,,,,
PAIR,,VCP-R1-050,VCP-R1-076,False,False,20,20.0,20.0,20.0,0.0,0.0,20.0,20.0,0.0,0.0,,27,,,,,,,,
PAIR,,VCP-R1-050,VCP-R1-077,False,False,20,20.0,20.0,19.0,0.0,0.0,20.0,20.0,0.0,0.0,,27,,,,,,,,
PAIR,,VCP-R1-050,VCP-R1-078,False,False,20,20.0,20.0,20.0,0.0,0.0,20.0,20.0,0.0,0.0,,27,,,,,,,,
PAIR,,VCP-R1-050,VCP-R1-079,False,False,20,20.0,20.0,20.0,1.0,0.02564102564102564,20.0,20.0,0.0,0.0,,27,,,,,,,,
PAIR,,VCP-R1-050,VCP-R1-080,False,False,20,20.0,20.0,20.0,0.0,0.0,20.0,20.0,0.0,0.0,,27,,,,,,,,
PAIR,,VCP-R1-050,VCP-R1-081,False,False,20,20.0,20.0,20.0,1.0,0.02564102564102564,20.0,20.0,0.0,0.0,,27,,,,,,,,
PAIR,,VCP-R1-050,VCP-R1-082,False,False,20,20.0,20.0,20.0,2.0,0.05263157894736842,20.0,20.0,0.0,0.0,,27,,,,,,,,
PAIR,,VCP-R1-050,VCP-R1-083,False,False,20,20.0,20.0,20.0,0.0,0.0,20.0,20.0,0.0,0.0,,27,,,,,,,,
PAIR,,VCP-R1-050,VCP-R1-084,False,False,20,18.0,20.0,18.0,0.0,0.0,20.0,18.0,0.0,0.0,,27,,,,,,,,
PAIR,,VCP-R1-050,VCP-R1-085,False,False,20,20.0,20.0,19.0,1.0,0.02631578947368421,20.0,20.0,0.0,0.0,,27,,,,,,,,
PAIR,,VCP-R1-050,VCP-R1-086,False,False,20,20.0,20.0,20.0,0.0,0.0,20.0,20.0,0.0,0.0,,27,,,,,,,,
PAIR,,VCP-R1-050,VCP-R1-087,False,False,20,20.0,20.0,19.0,0.0,0.0,20.0,20.0,0.0,0.0,,27,,,,,,,,
PAIR,,VCP-R1-050,VCP-R1-088,False,False,20,20.0,20.0,19.0,2.0,0.05405405405405406,20.0,20.0,0.0,0.0,,27,,,,,,,,
PAIR,,VCP-R1-050,VCP-R1-089,False,False,20,20.0,20.0,19.0,0.0,0.0,20.0,20.0,0.0,0.0,,27,,,,,,,,
PAIR,,VCP-R1-050,VCP-R1-090,False,False,20,20.0,20.0,20.0,0.0,0.0,20.0,20.0,0.0,0.0,,27,,,,,,,,
PAIR,,VCP-R1-050,VCP-R1-091,False,False,20,20.0,20.0,19.0,1.0,0.02631578947368421,20.0,20.0,0.0,0.0,,27,,,,,,,,
PAIR,,VCP-R1-050,VCP-R1-092,False,False,20,20.0,20.0,19.0,0.0,0.0,20.0,20.0,0.0,0.0,,27,,,,,,,,
PAIR,,VCP-R1-050,VCP-R1-093,False,False,20,20.0,20.0,19.0,0.0,0.0,20.0,20.0,0.0,0.0,,27,,,,,,,,
PAIR,,VCP-R1-050,VCP-R1-094,False,False,20,20.0,20.0,19.0,2.0,0.05405405405405406,20.0,20.0,1.0,0.02564102564102564,,27,,,,,,,,
PAIR,,VCP-R1-050,VCP-R1-095,False,False,20,20.0,20.0,20.0,1.0,0.02564102564102564,20.0,20.0,1.0,0.02564102564102564,,27,,,,,,,,
PAIR,,VCP-R1-050,VCP-R1-096,False,False,20,20.0,20.0,20.0,0.0,0.0,20.0,20.0,0.0,0.0,,27,,,,,,,,
PAIR,,VCP-R1-050,VCP-R1-097,False,False,20,20.0,20.0,20.0,2.0,0.05263157894736842,20.0,20.0,1.0,0.02564102564102564,,27,,,,,,,,
PAIR,,VCP-R1-050,VCP-R1-098,False,False,20,20.0,20.0,20.0,1.0,0.02564102564102564,20.0,20.0,1.0,0.02564102564102564,,27,,,,,,,,
PAIR,,VCP-R1-050,VCP-R1-099,False,False,20,20.0,20.0,20.0,0.0,0.0,20.0,20.0,0.0,0.0,,27,,,,,,,,
PAIR,,VCP-R1-050,VCP-R1-100,False,False,20,20.0,20.0,19.0,1.0,0.02631578947368421,20.0,20.0,0.0,0.0,,27,,,,,,,,
PAIR,,VCP-R1-050,VCP-R1-101,False,False,20,20.0,20.0,19.0,0.0,0.0,20.0,20.0,0.0,0.0,,27,,,,,,,,
PAIR,,VCP-R1-050,VCP-R1-102,False,False,20,20.0,20.0,19.0,0.0,0.0,20.0,20.0,0.0,0.0,,27,,,,,,,,
PAIR,,VCP-R1-050,VCP-R1-103,False,False,20,20.0,20.0,19.0,1.0,0.02631578947368421,20.0,20.0,1.0,0.02564102564102564,,27,,,,,,,,
PAIR,,VCP-R1-050,VCP-R1-104,False,False,20,20.0,20.0,20.0,1.0,0.02564102564102564,20.0,20.0,1.0,0.02564102564102564,,27,,,,,,,,
PAIR,,VCP-R1-050,VCP-R1-105,False,False,20,20.0,20.0,20.0,0.0,0.0,20.0,20.0,0.0,0.0,,27,,,,,,,,
PAIR,,VCP-R1-050,VCP-R1-106,False,False,20,20.0,20.0,19.0,2.0,0.05405405405405406,20.0,20.0,1.0,0.02564102564102564,,27,,,,,,,,
PAIR,,VCP-R1-050,VCP-R1-107,False,False,20,20.0,20.0,20.0,1.0,0.02564102564102564,20.0,20.0,1.0,0.02564102564102564,,27,,,,,,,,
PAIR,,VCP-R1-050,VCP-R1-108,False,False,20,20.0,20.0,20.0,0.0,0.0,20.0,20.0,0.0,0.0,,27,,,,,,,,
PAIR,,VCP-R1-051,VCP-R1-052,True,True,20,20.0,20.0,19.0,4.0,0.11428571428571428,20.0,20.0,4.0,0.1111111111111111,,27,,,,,,,,
PAIR,,VCP-R1-051,VCP-R1-053,True,False,20,20.0,20.0,20.0,9.0,0.2903225806451613,20.0,20.0,9.0,0.2903225806451613,,27,,,,,,,,
PAIR,,VCP-R1-051,VCP-R1-054,True,True,20,20.0,20.0,20.0,14.0,0.5384615384615384,20.0,20.0,14.0,0.5384615384615384,,27,,,,,,,,
PAIR,,VCP-R1-051,VCP-R1-055,True,False,20,20.0,20.0,18.0,0.0,0.0,20.0,20.0,0.0,0.0,,27,,,,,,,,
PAIR,,VCP-R1-051,VCP-R1-056,True,False,20,20.0,20.0,20.0,0.0,0.0,20.0,20.0,0.0,0.0,,27,,,,,,,,
PAIR,,VCP-R1-051,VCP-R1-057,True,False,20,19.0,20.0,18.0,0.0,0.0,20.0,19.0,0.0,0.0,,27,,,,,,,,
PAIR,,VCP-R1-051,VCP-R1-058,True,False,20,20.0,20.0,19.0,0.0,0.0,20.0,20.0,0.0,0.0,,27,,,,,,,,
PAIR,,VCP-R1-051,VCP-R1-059,True,False,20,20.0,20.0,19.0,0.0,0.0,20.0,20.0,0.0,0.0,,27,,,,,,,,
PAIR,,VCP-R1-051,VCP-R1-060,True,False,20,20.0,20.0,20.0,0.0,0.0,20.0,20.0,0.0,0.0,,27,,,,,,,,
PAIR,,VCP-R1-051,VCP-R1-061,True,False,20,20.0,20.0,20.0,0.0,0.0,20.0,20.0,0.0,0.0,,27,,,,,,,,
PAIR,,VCP-R1-051,VCP-R1-062,True,False,20,20.0,20.0,20.0,0.0,0.0,20.0,20.0,0.0,0.0,,27,,,,,,,,
PAIR,,VCP-R1-051,VCP-R1-063,True,False,20,20.0,20.0,20.0,0.0,0.0,20.0,20.0,0.0,0.0,,27,,,,,,,,
PAIR,,VCP-R1-051,VCP-R1-064,True,False,20,20.0,20.0,19.0,0.0,0.0,20.0,20.0,0.0,0.0,,27,,,,,,,,
PAIR,,VCP-R1-051,VCP-R1-065,True,False,20,20.0,20.0,20.0,0.0,0.0,20.0,20.0,0.0,0.0,,27,,,,,,,,
PAIR,,VCP-R1-051,VCP-R1-066,True,False,20,20.0,20.0,20.0,0.0,0.0,20.0,20.0,0.0,0.0,,27,,,,,,,,
PAIR,,VCP-R1-051,VCP-R1-067,True,False,20,20.0,20.0,20.0,0.0,0.0,20.0,20.0,0.0,0.0,,27,,,,,,,,
PAIR,,VCP-R1-051,VCP-R1-068,True,False,20,20.0,20.0,19.0,0.0,0.0,20.0,20.0,0.0,0.0,,27,,,,,,,,
PAIR,,VCP-R1-051,VCP-R1-069,True,False,20,20.0,20.0,20.0,0.0,0.0,20.0,20.0,0.0,0.0,,27,,,,,,,,
PAIR,,VCP-R1-051,VCP-R1-070,True,False,20,20.0,20.0,20.0,0.0,0.0,20.0,20.0,0.0,0.0,,27,,,,,,,,
PAIR,,VCP-R1-051,VCP-R1-071,True,False,20,20.0,20.0,20.0,0.0,0.0,20.0,20.0,0.0,0.0,,27,,,,,,,,
PAIR,,VCP-R1-051,VCP-R1-072,True,False,20,20.0,20.0,20.0,0.0,0.0,20.0,20.0,0.0,0.0,,27,,,,,,,,
PAIR,,VCP-R1-051,VCP-R1-073,True,False,20,20.0,20.0,20.0,0.0,0.0,20.0,20.0,0.0,0.0,,27,,,,,,,,
PAIR,,VCP-R1-051,VCP-R1-074,True,False,20,20.0,20.0,20.0,0.0,0.0,20.0,20.0,0.0,0.0,,27,,,,,,,,
PAIR,,VCP-R1-051,VCP-R1-075,True,False,20,20.0,20.0,20.0,0.0,0.0,20.0,20.0,0.0,0.0,,27,,,,,,,,
PAIR,,VCP-R1-051,VCP-R1-076,True,False,20,20.0,20.0,20.0,0.0,0.0,20.0,20.0,0.0,0.0,,27,,,,,,,,
PAIR,,VCP-R1-051,VCP-R1-077,True,False,20,20.0,20.0,19.0,0.0,0.0,20.0,20.0,0.0,0.0,,27,,,,,,,,
PAIR,,VCP-R1-051,VCP-R1-078,True,False,20,20.0,20.0,20.0,0.0,0.0,20.0,20.0,0.0,0.0,,27,,,,,,,,
PAIR,,VCP-R1-051,VCP-R1-079,True,False,20,20.0,20.0,20.0,0.0,0.0,20.0,20.0,0.0,0.0,,27,,,,,,,,
PAIR,,VCP-R1-051,VCP-R1-080,True,False,20,20.0,20.0,20.0,0.0,0.0,20.0,20.0,0.0,0.0,,27,,,,,,,,
PAIR,,VCP-R1-051,VCP-R1-081,True,False,20,20.0,20.0,20.0,1.0,0.02564102564102564,20.0,20.0,0.0,0.0,,27,,,,,,,,
PAIR,,VCP-R1-051,VCP-R1-082,True,False,20,20.0,20.0,20.0,1.0,0.02564102564102564,20.0,20.0,0.0,0.0,,27,,,,,,,,
PAIR,,VCP-R1-051,VCP-R1-083,True,False,20,20.0,20.0,20.0,0.0,0.0,20.0,20.0,0.0,0.0,,27,,,,,,,,
PAIR,,VCP-R1-051,VCP-R1-084,True,False,20,18.0,20.0,18.0,0.0,0.0,20.0,18.0,0.0,0.0,,27,,,,,,,,
PAIR,,VCP-R1-051,VCP-R1-085,True,False,20,20.0,20.0,19.0,0.0,0.0,20.0,20.0,0.0,0.0,,27,,,,,,,,
PAIR,,VCP-R1-051,VCP-R1-086,True,False,20,20.0,20.0,20.0,0.0,0.0,20.0,20.0,0.0,0.0,,27,,,,,,,,
PAIR,,VCP-R1-051,VCP-R1-087,True,False,20,20.0,20.0,19.0,0.0,0.0,20.0,20.0,0.0,0.0,,27,,,,,,,,
PAIR,,VCP-R1-051,VCP-R1-088,True,False,20,20.0,20.0,19.0,1.0,0.02631578947368421,20.0,20.0,0.0,0.0,,27,,,,,,,,
PAIR,,VCP-R1-051,VCP-R1-089,True,False,20,20.0,20.0,19.0,1.0,0.02631578947368421,20.0,20.0,0.0,0.0,,27,,,,,,,,
PAIR,,VCP-R1-051,VCP-R1-090,True,False,20,20.0,20.0,20.0,1.0,0.02564102564102564,20.0,20.0,0.0,0.0,,27,,,,,,,,
PAIR,,VCP-R1-051,VCP-R1-091,True,False,20,20.0,20.0,19.0,2.0,0.05405405405405406,20.0,20.0,2.0,0.05263157894736842,,27,,,,,,,,
PAIR,,VCP-R1-051,VCP-R1-092,True,False,20,20.0,20.0,19.0,2.0,0.05405405405405406,20.0,20.0,2.0,0.05263157894736842,,27,,,,,,,,
PAIR,,VCP-R1-051,VCP-R1-093,True,False,20,20.0,20.0,19.0,2.0,0.05405405405405406,20.0,20.0,2.0,0.05263157894736842,,27,,,,,,,,
PAIR,,VCP-R1-051,VCP-R1-094,True,False,20,20.0,20.0,19.0,1.0,0.02631578947368421,20.0,20.0,1.0,0.02564102564102564,,27,,,,,,,,
PAIR,,VCP-R1-051,VCP-R1-095,True,False,20,20.0,20.0,20.0,2.0,0.05263157894736842,20.0,20.0,2.0,0.05263157894736842,,27,,,,,,,,
PAIR,,VCP-R1-051,VCP-R1-096,True,False,20,20.0,20.0,20.0,2.0,0.05263157894736842,20.0,20.0,2.0,0.05263157894736842,,27,,,,,,,,
PAIR,,VCP-R1-051,VCP-R1-097,True,False,20,20.0,20.0,20.0,1.0,0.02564102564102564,20.0,20.0,0.0,0.0,,27,,,,,,,,
PAIR,,VCP-R1-051,VCP-R1-098,True,False,20,20.0,20.0,20.0,1.0,0.02564102564102564,20.0,20.0,0.0,0.0,,27,,,,,,,,
PAIR,,VCP-R1-051,VCP-R1-099,True,False,20,20.0,20.0,20.0,3.0,0.08108108108108109,20.0,20.0,2.0,0.05263157894736842,,27,,,,,,,,
PAIR,,VCP-R1-051,VCP-R1-100,True,False,20,20.0,20.0,19.0,2.0,0.05405405405405406,20.0,20.0,2.0,0.05263157894736842,,27,,,,,,,,
PAIR,,VCP-R1-051,VCP-R1-101,True,False,20,20.0,20.0,19.0,2.0,0.05405405405405406,20.0,20.0,2.0,0.05263157894736842,,27,,,,,,,,
PAIR,,VCP-R1-051,VCP-R1-102,True,False,20,20.0,20.0,19.0,2.0,0.05405405405405406,20.0,20.0,2.0,0.05263157894736842,,27,,,,,,,,
PAIR,,VCP-R1-051,VCP-R1-103,True,False,20,20.0,20.0,19.0,0.0,0.0,20.0,20.0,0.0,0.0,,27,,,,,,,,
PAIR,,VCP-R1-051,VCP-R1-104,True,False,20,20.0,20.0,20.0,2.0,0.05263157894736842,20.0,20.0,2.0,0.05263157894736842,,27,,,,,,,,
PAIR,,VCP-R1-051,VCP-R1-105,True,False,20,20.0,20.0,20.0,2.0,0.05263157894736842,20.0,20.0,2.0,0.05263157894736842,,27,,,,,,,,
PAIR,,VCP-R1-051,VCP-R1-106,True,False,20,20.0,20.0,19.0,1.0,0.02631578947368421,20.0,20.0,0.0,0.0,,27,,,,,,,,
PAIR,,VCP-R1-051,VCP-R1-107,True,False,20,20.0,20.0,20.0,1.0,0.02564102564102564,20.0,20.0,0.0,0.0,,27,,,,,,,,
PAIR,,VCP-R1-051,VCP-R1-108,True,False,20,20.0,20.0,20.0,2.0,0.05263157894736842,20.0,20.0,1.0,0.02564102564102564,,27,,,,,,,,
PAIR,,VCP-R1-052,VCP-R1-053,True,False,20,20.0,19.0,20.0,10.0,0.3448275862068966,20.0,20.0,10.0,0.3333333333333333,,27,,,,,,,,
PAIR,,VCP-R1-052,VCP-R1-054,True,True,20,20.0,19.0,20.0,6.0,0.18181818181818182,20.0,20.0,6.0,0.17647058823529413,,27,,,,,,,,
PAIR,,VCP-R1-052,VCP-R1-055,True,False,20,20.0,19.0,18.0,1.0,0.027777777777777776,20.0,20.0,0.0,0.0,,27,,,,,,,,
PAIR,,VCP-R1-052,VCP-R1-056,True,False,20,20.0,19.0,20.0,1.0,0.02631578947368421,20.0,20.0,0.0,0.0,,27,,,,,,,,
PAIR,,VCP-R1-052,VCP-R1-057,True,False,20,19.0,19.0,18.0,1.0,0.027777777777777776,20.0,19.0,0.0,0.0,,27,,,,,,,,
PAIR,,VCP-R1-052,VCP-R1-058,True,False,20,20.0,19.0,19.0,0.0,0.0,20.0,20.0,0.0,0.0,,27,,,,,,,,
PAIR,,VCP-R1-052,VCP-R1-059,True,False,20,20.0,19.0,19.0,0.0,0.0,20.0,20.0,0.0,0.0,,27,,,,,,,,
PAIR,,VCP-R1-052,VCP-R1-060,True,False,20,20.0,19.0,20.0,1.0,0.02631578947368421,20.0,20.0,0.0,0.0,,27,,,,,,,,
PAIR,,VCP-R1-052,VCP-R1-061,True,False,20,20.0,19.0,20.0,0.0,0.0,20.0,20.0,0.0,0.0,,27,,,,,,,,
PAIR,,VCP-R1-052,VCP-R1-062,True,False,20,20.0,19.0,20.0,0.0,0.0,20.0,20.0,0.0,0.0,,27,,,,,,,,
PAIR,,VCP-R1-052,VCP-R1-063,True,False,20,20.0,19.0,20.0,0.0,0.0,20.0,20.0,0.0,0.0,,27,,,,,,,,
PAIR,,VCP-R1-052,VCP-R1-064,True,False,20,20.0,19.0,19.0,2.0,0.05555555555555555,20.0,20.0,1.0,0.02564102564102564,,27,,,,,,,,
PAIR,,VCP-R1-052,VCP-R1-065,True,False,20,20.0,19.0,20.0,1.0,0.02631578947368421,20.0,20.0,0.0,0.0,,27,,,,,,,,
PAIR,,VCP-R1-052,VCP-R1-066,True,False,20,20.0,19.0,20.0,1.0,0.02631578947368421,20.0,20.0,0.0,0.0,,27,,,,,,,,
PAIR,,VCP-R1-052,VCP-R1-067,True,False,20,20.0,19.0,20.0,1.0,0.02631578947368421,20.0,20.0,1.0,0.02564102564102564,,27,,,,,,,,
PAIR,,VCP-R1-052,VCP-R1-068,True,False,20,20.0,19.0,19.0,0.0,0.0,20.0,20.0,0.0,0.0,,27,,,,,,,,
PAIR,,VCP-R1-052,VCP-R1-069,True,False,20,20.0,19.0,20.0,0.0,0.0,20.0,20.0,0.0,0.0,,27,,,,,,,,
PAIR,,VCP-R1-052,VCP-R1-070,True,False,20,20.0,19.0,20.0,1.0,0.02631578947368421,20.0,20.0,1.0,0.02564102564102564,,27,,,,,,,,
PAIR,,VCP-R1-052,VCP-R1-071,True,False,20,20.0,19.0,20.0,0.0,0.0,20.0,20.0,0.0,0.0,,27,,,,,,,,
PAIR,,VCP-R1-052,VCP-R1-072,True,False,20,20.0,19.0,20.0,0.0,0.0,20.0,20.0,0.0,0.0,,27,,,,,,,,
PAIR,,VCP-R1-052,VCP-R1-073,True,False,20,20.0,19.0,20.0,2.0,0.05405405405405406,20.0,20.0,1.0,0.02564102564102564,,27,,,,,,,,
PAIR,,VCP-R1-052,VCP-R1-074,True,False,20,20.0,19.0,20.0,1.0,0.02631578947368421,20.0,20.0,0.0,0.0,,27,,,,,,,,
PAIR,,VCP-R1-052,VCP-R1-075,True,False,20,20.0,19.0,20.0,1.0,0.02631578947368421,20.0,20.0,0.0,0.0,,27,,,,,,,,
PAIR,,VCP-R1-052,VCP-R1-076,True,False,20,20.0,19.0,20.0,1.0,0.02631578947368421,20.0,20.0,1.0,0.02564102564102564,,27,,,,,,,,
PAIR,,VCP-R1-052,VCP-R1-077,True,False,20,20.0,19.0,19.0,0.0,0.0,20.0,20.0,0.0,0.0,,27,,,,,,,,
PAIR,,VCP-R1-052,VCP-R1-078,True,False,20,20.0,19.0,20.0,0.0,0.0,20.0,20.0,0.0,0.0,,27,,,,,,,,
PAIR,,VCP-R1-052,VCP-R1-079,True,False,20,20.0,19.0,20.0,1.0,0.02631578947368421,20.0,20.0,1.0,0.02564102564102564,,27,,,,,,,,
PAIR,,VCP-R1-052,VCP-R1-080,True,False,20,20.0,19.0,20.0,0.0,0.0,20.0,20.0,0.0,0.0,,27,,,,,,,,
PAIR,,VCP-R1-052,VCP-R1-081,True,False,20,20.0,19.0,20.0,0.0,0.0,20.0,20.0,0.0,0.0,,27,,,,,,,,
PAIR,,VCP-R1-052,VCP-R1-082,True,False,20,20.0,19.0,20.0,1.0,0.02631578947368421,20.0,20.0,0.0,0.0,,27,,,,,,,,
PAIR,,VCP-R1-052,VCP-R1-083,True,False,20,20.0,19.0,20.0,1.0,0.02631578947368421,20.0,20.0,0.0,0.0,,27,,,,,,,,
PAIR,,VCP-R1-052,VCP-R1-084,True,False,20,18.0,19.0,18.0,1.0,0.027777777777777776,20.0,18.0,0.0,0.0,,27,,,,,,,,
PAIR,,VCP-R1-052,VCP-R1-085,True,False,20,20.0,19.0,19.0,0.0,0.0,20.0,20.0,0.0,0.0,,27,,,,,,,,
PAIR,,VCP-R1-052,VCP-R1-086,True,False,20,20.0,19.0,20.0,0.0,0.0,20.0,20.0,0.0,0.0,,27,,,,,,,,
PAIR,,VCP-R1-052,VCP-R1-087,True,False,20,20.0,19.0,19.0,0.0,0.0,20.0,20.0,0.0,0.0,,27,,,,,,,,
PAIR,,VCP-R1-052,VCP-R1-088,True,False,20,20.0,19.0,19.0,1.0,0.02702702702702703,20.0,20.0,0.0,0.0,,27,,,,,,,,
PAIR,,VCP-R1-052,VCP-R1-089,True,False,20,20.0,19.0,19.0,1.0,0.02702702702702703,20.0,20.0,0.0,0.0,,27,,,,,,,,
PAIR,,VCP-R1-052,VCP-R1-090,True,False,20,20.0,19.0,20.0,1.0,0.02631578947368421,20.0,20.0,0.0,0.0,,27,,,,,,,,
PAIR,,VCP-R1-052,VCP-R1-091,True,False,20,20.0,19.0,19.0,0.0,0.0,20.0,20.0,0.0,0.0,,27,,,,,,,,
PAIR,,VCP-R1-052,VCP-R1-092,True,False,20,20.0,19.0,19.0,0.0,0.0,20.0,20.0,0.0,0.0,,27,,,,,,,,
PAIR,,VCP-R1-052,VCP-R1-093,True,False,20,20.0,19.0,19.0,0.0,0.0,20.0,20.0,0.0,0.0,,27,,,,,,,,
PAIR,,VCP-R1-052,VCP-R1-094,True,False,20,20.0,19.0,19.0,1.0,0.02702702702702703,20.0,20.0,0.0,0.0,,27,,,,,,,,
PAIR,,VCP-R1-052,VCP-R1-095,True,False,20,20.0,19.0,20.0,1.0,0.02631578947368421,20.0,20.0,0.0,0.0,,27,,,,,,,,
PAIR,,VCP-R1-052,VCP-R1-096,True,False,20,20.0,19.0,20.0,0.0,0.0,20.0,20.0,0.0,0.0,,27,,,,,,,,
PAIR,,VCP-R1-052,VCP-R1-097,True,False,20,20.0,19.0,20.0,1.0,0.02631578947368421,20.0,20.0,0.0,0.0,,27,,,,,,,,
PAIR,,VCP-R1-052,VCP-R1-098,True,False,20,20.0,19.0,20.0,1.0,0.02631578947368421,20.0,20.0,0.0,0.0,,27,,,,,,,,
PAIR,,VCP-R1-052,VCP-R1-099,True,False,20,20.0,19.0,20.0,1.0,0.02631578947368421,20.0,20.0,0.0,0.0,,27,,,,,,,,
PAIR,,VCP-R1-052,VCP-R1-100,True,False,20,20.0,19.0,19.0,0.0,0.0,20.0,20.0,0.0,0.0,,27,,,,,,,,
PAIR,,VCP-R1-052,VCP-R1-101,True,False,20,20.0,19.0,19.0,0.0,0.0,20.0,20.0,0.0,0.0,,27,,,,,,,,
PAIR,,VCP-R1-052,VCP-R1-102,True,False,20,20.0,19.0,19.0,0.0,0.0,20.0,20.0,0.0,0.0,,27,,,,,,,,
PAIR,,VCP-R1-052,VCP-R1-103,True,False,20,20.0,19.0,19.0,1.0,0.02702702702702703,20.0,20.0,0.0,0.0,,27,,,,,,,,
PAIR,,VCP-R1-052,VCP-R1-104,True,False,20,20.0,19.0,20.0,1.0,0.02631578947368421,20.0,20.0,0.0,0.0,,27,,,,,,,,
PAIR,,VCP-R1-052,VCP-R1-105,True,False,20,20.0,19.0,20.0,0.0,0.0,20.0,20.0,0.0,0.0,,27,,,,,,,,
PAIR,,VCP-R1-052,VCP-R1-106,True,False,20,20.0,19.0,19.0,1.0,0.02702702702702703,20.0,20.0,0.0,0.0,,27,,,,,,,,
PAIR,,VCP-R1-052,VCP-R1-107,True,False,20,20.0,19.0,20.0,1.0,0.02631578947368421,20.0,20.0,0.0,0.0,,27,,,,,,,,
PAIR,,VCP-R1-052,VCP-R1-108,True,False,20,20.0,19.0,20.0,1.0,0.02631578947368421,20.0,20.0,0.0,0.0,,27,,,,,,,,
PAIR,,VCP-R1-053,VCP-R1-054,False,True,20,20.0,20.0,20.0,13.0,0.48148148148148145,20.0,20.0,13.0,0.48148148148148145,,27,,,,,,,,
PAIR,,VCP-R1-053,VCP-R1-055,False,False,20,20.0,20.0,18.0,1.0,0.02702702702702703,20.0,20.0,0.0,0.0,,27,,,,,,,,
PAIR,,VCP-R1-053,VCP-R1-056,False,False,20,20.0,20.0,20.0,1.0,0.02564102564102564,20.0,20.0,0.0,0.0,,27,,,,,,,,
PAIR,,VCP-R1-053,VCP-R1-057,False,False,20,19.0,20.0,18.0,1.0,0.02702702702702703,20.0,19.0,0.0,0.0,,27,,,,,,,,
PAIR,,VCP-R1-053,VCP-R1-058,False,False,20,20.0,20.0,19.0,0.0,0.0,20.0,20.0,0.0,0.0,,27,,,,,,,,
PAIR,,VCP-R1-053,VCP-R1-059,False,False,20,20.0,20.0,19.0,0.0,0.0,20.0,20.0,0.0,0.0,,27,,,,,,,,
PAIR,,VCP-R1-053,VCP-R1-060,False,False,20,20.0,20.0,20.0,1.0,0.02564102564102564,20.0,20.0,0.0,0.0,,27,,,,,,,,
PAIR,,VCP-R1-053,VCP-R1-061,False,False,20,20.0,20.0,20.0,1.0,0.02564102564102564,20.0,20.0,0.0,0.0,,27,,,,,,,,
PAIR,,VCP-R1-053,VCP-R1-062,False,False,20,20.0,20.0,20.0,0.0,0.0,20.0,20.0,0.0,0.0,,27,,,,,,,,
PAIR,,VCP-R1-053,VCP-R1-063,False,False,20,20.0,20.0,20.0,0.0,0.0,20.0,20.0,0.0,0.0,,27,,,,,,,,
PAIR,,VCP-R1-053,VCP-R1-064,False,False,20,20.0,20.0,19.0,1.0,0.02631578947368421,20.0,20.0,0.0,0.0,,27,,,,,,,,
PAIR,,VCP-R1-053,VCP-R1-065,False,False,20,20.0,20.0,20.0,1.0,0.02564102564102564,20.0,20.0,0.0,0.0,,27,,,,,,,,
PAIR,,VCP-R1-053,VCP-R1-066,False,False,20,20.0,20.0,20.0,1.0,0.02564102564102564,20.0,20.0,0.0,0.0,,27,,,,,,,,
PAIR,,VCP-R1-053,VCP-R1-067,False,False,20,20.0,20.0,20.0,0.0,0.0,20.0,20.0,0.0,0.0,,27,,,,,,,,
PAIR,,VCP-R1-053,VCP-R1-068,False,False,20,20.0,20.0,19.0,0.0,0.0,20.0,20.0,0.0,0.0,,27,,,,,,,,
PAIR,,VCP-R1-053,VCP-R1-069,False,False,20,20.0,20.0,20.0,0.0,0.0,20.0,20.0,0.0,0.0,,27,,,,,,,,
PAIR,,VCP-R1-053,VCP-R1-070,False,False,20,20.0,20.0,20.0,3.0,0.08108108108108109,20.0,20.0,1.0,0.02564102564102564,,27,,,,,,,,
PAIR,,VCP-R1-053,VCP-R1-071,False,False,20,20.0,20.0,20.0,2.0,0.05263157894736842,20.0,20.0,1.0,0.02564102564102564,,27,,,,,,,,
PAIR,,VCP-R1-053,VCP-R1-072,False,False,20,20.0,20.0,20.0,0.0,0.0,20.0,20.0,0.0,0.0,,27,,,,,,,,
PAIR,,VCP-R1-053,VCP-R1-073,False,False,20,20.0,20.0,20.0,1.0,0.02564102564102564,20.0,20.0,0.0,0.0,,27,,,,,,,,
PAIR,,VCP-R1-053,VCP-R1-074,False,False,20,20.0,20.0,20.0,1.0,0.02564102564102564,20.0,20.0,0.0,0.0,,27,,,,,,,,
PAIR,,VCP-R1-053,VCP-R1-075,False,False,20,20.0,20.0,20.0,1.0,0.02564102564102564,20.0,20.0,0.0,0.0,,27,,,,,,,,
PAIR,,VCP-R1-053,VCP-R1-076,False,False,20,20.0,20.0,20.0,0.0,0.0,20.0,20.0,0.0,0.0,,27,,,,,,,,
PAIR,,VCP-R1-053,VCP-R1-077,False,False,20,20.0,20.0,19.0,0.0,0.0,20.0,20.0,0.0,0.0,,27,,,,,,,,
PAIR,,VCP-R1-053,VCP-R1-078,False,False,20,20.0,20.0,20.0,0.0,0.0,20.0,20.0,0.0,0.0,,27,,,,,,,,
PAIR,,VCP-R1-053,VCP-R1-079,False,False,20,20.0,20.0,20.0,3.0,0.08108108108108109,20.0,20.0,1.0,0.02564102564102564,,27,,,,,,,,
PAIR,,VCP-R1-053,VCP-R1-080,False,False,20,20.0,20.0,20.0,2.0,0.05263157894736842,20.0,20.0,1.0,0.02564102564102564,,27,,,,,,,,
PAIR,,VCP-R1-053,VCP-R1-081,False,False,20,20.0,20.0,20.0,0.0,0.0,20.0,20.0,0.0,0.0,,27,,,,,,,,
PAIR,,VCP-R1-053,VCP-R1-082,False,False,20,20.0,20.0,20.0,1.0,0.02564102564102564,20.0,20.0,0.0,0.0,,27,,,,,,,,
PAIR,,VCP-R1-053,VCP-R1-083,False,False,20,20.0,20.0,20.0,1.0,0.02564102564102564,20.0,20.0,0.0,0.0,,27,,,,,,,,
PAIR,,VCP-R1-053,VCP-R1-084,False,False,20,18.0,20.0,18.0,1.0,0.02702702702702703,20.0,18.0,0.0,0.0,,27,,,,,,,,
PAIR,,VCP-R1-053,VCP-R1-085,False,False,20,20.0,20.0,19.0,0.0,0.0,20.0,20.0,0.0,0.0,,27,,,,,,,,
PAIR,,VCP-R1-053,VCP-R1-086,False,False,20,20.0,20.0,20.0,0.0,0.0,20.0,20.0,0.0,0.0,,27,,,,,,,,
PAIR,,VCP-R1-053,VCP-R1-087,False,False,20,20.0,20.0,19.0,0.0,0.0,20.0,20.0,0.0,0.0,,27,,,,,,,,
PAIR,,VCP-R1-053,VCP-R1-088,False,False,20,20.0,20.0,19.0,1.0,0.02631578947368421,20.0,20.0,0.0,0.0,,27,,,,,,,,
PAIR,,VCP-R1-053,VCP-R1-089,False,False,20,20.0,20.0,19.0,0.0,0.0,20.0,20.0,0.0,0.0,,27,,,,,,,,
PAIR,,VCP-R1-053,VCP-R1-090,False,False,20,20.0,20.0,20.0,0.0,0.0,20.0,20.0,0.0,0.0,,27,,,,,,,,
PAIR,,VCP-R1-053,VCP-R1-091,False,False,20,20.0,20.0,19.0,0.0,0.0,20.0,20.0,0.0,0.0,,27,,,,,,,,
PAIR,,VCP-R1-053,VCP-R1-092,False,False,20,20.0,20.0,19.0,0.0,0.0,20.0,20.0,0.0,0.0,,27,,,,,,,,
PAIR,,VCP-R1-053,VCP-R1-093,False,False,20,20.0,20.0,19.0,0.0,0.0,20.0,20.0,0.0,0.0,,27,,,,,,,,
PAIR,,VCP-R1-053,VCP-R1-094,False,False,20,20.0,20.0,19.0,2.0,0.05405405405405406,20.0,20.0,1.0,0.02564102564102564,,27,,,,,,,,
PAIR,,VCP-R1-053,VCP-R1-095,False,False,20,20.0,20.0,20.0,2.0,0.05263157894736842,20.0,20.0,1.0,0.02564102564102564,,27,,,,,,,,
PAIR,,VCP-R1-053,VCP-R1-096,False,False,20,20.0,20.0,20.0,0.0,0.0,20.0,20.0,0.0,0.0,,27,,,,,,,,
PAIR,,VCP-R1-053,VCP-R1-097,False,False,20,20.0,20.0,20.0,3.0,0.08108108108108109,20.0,20.0,1.0,0.02564102564102564,,27,,,,,,,,
PAIR,,VCP-R1-053,VCP-R1-098,False,False,20,20.0,20.0,20.0,2.0,0.05263157894736842,20.0,20.0,1.0,0.02564102564102564,,27,,,,,,,,
PAIR,,VCP-R1-053,VCP-R1-099,False,False,20,20.0,20.0,20.0,0.0,0.0,20.0,20.0,0.0,0.0,,27,,,,,,,,
PAIR,,VCP-R1-053,VCP-R1-100,False,False,20,20.0,20.0,19.0,0.0,0.0,20.0,20.0,0.0,0.0,,27,,,,,,,,
PAIR,,VCP-R1-053,VCP-R1-101,False,False,20,20.0,20.0,19.0,0.0,0.0,20.0,20.0,0.0,0.0,,27,,,,,,,,
PAIR,,VCP-R1-053,VCP-R1-102,False,False,20,20.0,20.0,19.0,0.0,0.0,20.0,20.0,0.0,0.0,,27,,,,,,,,
PAIR,,VCP-R1-053,VCP-R1-103,False,False,20,20.0,20.0,19.0,2.0,0.05405405405405406,20.0,20.0,1.0,0.02564102564102564,,27,,,,,,,,
PAIR,,VCP-R1-053,VCP-R1-104,False,False,20,20.0,20.0,20.0,2.0,0.05263157894736842,20.0,20.0,1.0,0.02564102564102564,,27,,,,,,,,
PAIR,,VCP-R1-053,VCP-R1-105,False,False,20,20.0,20.0,20.0,0.0,0.0,20.0,20.0,0.0,0.0,,27,,,,,,,,
PAIR,,VCP-R1-053,VCP-R1-106,False,False,20,20.0,20.0,19.0,3.0,0.08333333333333333,20.0,20.0,1.0,0.02564102564102564,,27,,,,,,,,
PAIR,,VCP-R1-053,VCP-R1-107,False,False,20,20.0,20.0,20.0,2.0,0.05263157894736842,20.0,20.0,1.0,0.02564102564102564,,27,,,,,,,,
PAIR,,VCP-R1-053,VCP-R1-108,False,False,20,20.0,20.0,20.0,0.0,0.0,20.0,20.0,0.0,0.0,,27,,,,,,,,
PAIR,,VCP-R1-054,VCP-R1-055,True,False,20,20.0,20.0,18.0,0.0,0.0,20.0,20.0,0.0,0.0,,27,,,,,,,,
PAIR,,VCP-R1-054,VCP-R1-056,True,False,20,20.0,20.0,20.0,0.0,0.0,20.0,20.0,0.0,0.0,,27,,,,,,,,
PAIR,,VCP-R1-054,VCP-R1-057,True,False,20,19.0,20.0,18.0,0.0,0.0,20.0,19.0,0.0,0.0,,27,,,,,,,,
PAIR,,VCP-R1-054,VCP-R1-058,True,False,20,20.0,20.0,19.0,0.0,0.0,20.0,20.0,0.0,0.0,,27,,,,,,,,
PAIR,,VCP-R1-054,VCP-R1-059,True,False,20,20.0,20.0,19.0,0.0,0.0,20.0,20.0,0.0,0.0,,27,,,,,,,,
PAIR,,VCP-R1-054,VCP-R1-060,True,False,20,20.0,20.0,20.0,0.0,0.0,20.0,20.0,0.0,0.0,,27,,,,,,,,
PAIR,,VCP-R1-054,VCP-R1-061,True,False,20,20.0,20.0,20.0,0.0,0.0,20.0,20.0,0.0,0.0,,27,,,,,,,,
PAIR,,VCP-R1-054,VCP-R1-062,True,False,20,20.0,20.0,20.0,0.0,0.0,20.0,20.0,0.0,0.0,,27,,,,,,,,
PAIR,,VCP-R1-054,VCP-R1-063,True,False,20,20.0,20.0,20.0,0.0,0.0,20.0,20.0,0.0,0.0,,27,,,,,,,,
PAIR,,VCP-R1-054,VCP-R1-064,True,False,20,20.0,20.0,19.0,0.0,0.0,20.0,20.0,0.0,0.0,,27,,,,,,,,
PAIR,,VCP-R1-054,VCP-R1-065,True,False,20,20.0,20.0,20.0,0.0,0.0,20.0,20.0,0.0,0.0,,27,,,,,,,,
PAIR,,VCP-R1-054,VCP-R1-066,True,False,20,20.0,20.0,20.0,0.0,0.0,20.0,20.0,0.0,0.0,,27,,,,,,,,
PAIR,,VCP-R1-054,VCP-R1-067,True,False,20,20.0,20.0,20.0,0.0,0.0,20.0,20.0,0.0,0.0,,27,,,,,,,,
PAIR,,VCP-R1-054,VCP-R1-068,True,False,20,20.0,20.0,19.0,0.0,0.0,20.0,20.0,0.0,0.0,,27,,,,,,,,
PAIR,,VCP-R1-054,VCP-R1-069,True,False,20,20.0,20.0,20.0,0.0,0.0,20.0,20.0,0.0,0.0,,27,,,,,,,,
PAIR,,VCP-R1-054,VCP-R1-070,True,False,20,20.0,20.0,20.0,1.0,0.02564102564102564,20.0,20.0,0.0,0.0,,27,,,,,,,,
PAIR,,VCP-R1-054,VCP-R1-071,True,False,20,20.0,20.0,20.0,1.0,0.02564102564102564,20.0,20.0,0.0,0.0,,27,,,,,,,,
PAIR,,VCP-R1-054,VCP-R1-072,True,False,20,20.0,20.0,20.0,0.0,0.0,20.0,20.0,0.0,0.0,,27,,,,,,,,
PAIR,,VCP-R1-054,VCP-R1-073,True,False,20,20.0,20.0,20.0,0.0,0.0,20.0,20.0,0.0,0.0,,27,,,,,,,,
PAIR,,VCP-R1-054,VCP-R1-074,True,False,20,20.0,20.0,20.0,0.0,0.0,20.0,20.0,0.0,0.0,,27,,,,,,,,
PAIR,,VCP-R1-054,VCP-R1-075,True,False,20,20.0,20.0,20.0,0.0,0.0,20.0,20.0,0.0,0.0,,27,,,,,,,,
PAIR,,VCP-R1-054,VCP-R1-076,True,False,20,20.0,20.0,20.0,0.0,0.0,20.0,20.0,0.0,0.0,,27,,,,,,,,
PAIR,,VCP-R1-054,VCP-R1-077,True,False,20,20.0,20.0,19.0,0.0,0.0,20.0,20.0,0.0,0.0,,27,,,,,,,,
PAIR,,VCP-R1-054,VCP-R1-078,True,False,20,20.0,20.0,20.0,0.0,0.0,20.0,20.0,0.0,0.0,,27,,,,,,,,
PAIR,,VCP-R1-054,VCP-R1-079,True,False,20,20.0,20.0,20.0,1.0,0.02564102564102564,20.0,20.0,0.0,0.0,,27,,,,,,,,
PAIR,,VCP-R1-054,VCP-R1-080,True,False,20,20.0,20.0,20.0,1.0,0.02564102564102564,20.0,20.0,0.0,0.0,,27,,,,,,,,
PAIR,,VCP-R1-054,VCP-R1-081,True,False,20,20.0,20.0,20.0,1.0,0.02564102564102564,20.0,20.0,0.0,0.0,,27,,,,,,,,
PAIR,,VCP-R1-054,VCP-R1-082,True,False,20,20.0,20.0,20.0,1.0,0.02564102564102564,20.0,20.0,0.0,0.0,,27,,,,,,,,
PAIR,,VCP-R1-054,VCP-R1-083,True,False,20,20.0,20.0,20.0,0.0,0.0,20.0,20.0,0.0,0.0,,27,,,,,,,,
PAIR,,VCP-R1-054,VCP-R1-084,True,False,20,18.0,20.0,18.0,0.0,0.0,20.0,18.0,0.0,0.0,,27,,,,,,,,
PAIR,,VCP-R1-054,VCP-R1-085,True,False,20,20.0,20.0,19.0,0.0,0.0,20.0,20.0,0.0,0.0,,27,,,,,,,,
PAIR,,VCP-R1-054,VCP-R1-086,True,False,20,20.0,20.0,20.0,0.0,0.0,20.0,20.0,0.0,0.0,,27,,,,,,,,
PAIR,,VCP-R1-054,VCP-R1-087,True,False,20,20.0,20.0,19.0,0.0,0.0,20.0,20.0,0.0,0.0,,27,,,,,,,,
PAIR,,VCP-R1-054,VCP-R1-088,True,False,20,20.0,20.0,19.0,0.0,0.0,20.0,20.0,0.0,0.0,,27,,,,,,,,
PAIR,,VCP-R1-054,VCP-R1-089,True,False,20,20.0,20.0,19.0,0.0,0.0,20.0,20.0,0.0,0.0,,27,,,,,,,,
PAIR,,VCP-R1-054,VCP-R1-090,True,False,20,20.0,20.0,20.0,0.0,0.0,20.0,20.0,0.0,0.0,,27,,,,,,,,
PAIR,,VCP-R1-054,VCP-R1-091,True,False,20,20.0,20.0,19.0,1.0,0.02631578947368421,20.0,20.0,0.0,0.0,,27,,,,,,,,
PAIR,,VCP-R1-054,VCP-R1-092,True,False,20,20.0,20.0,19.0,1.0,0.02631578947368421,20.0,20.0,0.0,0.0,,27,,,,,,,,
PAIR,,VCP-R1-054,VCP-R1-093,True,False,20,20.0,20.0,19.0,1.0,0.02631578947368421,20.0,20.0,0.0,0.0,,27,,,,,,,,
PAIR,,VCP-R1-054,VCP-R1-094,True,False,20,20.0,20.0,19.0,2.0,0.05405405405405406,20.0,20.0,0.0,0.0,,27,,,,,,,,
PAIR,,VCP-R1-054,VCP-R1-095,True,False,20,20.0,20.0,20.0,2.0,0.05263157894736842,20.0,20.0,0.0,0.0,,27,,,,,,,,
PAIR,,VCP-R1-054,VCP-R1-096,True,False,20,20.0,20.0,20.0,1.0,0.02564102564102564,20.0,20.0,0.0,0.0,,27,,,,,,,,
PAIR,,VCP-R1-054,VCP-R1-097,True,False,20,20.0,20.0,20.0,2.0,0.05263157894736842,20.0,20.0,0.0,0.0,,27,,,,,,,,
PAIR,,VCP-R1-054,VCP-R1-098,True,False,20,20.0,20.0,20.0,2.0,0.05263157894736842,20.0,20.0,0.0,0.0,,27,,,,,,,,
PAIR,,VCP-R1-054,VCP-R1-099,True,False,20,20.0,20.0,20.0,1.0,0.02564102564102564,20.0,20.0,0.0,0.0,,27,,,,,,,,
PAIR,,VCP-R1-054,VCP-R1-100,True,False,20,20.0,20.0,19.0,1.0,0.02631578947368421,20.0,20.0,0.0,0.0,,27,,,,,,,,
PAIR,,VCP-R1-054,VCP-R1-101,True,False,20,20.0,20.0,19.0,1.0,0.02631578947368421,20.0,20.0,0.0,0.0,,27,,,,,,,,
PAIR,,VCP-R1-054,VCP-R1-102,True,False,20,20.0,20.0,19.0,1.0,0.02631578947368421,20.0,20.0,0.0,0.0,,27,,,,,,,,
PAIR,,VCP-R1-054,VCP-R1-103,True,False,20,20.0,20.0,19.0,2.0,0.05405405405405406,20.0,20.0,0.0,0.0,,27,,,,,,,,
PAIR,,VCP-R1-054,VCP-R1-104,True,False,20,20.0,20.0,20.0,2.0,0.05263157894736842,20.0,20.0,0.0,0.0,,27,,,,,,,,
PAIR,,VCP-R1-054,VCP-R1-105,True,False,20,20.0,20.0,20.0,1.0,0.02564102564102564,20.0,20.0,0.0,0.0,,27,,,,,,,,
PAIR,,VCP-R1-054,VCP-R1-106,True,False,20,20.0,20.0,19.0,2.0,0.05405405405405406,20.0,20.0,0.0,0.0,,27,,,,,,,,
PAIR,,VCP-R1-054,VCP-R1-107,True,False,20,20.0,20.0,20.0,2.0,0.05263157894736842,20.0,20.0,0.0,0.0,,27,,,,,,,,
PAIR,,VCP-R1-054,VCP-R1-108,True,False,20,20.0,20.0,20.0,1.0,0.02564102564102564,20.0,20.0,0.0,0.0,,27,,,,,,,,
PAIR,,VCP-R1-055,VCP-R1-056,False,False,20,20.0,18.0,20.0,12.0,0.46153846153846156,20.0,20.0,12.0,0.42857142857142855,,27,,,,,,,,
PAIR,,VCP-R1-055,VCP-R1-057,False,False,20,19.0,18.0,18.0,7.0,0.2413793103448276,20.0,19.0,7.0,0.21875,,27,,,,,,,,
PAIR,,VCP-R1-055,VCP-R1-058,False,False,20,20.0,18.0,19.0,5.0,0.15625,20.0,20.0,4.0,0.1111111111111111,,27,,,,,,,,
PAIR,,VCP-R1-055,VCP-R1-059,False,False,20,20.0,18.0,19.0,5.0,0.15625,20.0,20.0,4.0,0.1111111111111111,,27,,,,,,,,
PAIR,,VCP-R1-055,VCP-R1-060,False,False,20,20.0,18.0,20.0,5.0,0.15151515151515152,20.0,20.0,4.0,0.1111111111111111,,27,,,,,,,,
PAIR,,VCP-R1-055,VCP-R1-061,False,False,20,20.0,18.0,20.0,5.0,0.15151515151515152,20.0,20.0,3.0,0.08108108108108109,,27,,,,,,,,
PAIR,,VCP-R1-055,VCP-R1-062,False,False,20,20.0,18.0,20.0,5.0,0.15151515151515152,20.0,20.0,2.0,0.05263157894736842,,27,,,,,,,,
PAIR,,VCP-R1-055,VCP-R1-063,False,False,20,20.0,18.0,20.0,4.0,0.11764705882352941,20.0,20.0,2.0,0.05263157894736842,,27,,,,,,,,
PAIR,,VCP-R1-055,VCP-R1-064,False,False,20,20.0,18.0,19.0,10.0,0.37037037037037035,20.0,20.0,11.0,0.3793103448275862,,27,,,,,,,,
PAIR,,VCP-R1-055,VCP-R1-065,False,False,20,20.0,18.0,20.0,12.0,0.46153846153846156,20.0,20.0,12.0,0.42857142857142855,,27,,,,,,,,
PAIR,,VCP-R1-055,VCP-R1-066,False,False,20,20.0,18.0,20.0,7.0,0.22580645161290322,20.0,20.0,7.0,0.21212121212121213,,27,,,,,,,,
PAIR,,VCP-R1-055,VCP-R1-067,False,False,20,20.0,18.0,20.0,4.0,0.11764705882352941,20.0,20.0,3.0,0.08108108108108109,,27,,,,,,,,
PAIR,,VCP-R1-055,VCP-R1-068,False,False,20,20.0,18.0,19.0,3.0,0.08823529411764706,20.0,20.0,2.0,0.05263157894736842,,27,,,,,,,,
PAIR,,VCP-R1-055,VCP-R1-069,False,False,20,20.0,18.0,20.0,4.0,0.11764705882352941,20.0,20.0,3.0,0.08108108108108109,,27,,,,,,,,
PAIR,,VCP-R1-055,VCP-R1-070,False,False,20,20.0,18.0,20.0,3.0,0.08571428571428572,20.0,20.0,2.0,0.05263157894736842,,27,,,,,,,,
PAIR,,VCP-R1-055,VCP-R1-071,False,False,20,20.0,18.0,20.0,4.0,0.11764705882352941,20.0,20.0,2.0,0.05263157894736842,,27,,,,,,,,
PAIR,,VCP-R1-055,VCP-R1-072,False,False,20,20.0,18.0,20.0,3.0,0.08571428571428572,20.0,20.0,1.0,0.02564102564102564,,27,,,,,,,,
PAIR,,VCP-R1-055,VCP-R1-073,False,False,20,20.0,18.0,20.0,9.0,0.3103448275862069,20.0,20.0,9.0,0.2903225806451613,,27,,,,,,,,
PAIR,,VCP-R1-055,VCP-R1-074,False,False,20,20.0,18.0,20.0,10.0,0.35714285714285715,20.0,20.0,10.0,0.3333333333333333,,27,,,,,,,,
PAIR,,VCP-R1-055,VCP-R1-075,False,False,20,20.0,18.0,20.0,7.0,0.22580645161290322,20.0,20.0,7.0,0.21212121212121213,,27,,,,,,,,
PAIR,,VCP-R1-055,VCP-R1-076,False,False,20,20.0,18.0,20.0,4.0,0.11764705882352941,20.0,20.0,3.0,0.08108108108108109,,27,,,,,,,,
PAIR,,VCP-R1-055,VCP-R1-077,False,False,20,20.0,18.0,19.0,3.0,0.08823529411764706,20.0,20.0,2.0,0.05263157894736842,,27,,,,,,,,
PAIR,,VCP-R1-055,VCP-R1-078,False,False,20,20.0,18.0,20.0,4.0,0.11764705882352941,20.0,20.0,3.0,0.08108108108108109,,27,,,,,,,,
PAIR,,VCP-R1-055,VCP-R1-079,False,False,20,20.0,18.0,20.0,3.0,0.08571428571428572,20.0,20.0,2.0,0.05263157894736842,,27,,,,,,,,
PAIR,,VCP-R1-055,VCP-R1-080,False,False,20,20.0,18.0,20.0,4.0,0.11764705882352941,20.0,20.0,2.0,0.05263157894736842,,27,,,,,,,,
PAIR,,VCP-R1-055,VCP-R1-081,False,False,20,20.0,18.0,20.0,3.0,0.08571428571428572,20.0,20.0,1.0,0.02564102564102564,,27,,,,,,,,
PAIR,,VCP-R1-055,VCP-R1-082,False,False,20,20.0,18.0,20.0,0.0,0.0,20.0,20.0,0.0,0.0,,27,,,,,,,,
PAIR,,VCP-R1-055,VCP-R1-083,False,False,20,20.0,18.0,20.0,1.0,0.02702702702702703,20.0,20.0,0.0,0.0,,27,,,,,,,,
PAIR,,VCP-R1-055,VCP-R1-084,False,False,20,18.0,18.0,18.0,1.0,0.02857142857142857,20.0,18.0,0.0,0.0,,27,,,,,,,,
PAIR,,VCP-R1-055,VCP-R1-085,False,False,20,20.0,18.0,19.0,0.0,0.0,20.0,20.0,0.0,0.0,,27,,,,,,,,
PAIR,,VCP-R1-055,VCP-R1-086,False,False,20,20.0,18.0,20.0,0.0,0.0,20.0,20.0,0.0,0.0,,27,,,,,,,,
PAIR,,VCP-R1-055,VCP-R1-087,False,False,20,20.0,18.0,19.0,0.0,0.0,20.0,20.0,0.0,0.0,,27,,,,,,,,
PAIR,,VCP-R1-055,VCP-R1-088,False,False,20,20.0,18.0,19.0,1.0,0.027777777777777776,20.0,20.0,0.0,0.0,,27,,,,,,,,
PAIR,,VCP-R1-055,VCP-R1-089,False,False,20,20.0,18.0,19.0,0.0,0.0,20.0,20.0,0.0,0.0,,27,,,,,,,,
PAIR,,VCP-R1-055,VCP-R1-090,False,False,20,20.0,18.0,20.0,0.0,0.0,20.0,20.0,0.0,0.0,,27,,,,,,,,
PAIR,,VCP-R1-055,VCP-R1-091,False,False,20,20.0,18.0,19.0,0.0,0.0,20.0,20.0,0.0,0.0,,27,,,,,,,,
PAIR,,VCP-R1-055,VCP-R1-092,False,False,20,20.0,18.0,19.0,0.0,0.0,20.0,20.0,0.0,0.0,,27,,,,,,,,
PAIR,,VCP-R1-055,VCP-R1-093,False,False,20,20.0,18.0,19.0,0.0,0.0,20.0,20.0,0.0,0.0,,27,,,,,,,,
PAIR,,VCP-R1-055,VCP-R1-094,False,False,20,20.0,18.0,19.0,0.0,0.0,20.0,20.0,0.0,0.0,,27,,,,,,,,
PAIR,,VCP-R1-055,VCP-R1-095,False,False,20,20.0,18.0,20.0,0.0,0.0,20.0,20.0,0.0,0.0,,27,,,,,,,,
PAIR,,VCP-R1-055,VCP-R1-096,False,False,20,20.0,18.0,20.0,0.0,0.0,20.0,20.0,0.0,0.0,,27,,,,,,,,
PAIR,,VCP-R1-055,VCP-R1-097,False,False,20,20.0,18.0,20.0,1.0,0.02702702702702703,20.0,20.0,0.0,0.0,,27,,,,,,,,
PAIR,,VCP-R1-055,VCP-R1-098,False,False,20,20.0,18.0,20.0,0.0,0.0,20.0,20.0,0.0,0.0,,27,,,,,,,,
PAIR,,VCP-R1-055,VCP-R1-099,False,False,20,20.0,18.0,20.0,0.0,0.0,20.0,20.0,0.0,0.0,,27,,,,,,,,
PAIR,,VCP-R1-055,VCP-R1-100,False,False,20,20.0,18.0,19.0,0.0,0.0,20.0,20.0,0.0,0.0,,27,,,,,,,,
PAIR,,VCP-R1-055,VCP-R1-101,False,False,20,20.0,18.0,19.0,0.0,0.0,20.0,20.0,0.0,0.0,,27,,,,,,,,
PAIR,,VCP-R1-055,VCP-R1-102,False,False,20,20.0,18.0,19.0,0.0,0.0,20.0,20.0,0.0,0.0,,27,,,,,,,,
PAIR,,VCP-R1-055,VCP-R1-103,False,False,20,20.0,18.0,19.0,1.0,0.027777777777777776,20.0,20.0,0.0,0.0,,27,,,,,,,,
PAIR,,VCP-R1-055,VCP-R1-104,False,False,20,20.0,18.0,20.0,1.0,0.02702702702702703,20.0,20.0,0.0,0.0,,27,,,,,,,,
PAIR,,VCP-R1-055,VCP-R1-105,False,False,20,20.0,18.0,20.0,1.0,0.02702702702702703,20.0,20.0,0.0,0.0,,27,,,,,,,,
PAIR,,VCP-R1-055,VCP-R1-106,False,False,20,20.0,18.0,19.0,1.0,0.027777777777777776,20.0,20.0,0.0,0.0,,27,,,,,,,,
PAIR,,VCP-R1-055,VCP-R1-107,False,False,20,20.0,18.0,20.0,1.0,0.02702702702702703,20.0,20.0,0.0,0.0,,27,,,,,,,,
PAIR,,VCP-R1-055,VCP-R1-108,False,False,20,20.0,18.0,20.0,1.0,0.02702702702702703,20.0,20.0,0.0,0.0,,27,,,,,,,,
PAIR,,VCP-R1-056,VCP-R1-057,False,False,20,19.0,20.0,18.0,13.0,0.52,20.0,19.0,13.0,0.5,,27,,,,,,,,
PAIR,,VCP-R1-056,VCP-R1-058,False,False,20,20.0,20.0,19.0,4.0,0.11428571428571428,20.0,20.0,2.0,0.05263157894736842,,27,,,,,,,,
PAIR,,VCP-R1-056,VCP-R1-059,False,False,20,20.0,20.0,19.0,6.0,0.18181818181818182,20.0,20.0,4.0,0.1111111111111111,,27,,,,,,,,
PAIR,,VCP-R1-056,VCP-R1-060,False,False,20,20.0,20.0,20.0,6.0,0.17647058823529413,20.0,20.0,4.0,0.1111111111111111,,27,,,,,,,,
PAIR,,VCP-R1-056,VCP-R1-061,False,False,20,20.0,20.0,20.0,3.0,0.08108108108108109,20.0,20.0,2.0,0.05263157894736842,,27,,,,,,,,
PAIR,,VCP-R1-056,VCP-R1-062,False,False,20,20.0,20.0,20.0,5.0,0.14285714285714285,20.0,20.0,2.0,0.05263157894736842,,27,,,,,,,,
PAIR,,VCP-R1-056,VCP-R1-063,False,False,20,20.0,20.0,20.0,4.0,0.1111111111111111,20.0,20.0,2.0,0.05263157894736842,,27,,,,,,,,
PAIR,,VCP-R1-056,VCP-R1-064,False,False,20,20.0,20.0,19.0,7.0,0.21875,20.0,20.0,7.0,0.21212121212121213,,27,,,,,,,,
PAIR,,VCP-R1-056,VCP-R1-065,False,False,20,20.0,20.0,20.0,12.0,0.42857142857142855,20.0,20.0,12.0,0.42857142857142855,,27,,,,,,,,
PAIR,,VCP-R1-056,VCP-R1-066,False,False,20,20.0,20.0,20.0,12.0,0.42857142857142855,20.0,20.0,12.0,0.42857142857142855,,27,,,,,,,,
PAIR,,VCP-R1-056,VCP-R1-067,False,False,20,20.0,20.0,20.0,3.0,0.08108108108108109,20.0,20.0,2.0,0.05263157894736842,,27,,,,,,,,
PAIR,,VCP-R1-056,VCP-R1-068,False,False,20,20.0,20.0,19.0,4.0,0.11428571428571428,20.0,20.0,2.0,0.05263157894736842,,27,,,,,,,,
PAIR,,VCP-R1-056,VCP-R1-069,False,False,20,20.0,20.0,20.0,5.0,0.14285714285714285,20.0,20.0,3.0,0.08108108108108109,,27,,,,,,,,
PAIR,,VCP-R1-056,VCP-R1-070,False,False,20,20.0,20.0,20.0,2.0,0.05263157894736842,20.0,20.0,2.0,0.05263157894736842,,27,,,,,,,,
PAIR,,VCP-R1-056,VCP-R1-071,False,False,20,20.0,20.0,20.0,3.0,0.08108108108108109,20.0,20.0,2.0,0.05263157894736842,,27,,,,,,,,
PAIR,,VCP-R1-056,VCP-R1-072,False,False,20,20.0,20.0,20.0,3.0,0.08108108108108109,20.0,20.0,1.0,0.02564102564102564,,27,,,,,,,,
PAIR,,VCP-R1-056,VCP-R1-073,False,False,20,20.0,20.0,20.0,6.0,0.17647058823529413,20.0,20.0,6.0,0.17647058823529413,,27,,,,,,,,
PAIR,,VCP-R1-056,VCP-R1-074,False,False,20,20.0,20.0,20.0,10.0,0.3333333333333333,20.0,20.0,10.0,0.3333333333333333,,27,,,,,,,,
PAIR,,VCP-R1-056,VCP-R1-075,False,False,20,20.0,20.0,20.0,11.0,0.3793103448275862,20.0,20.0,11.0,0.3793103448275862,,27,,,,,,,,
PAIR,,VCP-R1-056,VCP-R1-076,False,False,20,20.0,20.0,20.0,3.0,0.08108108108108109,20.0,20.0,2.0,0.05263157894736842,,27,,,,,,,,
PAIR,,VCP-R1-056,VCP-R1-077,False,False,20,20.0,20.0,19.0,4.0,0.11428571428571428,20.0,20.0,2.0,0.05263157894736842,,27,,,,,,,,
PAIR,,VCP-R1-056,VCP-R1-078,False,False,20,20.0,20.0,20.0,5.0,0.14285714285714285,20.0,20.0,3.0,0.08108108108108109,,27,,,,,,,,
PAIR,,VCP-R1-056,VCP-R1-079,False,False,20,20.0,20.0,20.0,2.0,0.05263157894736842,20.0,20.0,2.0,0.05263157894736842,,27,,,,,,,,
PAIR,,VCP-R1-056,VCP-R1-080,False,False,20,20.0,20.0,20.0,3.0,0.08108108108108109,20.0,20.0,2.0,0.05263157894736842,,27,,,,,,,,
PAIR,,VCP-R1-056,VCP-R1-081,False,False,20,20.0,20.0,20.0,3.0,0.08108108108108109,20.0,20.0,1.0,0.02564102564102564,,27,,,,,,,,
PAIR,,VCP-R1-056,VCP-R1-082,False,False,20,20.0,20.0,20.0,1.0,0.02564102564102564,20.0,20.0,0.0,0.0,,27,,,,,,,,
PAIR,,VCP-R1-056,VCP-R1-083,False,False,20,20.0,20.0,20.0,2.0,0.05263157894736842,20.0,20.0,0.0,0.0,,27,,,,,,,,
PAIR,,VCP-R1-056,VCP-R1-084,False,False,20,18.0,20.0,18.0,2.0,0.05555555555555555,20.0,18.0,0.0,0.0,,27,,,,,,,,
PAIR,,VCP-R1-056,VCP-R1-085,False,False,20,20.0,20.0,19.0,1.0,0.02631578947368421,20.0,20.0,0.0,0.0,,27,,,,,,,,
PAIR,,VCP-R1-056,VCP-R1-086,False,False,20,20.0,20.0,20.0,0.0,0.0,20.0,20.0,0.0,0.0,,27,,,,,,,,
PAIR,,VCP-R1-056,VCP-R1-087,False,False,20,20.0,20.0,19.0,0.0,0.0,20.0,20.0,0.0,0.0,,27,,,,,,,,
PAIR,,VCP-R1-056,VCP-R1-088,False,False,20,20.0,20.0,19.0,2.0,0.05405405405405406,20.0,20.0,0.0,0.0,,27,,,,,,,,
PAIR,,VCP-R1-056,VCP-R1-089,False,False,20,20.0,20.0,19.0,0.0,0.0,20.0,20.0,0.0,0.0,,27,,,,,,,,
PAIR,,VCP-R1-056,VCP-R1-090,False,False,20,20.0,20.0,20.0,0.0,0.0,20.0,20.0,0.0,0.0,,27,,,,,,,,
PAIR,,VCP-R1-056,VCP-R1-091,False,False,20,20.0,20.0,19.0,1.0,0.02631578947368421,20.0,20.0,0.0,0.0,,27,,,,,,,,
PAIR,,VCP-R1-056,VCP-R1-092,False,False,20,20.0,20.0,19.0,0.0,0.0,20.0,20.0,0.0,0.0,,27,,,,,,,,
PAIR,,VCP-R1-056,VCP-R1-093,False,False,20,20.0,20.0,19.0,1.0,0.02631578947368421,20.0,20.0,0.0,0.0,,27,,,,,,,,
PAIR,,VCP-R1-056,VCP-R1-094,False,False,20,20.0,20.0,19.0,1.0,0.02631578947368421,20.0,20.0,0.0,0.0,,27,,,,,,,,
PAIR,,VCP-R1-056,VCP-R1-095,False,False,20,20.0,20.0,20.0,0.0,0.0,20.0,20.0,0.0,0.0,,27,,,,,,,,
PAIR,,VCP-R1-056,VCP-R1-096,False,False,20,20.0,20.0,20.0,0.0,0.0,20.0,20.0,0.0,0.0,,27,,,,,,,,
PAIR,,VCP-R1-056,VCP-R1-097,False,False,20,20.0,20.0,20.0,2.0,0.05263157894736842,20.0,20.0,0.0,0.0,,27,,,,,,,,
PAIR,,VCP-R1-056,VCP-R1-098,False,False,20,20.0,20.0,20.0,0.0,0.0,20.0,20.0,0.0,0.0,,27,,,,,,,,
PAIR,,VCP-R1-056,VCP-R1-099,False,False,20,20.0,20.0,20.0,0.0,0.0,20.0,20.0,0.0,0.0,,27,,,,,,,,
PAIR,,VCP-R1-056,VCP-R1-100,False,False,20,20.0,20.0,19.0,1.0,0.02631578947368421,20.0,20.0,0.0,0.0,,27,,,,,,,,
PAIR,,VCP-R1-056,VCP-R1-101,False,False,20,20.0,20.0,19.0,0.0,0.0,20.0,20.0,0.0,0.0,,27,,,,,,,,
PAIR,,VCP-R1-056,VCP-R1-102,False,False,20,20.0,20.0,19.0,1.0,0.02631578947368421,20.0,20.0,0.0,0.0,,27,,,,,,,,
PAIR,,VCP-R1-056,VCP-R1-103,False,False,20,20.0,20.0,19.0,1.0,0.02631578947368421,20.0,20.0,0.0,0.0,,27,,,,,,,,
PAIR,,VCP-R1-056,VCP-R1-104,False,False,20,20.0,20.0,20.0,0.0,0.0,20.0,20.0,0.0,0.0,,27,,,,,,,,
PAIR,,VCP-R1-056,VCP-R1-105,False,False,20,20.0,20.0,20.0,0.0,0.0,20.0,20.0,0.0,0.0,,27,,,,,,,,
PAIR,,VCP-R1-056,VCP-R1-106,False,False,20,20.0,20.0,19.0,1.0,0.02631578947368421,20.0,20.0,0.0,0.0,,27,,,,,,,,
PAIR,,VCP-R1-056,VCP-R1-107,False,False,20,20.0,20.0,20.0,0.0,0.0,20.0,20.0,0.0,0.0,,27,,,,,,,,
PAIR,,VCP-R1-056,VCP-R1-108,False,False,20,20.0,20.0,20.0,0.0,0.0,20.0,20.0,0.0,0.0,,27,,,,,,,,
PAIR,,VCP-R1-057,VCP-R1-058,False,False,19,20.0,18.0,19.0,2.0,0.05714285714285714,19.0,20.0,1.0,0.02631578947368421,,27,,,,,,,,
PAIR,,VCP-R1-057,VCP-R1-059,False,False,19,20.0,18.0,19.0,4.0,0.12121212121212122,19.0,20.0,3.0,0.08333333333333333,,27,,,,,,,,
PAIR,,VCP-R1-057,VCP-R1-060,False,False,19,20.0,18.0,20.0,5.0,0.15151515151515152,19.0,20.0,4.0,0.11428571428571428,,27,,,,,,,,
PAIR,,VCP-R1-057,VCP-R1-061,False,False,19,20.0,18.0,20.0,2.0,0.05555555555555555,19.0,20.0,1.0,0.02631578947368421,,27,,,,,,,,
PAIR,,VCP-R1-057,VCP-R1-062,False,False,19,20.0,18.0,20.0,4.0,0.11764705882352941,19.0,20.0,1.0,0.02631578947368421,,27,,,,,,,,
PAIR,,VCP-R1-057,VCP-R1-063,False,False,19,20.0,18.0,20.0,4.0,0.11764705882352941,19.0,20.0,2.0,0.05405405405405406,,27,,,,,,,,
PAIR,,VCP-R1-057,VCP-R1-064,False,False,19,20.0,18.0,19.0,4.0,0.12121212121212122,19.0,20.0,4.0,0.11428571428571428,,27,,,,,,,,
PAIR,,VCP-R1-057,VCP-R1-065,False,False,19,20.0,18.0,20.0,7.0,0.22580645161290322,19.0,20.0,7.0,0.21875,,27,,,,,,,,
PAIR,,VCP-R1-057,VCP-R1-066,False,False,19,20.0,18.0,20.0,12.0,0.46153846153846156,19.0,20.0,12.0,0.4444444444444444,,27,,,,,,,,
PAIR,,VCP-R1-057,VCP-R1-067,False,False,19,20.0,18.0,20.0,1.0,0.02702702702702703,19.0,20.0,1.0,0.02631578947368421,,27,,,,,,,,
PAIR,,VCP-R1-057,VCP-R1-068,False,False,19,20.0,18.0,19.0,2.0,0.05714285714285714,19.0,20.0,1.0,0.02631578947368421,,27,,,,,,,,
PAIR,,VCP-R1-057,VCP-R1-069,False,False,19,20.0,18.0,20.0,4.0,0.11764705882352941,19.0,20.0,3.0,0.08333333333333333,,27,,,,,,,,
PAIR,,VCP-R1-057,VCP-R1-070,False,False,19,20.0,18.0,20.0,2.0,0.05555555555555555,19.0,20.0,1.0,0.02631578947368421,,27,,,,,,,,
PAIR,,VCP-R1-057,VCP-R1-071,False,False,19,20.0,18.0,20.0,2.0,0.05555555555555555,19.0,20.0,1.0,0.02631578947368421,,27,,,,,,,,
PAIR,,VCP-R1-057,VCP-R1-072,False,False,19,20.0,18.0,20.0,3.0,0.08571428571428572,19.0,20.0,1.0,0.02631578947368421,,27,,,,,,,,
PAIR,,VCP-R1-057,VCP-R1-073,False,False,19,20.0,18.0,20.0,4.0,0.11764705882352941,19.0,20.0,4.0,0.11428571428571428,,27,,,,,,,,
PAIR,,VCP-R1-057,VCP-R1-074,False,False,19,20.0,18.0,20.0,6.0,0.1875,19.0,20.0,6.0,0.18181818181818182,,27,,,,,,,,
PAIR,,VCP-R1-057,VCP-R1-075,False,False,19,20.0,18.0,20.0,11.0,0.4074074074074074,19.0,20.0,11.0,0.39285714285714285,,27,,,,,,,,
PAIR,,VCP-R1-057,VCP-R1-076,False,False,19,20.0,18.0,20.0,1.0,0.02702702702702703,19.0,20.0,1.0,0.02631578947368421,,27,,,,,,,,
PAIR,,VCP-R1-057,VCP-R1-077,False,False,19,20.0,18.0,19.0,2.0,0.05714285714285714,19.0,20.0,1.0,0.02631578947368421,,27,,,,,,,,
PAIR,,VCP-R1-057,VCP-R1-078,False,False,19,20.0,18.0,20.0,4.0,0.11764705882352941,19.0,20.0,3.0,0.08333333333333333,,27,,,,,,,,
PAIR,,VCP-R1-057,VCP-R1-079,False,False,19,20.0,18.0,20.0,2.0,0.05555555555555555,19.0,20.0,1.0,0.02631578947368421,,27,,,,,,,,
PAIR,,VCP-R1-057,VCP-R1-080,False,False,19,20.0,18.0,20.0,2.0,0.05555555555555555,19.0,20.0,1.0,0.02631578947368421,,27,,,,,,,,
PAIR,,VCP-R1-057,VCP-R1-081,False,False,19,20.0,18.0,20.0,3.0,0.08571428571428572,19.0,20.0,1.0,0.02631578947368421,,27,,,,,,,,
PAIR,,VCP-R1-057,VCP-R1-082,False,False,19,20.0,18.0,20.0,1.0,0.02702702702702703,19.0,20.0,0.0,0.0,,27,,,,,,,,
PAIR,,VCP-R1-057,VCP-R1-083,False,False,19,20.0,18.0,20.0,2.0,0.05555555555555555,19.0,20.0,0.0,0.0,,27,,,,,,,,
PAIR,,VCP-R1-057,VCP-R1-084,False,False,19,18.0,18.0,18.0,4.0,0.125,19.0,18.0,2.0,0.05714285714285714,,27,,,,,,,,
PAIR,,VCP-R1-057,VCP-R1-085,False,False,19,20.0,18.0,19.0,2.0,0.05714285714285714,19.0,20.0,0.0,0.0,,27,,,,,,,,
PAIR,,VCP-R1-057,VCP-R1-086,False,False,19,20.0,18.0,20.0,1.0,0.02702702702702703,19.0,20.0,0.0,0.0,,27,,,,,,,,
PAIR,,VCP-R1-057,VCP-R1-087,False,False,19,20.0,18.0,19.0,1.0,0.027777777777777776,19.0,20.0,0.0,0.0,,27,,,,,,,,
PAIR,,VCP-R1-057,VCP-R1-088,False,False,19,20.0,18.0,19.0,1.0,0.027777777777777776,19.0,20.0,0.0,0.0,,27,,,,,,,,
PAIR,,VCP-R1-057,VCP-R1-089,False,False,19,20.0,18.0,19.0,1.0,0.027777777777777776,19.0,20.0,0.0,0.0,,27,,,,,,,,
PAIR,,VCP-R1-057,VCP-R1-090,False,False,19,20.0,18.0,20.0,1.0,0.02702702702702703,19.0,20.0,0.0,0.0,,27,,,,,,,,
PAIR,,VCP-R1-057,VCP-R1-091,False,False,19,20.0,18.0,19.0,1.0,0.027777777777777776,19.0,20.0,0.0,0.0,,27,,,,,,,,
PAIR,,VCP-R1-057,VCP-R1-092,False,False,19,20.0,18.0,19.0,0.0,0.0,19.0,20.0,0.0,0.0,,27,,,,,,,,
PAIR,,VCP-R1-057,VCP-R1-093,False,False,19,20.0,18.0,19.0,1.0,0.027777777777777776,19.0,20.0,0.0,0.0,,27,,,,,,,,
PAIR,,VCP-R1-057,VCP-R1-094,False,False,19,20.0,18.0,19.0,1.0,0.027777777777777776,19.0,20.0,0.0,0.0,,27,,,,,,,,
PAIR,,VCP-R1-057,VCP-R1-095,False,False,19,20.0,18.0,20.0,1.0,0.02702702702702703,19.0,20.0,0.0,0.0,,27,,,,,,,,
PAIR,,VCP-R1-057,VCP-R1-096,False,False,19,20.0,18.0,20.0,1.0,0.02702702702702703,19.0,20.0,0.0,0.0,,27,,,,,,,,
PAIR,,VCP-R1-057,VCP-R1-097,False,False,19,20.0,18.0,20.0,1.0,0.02702702702702703,19.0,20.0,0.0,0.0,,27,,,,,,,,
PAIR,,VCP-R1-057,VCP-R1-098,False,False,19,20.0,18.0,20.0,0.0,0.0,19.0,20.0,0.0,0.0,,27,,,,,,,,
PAIR,,VCP-R1-057,VCP-R1-099,False,False,19,20.0,18.0,20.0,0.0,0.0,19.0,20.0,0.0,0.0,,27,,,,,,,,
PAIR,,VCP-R1-057,VCP-R1-100,False,False,19,20.0,18.0,19.0,1.0,0.027777777777777776,19.0,20.0,0.0,0.0,,27,,,,,,,,
PAIR,,VCP-R1-057,VCP-R1-101,False,False,19,20.0,18.0,19.0,0.0,0.0,19.0,20.0,0.0,0.0,,27,,,,,,,,
PAIR,,VCP-R1-057,VCP-R1-102,False,False,19,20.0,18.0,19.0,1.0,0.027777777777777776,19.0,20.0,0.0,0.0,,27,,,,,,,,
PAIR,,VCP-R1-057,VCP-R1-103,False,False,19,20.0,18.0,19.0,1.0,0.027777777777777776,19.0,20.0,0.0,0.0,,27,,,,,,,,
PAIR,,VCP-R1-057,VCP-R1-104,False,False,19,20.0,18.0,20.0,0.0,0.0,19.0,20.0,0.0,0.0,,27,,,,,,,,
PAIR,,VCP-R1-057,VCP-R1-105,False,False,19,20.0,18.0,20.0,1.0,0.02702702702702703,19.0,20.0,0.0,0.0,,27,,,,,,,,
PAIR,,VCP-R1-057,VCP-R1-106,False,False,19,20.0,18.0,19.0,0.0,0.0,19.0,20.0,0.0,0.0,,27,,,,,,,,
PAIR,,VCP-R1-057,VCP-R1-107,False,False,19,20.0,18.0,20.0,0.0,0.0,19.0,20.0,0.0,0.0,,27,,,,,,,,
PAIR,,VCP-R1-057,VCP-R1-108,False,False,19,20.0,18.0,20.0,0.0,0.0,19.0,20.0,0.0,0.0,,27,,,,,,,,
PAIR,,VCP-R1-058,VCP-R1-059,False,False,20,20.0,19.0,19.0,12.0,0.46153846153846156,20.0,20.0,12.0,0.42857142857142855,,27,,,,,,,,
PAIR,,VCP-R1-058,VCP-R1-060,False,False,20,20.0,19.0,20.0,8.0,0.25806451612903225,20.0,20.0,8.0,0.25,,27,,,,,,,,
PAIR,,VCP-R1-058,VCP-R1-061,False,False,20,20.0,19.0,20.0,12.0,0.4444444444444444,20.0,20.0,12.0,0.42857142857142855,,27,,,,,,,,
PAIR,,VCP-R1-058,VCP-R1-062,False,False,20,20.0,19.0,20.0,12.0,0.4444444444444444,20.0,20.0,12.0,0.42857142857142855,,27,,,,,,,,
PAIR,,VCP-R1-058,VCP-R1-063,False,False,20,20.0,19.0,20.0,8.0,0.25806451612903225,20.0,20.0,8.0,0.25,,27,,,,,,,,
PAIR,,VCP-R1-058,VCP-R1-064,False,False,20,20.0,19.0,19.0,4.0,0.11764705882352941,20.0,20.0,4.0,0.1111111111111111,,27,,,,,,,,
PAIR,,VCP-R1-058,VCP-R1-065,False,False,20,20.0,19.0,20.0,3.0,0.08333333333333333,20.0,20.0,2.0,0.05263157894736842,,27,,,,,,,,
PAIR,,VCP-R1-058,VCP-R1-066,False,False,20,20.0,19.0,20.0,2.0,0.05405405405405406,20.0,20.0,1.0,0.02564102564102564,,27,,,,,,,,
PAIR,,VCP-R1-058,VCP-R1-067,False,False,20,20.0,19.0,20.0,14.0,0.56,20.0,20.0,14.0,0.5384615384615384,,27,,,,,,,,
PAIR,,VCP-R1-058,VCP-R1-068,False,False,20,20.0,19.0,19.0,12.0,0.46153846153846156,20.0,20.0,12.0,0.42857142857142855,,27,,,,,,,,
PAIR,,VCP-R1-058,VCP-R1-069,False,False,20,20.0,19.0,20.0,8.0,0.25806451612903225,20.0,20.0,8.0,0.25,,27,,,,,,,,
PAIR,,VCP-R1-058,VCP-R1-070,False,False,20,20.0,19.0,20.0,6.0,0.18181818181818182,20.0,20.0,6.0,0.17647058823529413,,27,,,,,,,,
PAIR,,VCP-R1-058,VCP-R1-071,False,False,20,20.0,19.0,20.0,6.0,0.18181818181818182,20.0,20.0,6.0,0.17647058823529413,,27,,,,,,,,
PAIR,,VCP-R1-058,VCP-R1-072,False,False,20,20.0,19.0,20.0,8.0,0.25806451612903225,20.0,20.0,8.0,0.25,,27,,,,,,,,
PAIR,,VCP-R1-058,VCP-R1-073,False,False,20,20.0,19.0,20.0,4.0,0.11428571428571428,20.0,20.0,4.0,0.1111111111111111,,27,,,,,,,,
PAIR,,VCP-R1-058,VCP-R1-074,False,False,20,20.0,19.0,20.0,3.0,0.08333333333333333,20.0,20.0,2.0,0.05263157894736842,,27,,,,,,,,
PAIR,,VCP-R1-058,VCP-R1-075,False,False,20,20.0,19.0,20.0,2.0,0.05405405405405406,20.0,20.0,1.0,0.02564102564102564,,27,,,,,,,,
PAIR,,VCP-R1-058,VCP-R1-076,False,False,20,20.0,19.0,20.0,13.0,0.5,20.0,20.0,13.0,0.48148148148148145,,27,,,,,,,,
PAIR,,VCP-R1-058,VCP-R1-077,False,False,20,20.0,19.0,19.0,12.0,0.46153846153846156,20.0,20.0,12.0,0.42857142857142855,,27,,,,,,,,
PAIR,,VCP-R1-058,VCP-R1-078,False,False,20,20.0,19.0,20.0,8.0,0.25806451612903225,20.0,20.0,8.0,0.25,,27,,,,,,,,
PAIR,,VCP-R1-058,VCP-R1-079,False,False,20,20.0,19.0,20.0,6.0,0.18181818181818182,20.0,20.0,6.0,0.17647058823529413,,27,,,,,,,,
PAIR,,VCP-R1-058,VCP-R1-080,False,False,20,20.0,19.0,20.0,6.0,0.18181818181818182,20.0,20.0,6.0,0.17647058823529413,,27,,,,,,,,
PAIR,,VCP-R1-058,VCP-R1-081,False,False,20,20.0,19.0,20.0,8.0,0.25806451612903225,20.0,20.0,8.0,0.25,,27,,,,,,,,
PAIR,,VCP-R1-058,VCP-R1-082,False,False,20,20.0,19.0,20.0,0.0,0.0,20.0,20.0,0.0,0.0,,27,,,,,,,,
PAIR,,VCP-R1-058,VCP-R1-083,False,False,20,20.0,19.0,20.0,1.0,0.02631578947368421,20.0,20.0,0.0,0.0,,27,,,,,,,,
PAIR,,VCP-R1-058,VCP-R1-084,False,False,20,18.0,19.0,18.0,1.0,0.027777777777777776,20.0,18.0,0.0,0.0,,27,,,,,,,,
PAIR,,VCP-R1-058,VCP-R1-085,False,False,20,20.0,19.0,19.0,1.0,0.02702702702702703,20.0,20.0,1.0,0.02564102564102564,,27,,,,,,,,
PAIR,,VCP-R1-058,VCP-R1-086,False,False,20,20.0,19.0,20.0,0.0,0.0,20.0,20.0,0.0,0.0,,27,,,,,,,,
PAIR,,VCP-R1-058,VCP-R1-087,False,False,20,20.0,19.0,19.0,0.0,0.0,20.0,20.0,0.0,0.0,,27,,,,,,,,
PAIR,,VCP-R1-058,VCP-R1-088,False,False,20,20.0,19.0,19.0,2.0,0.05555555555555555,20.0,20.0,2.0,0.05263157894736842,,27,,,,,,,,
PAIR,,VCP-R1-058,VCP-R1-089,False,False,20,20.0,19.0,19.0,2.0,0.05555555555555555,20.0,20.0,2.0,0.05263157894736842,,27,,,,,,,,
PAIR,,VCP-R1-058,VCP-R1-090,False,False,20,20.0,19.0,20.0,1.0,0.02631578947368421,20.0,20.0,1.0,0.02564102564102564,,27,,,,,,,,
PAIR,,VCP-R1-058,VCP-R1-091,False,False,20,20.0,19.0,19.0,1.0,0.02702702702702703,20.0,20.0,0.0,0.0,,27,,,,,,,,
PAIR,,VCP-R1-058,VCP-R1-092,False,False,20,20.0,19.0,19.0,1.0,0.02702702702702703,20.0,20.0,0.0,0.0,,27,,,,,,,,
PAIR,,VCP-R1-058,VCP-R1-093,False,False,20,20.0,19.0,19.0,1.0,0.02702702702702703,20.0,20.0,0.0,0.0,,27,,,,,,,,
PAIR,,VCP-R1-058,VCP-R1-094,False,False,20,20.0,19.0,19.0,1.0,0.02702702702702703,20.0,20.0,1.0,0.02564102564102564,,27,,,,,,,,
PAIR,,VCP-R1-058,VCP-R1-095,False,False,20,20.0,19.0,20.0,1.0,0.02631578947368421,20.0,20.0,0.0,0.0,,27,,,,,,,,
PAIR,,VCP-R1-058,VCP-R1-096,False,False,20,20.0,19.0,20.0,1.0,0.02631578947368421,20.0,20.0,0.0,0.0,,27,,,,,,,,
PAIR,,VCP-R1-058,VCP-R1-097,False,False,20,20.0,19.0,20.0,1.0,0.02631578947368421,20.0,20.0,1.0,0.02564102564102564,,27,,,,,,,,
PAIR,,VCP-R1-058,VCP-R1-098,False,False,20,20.0,19.0,20.0,1.0,0.02631578947368421,20.0,20.0,1.0,0.02564102564102564,,27,,,,,,,,
PAIR,,VCP-R1-058,VCP-R1-099,False,False,20,20.0,19.0,20.0,1.0,0.02631578947368421,20.0,20.0,1.0,0.02564102564102564,,27,,,,,,,,
PAIR,,VCP-R1-058,VCP-R1-100,False,False,20,20.0,19.0,19.0,1.0,0.02702702702702703,20.0,20.0,0.0,0.0,,27,,,,,,,,
PAIR,,VCP-R1-058,VCP-R1-101,False,False,20,20.0,19.0,19.0,1.0,0.02702702702702703,20.0,20.0,0.0,0.0,,27,,,,,,,,
PAIR,,VCP-R1-058,VCP-R1-102,False,False,20,20.0,19.0,19.0,1.0,0.02702702702702703,20.0,20.0,0.0,0.0,,27,,,,,,,,
PAIR,,VCP-R1-058,VCP-R1-103,False,False,20,20.0,19.0,19.0,1.0,0.02702702702702703,20.0,20.0,1.0,0.02564102564102564,,27,,,,,,,,
PAIR,,VCP-R1-058,VCP-R1-104,False,False,20,20.0,19.0,20.0,0.0,0.0,20.0,20.0,0.0,0.0,,27,,,,,,,,
PAIR,,VCP-R1-058,VCP-R1-105,False,False,20,20.0,19.0,20.0,1.0,0.02631578947368421,20.0,20.0,0.0,0.0,,27,,,,,,,,
PAIR,,VCP-R1-058,VCP-R1-106,False,False,20,20.0,19.0,19.0,1.0,0.02702702702702703,20.0,20.0,1.0,0.02564102564102564,,27,,,,,,,,
PAIR,,VCP-R1-058,VCP-R1-107,False,False,20,20.0,19.0,20.0,1.0,0.02631578947368421,20.0,20.0,1.0,0.02564102564102564,,27,,,,,,,,
PAIR,,VCP-R1-058,VCP-R1-108,False,False,20,20.0,19.0,20.0,1.0,0.02631578947368421,20.0,20.0,1.0,0.02564102564102564,,27,,,,,,,,
PAIR,,VCP-R1-059,VCP-R1-060,False,False,20,20.0,19.0,20.0,15.0,0.625,20.0,20.0,15.0,0.6,,27,,,,,,,,
PAIR,,VCP-R1-059,VCP-R1-061,False,False,20,20.0,19.0,20.0,7.0,0.21875,20.0,20.0,7.0,0.21212121212121213,,27,,,,,,,,
PAIR,,VCP-R1-059,VCP-R1-062,False,False,20,20.0,19.0,20.0,13.0,0.5,20.0,20.0,12.0,0.42857142857142855,,27,,,,,,,,
PAIR,,VCP-R1-059,VCP-R1-063,False,False,20,20.0,19.0,20.0,12.0,0.4444444444444444,20.0,20.0,12.0,0.42857142857142855,,27,,,,,,,,
PAIR,,VCP-R1-059,VCP-R1-064,False,False,20,20.0,19.0,19.0,4.0,0.11764705882352941,20.0,20.0,4.0,0.1111111111111111,,27,,,,,,,,
PAIR,,VCP-R1-059,VCP-R1-065,False,False,20,20.0,19.0,20.0,5.0,0.14705882352941177,20.0,20.0,4.0,0.1111111111111111,,27,,,,,,,,
PAIR,,VCP-R1-059,VCP-R1-066,False,False,20,20.0,19.0,20.0,4.0,0.11428571428571428,20.0,20.0,3.0,0.08108108108108109,,27,,,,,,,,
PAIR,,VCP-R1-059,VCP-R1-067,False,False,20,20.0,19.0,20.0,9.0,0.3,20.0,20.0,9.0,0.2903225806451613,,27,,,,,,,,
PAIR,,VCP-R1-059,VCP-R1-068,False,False,20,20.0,19.0,19.0,14.0,0.5833333333333334,20.0,20.0,15.0,0.6,,27,,,,,,,,
PAIR,,VCP-R1-059,VCP-R1-069,False,False,20,20.0,19.0,20.0,15.0,0.625,20.0,20.0,15.0,0.6,,27,,,,,,,,
PAIR,,VCP-R1-059,VCP-R1-070,False,False,20,20.0,19.0,20.0,4.0,0.11428571428571428,20.0,20.0,4.0,0.1111111111111111,,27,,,,,,,,
PAIR,,VCP-R1-059,VCP-R1-071,False,False,20,20.0,19.0,20.0,6.0,0.18181818181818182,20.0,20.0,6.0,0.17647058823529413,,27,,,,,,,,
PAIR,,VCP-R1-059,VCP-R1-072,False,False,20,20.0,19.0,20.0,8.0,0.25806451612903225,20.0,20.0,8.0,0.25,,27,,,,,,,,
PAIR,,VCP-R1-059,VCP-R1-073,False,False,20,20.0,19.0,20.0,4.0,0.11428571428571428,20.0,20.0,4.0,0.1111111111111111,,27,,,,,,,,
PAIR,,VCP-R1-059,VCP-R1-074,False,False,20,20.0,19.0,20.0,5.0,0.14705882352941177,20.0,20.0,4.0,0.1111111111111111,,27,,,,,,,,
PAIR,,VCP-R1-059,VCP-R1-075,False,False,20,20.0,19.0,20.0,4.0,0.11428571428571428,20.0,20.0,3.0,0.08108108108108109,,27,,,,,,,,
PAIR,,VCP-R1-059,VCP-R1-076,False,False,20,20.0,19.0,20.0,8.0,0.25806451612903225,20.0,20.0,8.0,0.25,,27,,,,,,,,
PAIR,,VCP-R1-059,VCP-R1-077,False,False,20,20.0,19.0,19.0,12.0,0.46153846153846156,20.0,20.0,13.0,0.48148148148148145,,27,,,,,,,,
PAIR,,VCP-R1-059,VCP-R1-078,False,False,20,20.0,19.0,20.0,14.0,0.56,20.0,20.0,14.0,0.5384615384615384,,27,,,,,,,,
PAIR,,VCP-R1-059,VCP-R1-079,False,False,20,20.0,19.0,20.0,4.0,0.11428571428571428,20.0,20.0,4.0,0.1111111111111111,,27,,,,,,,,
PAIR,,VCP-R1-059,VCP-R1-080,False,False,20,20.0,19.0,20.0,6.0,0.18181818181818182,20.0,20.0,6.0,0.17647058823529413,,27,,,,,,,,
PAIR,,VCP-R1-059,VCP-R1-081,False,False,20,20.0,19.0,20.0,8.0,0.25806451612903225,20.0,20.0,8.0,0.25,,27,,,,,,,,
PAIR,,VCP-R1-059,VCP-R1-082,False,False,20,20.0,19.0,20.0,1.0,0.02631578947368421,20.0,20.0,1.0,0.02564102564102564,,27,,,,,,,,
PAIR,,VCP-R1-059,VCP-R1-083,False,False,20,20.0,19.0,20.0,2.0,0.05405405405405406,20.0,20.0,1.0,0.02564102564102564,,27,,,,,,,,
PAIR,,VCP-R1-059,VCP-R1-084,False,False,20,18.0,19.0,18.0,2.0,0.05714285714285714,20.0,18.0,1.0,0.02702702702702703,,27,,,,,,,,
PAIR,,VCP-R1-059,VCP-R1-085,False,False,20,20.0,19.0,19.0,2.0,0.05555555555555555,20.0,20.0,2.0,0.05263157894736842,,27,,,,,,,,
PAIR,,VCP-R1-059,VCP-R1-086,False,False,20,20.0,19.0,20.0,3.0,0.08333333333333333,20.0,20.0,3.0,0.08108108108108109,,27,,,,,,,,
PAIR,,VCP-R1-059,VCP-R1-087,False,False,20,20.0,19.0,19.0,3.0,0.08571428571428572,20.0,20.0,3.0,0.08108108108108109,,27,,,,,,,,
PAIR,,VCP-R1-059,VCP-R1-088,False,False,20,20.0,19.0,19.0,1.0,0.02702702702702703,20.0,20.0,1.0,0.02564102564102564,,27,,,,,,,,
PAIR,,VCP-R1-059,VCP-R1-089,False,False,20,20.0,19.0,19.0,2.0,0.05555555555555555,20.0,20.0,2.0,0.05263157894736842,,27,,,,,,,,
PAIR,,VCP-R1-059,VCP-R1-090,False,False,20,20.0,19.0,20.0,2.0,0.05405405405405406,20.0,20.0,2.0,0.05263157894736842,,27,,,,,,,,
PAIR,,VCP-R1-059,VCP-R1-091,False,False,20,20.0,19.0,19.0,1.0,0.02702702702702703,20.0,20.0,1.0,0.02564102564102564,,27,,,,,,,,
PAIR,,VCP-R1-059,VCP-R1-092,False,False,20,20.0,19.0,19.0,1.0,0.02702702702702703,20.0,20.0,1.0,0.02564102564102564,,27,,,,,,,,
PAIR,,VCP-R1-059,VCP-R1-093,False,False,20,20.0,19.0,19.0,1.0,0.02702702702702703,20.0,20.0,1.0,0.02564102564102564,,27,,,,,,,,
PAIR,,VCP-R1-059,VCP-R1-094,False,False,20,20.0,19.0,19.0,1.0,0.02702702702702703,20.0,20.0,0.0,0.0,,27,,,,,,,,
PAIR,,VCP-R1-059,VCP-R1-095,False,False,20,20.0,19.0,20.0,1.0,0.02631578947368421,20.0,20.0,0.0,0.0,,27,,,,,,,,
PAIR,,VCP-R1-059,VCP-R1-096,False,False,20,20.0,19.0,20.0,3.0,0.08333333333333333,20.0,20.0,2.0,0.05263157894736842,,27,,,,,,,,
PAIR,,VCP-R1-059,VCP-R1-097,False,False,20,20.0,19.0,20.0,1.0,0.02631578947368421,20.0,20.0,1.0,0.02564102564102564,,27,,,,,,,,
PAIR,,VCP-R1-059,VCP-R1-098,False,False,20,20.0,19.0,20.0,2.0,0.05405405405405406,20.0,20.0,1.0,0.02564102564102564,,27,,,,,,,,
PAIR,,VCP-R1-059,VCP-R1-099,False,False,20,20.0,19.0,20.0,2.0,0.05405405405405406,20.0,20.0,1.0,0.02564102564102564,,27,,,,,,,,
PAIR,,VCP-R1-059,VCP-R1-100,False,False,20,20.0,19.0,19.0,1.0,0.02702702702702703,20.0,20.0,1.0,0.02564102564102564,,27,,,,,,,,
PAIR,,VCP-R1-059,VCP-R1-101,False,False,20,20.0,19.0,19.0,1.0,0.02702702702702703,20.0,20.0,1.0,0.02564102564102564,,27,,,,,,,,
PAIR,,VCP-R1-059,VCP-R1-102,False,False,20,20.0,19.0,19.0,1.0,0.02702702702702703,20.0,20.0,1.0,0.02564102564102564,,27,,,,,,,,
PAIR,,VCP-R1-059,VCP-R1-103,False,False,20,20.0,19.0,19.0,1.0,0.02702702702702703,20.0,20.0,0.0,0.0,,27,,,,,,,,
PAIR,,VCP-R1-059,VCP-R1-104,False,False,20,20.0,19.0,20.0,1.0,0.02631578947368421,20.0,20.0,0.0,0.0,,27,,,,,,,,
PAIR,,VCP-R1-059,VCP-R1-105,False,False,20,20.0,19.0,20.0,3.0,0.08333333333333333,20.0,20.0,2.0,0.05263157894736842,,27,,,,,,,,
PAIR,,VCP-R1-059,VCP-R1-106,False,False,20,20.0,19.0,19.0,1.0,0.02702702702702703,20.0,20.0,1.0,0.02564102564102564,,27,,,,,,,,
PAIR,,VCP-R1-059,VCP-R1-107,False,False,20,20.0,19.0,20.0,1.0,0.02631578947368421,20.0,20.0,1.0,0.02564102564102564,,27,,,,,,,,
PAIR,,VCP-R1-059,VCP-R1-108,False,False,20,20.0,19.0,20.0,2.0,0.05405405405405406,20.0,20.0,1.0,0.02564102564102564,,27,,,,,,,,
PAIR,,VCP-R1-060,VCP-R1-061,False,False,20,20.0,20.0,20.0,4.0,0.1111111111111111,20.0,20.0,4.0,0.1111111111111111,,27,,,,,,,,
PAIR,,VCP-R1-060,VCP-R1-062,False,False,20,20.0,20.0,20.0,9.0,0.2903225806451613,20.0,20.0,8.0,0.25,,27,,,,,,,,
PAIR,,VCP-R1-060,VCP-R1-063,False,False,20,20.0,20.0,20.0,12.0,0.42857142857142855,20.0,20.0,12.0,0.42857142857142855,,27,,,,,,,,
PAIR,,VCP-R1-060,VCP-R1-064,False,False,20,20.0,20.0,19.0,4.0,0.11428571428571428,20.0,20.0,4.0,0.1111111111111111,,27,,,,,,,,
PAIR,,VCP-R1-060,VCP-R1-065,False,False,20,20.0,20.0,20.0,5.0,0.14285714285714285,20.0,20.0,4.0,0.1111111111111111,,27,,,,,,,,
PAIR,,VCP-R1-060,VCP-R1-066,False,False,20,20.0,20.0,20.0,5.0,0.14285714285714285,20.0,20.0,4.0,0.1111111111111111,,27,,,,,,,,
PAIR,,VCP-R1-060,VCP-R1-067,False,False,20,20.0,20.0,20.0,6.0,0.17647058823529413,20.0,20.0,6.0,0.17647058823529413,,27,,,,,,,,
PAIR,,VCP-R1-060,VCP-R1-068,False,False,20,20.0,20.0,19.0,10.0,0.3448275862068966,20.0,20.0,10.0,0.3333333333333333,,27,,,,,,,,
PAIR,,VCP-R1-060,VCP-R1-069,False,False,20,20.0,20.0,20.0,16.0,0.6666666666666666,20.0,20.0,16.0,0.6666666666666666,,27,,,,,,,,
PAIR,,VCP-R1-060,VCP-R1-070,False,False,20,20.0,20.0,20.0,3.0,0.08108108108108109,20.0,20.0,3.0,0.08108108108108109,,27,,,,,,,,
PAIR,,VCP-R1-060,VCP-R1-071,False,False,20,20.0,20.0,20.0,4.0,0.1111111111111111,20.0,20.0,4.0,0.1111111111111111,,27,,,,,,,,
PAIR,,VCP-R1-060,VCP-R1-072,False,False,20,20.0,20.0,20.0,8.0,0.25,20.0,20.0,8.0,0.25,,27,,,,,,,,
PAIR,,VCP-R1-060,VCP-R1-073,False,False,20,20.0,20.0,20.0,4.0,0.1111111111111111,20.0,20.0,4.0,0.1111111111111111,,27,,,,,,,,
PAIR,,VCP-R1-060,VCP-R1-074,False,False,20,20.0,20.0,20.0,5.0,0.14285714285714285,20.0,20.0,4.0,0.1111111111111111,,27,,,,,,,,
PAIR,,VCP-R1-060,VCP-R1-075,False,False,20,20.0,20.0,20.0,5.0,0.14285714285714285,20.0,20.0,4.0,0.1111111111111111,,27,,,,,,,,
PAIR,,VCP-R1-060,VCP-R1-076,False,False,20,20.0,20.0,20.0,5.0,0.14285714285714285,20.0,20.0,5.0,0.14285714285714285,,27,,,,,,,,
PAIR,,VCP-R1-060,VCP-R1-077,False,False,20,20.0,20.0,19.0,8.0,0.25806451612903225,20.0,20.0,8.0,0.25,,27,,,,,,,,
PAIR,,VCP-R1-060,VCP-R1-078,False,False,20,20.0,20.0,20.0,14.0,0.5384615384615384,20.0,20.0,14.0,0.5384615384615384,,27,,,,,,,,
PAIR,,VCP-R1-060,VCP-R1-079,False,False,20,20.0,20.0,20.0,3.0,0.08108108108108109,20.0,20.0,3.0,0.08108108108108109,,27,,,,,,,,
PAIR,,VCP-R1-060,VCP-R1-080,False,False,20,20.0,20.0,20.0,4.0,0.1111111111111111,20.0,20.0,4.0,0.1111111111111111,,27,,,,,,,,
PAIR,,VCP-R1-060,VCP-R1-081,False,False,20,20.0,20.0,20.0,8.0,0.25,20.0,20.0,8.0,0.25,,27,,,,,,,,
PAIR,,VCP-R1-060,VCP-R1-082,False,False,20,20.0,20.0,20.0,1.0,0.02564102564102564,20.0,20.0,1.0,0.02564102564102564,,27,,,,,,,,
PAIR,,VCP-R1-060,VCP-R1-083,False,False,20,20.0,20.0,20.0,3.0,0.08108108108108109,20.0,20.0,1.0,0.02564102564102564,,27,,,,,,,,
PAIR,,VCP-R1-060,VCP-R1-084,False,False,20,18.0,20.0,18.0,3.0,0.08571428571428572,20.0,18.0,1.0,0.02702702702702703,,27,,,,,,,,
PAIR,,VCP-R1-060,VCP-R1-085,False,False,20,20.0,20.0,19.0,2.0,0.05405405405405406,20.0,20.0,2.0,0.05263157894736842,,27,,,,,,,,
PAIR,,VCP-R1-060,VCP-R1-086,False,False,20,20.0,20.0,20.0,3.0,0.08108108108108109,20.0,20.0,3.0,0.08108108108108109,,27,,,,,,,,
PAIR,,VCP-R1-060,VCP-R1-087,False,False,20,20.0,20.0,19.0,3.0,0.08333333333333333,20.0,20.0,3.0,0.08108108108108109,,27,,,,,,,,
PAIR,,VCP-R1-060,VCP-R1-088,False,False,20,20.0,20.0,19.0,1.0,0.02631578947368421,20.0,20.0,1.0,0.02564102564102564,,27,,,,,,,,
PAIR,,VCP-R1-060,VCP-R1-089,False,False,20,20.0,20.0,19.0,1.0,0.02631578947368421,20.0,20.0,1.0,0.02564102564102564,,27,,,,,,,,
PAIR,,VCP-R1-060,VCP-R1-090,False,False,20,20.0,20.0,20.0,2.0,0.05263157894736842,20.0,20.0,2.0,0.05263157894736842,,27,,,,,,,,
PAIR,,VCP-R1-060,VCP-R1-091,False,False,20,20.0,20.0,19.0,1.0,0.02631578947368421,20.0,20.0,1.0,0.02564102564102564,,27,,,,,,,,
PAIR,,VCP-R1-060,VCP-R1-092,False,False,20,20.0,20.0,19.0,1.0,0.02631578947368421,20.0,20.0,1.0,0.02564102564102564,,27,,,,,,,,
PAIR,,VCP-R1-060,VCP-R1-093,False,False,20,20.0,20.0,19.0,1.0,0.02631578947368421,20.0,20.0,1.0,0.02564102564102564,,27,,,,,,,,
PAIR,,VCP-R1-060,VCP-R1-094,False,False,20,20.0,20.0,19.0,1.0,0.02631578947368421,20.0,20.0,0.0,0.0,,27,,,,,,,,
PAIR,,VCP-R1-060,VCP-R1-095,False,False,20,20.0,20.0,20.0,1.0,0.02564102564102564,20.0,20.0,0.0,0.0,,27,,,,,,,,
PAIR,,VCP-R1-060,VCP-R1-096,False,False,20,20.0,20.0,20.0,3.0,0.08108108108108109,20.0,20.0,2.0,0.05263157894736842,,27,,,,,,,,
PAIR,,VCP-R1-060,VCP-R1-097,False,False,20,20.0,20.0,20.0,1.0,0.02564102564102564,20.0,20.0,1.0,0.02564102564102564,,27,,,,,,,,
PAIR,,VCP-R1-060,VCP-R1-098,False,False,20,20.0,20.0,20.0,2.0,0.05263157894736842,20.0,20.0,1.0,0.02564102564102564,,27,,,,,,,,
PAIR,,VCP-R1-060,VCP-R1-099,False,False,20,20.0,20.0,20.0,2.0,0.05263157894736842,20.0,20.0,1.0,0.02564102564102564,,27,,,,,,,,
PAIR,,VCP-R1-060,VCP-R1-100,False,False,20,20.0,20.0,19.0,1.0,0.02631578947368421,20.0,20.0,1.0,0.02564102564102564,,27,,,,,,,,
PAIR,,VCP-R1-060,VCP-R1-101,False,False,20,20.0,20.0,19.0,1.0,0.02631578947368421,20.0,20.0,1.0,0.02564102564102564,,27,,,,,,,,
PAIR,,VCP-R1-060,VCP-R1-102,False,False,20,20.0,20.0,19.0,1.0,0.02631578947368421,20.0,20.0,1.0,0.02564102564102564,,27,,,,,,,,
PAIR,,VCP-R1-060,VCP-R1-103,False,False,20,20.0,20.0,19.0,1.0,0.02631578947368421,20.0,20.0,0.0,0.0,,27,,,,,,,,
PAIR,,VCP-R1-060,VCP-R1-104,False,False,20,20.0,20.0,20.0,1.0,0.02564102564102564,20.0,20.0,0.0,0.0,,27,,,,,,,,
PAIR,,VCP-R1-060,VCP-R1-105,False,False,20,20.0,20.0,20.0,3.0,0.08108108108108109,20.0,20.0,2.0,0.05263157894736842,,27,,,,,,,,
PAIR,,VCP-R1-060,VCP-R1-106,False,False,20,20.0,20.0,19.0,1.0,0.02631578947368421,20.0,20.0,1.0,0.02564102564102564,,27,,,,,,,,
PAIR,,VCP-R1-060,VCP-R1-107,False,False,20,20.0,20.0,20.0,1.0,0.02564102564102564,20.0,20.0,1.0,0.02564102564102564,,27,,,,,,,,
PAIR,,VCP-R1-060,VCP-R1-108,False,False,20,20.0,20.0,20.0,2.0,0.05263157894736842,20.0,20.0,1.0,0.02564102564102564,,27,,,,,,,,
PAIR,,VCP-R1-061,VCP-R1-062,False,False,20,20.0,20.0,20.0,13.0,0.48148148148148145,20.0,20.0,13.0,0.48148148148148145,,27,,,,,,,,
PAIR,,VCP-R1-061,VCP-R1-063,False,False,20,20.0,20.0,20.0,9.0,0.2903225806451613,20.0,20.0,9.0,0.2903225806451613,,27,,,,,,,,
PAIR,,VCP-R1-061,VCP-R1-064,False,False,20,20.0,20.0,19.0,3.0,0.08333333333333333,20.0,20.0,3.0,0.08108108108108109,,27,,,,,,,,
PAIR,,VCP-R1-061,VCP-R1-065,False,False,20,20.0,20.0,20.0,3.0,0.08108108108108109,20.0,20.0,2.0,0.05263157894736842,,27,,,,,,,,
PAIR,,VCP-R1-061,VCP-R1-066,False,False,20,20.0,20.0,20.0,1.0,0.02564102564102564,20.0,20.0,1.0,0.02564102564102564,,27,,,,,,,,
PAIR,,VCP-R1-061,VCP-R1-067,False,False,20,20.0,20.0,20.0,12.0,0.42857142857142855,20.0,20.0,12.0,0.42857142857142855,,27,,,,,,,,
PAIR,,VCP-R1-061,VCP-R1-068,False,False,20,20.0,20.0,19.0,7.0,0.21875,20.0,20.0,7.0,0.21212121212121213,,27,,,,,,,,
PAIR,,VCP-R1-061,VCP-R1-069,False,False,20,20.0,20.0,20.0,4.0,0.1111111111111111,20.0,20.0,4.0,0.1111111111111111,,27,,,,,,,,
PAIR,,VCP-R1-061,VCP-R1-070,False,False,20,20.0,20.0,20.0,12.0,0.42857142857142855,20.0,20.0,12.0,0.42857142857142855,,27,,,,,,,,
PAIR,,VCP-R1-061,VCP-R1-071,False,False,20,20.0,20.0,20.0,12.0,0.42857142857142855,20.0,20.0,12.0,0.42857142857142855,,27,,,,,,,,
PAIR,,VCP-R1-061,VCP-R1-072,False,False,20,20.0,20.0,20.0,9.0,0.2903225806451613,20.0,20.0,9.0,0.2903225806451613,,27,,,,,,,,
PAIR,,VCP-R1-061,VCP-R1-073,False,False,20,20.0,20.0,20.0,3.0,0.08108108108108109,20.0,20.0,3.0,0.08108108108108109,,27,,,,,,,,
PAIR,,VCP-R1-061,VCP-R1-074,False,False,20,20.0,20.0,20.0,3.0,0.08108108108108109,20.0,20.0,2.0,0.05263157894736842,,27,,,,,,,,
PAIR,,VCP-R1-061,VCP-R1-075,False,False,20,20.0,20.0,20.0,1.0,0.02564102564102564,20.0,20.0,1.0,0.02564102564102564,,27,,,,,,,,
PAIR,,VCP-R1-061,VCP-R1-076,False,False,20,20.0,20.0,20.0,12.0,0.42857142857142855,20.0,20.0,12.0,0.42857142857142855,,27,,,,,,,,
PAIR,,VCP-R1-061,VCP-R1-077,False,False,20,20.0,20.0,19.0,7.0,0.21875,20.0,20.0,7.0,0.21212121212121213,,27,,,,,,,,
PAIR,,VCP-R1-061,VCP-R1-078,False,False,20,20.0,20.0,20.0,4.0,0.1111111111111111,20.0,20.0,4.0,0.1111111111111111,,27,,,,,,,,
PAIR,,VCP-R1-061,VCP-R1-079,False,False,20,20.0,20.0,20.0,12.0,0.42857142857142855,20.0,20.0,12.0,0.42857142857142855,,27,,,,,,,,
PAIR,,VCP-R1-061,VCP-R1-080,False,False,20,20.0,20.0,20.0,11.0,0.3793103448275862,20.0,20.0,11.0,0.3793103448275862,,27,,,,,,,,
PAIR,,VCP-R1-061,VCP-R1-081,False,False,20,20.0,20.0,20.0,9.0,0.2903225806451613,20.0,20.0,9.0,0.2903225806451613,,27,,,,,,,,
PAIR,,VCP-R1-061,VCP-R1-082,False,False,20,20.0,20.0,20.0,1.0,0.02564102564102564,20.0,20.0,0.0,0.0,,27,,,,,,,,
PAIR,,VCP-R1-061,VCP-R1-083,False,False,20,20.0,20.0,20.0,1.0,0.02564102564102564,20.0,20.0,0.0,0.0,,27,,,,,,,,
PAIR,,VCP-R1-061,VCP-R1-084,False,False,20,18.0,20.0,18.0,1.0,0.02702702702702703,20.0,18.0,0.0,0.0,,27,,,,,,,,
PAIR,,VCP-R1-061,VCP-R1-085,False,False,20,20.0,20.0,19.0,3.0,0.08333333333333333,20.0,20.0,1.0,0.02564102564102564,,27,,,,,,,,
PAIR,,VCP-R1-061,VCP-R1-086,False,False,20,20.0,20.0,20.0,2.0,0.05263157894736842,20.0,20.0,0.0,0.0,,27,,,,,,,,
PAIR,,VCP-R1-061,VCP-R1-087,False,False,20,20.0,20.0,19.0,2.0,0.05405405405405406,20.0,20.0,0.0,0.0,,27,,,,,,,,
PAIR,,VCP-R1-061,VCP-R1-088,False,False,20,20.0,20.0,19.0,3.0,0.08333333333333333,20.0,20.0,3.0,0.08108108108108109,,27,,,,,,,,
PAIR,,VCP-R1-061,VCP-R1-089,False,False,20,20.0,20.0,19.0,2.0,0.05405405405405406,20.0,20.0,1.0,0.02564102564102564,,27,,,,,,,,
PAIR,,VCP-R1-061,VCP-R1-090,False,False,20,20.0,20.0,20.0,3.0,0.08108108108108109,20.0,20.0,1.0,0.02564102564102564,,27,,,,,,,,
PAIR,,VCP-R1-061,VCP-R1-091,False,False,20,20.0,20.0,19.0,1.0,0.02631578947368421,20.0,20.0,0.0,0.0,,27,,,,,,,,
PAIR,,VCP-R1-061,VCP-R1-092,False,False,20,20.0,20.0,19.0,2.0,0.05405405405405406,20.0,20.0,0.0,0.0,,27,,,,,,,,
PAIR,,VCP-R1-061,VCP-R1-093,False,False,20,20.0,20.0,19.0,2.0,0.05405405405405406,20.0,20.0,0.0,0.0,,27,,,,,,,,
PAIR,,VCP-R1-061,VCP-R1-094,False,False,20,20.0,20.0,19.0,1.0,0.02631578947368421,20.0,20.0,1.0,0.02564102564102564,,27,,,,,,,,
PAIR,,VCP-R1-061,VCP-R1-095,False,False,20,20.0,20.0,20.0,2.0,0.05263157894736842,20.0,20.0,0.0,0.0,,27,,,,,,,,
PAIR,,VCP-R1-061,VCP-R1-096,False,False,20,20.0,20.0,20.0,3.0,0.08108108108108109,20.0,20.0,0.0,0.0,,27,,,,,,,,
PAIR,,VCP-R1-061,VCP-R1-097,False,False,20,20.0,20.0,20.0,2.0,0.05263157894736842,20.0,20.0,2.0,0.05263157894736842,,27,,,,,,,,
PAIR,,VCP-R1-061,VCP-R1-098,False,False,20,20.0,20.0,20.0,1.0,0.02564102564102564,20.0,20.0,1.0,0.02564102564102564,,27,,,,,,,,
PAIR,,VCP-R1-061,VCP-R1-099,False,False,20,20.0,20.0,20.0,1.0,0.02564102564102564,20.0,20.0,1.0,0.02564102564102564,,27,,,,,,,,
PAIR,,VCP-R1-061,VCP-R1-100,False,False,20,20.0,20.0,19.0,1.0,0.02631578947368421,20.0,20.0,0.0,0.0,,27,,,,,,,,
PAIR,,VCP-R1-061,VCP-R1-101,False,False,20,20.0,20.0,19.0,1.0,0.02631578947368421,20.0,20.0,0.0,0.0,,27,,,,,,,,
PAIR,,VCP-R1-061,VCP-R1-102,False,False,20,20.0,20.0,19.0,2.0,0.05405405405405406,20.0,20.0,0.0,0.0,,27,,,,,,,,
PAIR,,VCP-R1-061,VCP-R1-103,False,False,20,20.0,20.0,19.0,1.0,0.02631578947368421,20.0,20.0,1.0,0.02564102564102564,,27,,,,,,,,
PAIR,,VCP-R1-061,VCP-R1-104,False,False,20,20.0,20.0,20.0,0.0,0.0,20.0,20.0,0.0,0.0,,27,,,,,,,,
PAIR,,VCP-R1-061,VCP-R1-105,False,False,20,20.0,20.0,20.0,3.0,0.08108108108108109,20.0,20.0,0.0,0.0,,27,,,,,,,,
PAIR,,VCP-R1-061,VCP-R1-106,False,False,20,20.0,20.0,19.0,2.0,0.05405405405405406,20.0,20.0,2.0,0.05263157894736842,,27,,,,,,,,
PAIR,,VCP-R1-061,VCP-R1-107,False,False,20,20.0,20.0,20.0,1.0,0.02564102564102564,20.0,20.0,1.0,0.02564102564102564,,27,,,,,,,,
PAIR,,VCP-R1-061,VCP-R1-108,False,False,20,20.0,20.0,20.0,1.0,0.02564102564102564,20.0,20.0,1.0,0.02564102564102564,,27,,,,,,,,
PAIR,,VCP-R1-062,VCP-R1-063,False,False,20,20.0,20.0,20.0,15.0,0.6,20.0,20.0,14.0,0.5384615384615384,,27,,,,,,,,
PAIR,,VCP-R1-062,VCP-R1-064,False,False,20,20.0,20.0,19.0,3.0,0.08333333333333333,20.0,20.0,2.0,0.05263157894736842,,27,,,,,,,,
PAIR,,VCP-R1-062,VCP-R1-065,False,False,20,20.0,20.0,20.0,4.0,0.1111111111111111,20.0,20.0,2.0,0.05263157894736842,,27,,,,,,,,
PAIR,,VCP-R1-062,VCP-R1-066,False,False,20,20.0,20.0,20.0,3.0,0.08108108108108109,20.0,20.0,1.0,0.02564102564102564,,27,,,,,,,,
PAIR,,VCP-R1-062,VCP-R1-067,False,False,20,20.0,20.0,20.0,9.0,0.2903225806451613,20.0,20.0,9.0,0.2903225806451613,,27,,,,,,,,
PAIR,,VCP-R1-062,VCP-R1-068,False,False,20,20.0,20.0,19.0,12.0,0.4444444444444444,20.0,20.0,12.0,0.42857142857142855,,27,,,,,,,,
PAIR,,VCP-R1-062,VCP-R1-069,False,False,20,20.0,20.0,20.0,9.0,0.2903225806451613,20.0,20.0,8.0,0.25,,27,,,,,,,,
PAIR,,VCP-R1-062,VCP-R1-070,False,False,20,20.0,20.0,20.0,8.0,0.25,20.0,20.0,8.0,0.25,,27,,,,,,,,
PAIR,,VCP-R1-062,VCP-R1-071,False,False,20,20.0,20.0,20.0,12.0,0.42857142857142855,20.0,20.0,12.0,0.42857142857142855,,27,,,,,,,,
PAIR,,VCP-R1-062,VCP-R1-072,False,False,20,20.0,20.0,20.0,14.0,0.5384615384615384,20.0,20.0,14.0,0.5384615384615384,,27,,,,,,,,
PAIR,,VCP-R1-062,VCP-R1-073,False,False,20,20.0,20.0,20.0,3.0,0.08108108108108109,20.0,20.0,2.0,0.05263157894736842,,27,,,,,,,,
PAIR,,VCP-R1-062,VCP-R1-074,False,False,20,20.0,20.0,20.0,4.0,0.1111111111111111,20.0,20.0,2.0,0.05263157894736842,,27,,,,,,,,
PAIR,,VCP-R1-062,VCP-R1-075,False,False,20,20.0,20.0,20.0,3.0,0.08108108108108109,20.0,20.0,1.0,0.02564102564102564,,27,,,,,,,,
PAIR,,VCP-R1-062,VCP-R1-076,False,False,20,20.0,20.0,20.0,8.0,0.25,20.0,20.0,8.0,0.25,,27,,,,,,,,
PAIR,,VCP-R1-062,VCP-R1-077,False,False,20,20.0,20.0,19.0,12.0,0.4444444444444444,20.0,20.0,12.0,0.42857142857142855,,27,,,,,,,,
PAIR,,VCP-R1-062,VCP-R1-078,False,False,20,20.0,20.0,20.0,9.0,0.2903225806451613,20.0,20.0,8.0,0.25,,27,,,,,,,,
PAIR,,VCP-R1-062,VCP-R1-079,False,False,20,20.0,20.0,20.0,8.0,0.25,20.0,20.0,8.0,0.25,,27,,,,,,,,
PAIR,,VCP-R1-062,VCP-R1-080,False,False,20,20.0,20.0,20.0,11.0,0.3793103448275862,20.0,20.0,11.0,0.3793103448275862,,27,,,,,,,,
PAIR,,VCP-R1-062,VCP-R1-081,False,False,20,20.0,20.0,20.0,14.0,0.5384615384615384,20.0,20.0,14.0,0.5384615384615384,,27,,,,,,,,
PAIR,,VCP-R1-062,VCP-R1-082,False,False,20,20.0,20.0,20.0,1.0,0.02564102564102564,20.0,20.0,0.0,0.0,,27,,,,,,,,
PAIR,,VCP-R1-062,VCP-R1-083,False,False,20,20.0,20.0,20.0,2.0,0.05263157894736842,20.0,20.0,0.0,0.0,,27,,,,,,,,
PAIR,,VCP-R1-062,VCP-R1-084,False,False,20,18.0,20.0,18.0,2.0,0.05555555555555555,20.0,18.0,0.0,0.0,,27,,,,,,,,
PAIR,,VCP-R1-062,VCP-R1-085,False,False,20,20.0,20.0,19.0,2.0,0.05405405405405406,20.0,20.0,0.0,0.0,,27,,,,,,,,
PAIR,,VCP-R1-062,VCP-R1-086,False,False,20,20.0,20.0,20.0,2.0,0.05263157894736842,20.0,20.0,0.0,0.0,,27,,,,,,,,
PAIR,,VCP-R1-062,VCP-R1-087,False,False,20,20.0,20.0,19.0,2.0,0.05405405405405406,20.0,20.0,0.0,0.0,,27,,,,,,,,
PAIR,,VCP-R1-062,VCP-R1-088,False,False,20,20.0,20.0,19.0,1.0,0.02631578947368421,20.0,20.0,1.0,0.02564102564102564,,27,,,,,,,,
PAIR,,VCP-R1-062,VCP-R1-089,False,False,20,20.0,20.0,19.0,3.0,0.08333333333333333,20.0,20.0,2.0,0.05263157894736842,,27,,,,,,,,
PAIR,,VCP-R1-062,VCP-R1-090,False,False,20,20.0,20.0,20.0,3.0,0.08108108108108109,20.0,20.0,1.0,0.02564102564102564,,27,,,,,,,,
PAIR,,VCP-R1-062,VCP-R1-091,False,False,20,20.0,20.0,19.0,0.0,0.0,20.0,20.0,0.0,0.0,,27,,,,,,,,
PAIR,,VCP-R1-062,VCP-R1-092,False,False,20,20.0,20.0,19.0,1.0,0.02631578947368421,20.0,20.0,0.0,0.0,,27,,,,,,,,
PAIR,,VCP-R1-062,VCP-R1-093,False,False,20,20.0,20.0,19.0,1.0,0.02631578947368421,20.0,20.0,0.0,0.0,,27,,,,,,,,
PAIR,,VCP-R1-062,VCP-R1-094,False,False,20,20.0,20.0,19.0,0.0,0.0,20.0,20.0,0.0,0.0,,27,,,,,,,,
PAIR,,VCP-R1-062,VCP-R1-095,False,False,20,20.0,20.0,20.0,1.0,0.02564102564102564,20.0,20.0,0.0,0.0,,27,,,,,,,,
PAIR,,VCP-R1-062,VCP-R1-096,False,False,20,20.0,20.0,20.0,2.0,0.05263157894736842,20.0,20.0,0.0,0.0,,27,,,,,,,,
PAIR,,VCP-R1-062,VCP-R1-097,False,False,20,20.0,20.0,20.0,1.0,0.02564102564102564,20.0,20.0,1.0,0.02564102564102564,,27,,,,,,,,
PAIR,,VCP-R1-062,VCP-R1-098,False,False,20,20.0,20.0,20.0,1.0,0.02564102564102564,20.0,20.0,1.0,0.02564102564102564,,27,,,,,,,,
PAIR,,VCP-R1-062,VCP-R1-099,False,False,20,20.0,20.0,20.0,1.0,0.02564102564102564,20.0,20.0,1.0,0.02564102564102564,,27,,,,,,,,
PAIR,,VCP-R1-062,VCP-R1-100,False,False,20,20.0,20.0,19.0,0.0,0.0,20.0,20.0,0.0,0.0,,27,,,,,,,,
PAIR,,VCP-R1-062,VCP-R1-101,False,False,20,20.0,20.0,19.0,0.0,0.0,20.0,20.0,0.0,0.0,,27,,,,,,,,
PAIR,,VCP-R1-062,VCP-R1-102,False,False,20,20.0,20.0,19.0,1.0,0.02631578947368421,20.0,20.0,0.0,0.0,,27,,,,,,,,
PAIR,,VCP-R1-062,VCP-R1-103,False,False,20,20.0,20.0,19.0,0.0,0.0,20.0,20.0,0.0,0.0,,27,,,,,,,,
PAIR,,VCP-R1-062,VCP-R1-104,False,False,20,20.0,20.0,20.0,0.0,0.0,20.0,20.0,0.0,0.0,,27,,,,,,,,
PAIR,,VCP-R1-062,VCP-R1-105,False,False,20,20.0,20.0,20.0,2.0,0.05263157894736842,20.0,20.0,0.0,0.0,,27,,,,,,,,
PAIR,,VCP-R1-062,VCP-R1-106,False,False,20,20.0,20.0,19.0,1.0,0.02631578947368421,20.0,20.0,1.0,0.02564102564102564,,27,,,,,,,,
PAIR,,VCP-R1-062,VCP-R1-107,False,False,20,20.0,20.0,20.0,1.0,0.02564102564102564,20.0,20.0,1.0,0.02564102564102564,,27,,,,,,,,
PAIR,,VCP-R1-062,VCP-R1-108,False,False,20,20.0,20.0,20.0,1.0,0.02564102564102564,20.0,20.0,1.0,0.02564102564102564,,27,,,,,,,,
PAIR,,VCP-R1-063,VCP-R1-064,False,False,20,20.0,20.0,19.0,2.0,0.05405405405405406,20.0,20.0,2.0,0.05263157894736842,,27,,,,,,,,
PAIR,,VCP-R1-063,VCP-R1-065,False,False,20,20.0,20.0,20.0,3.0,0.08108108108108109,20.0,20.0,2.0,0.05263157894736842,,27,,,,,,,,
PAIR,,VCP-R1-063,VCP-R1-066,False,False,20,20.0,20.0,20.0,3.0,0.08108108108108109,20.0,20.0,2.0,0.05263157894736842,,27,,,,,,,,
PAIR,,VCP-R1-063,VCP-R1-067,False,False,20,20.0,20.0,20.0,6.0,0.17647058823529413,20.0,20.0,6.0,0.17647058823529413,,27,,,,,,,,
PAIR,,VCP-R1-063,VCP-R1-068,False,False,20,20.0,20.0,19.0,10.0,0.3448275862068966,20.0,20.0,10.0,0.3333333333333333,,27,,,,,,,,
PAIR,,VCP-R1-063,VCP-R1-069,False,False,20,20.0,20.0,20.0,12.0,0.42857142857142855,20.0,20.0,12.0,0.42857142857142855,,27,,,,,,,,
PAIR,,VCP-R1-063,VCP-R1-070,False,False,20,20.0,20.0,20.0,6.0,0.17647058823529413,20.0,20.0,6.0,0.17647058823529413,,27,,,,,,,,
PAIR,,VCP-R1-063,VCP-R1-071,False,False,20,20.0,20.0,20.0,9.0,0.2903225806451613,20.0,20.0,9.0,0.2903225806451613,,27,,,,,,,,
PAIR,,VCP-R1-063,VCP-R1-072,False,False,20,20.0,20.0,20.0,15.0,0.6,20.0,20.0,15.0,0.6,,27,,,,,,,,
PAIR,,VCP-R1-063,VCP-R1-073,False,False,20,20.0,20.0,20.0,2.0,0.05263157894736842,20.0,20.0,2.0,0.05263157894736842,,27,,,,,,,,
PAIR,,VCP-R1-063,VCP-R1-074,False,False,20,20.0,20.0,20.0,3.0,0.08108108108108109,20.0,20.0,2.0,0.05263157894736842,,27,,,,,,,,
PAIR,,VCP-R1-063,VCP-R1-075,False,False,20,20.0,20.0,20.0,3.0,0.08108108108108109,20.0,20.0,2.0,0.05263157894736842,,27,,,,,,,,
PAIR,,VCP-R1-063,VCP-R1-076,False,False,20,20.0,20.0,20.0,5.0,0.14285714285714285,20.0,20.0,5.0,0.14285714285714285,,27,,,,,,,,
PAIR,,VCP-R1-063,VCP-R1-077,False,False,20,20.0,20.0,19.0,8.0,0.25806451612903225,20.0,20.0,8.0,0.25,,27,,,,,,,,
PAIR,,VCP-R1-063,VCP-R1-078,False,False,20,20.0,20.0,20.0,12.0,0.42857142857142855,20.0,20.0,12.0,0.42857142857142855,,27,,,,,,,,
PAIR,,VCP-R1-063,VCP-R1-079,False,False,20,20.0,20.0,20.0,6.0,0.17647058823529413,20.0,20.0,6.0,0.17647058823529413,,27,,,,,,,,
PAIR,,VCP-R1-063,VCP-R1-080,False,False,20,20.0,20.0,20.0,8.0,0.25,20.0,20.0,8.0,0.25,,27,,,,,,,,
PAIR,,VCP-R1-063,VCP-R1-081,False,False,20,20.0,20.0,20.0,15.0,0.6,20.0,20.0,15.0,0.6,,27,,,,,,,,
PAIR,,VCP-R1-063,VCP-R1-082,False,False,20,20.0,20.0,20.0,4.0,0.1111111111111111,20.0,20.0,2.0,0.05263157894736842,,27,,,,,,,,
PAIR,,VCP-R1-063,VCP-R1-083,False,False,20,20.0,20.0,20.0,4.0,0.1111111111111111,20.0,20.0,2.0,0.05263157894736842,,27,,,,,,,,
PAIR,,VCP-R1-063,VCP-R1-084,False,False,20,18.0,20.0,18.0,4.0,0.11764705882352941,20.0,18.0,2.0,0.05555555555555555,,27,,,,,,,,
PAIR,,VCP-R1-063,VCP-R1-085,False,False,20,20.0,20.0,19.0,5.0,0.14705882352941177,20.0,20.0,3.0,0.08108108108108109,,27,,,,,,,,
PAIR,,VCP-R1-063,VCP-R1-086,False,False,20,20.0,20.0,20.0,7.0,0.21212121212121213,20.0,20.0,5.0,0.14285714285714285,,27,,,,,,,,
PAIR,,VCP-R1-063,VCP-R1-087,False,False,20,20.0,20.0,19.0,7.0,0.21875,20.0,20.0,5.0,0.14285714285714285,,27,,,,,,,,
PAIR,,VCP-R1-063,VCP-R1-088,False,False,20,20.0,20.0,19.0,1.0,0.02631578947368421,20.0,20.0,1.0,0.02564102564102564,,27,,,,,,,,
PAIR,,VCP-R1-063,VCP-R1-089,False,False,20,20.0,20.0,19.0,3.0,0.08333333333333333,20.0,20.0,2.0,0.05263157894736842,,27,,,,,,,,
PAIR,,VCP-R1-063,VCP-R1-090,False,False,20,20.0,20.0,20.0,5.0,0.14285714285714285,20.0,20.0,3.0,0.08108108108108109,,27,,,,,,,,
PAIR,,VCP-R1-063,VCP-R1-091,False,False,20,20.0,20.0,19.0,3.0,0.08333333333333333,20.0,20.0,2.0,0.05263157894736842,,27,,,,,,,,
PAIR,,VCP-R1-063,VCP-R1-092,False,False,20,20.0,20.0,19.0,3.0,0.08333333333333333,20.0,20.0,2.0,0.05263157894736842,,27,,,,,,,,
PAIR,,VCP-R1-063,VCP-R1-093,False,False,20,20.0,20.0,19.0,3.0,0.08333333333333333,20.0,20.0,2.0,0.05263157894736842,,27,,,,,,,,
PAIR,,VCP-R1-063,VCP-R1-094,False,False,20,20.0,20.0,19.0,1.0,0.02631578947368421,20.0,20.0,0.0,0.0,,27,,,,,,,,
PAIR,,VCP-R1-063,VCP-R1-095,False,False,20,20.0,20.0,20.0,2.0,0.05263157894736842,20.0,20.0,0.0,0.0,,27,,,,,,,,
PAIR,,VCP-R1-063,VCP-R1-096,False,False,20,20.0,20.0,20.0,6.0,0.17647058823529413,20.0,20.0,3.0,0.08108108108108109,,27,,,,,,,,
PAIR,,VCP-R1-063,VCP-R1-097,False,False,20,20.0,20.0,20.0,1.0,0.02564102564102564,20.0,20.0,1.0,0.02564102564102564,,27,,,,,,,,
PAIR,,VCP-R1-063,VCP-R1-098,False,False,20,20.0,20.0,20.0,2.0,0.05263157894736842,20.0,20.0,1.0,0.02564102564102564,,27,,,,,,,,
PAIR,,VCP-R1-063,VCP-R1-099,False,False,20,20.0,20.0,20.0,2.0,0.05263157894736842,20.0,20.0,1.0,0.02564102564102564,,27,,,,,,,,
PAIR,,VCP-R1-063,VCP-R1-100,False,False,20,20.0,20.0,19.0,3.0,0.08333333333333333,20.0,20.0,2.0,0.05263157894736842,,27,,,,,,,,
PAIR,,VCP-R1-063,VCP-R1-101,False,False,20,20.0,20.0,19.0,2.0,0.05405405405405406,20.0,20.0,2.0,0.05263157894736842,,27,,,,,,,,
PAIR,,VCP-R1-063,VCP-R1-102,False,False,20,20.0,20.0,19.0,3.0,0.08333333333333333,20.0,20.0,2.0,0.05263157894736842,,27,,,,,,,,
PAIR,,VCP-R1-063,VCP-R1-103,False,False,20,20.0,20.0,19.0,1.0,0.02631578947368421,20.0,20.0,0.0,0.0,,27,,,,,,,,
PAIR,,VCP-R1-063,VCP-R1-104,False,False,20,20.0,20.0,20.0,1.0,0.02564102564102564,20.0,20.0,0.0,0.0,,27,,,,,,,,
PAIR,,VCP-R1-063,VCP-R1-105,False,False,20,20.0,20.0,20.0,6.0,0.17647058823529413,20.0,20.0,3.0,0.08108108108108109,,27,,,,,,,,
PAIR,,VCP-R1-063,VCP-R1-106,False,False,20,20.0,20.0,19.0,1.0,0.02631578947368421,20.0,20.0,1.0,0.02564102564102564,,27,,,,,,,,
PAIR,,VCP-R1-063,VCP-R1-107,False,False,20,20.0,20.0,20.0,1.0,0.02564102564102564,20.0,20.0,1.0,0.02564102564102564,,27,,,,,,,,
PAIR,,VCP-R1-063,VCP-R1-108,False,False,20,20.0,20.0,20.0,2.0,0.05263157894736842,20.0,20.0,1.0,0.02564102564102564,,27,,,,,,,,
PAIR,,VCP-R1-064,VCP-R1-065,False,False,20,20.0,19.0,20.0,12.0,0.4444444444444444,20.0,20.0,12.0,0.42857142857142855,,27,,,,,,,,
PAIR,,VCP-R1-064,VCP-R1-066,False,False,20,20.0,19.0,20.0,7.0,0.21875,20.0,20.0,7.0,0.21212121212121213,,27,,,,,,,,
PAIR,,VCP-R1-064,VCP-R1-067,False,False,20,20.0,19.0,20.0,6.0,0.18181818181818182,20.0,20.0,6.0,0.17647058823529413,,27,,,,,,,,
PAIR,,VCP-R1-064,VCP-R1-068,False,False,20,20.0,19.0,19.0,4.0,0.11764705882352941,20.0,20.0,4.0,0.1111111111111111,,27,,,,,,,,
PAIR,,VCP-R1-064,VCP-R1-069,False,False,20,20.0,19.0,20.0,6.0,0.18181818181818182,20.0,20.0,6.0,0.17647058823529413,,27,,,,,,,,
PAIR,,VCP-R1-064,VCP-R1-070,False,False,20,20.0,19.0,20.0,4.0,0.11428571428571428,20.0,20.0,4.0,0.1111111111111111,,27,,,,,,,,
PAIR,,VCP-R1-064,VCP-R1-071,False,False,20,20.0,19.0,20.0,4.0,0.11428571428571428,20.0,20.0,4.0,0.1111111111111111,,27,,,,,,,,
PAIR,,VCP-R1-064,VCP-R1-072,False,False,20,20.0,19.0,20.0,2.0,0.05405405405405406,20.0,20.0,2.0,0.05263157894736842,,27,,,,,,,,
PAIR,,VCP-R1-064,VCP-R1-073,False,False,20,20.0,19.0,20.0,17.0,0.7727272727272727,20.0,20.0,17.0,0.7391304347826086,,27,,,,,,,,
PAIR,,VCP-R1-064,VCP-R1-074,False,False,20,20.0,19.0,20.0,12.0,0.4444444444444444,20.0,20.0,12.0,0.42857142857142855,,27,,,,,,,,
PAIR,,VCP-R1-064,VCP-R1-075,False,False,20,20.0,19.0,20.0,7.0,0.21875,20.0,20.0,7.0,0.21212121212121213,,27,,,,,,,,
PAIR,,VCP-R1-064,VCP-R1-076,False,False,20,20.0,19.0,20.0,6.0,0.18181818181818182,20.0,20.0,6.0,0.17647058823529413,,27,,,,,,,,
PAIR,,VCP-R1-064,VCP-R1-077,False,False,20,20.0,19.0,19.0,4.0,0.11764705882352941,20.0,20.0,4.0,0.1111111111111111,,27,,,,,,,,
PAIR,,VCP-R1-064,VCP-R1-078,False,False,20,20.0,19.0,20.0,6.0,0.18181818181818182,20.0,20.0,6.0,0.17647058823529413,,27,,,,,,,,
PAIR,,VCP-R1-064,VCP-R1-079,False,False,20,20.0,19.0,20.0,4.0,0.11428571428571428,20.0,20.0,4.0,0.1111111111111111,,27,,,,,,,,
PAIR,,VCP-R1-064,VCP-R1-080,False,False,20,20.0,19.0,20.0,4.0,0.11428571428571428,20.0,20.0,4.0,0.1111111111111111,,27,,,,,,,,
PAIR,,VCP-R1-064,VCP-R1-081,False,False,20,20.0,19.0,20.0,2.0,0.05405405405405406,20.0,20.0,2.0,0.05263157894736842,,27,,,,,,,,
PAIR,,VCP-R1-064,VCP-R1-082,False,False,20,20.0,19.0,20.0,0.0,0.0,20.0,20.0,0.0,0.0,,27,,,,,,,,
PAIR,,VCP-R1-064,VCP-R1-083,False,False,20,20.0,19.0,20.0,1.0,0.02631578947368421,20.0,20.0,0.0,0.0,,27,,,,,,,,
PAIR,,VCP-R1-064,VCP-R1-084,False,False,20,18.0,19.0,18.0,1.0,0.027777777777777776,20.0,18.0,0.0,0.0,,27,,,,,,,,
PAIR,,VCP-R1-064,VCP-R1-085,False,False,20,20.0,19.0,19.0,0.0,0.0,20.0,20.0,0.0,0.0,,27,,,,,,,,
PAIR,,VCP-R1-064,VCP-R1-086,False,False,20,20.0,19.0,20.0,0.0,0.0,20.0,20.0,0.0,0.0,,27,,,,,,,,
PAIR,,VCP-R1-064,VCP-R1-087,False,False,20,20.0,19.0,19.0,0.0,0.0,20.0,20.0,0.0,0.0,,27,,,,,,,,
PAIR,,VCP-R1-064,VCP-R1-088,False,False,20,20.0,19.0,19.0,1.0,0.02702702702702703,20.0,20.0,0.0,0.0,,27,,,,,,,,
PAIR,,VCP-R1-064,VCP-R1-089,False,False,20,20.0,19.0,19.0,0.0,0.0,20.0,20.0,0.0,0.0,,27,,,,,,,,
PAIR,,VCP-R1-064,VCP-R1-090,False,False,20,20.0,19.0,20.0,0.0,0.0,20.0,20.0,0.0,0.0,,27,,,,,,,,
PAIR,,VCP-R1-064,VCP-R1-091,False,False,20,20.0,19.0,19.0,1.0,0.02702702702702703,20.0,20.0,1.0,0.02564102564102564,,27,,,,,,,,
PAIR,,VCP-R1-064,VCP-R1-092,False,False,20,20.0,19.0,19.0,1.0,0.02702702702702703,20.0,20.0,1.0,0.02564102564102564,,27,,,,,,,,
PAIR,,VCP-R1-064,VCP-R1-093,False,False,20,20.0,19.0,19.0,1.0,0.02702702702702703,20.0,20.0,1.0,0.02564102564102564,,27,,,,,,,,
PAIR,,VCP-R1-064,VCP-R1-094,False,False,20,20.0,19.0,19.0,0.0,0.0,20.0,20.0,0.0,0.0,,27,,,,,,,,
PAIR,,VCP-R1-064,VCP-R1-095,False,False,20,20.0,19.0,20.0,0.0,0.0,20.0,20.0,0.0,0.0,,27,,,,,,,,
PAIR,,VCP-R1-064,VCP-R1-096,False,False,20,20.0,19.0,20.0,0.0,0.0,20.0,20.0,0.0,0.0,,27,,,,,,,,
PAIR,,VCP-R1-064,VCP-R1-097,False,False,20,20.0,19.0,20.0,1.0,0.02631578947368421,20.0,20.0,0.0,0.0,,27,,,,,,,,
PAIR,,VCP-R1-064,VCP-R1-098,False,False,20,20.0,19.0,20.0,0.0,0.0,20.0,20.0,0.0,0.0,,27,,,,,,,,
PAIR,,VCP-R1-064,VCP-R1-099,False,False,20,20.0,19.0,20.0,0.0,0.0,20.0,20.0,0.0,0.0,,27,,,,,,,,
PAIR,,VCP-R1-064,VCP-R1-100,False,False,20,20.0,19.0,19.0,1.0,0.02702702702702703,20.0,20.0,1.0,0.02564102564102564,,27,,,,,,,,
PAIR,,VCP-R1-064,VCP-R1-101,False,False,20,20.0,19.0,19.0,1.0,0.02702702702702703,20.0,20.0,1.0,0.02564102564102564,,27,,,,,,,,
PAIR,,VCP-R1-064,VCP-R1-102,False,False,20,20.0,19.0,19.0,1.0,0.02702702702702703,20.0,20.0,1.0,0.02564102564102564,,27,,,,,,,,
PAIR,,VCP-R1-064,VCP-R1-103,False,False,20,20.0,19.0,19.0,0.0,0.0,20.0,20.0,0.0,0.0,,27,,,,,,,,
PAIR,,VCP-R1-064,VCP-R1-104,False,False,20,20.0,19.0,20.0,0.0,0.0,20.0,20.0,0.0,0.0,,27,,,,,,,,
PAIR,,VCP-R1-064,VCP-R1-105,False,False,20,20.0,19.0,20.0,0.0,0.0,20.0,20.0,0.0,0.0,,27,,,,,,,,
PAIR,,VCP-R1-064,VCP-R1-106,False,False,20,20.0,19.0,19.0,1.0,0.02702702702702703,20.0,20.0,0.0,0.0,,27,,,,,,,,
PAIR,,VCP-R1-064,VCP-R1-107,False,False,20,20.0,19.0,20.0,0.0,0.0,20.0,20.0,0.0,0.0,,27,,,,,,,,
PAIR,,VCP-R1-064,VCP-R1-108,False,False,20,20.0,19.0,20.0,0.0,0.0,20.0,20.0,0.0,0.0,,27,,,,,,,,
PAIR,,VCP-R1-065,VCP-R1-066,False,False,20,20.0,20.0,20.0,13.0,0.48148148148148145,20.0,20.0,13.0,0.48148148148148145,,27,,,,,,,,
PAIR,,VCP-R1-065,VCP-R1-067,False,False,20,20.0,20.0,20.0,5.0,0.14285714285714285,20.0,20.0,4.0,0.1111111111111111,,27,,,,,,,,
PAIR,,VCP-R1-065,VCP-R1-068,False,False,20,20.0,20.0,19.0,5.0,0.14705882352941177,20.0,20.0,4.0,0.1111111111111111,,27,,,,,,,,
PAIR,,VCP-R1-065,VCP-R1-069,False,False,20,20.0,20.0,20.0,7.0,0.21212121212121213,20.0,20.0,6.0,0.17647058823529413,,27,,,,,,,,
PAIR,,VCP-R1-065,VCP-R1-070,False,False,20,20.0,20.0,20.0,3.0,0.08108108108108109,20.0,20.0,3.0,0.08108108108108109,,27,,,,,,,,
PAIR,,VCP-R1-065,VCP-R1-071,False,False,20,20.0,20.0,20.0,5.0,0.14285714285714285,20.0,20.0,4.0,0.1111111111111111,,27,,,,,,,,
PAIR,,VCP-R1-065,VCP-R1-072,False,False,20,20.0,20.0,20.0,3.0,0.08108108108108109,20.0,20.0,2.0,0.05263157894736842,,27,,,,,,,,
PAIR,,VCP-R1-065,VCP-R1-073,False,False,20,20.0,20.0,20.0,11.0,0.3793103448275862,20.0,20.0,11.0,0.3793103448275862,,27,,,,,,,,
PAIR,,VCP-R1-065,VCP-R1-074,False,False,20,20.0,20.0,20.0,18.0,0.8181818181818182,20.0,20.0,18.0,0.8181818181818182,,27,,,,,,,,
PAIR,,VCP-R1-065,VCP-R1-075,False,False,20,20.0,20.0,20.0,13.0,0.48148148148148145,20.0,20.0,13.0,0.48148148148148145,,27,,,,,,,,
PAIR,,VCP-R1-065,VCP-R1-076,False,False,20,20.0,20.0,20.0,5.0,0.14285714285714285,20.0,20.0,4.0,0.1111111111111111,,27,,,,,,,,
PAIR,,VCP-R1-065,VCP-R1-077,False,False,20,20.0,20.0,19.0,5.0,0.14705882352941177,20.0,20.0,4.0,0.1111111111111111,,27,,,,,,,,
PAIR,,VCP-R1-065,VCP-R1-078,False,False,20,20.0,20.0,20.0,7.0,0.21212121212121213,20.0,20.0,6.0,0.17647058823529413,,27,,,,,,,,
PAIR,,VCP-R1-065,VCP-R1-079,False,False,20,20.0,20.0,20.0,3.0,0.08108108108108109,20.0,20.0,3.0,0.08108108108108109,,27,,,,,,,,
PAIR,,VCP-R1-065,VCP-R1-080,False,False,20,20.0,20.0,20.0,5.0,0.14285714285714285,20.0,20.0,4.0,0.1111111111111111,,27,,,,,,,,
PAIR,,VCP-R1-065,VCP-R1-081,False,False,20,20.0,20.0,20.0,3.0,0.08108108108108109,20.0,20.0,2.0,0.05263157894736842,,27,,,,,,,,
PAIR,,VCP-R1-065,VCP-R1-082,False,False,20,20.0,20.0,20.0,0.0,0.0,20.0,20.0,0.0,0.0,,27,,,,,,,,
PAIR,,VCP-R1-065,VCP-R1-083,False,False,20,20.0,20.0,20.0,1.0,0.02564102564102564,20.0,20.0,0.0,0.0,,27,,,,,,,,
PAIR,,VCP-R1-065,VCP-R1-084,False,False,20,18.0,20.0,18.0,1.0,0.02702702702702703,20.0,18.0,0.0,0.0,,27,,,,,,,,
PAIR,,VCP-R1-065,VCP-R1-085,False,False,20,20.0,20.0,19.0,0.0,0.0,20.0,20.0,0.0,0.0,,27,,,,,,,,
PAIR,,VCP-R1-065,VCP-R1-086,False,False,20,20.0,20.0,20.0,0.0,0.0,20.0,20.0,0.0,0.0,,27,,,,,,,,
PAIR,,VCP-R1-065,VCP-R1-087,False,False,20,20.0,20.0,19.0,0.0,0.0,20.0,20.0,0.0,0.0,,27,,,,,,,,
PAIR,,VCP-R1-065,VCP-R1-088,False,False,20,20.0,20.0,19.0,1.0,0.02631578947368421,20.0,20.0,0.0,0.0,,27,,,,,,,,
PAIR,,VCP-R1-065,VCP-R1-089,False,False,20,20.0,20.0,19.0,0.0,0.0,20.0,20.0,0.0,0.0,,27,,,,,,,,
PAIR,,VCP-R1-065,VCP-R1-090,False,False,20,20.0,20.0,20.0,0.0,0.0,20.0,20.0,0.0,0.0,,27,,,,,,,,
PAIR,,VCP-R1-065,VCP-R1-091,False,False,20,20.0,20.0,19.0,1.0,0.02631578947368421,20.0,20.0,1.0,0.02564102564102564,,27,,,,,,,,
PAIR,,VCP-R1-065,VCP-R1-092,False,False,20,20.0,20.0,19.0,1.0,0.02631578947368421,20.0,20.0,1.0,0.02564102564102564,,27,,,,,,,,
PAIR,,VCP-R1-065,VCP-R1-093,False,False,20,20.0,20.0,19.0,1.0,0.02631578947368421,20.0,20.0,1.0,0.02564102564102564,,27,,,,,,,,
PAIR,,VCP-R1-065,VCP-R1-094,False,False,20,20.0,20.0,19.0,0.0,0.0,20.0,20.0,0.0,0.0,,27,,,,,,,,
PAIR,,VCP-R1-065,VCP-R1-095,False,False,20,20.0,20.0,20.0,0.0,0.0,20.0,20.0,0.0,0.0,,27,,,,,,,,
PAIR,,VCP-R1-065,VCP-R1-096,False,False,20,20.0,20.0,20.0,0.0,0.0,20.0,20.0,0.0,0.0,,27,,,,,,,,
PAIR,,VCP-R1-065,VCP-R1-097,False,False,20,20.0,20.0,20.0,1.0,0.02564102564102564,20.0,20.0,0.0,0.0,,27,,,,,,,,
PAIR,,VCP-R1-065,VCP-R1-098,False,False,20,20.0,20.0,20.0,0.0,0.0,20.0,20.0,0.0,0.0,,27,,,,,,,,
PAIR,,VCP-R1-065,VCP-R1-099,False,False,20,20.0,20.0,20.0,0.0,0.0,20.0,20.0,0.0,0.0,,27,,,,,,,,
PAIR,,VCP-R1-065,VCP-R1-100,False,False,20,20.0,20.0,19.0,1.0,0.02631578947368421,20.0,20.0,1.0,0.02564102564102564,,27,,,,,,,,
PAIR,,VCP-R1-065,VCP-R1-101,False,False,20,20.0,20.0,19.0,1.0,0.02631578947368421,20.0,20.0,1.0,0.02564102564102564,,27,,,,,,,,
PAIR,,VCP-R1-065,VCP-R1-102,False,False,20,20.0,20.0,19.0,1.0,0.02631578947368421,20.0,20.0,1.0,0.02564102564102564,,27,,,,,,,,
PAIR,,VCP-R1-065,VCP-R1-103,False,False,20,20.0,20.0,19.0,0.0,0.0,20.0,20.0,0.0,0.0,,27,,,,,,,,
PAIR,,VCP-R1-065,VCP-R1-104,False,False,20,20.0,20.0,20.0,0.0,0.0,20.0,20.0,0.0,0.0,,27,,,,,,,,
PAIR,,VCP-R1-065,VCP-R1-105,False,False,20,20.0,20.0,20.0,0.0,0.0,20.0,20.0,0.0,0.0,,27,,,,,,,,
PAIR,,VCP-R1-065,VCP-R1-106,False,False,20,20.0,20.0,19.0,1.0,0.02631578947368421,20.0,20.0,0.0,0.0,,27,,,,,,,,
PAIR,,VCP-R1-065,VCP-R1-107,False,False,20,20.0,20.0,20.0,0.0,0.0,20.0,20.0,0.0,0.0,,27,,,,,,,,
PAIR,,VCP-R1-065,VCP-R1-108,False,False,20,20.0,20.0,20.0,0.0,0.0,20.0,20.0,0.0,0.0,,27,,,,,,,,
PAIR,,VCP-R1-066,VCP-R1-067,False,False,20,20.0,20.0,20.0,2.0,0.05263157894736842,20.0,20.0,2.0,0.05263157894736842,,27,,,,,,,,
PAIR,,VCP-R1-066,VCP-R1-068,False,False,20,20.0,20.0,19.0,3.0,0.08333333333333333,20.0,20.0,2.0,0.05263157894736842,,27,,,,,,,,
PAIR,,VCP-R1-066,VCP-R1-069,False,False,20,20.0,20.0,20.0,7.0,0.21212121212121213,20.0,20.0,6.0,0.17647058823529413,,27,,,,,,,,
PAIR,,VCP-R1-066,VCP-R1-070,False,False,20,20.0,20.0,20.0,2.0,0.05263157894736842,20.0,20.0,2.0,0.05263157894736842,,27,,,,,,,,
PAIR,,VCP-R1-066,VCP-R1-071,False,False,20,20.0,20.0,20.0,2.0,0.05263157894736842,20.0,20.0,2.0,0.05263157894736842,,27,,,,,,,,
PAIR,,VCP-R1-066,VCP-R1-072,False,False,20,20.0,20.0,20.0,3.0,0.08108108108108109,20.0,20.0,2.0,0.05263157894736842,,27,,,,,,,,
PAIR,,VCP-R1-066,VCP-R1-073,False,False,20,20.0,20.0,20.0,7.0,0.21212121212121213,20.0,20.0,7.0,0.21212121212121213,,27,,,,,,,,
PAIR,,VCP-R1-066,VCP-R1-074,False,False,20,20.0,20.0,20.0,12.0,0.42857142857142855,20.0,20.0,12.0,0.42857142857142855,,27,,,,,,,,
PAIR,,VCP-R1-066,VCP-R1-075,False,False,20,20.0,20.0,20.0,19.0,0.9047619047619048,20.0,20.0,19.0,0.9047619047619048,,27,,,,,,,,
PAIR,,VCP-R1-066,VCP-R1-076,False,False,20,20.0,20.0,20.0,2.0,0.05263157894736842,20.0,20.0,2.0,0.05263157894736842,,27,,,,,,,,
PAIR,,VCP-R1-066,VCP-R1-077,False,False,20,20.0,20.0,19.0,3.0,0.08333333333333333,20.0,20.0,2.0,0.05263157894736842,,27,,,,,,,,
PAIR,,VCP-R1-066,VCP-R1-078,False,False,20,20.0,20.0,20.0,7.0,0.21212121212121213,20.0,20.0,6.0,0.17647058823529413,,27,,,,,,,,
PAIR,,VCP-R1-066,VCP-R1-079,False,False,20,20.0,20.0,20.0,2.0,0.05263157894736842,20.0,20.0,2.0,0.05263157894736842,,27,,,,,,,,
PAIR,,VCP-R1-066,VCP-R1-080,False,False,20,20.0,20.0,20.0,2.0,0.05263157894736842,20.0,20.0,2.0,0.05263157894736842,,27,,,,,,,,
PAIR,,VCP-R1-066,VCP-R1-081,False,False,20,20.0,20.0,20.0,3.0,0.08108108108108109,20.0,20.0,2.0,0.05263157894736842,,27,,,,,,,,
PAIR,,VCP-R1-066,VCP-R1-082,False,False,20,20.0,20.0,20.0,0.0,0.0,20.0,20.0,0.0,0.0,,27,,,,,,,,
PAIR,,VCP-R1-066,VCP-R1-083,False,False,20,20.0,20.0,20.0,2.0,0.05263157894736842,20.0,20.0,0.0,0.0,,27,,,,,,,,
PAIR,,VCP-R1-066,VCP-R1-084,False,False,20,18.0,20.0,18.0,2.0,0.05555555555555555,20.0,18.0,0.0,0.0,,27,,,,,,,,
PAIR,,VCP-R1-066,VCP-R1-085,False,False,20,20.0,20.0,19.0,0.0,0.0,20.0,20.0,0.0,0.0,,27,,,,,,,,
PAIR,,VCP-R1-066,VCP-R1-086,False,False,20,20.0,20.0,20.0,0.0,0.0,20.0,20.0,0.0,0.0,,27,,,,,,,,
PAIR,,VCP-R1-066,VCP-R1-087,False,False,20,20.0,20.0,19.0,0.0,0.0,20.0,20.0,0.0,0.0,,27,,,,,,,,
PAIR,,VCP-R1-066,VCP-R1-088,False,False,20,20.0,20.0,19.0,0.0,0.0,20.0,20.0,0.0,0.0,,27,,,,,,,,
PAIR,,VCP-R1-066,VCP-R1-089,False,False,20,20.0,20.0,19.0,0.0,0.0,20.0,20.0,0.0,0.0,,27,,,,,,,,
PAIR,,VCP-R1-066,VCP-R1-090,False,False,20,20.0,20.0,20.0,0.0,0.0,20.0,20.0,0.0,0.0,,27,,,,,,,,
PAIR,,VCP-R1-066,VCP-R1-091,False,False,20,20.0,20.0,19.0,1.0,0.02631578947368421,20.0,20.0,1.0,0.02564102564102564,,27,,,,,,,,
PAIR,,VCP-R1-066,VCP-R1-092,False,False,20,20.0,20.0,19.0,1.0,0.02631578947368421,20.0,20.0,1.0,0.02564102564102564,,27,,,,,,,,
PAIR,,VCP-R1-066,VCP-R1-093,False,False,20,20.0,20.0,19.0,2.0,0.05405405405405406,20.0,20.0,1.0,0.02564102564102564,,27,,,,,,,,
PAIR,,VCP-R1-066,VCP-R1-094,False,False,20,20.0,20.0,19.0,0.0,0.0,20.0,20.0,0.0,0.0,,27,,,,,,,,
PAIR,,VCP-R1-066,VCP-R1-095,False,False,20,20.0,20.0,20.0,0.0,0.0,20.0,20.0,0.0,0.0,,27,,,,,,,,
PAIR,,VCP-R1-066,VCP-R1-096,False,False,20,20.0,20.0,20.0,0.0,0.0,20.0,20.0,0.0,0.0,,27,,,,,,,,
PAIR,,VCP-R1-066,VCP-R1-097,False,False,20,20.0,20.0,20.0,0.0,0.0,20.0,20.0,0.0,0.0,,27,,,,,,,,
PAIR,,VCP-R1-066,VCP-R1-098,False,False,20,20.0,20.0,20.0,0.0,0.0,20.0,20.0,0.0,0.0,,27,,,,,,,,
PAIR,,VCP-R1-066,VCP-R1-099,False,False,20,20.0,20.0,20.0,0.0,0.0,20.0,20.0,0.0,0.0,,27,,,,,,,,
PAIR,,VCP-R1-066,VCP-R1-100,False,False,20,20.0,20.0,19.0,1.0,0.02631578947368421,20.0,20.0,1.0,0.02564102564102564,,27,,,,,,,,
PAIR,,VCP-R1-066,VCP-R1-101,False,False,20,20.0,20.0,19.0,1.0,0.02631578947368421,20.0,20.0,1.0,0.02564102564102564,,27,,,,,,,,
PAIR,,VCP-R1-066,VCP-R1-102,False,False,20,20.0,20.0,19.0,2.0,0.05405405405405406,20.0,20.0,1.0,0.02564102564102564,,27,,,,,,,,
PAIR,,VCP-R1-066,VCP-R1-103,False,False,20,20.0,20.0,19.0,0.0,0.0,20.0,20.0,0.0,0.0,,27,,,,,,,,
PAIR,,VCP-R1-066,VCP-R1-104,False,False,20,20.0,20.0,20.0,0.0,0.0,20.0,20.0,0.0,0.0,,27,,,,,,,,
PAIR,,VCP-R1-066,VCP-R1-105,False,False,20,20.0,20.0,20.0,0.0,0.0,20.0,20.0,0.0,0.0,,27,,,,,,,,
PAIR,,VCP-R1-066,VCP-R1-106,False,False,20,20.0,20.0,19.0,0.0,0.0,20.0,20.0,0.0,0.0,,27,,,,,,,,
PAIR,,VCP-R1-066,VCP-R1-107,False,False,20,20.0,20.0,20.0,0.0,0.0,20.0,20.0,0.0,0.0,,27,,,,,,,,
PAIR,,VCP-R1-066,VCP-R1-108,False,False,20,20.0,20.0,20.0,0.0,0.0,20.0,20.0,0.0,0.0,,27,,,,,,,,
PAIR,,VCP-R1-067,VCP-R1-068,False,False,20,20.0,20.0,19.0,13.0,0.5,20.0,20.0,13.0,0.48148148148148145,,27,,,,,,,,
PAIR,,VCP-R1-067,VCP-R1-069,False,False,20,20.0,20.0,20.0,7.0,0.21212121212121213,20.0,20.0,7.0,0.21212121212121213,,27,,,,,,,,
PAIR,,VCP-R1-067,VCP-R1-070,False,False,20,20.0,20.0,20.0,9.0,0.2903225806451613,20.0,20.0,9.0,0.2903225806451613,,27,,,,,,,,
PAIR,,VCP-R1-067,VCP-R1-071,False,False,20,20.0,20.0,20.0,10.0,0.3333333333333333,20.0,20.0,10.0,0.3333333333333333,,27,,,,,,,,
PAIR,,VCP-R1-067,VCP-R1-072,False,False,20,20.0,20.0,20.0,7.0,0.21212121212121213,20.0,20.0,7.0,0.21212121212121213,,27,,,,,,,,
PAIR,,VCP-R1-067,VCP-R1-073,False,False,20,20.0,20.0,20.0,6.0,0.17647058823529413,20.0,20.0,6.0,0.17647058823529413,,27,,,,,,,,
PAIR,,VCP-R1-067,VCP-R1-074,False,False,20,20.0,20.0,20.0,5.0,0.14285714285714285,20.0,20.0,4.0,0.1111111111111111,,27,,,,,,,,
PAIR,,VCP-R1-067,VCP-R1-075,False,False,20,20.0,20.0,20.0,2.0,0.05263157894736842,20.0,20.0,2.0,0.05263157894736842,,27,,,,,,,,
PAIR,,VCP-R1-067,VCP-R1-076,False,False,20,20.0,20.0,20.0,19.0,0.9047619047619048,20.0,20.0,19.0,0.9047619047619048,,27,,,,,,,,
PAIR,,VCP-R1-067,VCP-R1-077,False,False,20,20.0,20.0,19.0,13.0,0.5,20.0,20.0,13.0,0.48148148148148145,,27,,,,,,,,
PAIR,,VCP-R1-067,VCP-R1-078,False,False,20,20.0,20.0,20.0,7.0,0.21212121212121213,20.0,20.0,7.0,0.21212121212121213,,27,,,,,,,,
PAIR,,VCP-R1-067,VCP-R1-079,False,False,20,20.0,20.0,20.0,9.0,0.2903225806451613,20.0,20.0,9.0,0.2903225806451613,,27,,,,,,,,
PAIR,,VCP-R1-067,VCP-R1-080,False,False,20,20.0,20.0,20.0,10.0,0.3333333333333333,20.0,20.0,10.0,0.3333333333333333,,27,,,,,,,,
PAIR,,VCP-R1-067,VCP-R1-081,False,False,20,20.0,20.0,20.0,7.0,0.21212121212121213,20.0,20.0,7.0,0.21212121212121213,,27,,,,,,,,
PAIR,,VCP-R1-067,VCP-R1-082,False,False,20,20.0,20.0,20.0,0.0,0.0,20.0,20.0,0.0,0.0,,27,,,,,,,,
PAIR,,VCP-R1-067,VCP-R1-083,False,False,20,20.0,20.0,20.0,1.0,0.02564102564102564,20.0,20.0,0.0,0.0,,27,,,,,,,,
PAIR,,VCP-R1-067,VCP-R1-084,False,False,20,18.0,20.0,18.0,1.0,0.02702702702702703,20.0,18.0,0.0,0.0,,27,,,,,,,,
PAIR,,VCP-R1-067,VCP-R1-085,False,False,20,20.0,20.0,19.0,1.0,0.02631578947368421,20.0,20.0,1.0,0.02564102564102564,,27,,,,,,,,
PAIR,,VCP-R1-067,VCP-R1-086,False,False,20,20.0,20.0,20.0,0.0,0.0,20.0,20.0,0.0,0.0,,27,,,,,,,,
PAIR,,VCP-R1-067,VCP-R1-087,False,False,20,20.0,20.0,19.0,0.0,0.0,20.0,20.0,0.0,0.0,,27,,,,,,,,
PAIR,,VCP-R1-067,VCP-R1-088,False,False,20,20.0,20.0,19.0,2.0,0.05405405405405406,20.0,20.0,2.0,0.05263157894736842,,27,,,,,,,,
PAIR,,VCP-R1-067,VCP-R1-089,False,False,20,20.0,20.0,19.0,1.0,0.02631578947368421,20.0,20.0,1.0,0.02564102564102564,,27,,,,,,,,
PAIR,,VCP-R1-067,VCP-R1-090,False,False,20,20.0,20.0,20.0,1.0,0.02564102564102564,20.0,20.0,1.0,0.02564102564102564,,27,,,,,,,,
PAIR,,VCP-R1-067,VCP-R1-091,False,False,20,20.0,20.0,19.0,1.0,0.02631578947368421,20.0,20.0,0.0,0.0,,27,,,,,,,,
PAIR,,VCP-R1-067,VCP-R1-092,False,False,20,20.0,20.0,19.0,1.0,0.02631578947368421,20.0,20.0,0.0,0.0,,27,,,,,,,,
PAIR,,VCP-R1-067,VCP-R1-093,False,False,20,20.0,20.0,19.0,1.0,0.02631578947368421,20.0,20.0,0.0,0.0,,27,,,,,,,,
PAIR,,VCP-R1-067,VCP-R1-094,False,False,20,20.0,20.0,19.0,1.0,0.02631578947368421,20.0,20.0,1.0,0.02564102564102564,,27,,,,,,,,
PAIR,,VCP-R1-067,VCP-R1-095,False,False,20,20.0,20.0,20.0,1.0,0.02564102564102564,20.0,20.0,0.0,0.0,,27,,,,,,,,
PAIR,,VCP-R1-067,VCP-R1-096,False,False,20,20.0,20.0,20.0,1.0,0.02564102564102564,20.0,20.0,0.0,0.0,,27,,,,,,,,
PAIR,,VCP-R1-067,VCP-R1-097,False,False,20,20.0,20.0,20.0,1.0,0.02564102564102564,20.0,20.0,1.0,0.02564102564102564,,27,,,,,,,,
PAIR,,VCP-R1-067,VCP-R1-098,False,False,20,20.0,20.0,20.0,1.0,0.02564102564102564,20.0,20.0,1.0,0.02564102564102564,,27,,,,,,,,
PAIR,,VCP-R1-067,VCP-R1-099,False,False,20,20.0,20.0,20.0,1.0,0.02564102564102564,20.0,20.0,1.0,0.02564102564102564,,27,,,,,,,,
PAIR,,VCP-R1-067,VCP-R1-100,False,False,20,20.0,20.0,19.0,1.0,0.02631578947368421,20.0,20.0,0.0,0.0,,27,,,,,,,,
PAIR,,VCP-R1-067,VCP-R1-101,False,False,20,20.0,20.0,19.0,1.0,0.02631578947368421,20.0,20.0,0.0,0.0,,27,,,,,,,,
PAIR,,VCP-R1-067,VCP-R1-102,False,False,20,20.0,20.0,19.0,1.0,0.02631578947368421,20.0,20.0,0.0,0.0,,27,,,,,,,,
PAIR,,VCP-R1-067,VCP-R1-103,False,False,20,20.0,20.0,19.0,1.0,0.02631578947368421,20.0,20.0,1.0,0.02564102564102564,,27,,,,,,,,
PAIR,,VCP-R1-067,VCP-R1-104,False,False,20,20.0,20.0,20.0,0.0,0.0,20.0,20.0,0.0,0.0,,27,,,,,,,,
PAIR,,VCP-R1-067,VCP-R1-105,False,False,20,20.0,20.0,20.0,1.0,0.02564102564102564,20.0,20.0,0.0,0.0,,27,,,,,,,,
PAIR,,VCP-R1-067,VCP-R1-106,False,False,20,20.0,20.0,19.0,1.0,0.02631578947368421,20.0,20.0,1.0,0.02564102564102564,,27,,,,,,,,
PAIR,,VCP-R1-067,VCP-R1-107,False,False,20,20.0,20.0,20.0,1.0,0.02564102564102564,20.0,20.0,1.0,0.02564102564102564,,27,,,,,,,,
PAIR,,VCP-R1-067,VCP-R1-108,False,False,20,20.0,20.0,20.0,1.0,0.02564102564102564,20.0,20.0,1.0,0.02564102564102564,,27,,,,,,,,
PAIR,,VCP-R1-068,VCP-R1-069,False,False,20,20.0,19.0,20.0,12.0,0.4444444444444444,20.0,20.0,12.0,0.42857142857142855,,27,,,,,,,,
PAIR,,VCP-R1-068,VCP-R1-070,False,False,20,20.0,19.0,20.0,6.0,0.18181818181818182,20.0,20.0,6.0,0.17647058823529413,,27,,,,,,,,
PAIR,,VCP-R1-068,VCP-R1-071,False,False,20,20.0,19.0,20.0,10.0,0.3448275862068966,20.0,20.0,10.0,0.3333333333333333,,27,,,,,,,,
PAIR,,VCP-R1-068,VCP-R1-072,False,False,20,20.0,19.0,20.0,10.0,0.3448275862068966,20.0,20.0,10.0,0.3333333333333333,,27,,,,,,,,
PAIR,,VCP-R1-068,VCP-R1-073,False,False,20,20.0,19.0,20.0,4.0,0.11428571428571428,20.0,20.0,4.0,0.1111111111111111,,27,,,,,,,,
PAIR,,VCP-R1-068,VCP-R1-074,False,False,20,20.0,19.0,20.0,5.0,0.14705882352941177,20.0,20.0,4.0,0.1111111111111111,,27,,,,,,,,
PAIR,,VCP-R1-068,VCP-R1-075,False,False,20,20.0,19.0,20.0,3.0,0.08333333333333333,20.0,20.0,2.0,0.05263157894736842,,27,,,,,,,,
PAIR,,VCP-R1-068,VCP-R1-076,False,False,20,20.0,19.0,20.0,12.0,0.4444444444444444,20.0,20.0,12.0,0.42857142857142855,,27,,,,,,,,
PAIR,,VCP-R1-068,VCP-R1-077,False,False,20,20.0,19.0,19.0,17.0,0.8095238095238095,20.0,20.0,18.0,0.8181818181818182,,27,,,,,,,,
PAIR,,VCP-R1-068,VCP-R1-078,False,False,20,20.0,19.0,20.0,12.0,0.4444444444444444,20.0,20.0,12.0,0.42857142857142855,,27,,,,,,,,
PAIR,,VCP-R1-068,VCP-R1-079,False,False,20,20.0,19.0,20.0,6.0,0.18181818181818182,20.0,20.0,6.0,0.17647058823529413,,27,,,,,,,,
PAIR,,VCP-R1-068,VCP-R1-080,False,False,20,20.0,19.0,20.0,10.0,0.3448275862068966,20.0,20.0,10.0,0.3333333333333333,,27,,,,,,,,
PAIR,,VCP-R1-068,VCP-R1-081,False,False,20,20.0,19.0,20.0,10.0,0.3448275862068966,20.0,20.0,10.0,0.3333333333333333,,27,,,,,,,,
PAIR,,VCP-R1-068,VCP-R1-082,False,False,20,20.0,19.0,20.0,0.0,0.0,20.0,20.0,0.0,0.0,,27,,,,,,,,
PAIR,,VCP-R1-068,VCP-R1-083,False,False,20,20.0,19.0,20.0,1.0,0.02631578947368421,20.0,20.0,0.0,0.0,,27,,,,,,,,
PAIR,,VCP-R1-068,VCP-R1-084,False,False,20,18.0,19.0,18.0,1.0,0.027777777777777776,20.0,18.0,0.0,0.0,,27,,,,,,,,
PAIR,,VCP-R1-068,VCP-R1-085,False,False,20,20.0,19.0,19.0,2.0,0.05555555555555555,20.0,20.0,2.0,0.05263157894736842,,27,,,,,,,,
PAIR,,VCP-R1-068,VCP-R1-086,False,False,20,20.0,19.0,20.0,2.0,0.05405405405405406,20.0,20.0,2.0,0.05263157894736842,,27,,,,,,,,
PAIR,,VCP-R1-068,VCP-R1-087,False,False,20,20.0,19.0,19.0,2.0,0.05555555555555555,20.0,20.0,2.0,0.05263157894736842,,27,,,,,,,,
PAIR,,VCP-R1-068,VCP-R1-088,False,False,20,20.0,19.0,19.0,1.0,0.02702702702702703,20.0,20.0,1.0,0.02564102564102564,,27,,,,,,,,
PAIR,,VCP-R1-068,VCP-R1-089,False,False,20,20.0,19.0,19.0,2.0,0.05555555555555555,20.0,20.0,2.0,0.05263157894736842,,27,,,,,,,,
PAIR,,VCP-R1-068,VCP-R1-090,False,False,20,20.0,19.0,20.0,2.0,0.05405405405405406,20.0,20.0,2.0,0.05263157894736842,,27,,,,,,,,
PAIR,,VCP-R1-068,VCP-R1-091,False,False,20,20.0,19.0,19.0,0.0,0.0,20.0,20.0,0.0,0.0,,27,,,,,,,,
PAIR,,VCP-R1-068,VCP-R1-092,False,False,20,20.0,19.0,19.0,0.0,0.0,20.0,20.0,0.0,0.0,,27,,,,,,,,
PAIR,,VCP-R1-068,VCP-R1-093,False,False,20,20.0,19.0,19.0,0.0,0.0,20.0,20.0,0.0,0.0,,27,,,,,,,,
PAIR,,VCP-R1-068,VCP-R1-094,False,False,20,20.0,19.0,19.0,0.0,0.0,20.0,20.0,0.0,0.0,,27,,,,,,,,
PAIR,,VCP-R1-068,VCP-R1-095,False,False,20,20.0,19.0,20.0,1.0,0.02631578947368421,20.0,20.0,1.0,0.02564102564102564,,27,,,,,,,,
PAIR,,VCP-R1-068,VCP-R1-096,False,False,20,20.0,19.0,20.0,3.0,0.08333333333333333,20.0,20.0,3.0,0.08108108108108109,,27,,,,,,,,
PAIR,,VCP-R1-068,VCP-R1-097,False,False,20,20.0,19.0,20.0,1.0,0.02631578947368421,20.0,20.0,1.0,0.02564102564102564,,27,,,,,,,,
PAIR,,VCP-R1-068,VCP-R1-098,False,False,20,20.0,19.0,20.0,1.0,0.02631578947368421,20.0,20.0,1.0,0.02564102564102564,,27,,,,,,,,
PAIR,,VCP-R1-068,VCP-R1-099,False,False,20,20.0,19.0,20.0,1.0,0.02631578947368421,20.0,20.0,1.0,0.02564102564102564,,27,,,,,,,,
PAIR,,VCP-R1-068,VCP-R1-100,False,False,20,20.0,19.0,19.0,0.0,0.0,20.0,20.0,0.0,0.0,,27,,,,,,,,
PAIR,,VCP-R1-068,VCP-R1-101,False,False,20,20.0,19.0,19.0,0.0,0.0,20.0,20.0,0.0,0.0,,27,,,,,,,,
PAIR,,VCP-R1-068,VCP-R1-102,False,False,20,20.0,19.0,19.0,0.0,0.0,20.0,20.0,0.0,0.0,,27,,,,,,,,
PAIR,,VCP-R1-068,VCP-R1-103,False,False,20,20.0,19.0,19.0,0.0,0.0,20.0,20.0,0.0,0.0,,27,,,,,,,,
PAIR,,VCP-R1-068,VCP-R1-104,False,False,20,20.0,19.0,20.0,1.0,0.02631578947368421,20.0,20.0,1.0,0.02564102564102564,,27,,,,,,,,
PAIR,,VCP-R1-068,VCP-R1-105,False,False,20,20.0,19.0,20.0,3.0,0.08333333333333333,20.0,20.0,3.0,0.08108108108108109,,27,,,,,,,,
PAIR,,VCP-R1-068,VCP-R1-106,False,False,20,20.0,19.0,19.0,1.0,0.02702702702702703,20.0,20.0,1.0,0.02564102564102564,,27,,,,,,,,
PAIR,,VCP-R1-068,VCP-R1-107,False,False,20,20.0,19.0,20.0,1.0,0.02631578947368421,20.0,20.0,1.0,0.02564102564102564,,27,,,,,,,,
PAIR,,VCP-R1-068,VCP-R1-108,False,False,20,20.0,19.0,20.0,1.0,0.02631578947368421,20.0,20.0,1.0,0.02564102564102564,,27,,,,,,,,
PAIR,,VCP-R1-069,VCP-R1-070,False,False,20,20.0,20.0,20.0,4.0,0.1111111111111111,20.0,20.0,4.0,0.1111111111111111,,27,,,,,,,,
PAIR,,VCP-R1-069,VCP-R1-071,False,False,20,20.0,20.0,20.0,5.0,0.14285714285714285,20.0,20.0,5.0,0.14285714285714285,,27,,,,,,,,
PAIR,,VCP-R1-069,VCP-R1-072,False,False,20,20.0,20.0,20.0,10.0,0.3333333333333333,20.0,20.0,10.0,0.3333333333333333,,27,,,,,,,,
PAIR,,VCP-R1-069,VCP-R1-073,False,False,20,20.0,20.0,20.0,6.0,0.17647058823529413,20.0,20.0,6.0,0.17647058823529413,,27,,,,,,,,
PAIR,,VCP-R1-069,VCP-R1-074,False,False,20,20.0,20.0,20.0,7.0,0.21212121212121213,20.0,20.0,6.0,0.17647058823529413,,27,,,,,,,,
PAIR,,VCP-R1-069,VCP-R1-075,False,False,20,20.0,20.0,20.0,7.0,0.21212121212121213,20.0,20.0,6.0,0.17647058823529413,,27,,,,,,,,
PAIR,,VCP-R1-069,VCP-R1-076,False,False,20,20.0,20.0,20.0,6.0,0.17647058823529413,20.0,20.0,6.0,0.17647058823529413,,27,,,,,,,,
PAIR,,VCP-R1-069,VCP-R1-077,False,False,20,20.0,20.0,19.0,10.0,0.3448275862068966,20.0,20.0,10.0,0.3333333333333333,,27,,,,,,,,
PAIR,,VCP-R1-069,VCP-R1-078,False,False,20,20.0,20.0,20.0,18.0,0.8181818181818182,20.0,20.0,18.0,0.8181818181818182,,27,,,,,,,,
PAIR,,VCP-R1-069,VCP-R1-079,False,False,20,20.0,20.0,20.0,4.0,0.1111111111111111,20.0,20.0,4.0,0.1111111111111111,,27,,,,,,,,
PAIR,,VCP-R1-069,VCP-R1-080,False,False,20,20.0,20.0,20.0,5.0,0.14285714285714285,20.0,20.0,5.0,0.14285714285714285,,27,,,,,,,,
PAIR,,VCP-R1-069,VCP-R1-081,False,False,20,20.0,20.0,20.0,10.0,0.3333333333333333,20.0,20.0,10.0,0.3333333333333333,,27,,,,,,,,
PAIR,,VCP-R1-069,VCP-R1-082,False,False,20,20.0,20.0,20.0,1.0,0.02564102564102564,20.0,20.0,1.0,0.02564102564102564,,27,,,,,,,,
PAIR,,VCP-R1-069,VCP-R1-083,False,False,20,20.0,20.0,20.0,2.0,0.05263157894736842,20.0,20.0,1.0,0.02564102564102564,,27,,,,,,,,
PAIR,,VCP-R1-069,VCP-R1-084,False,False,20,18.0,20.0,18.0,2.0,0.05555555555555555,20.0,18.0,1.0,0.02702702702702703,,27,,,,,,,,
PAIR,,VCP-R1-069,VCP-R1-085,False,False,20,20.0,20.0,19.0,2.0,0.05405405405405406,20.0,20.0,2.0,0.05263157894736842,,27,,,,,,,,
PAIR,,VCP-R1-069,VCP-R1-086,False,False,20,20.0,20.0,20.0,3.0,0.08108108108108109,20.0,20.0,3.0,0.08108108108108109,,27,,,,,,,,
PAIR,,VCP-R1-069,VCP-R1-087,False,False,20,20.0,20.0,19.0,3.0,0.08333333333333333,20.0,20.0,3.0,0.08108108108108109,,27,,,,,,,,
PAIR,,VCP-R1-069,VCP-R1-088,False,False,20,20.0,20.0,19.0,1.0,0.02631578947368421,20.0,20.0,1.0,0.02564102564102564,,27,,,,,,,,
PAIR,,VCP-R1-069,VCP-R1-089,False,False,20,20.0,20.0,19.0,1.0,0.02631578947368421,20.0,20.0,1.0,0.02564102564102564,,27,,,,,,,,
PAIR,,VCP-R1-069,VCP-R1-090,False,False,20,20.0,20.0,20.0,2.0,0.05263157894736842,20.0,20.0,2.0,0.05263157894736842,,27,,,,,,,,
PAIR,,VCP-R1-069,VCP-R1-091,False,False,20,20.0,20.0,19.0,2.0,0.05405405405405406,20.0,20.0,2.0,0.05263157894736842,,27,,,,,,,,
PAIR,,VCP-R1-069,VCP-R1-092,False,False,20,20.0,20.0,19.0,2.0,0.05405405405405406,20.0,20.0,2.0,0.05263157894736842,,27,,,,,,,,
PAIR,,VCP-R1-069,VCP-R1-093,False,False,20,20.0,20.0,19.0,2.0,0.05405405405405406,20.0,20.0,2.0,0.05263157894736842,,27,,,,,,,,
PAIR,,VCP-R1-069,VCP-R1-094,False,False,20,20.0,20.0,19.0,1.0,0.02631578947368421,20.0,20.0,0.0,0.0,,27,,,,,,,,
PAIR,,VCP-R1-069,VCP-R1-095,False,False,20,20.0,20.0,20.0,2.0,0.05263157894736842,20.0,20.0,1.0,0.02564102564102564,,27,,,,,,,,
PAIR,,VCP-R1-069,VCP-R1-096,False,False,20,20.0,20.0,20.0,4.0,0.1111111111111111,20.0,20.0,3.0,0.08108108108108109,,27,,,,,,,,
PAIR,,VCP-R1-069,VCP-R1-097,False,False,20,20.0,20.0,20.0,1.0,0.02564102564102564,20.0,20.0,1.0,0.02564102564102564,,27,,,,,,,,
PAIR,,VCP-R1-069,VCP-R1-098,False,False,20,20.0,20.0,20.0,2.0,0.05263157894736842,20.0,20.0,1.0,0.02564102564102564,,27,,,,,,,,
PAIR,,VCP-R1-069,VCP-R1-099,False,False,20,20.0,20.0,20.0,2.0,0.05263157894736842,20.0,20.0,1.0,0.02564102564102564,,27,,,,,,,,
PAIR,,VCP-R1-069,VCP-R1-100,False,False,20,20.0,20.0,19.0,2.0,0.05405405405405406,20.0,20.0,2.0,0.05263157894736842,,27,,,,,,,,
PAIR,,VCP-R1-069,VCP-R1-101,False,False,20,20.0,20.0,19.0,2.0,0.05405405405405406,20.0,20.0,2.0,0.05263157894736842,,27,,,,,,,,
PAIR,,VCP-R1-069,VCP-R1-102,False,False,20,20.0,20.0,19.0,2.0,0.05405405405405406,20.0,20.0,2.0,0.05263157894736842,,27,,,,,,,,
PAIR,,VCP-R1-069,VCP-R1-103,False,False,20,20.0,20.0,19.0,1.0,0.02631578947368421,20.0,20.0,0.0,0.0,,27,,,,,,,,
PAIR,,VCP-R1-069,VCP-R1-104,False,False,20,20.0,20.0,20.0,2.0,0.05263157894736842,20.0,20.0,1.0,0.02564102564102564,,27,,,,,,,,
PAIR,,VCP-R1-069,VCP-R1-105,False,False,20,20.0,20.0,20.0,4.0,0.1111111111111111,20.0,20.0,3.0,0.08108108108108109,,27,,,,,,,,
PAIR,,VCP-R1-069,VCP-R1-106,False,False,20,20.0,20.0,19.0,1.0,0.02631578947368421,20.0,20.0,1.0,0.02564102564102564,,27,,,,,,,,
PAIR,,VCP-R1-069,VCP-R1-107,False,False,20,20.0,20.0,20.0,1.0,0.02564102564102564,20.0,20.0,1.0,0.02564102564102564,,27,,,,,,,,
PAIR,,VCP-R1-069,VCP-R1-108,False,False,20,20.0,20.0,20.0,2.0,0.05263157894736842,20.0,20.0,1.0,0.02564102564102564,,27,,,,,,,,
PAIR,,VCP-R1-070,VCP-R1-071,False,False,20,20.0,20.0,20.0,13.0,0.48148148148148145,20.0,20.0,13.0,0.48148148148148145,,27,,,,,,,,
PAIR,,VCP-R1-070,VCP-R1-072,False,False,20,20.0,20.0,20.0,7.0,0.21212121212121213,20.0,20.0,7.0,0.21212121212121213,,27,,,,,,,,
PAIR,,VCP-R1-070,VCP-R1-073,False,False,20,20.0,20.0,20.0,4.0,0.1111111111111111,20.0,20.0,4.0,0.1111111111111111,,27,,,,,,,,
PAIR,,VCP-R1-070,VCP-R1-074,False,False,20,20.0,20.0,20.0,3.0,0.08108108108108109,20.0,20.0,3.0,0.08108108108108109,,27,,,,,,,,
PAIR,,VCP-R1-070,VCP-R1-075,False,False,20,20.0,20.0,20.0,2.0,0.05263157894736842,20.0,20.0,2.0,0.05263157894736842,,27,,,,,,,,
PAIR,,VCP-R1-070,VCP-R1-076,False,False,20,20.0,20.0,20.0,9.0,0.2903225806451613,20.0,20.0,9.0,0.2903225806451613,,27,,,,,,,,
PAIR,,VCP-R1-070,VCP-R1-077,False,False,20,20.0,20.0,19.0,6.0,0.18181818181818182,20.0,20.0,6.0,0.17647058823529413,,27,,,,,,,,
PAIR,,VCP-R1-070,VCP-R1-078,False,False,20,20.0,20.0,20.0,4.0,0.1111111111111111,20.0,20.0,4.0,0.1111111111111111,,27,,,,,,,,
PAIR,,VCP-R1-070,VCP-R1-079,False,False,20,20.0,20.0,20.0,19.0,0.9047619047619048,20.0,20.0,19.0,0.9047619047619048,,27,,,,,,,,
PAIR,,VCP-R1-070,VCP-R1-080,False,False,20,20.0,20.0,20.0,13.0,0.48148148148148145,20.0,20.0,13.0,0.48148148148148145,,27,,,,,,,,
PAIR,,VCP-R1-070,VCP-R1-081,False,False,20,20.0,20.0,20.0,7.0,0.21212121212121213,20.0,20.0,7.0,0.21212121212121213,,27,,,,,,,,
PAIR,,VCP-R1-070,VCP-R1-082,False,False,20,20.0,20.0,20.0,1.0,0.02564102564102564,20.0,20.0,0.0,0.0,,27,,,,,,,,
PAIR,,VCP-R1-070,VCP-R1-083,False,False,20,20.0,20.0,20.0,1.0,0.02564102564102564,20.0,20.0,0.0,0.0,,27,,,,,,,,
PAIR,,VCP-R1-070,VCP-R1-084,False,False,20,18.0,20.0,18.0,1.0,0.02702702702702703,20.0,18.0,0.0,0.0,,27,,,,,,,,
PAIR,,VCP-R1-070,VCP-R1-085,False,False,20,20.0,20.0,19.0,2.0,0.05405405405405406,20.0,20.0,0.0,0.0,,27,,,,,,,,
PAIR,,VCP-R1-070,VCP-R1-086,False,False,20,20.0,20.0,20.0,2.0,0.05263157894736842,20.0,20.0,0.0,0.0,,27,,,,,,,,
PAIR,,VCP-R1-070,VCP-R1-087,False,False,20,20.0,20.0,19.0,2.0,0.05405405405405406,20.0,20.0,0.0,0.0,,27,,,,,,,,
PAIR,,VCP-R1-070,VCP-R1-088,False,False,20,20.0,20.0,19.0,2.0,0.05405405405405406,20.0,20.0,2.0,0.05263157894736842,,27,,,,,,,,
PAIR,,VCP-R1-070,VCP-R1-089,False,False,20,20.0,20.0,19.0,2.0,0.05405405405405406,20.0,20.0,1.0,0.02564102564102564,,27,,,,,,,,
PAIR,,VCP-R1-070,VCP-R1-090,False,False,20,20.0,20.0,20.0,3.0,0.08108108108108109,20.0,20.0,1.0,0.02564102564102564,,27,,,,,,,,
PAIR,,VCP-R1-070,VCP-R1-091,False,False,20,20.0,20.0,19.0,1.0,0.02631578947368421,20.0,20.0,0.0,0.0,,27,,,,,,,,
PAIR,,VCP-R1-070,VCP-R1-092,False,False,20,20.0,20.0,19.0,2.0,0.05405405405405406,20.0,20.0,0.0,0.0,,27,,,,,,,,
PAIR,,VCP-R1-070,VCP-R1-093,False,False,20,20.0,20.0,19.0,2.0,0.05405405405405406,20.0,20.0,0.0,0.0,,27,,,,,,,,
PAIR,,VCP-R1-070,VCP-R1-094,False,False,20,20.0,20.0,19.0,0.0,0.0,20.0,20.0,0.0,0.0,,27,,,,,,,,
PAIR,,VCP-R1-070,VCP-R1-095,False,False,20,20.0,20.0,20.0,2.0,0.05263157894736842,20.0,20.0,0.0,0.0,,27,,,,,,,,
PAIR,,VCP-R1-070,VCP-R1-096,False,False,20,20.0,20.0,20.0,3.0,0.08108108108108109,20.0,20.0,0.0,0.0,,27,,,,,,,,
PAIR,,VCP-R1-070,VCP-R1-097,False,False,20,20.0,20.0,20.0,2.0,0.05263157894736842,20.0,20.0,2.0,0.05263157894736842,,27,,,,,,,,
PAIR,,VCP-R1-070,VCP-R1-098,False,False,20,20.0,20.0,20.0,1.0,0.02564102564102564,20.0,20.0,1.0,0.02564102564102564,,27,,,,,,,,
PAIR,,VCP-R1-070,VCP-R1-099,False,False,20,20.0,20.0,20.0,1.0,0.02564102564102564,20.0,20.0,1.0,0.02564102564102564,,27,,,,,,,,
PAIR,,VCP-R1-070,VCP-R1-100,False,False,20,20.0,20.0,19.0,1.0,0.02631578947368421,20.0,20.0,0.0,0.0,,27,,,,,,,,
PAIR,,VCP-R1-070,VCP-R1-101,False,False,20,20.0,20.0,19.0,1.0,0.02631578947368421,20.0,20.0,0.0,0.0,,27,,,,,,,,
PAIR,,VCP-R1-070,VCP-R1-102,False,False,20,20.0,20.0,19.0,2.0,0.05405405405405406,20.0,20.0,0.0,0.0,,27,,,,,,,,
PAIR,,VCP-R1-070,VCP-R1-103,False,False,20,20.0,20.0,19.0,0.0,0.0,20.0,20.0,0.0,0.0,,27,,,,,,,,
PAIR,,VCP-R1-070,VCP-R1-104,False,False,20,20.0,20.0,20.0,0.0,0.0,20.0,20.0,0.0,0.0,,27,,,,,,,,
PAIR,,VCP-R1-070,VCP-R1-105,False,False,20,20.0,20.0,20.0,3.0,0.08108108108108109,20.0,20.0,0.0,0.0,,27,,,,,,,,
PAIR,,VCP-R1-070,VCP-R1-106,False,False,20,20.0,20.0,19.0,2.0,0.05405405405405406,20.0,20.0,2.0,0.05263157894736842,,27,,,,,,,,
PAIR,,VCP-R1-070,VCP-R1-107,False,False,20,20.0,20.0,20.0,1.0,0.02564102564102564,20.0,20.0,1.0,0.02564102564102564,,27,,,,,,,,
PAIR,,VCP-R1-070,VCP-R1-108,False,False,20,20.0,20.0,20.0,1.0,0.02564102564102564,20.0,20.0,1.0,0.02564102564102564,,27,,,,,,,,
PAIR,,VCP-R1-071,VCP-R1-072,False,False,20,20.0,20.0,20.0,11.0,0.3793103448275862,20.0,20.0,11.0,0.3793103448275862,,27,,,,,,,,
PAIR,,VCP-R1-071,VCP-R1-073,False,False,20,20.0,20.0,20.0,4.0,0.1111111111111111,20.0,20.0,4.0,0.1111111111111111,,27,,,,,,,,
PAIR,,VCP-R1-071,VCP-R1-074,False,False,20,20.0,20.0,20.0,5.0,0.14285714285714285,20.0,20.0,4.0,0.1111111111111111,,27,,,,,,,,
PAIR,,VCP-R1-071,VCP-R1-075,False,False,20,20.0,20.0,20.0,2.0,0.05263157894736842,20.0,20.0,2.0,0.05263157894736842,,27,,,,,,,,
PAIR,,VCP-R1-071,VCP-R1-076,False,False,20,20.0,20.0,20.0,10.0,0.3333333333333333,20.0,20.0,10.0,0.3333333333333333,,27,,,,,,,,
PAIR,,VCP-R1-071,VCP-R1-077,False,False,20,20.0,20.0,19.0,10.0,0.3448275862068966,20.0,20.0,10.0,0.3333333333333333,,27,,,,,,,,
PAIR,,VCP-R1-071,VCP-R1-078,False,False,20,20.0,20.0,20.0,5.0,0.14285714285714285,20.0,20.0,5.0,0.14285714285714285,,27,,,,,,,,
PAIR,,VCP-R1-071,VCP-R1-079,False,False,20,20.0,20.0,20.0,13.0,0.48148148148148145,20.0,20.0,13.0,0.48148148148148145,,27,,,,,,,,
PAIR,,VCP-R1-071,VCP-R1-080,False,False,20,20.0,20.0,20.0,19.0,0.9047619047619048,20.0,20.0,19.0,0.9047619047619048,,27,,,,,,,,
PAIR,,VCP-R1-071,VCP-R1-081,False,False,20,20.0,20.0,20.0,11.0,0.3793103448275862,20.0,20.0,11.0,0.3793103448275862,,27,,,,,,,,
PAIR,,VCP-R1-071,VCP-R1-082,False,False,20,20.0,20.0,20.0,1.0,0.02564102564102564,20.0,20.0,0.0,0.0,,27,,,,,,,,
PAIR,,VCP-R1-071,VCP-R1-083,False,False,20,20.0,20.0,20.0,1.0,0.02564102564102564,20.0,20.0,0.0,0.0,,27,,,,,,,,
PAIR,,VCP-R1-071,VCP-R1-084,False,False,20,18.0,20.0,18.0,1.0,0.02702702702702703,20.0,18.0,0.0,0.0,,27,,,,,,,,
PAIR,,VCP-R1-071,VCP-R1-085,False,False,20,20.0,20.0,19.0,2.0,0.05405405405405406,20.0,20.0,0.0,0.0,,27,,,,,,,,
PAIR,,VCP-R1-071,VCP-R1-086,False,False,20,20.0,20.0,20.0,2.0,0.05263157894736842,20.0,20.0,0.0,0.0,,27,,,,,,,,
PAIR,,VCP-R1-071,VCP-R1-087,False,False,20,20.0,20.0,19.0,2.0,0.05405405405405406,20.0,20.0,0.0,0.0,,27,,,,,,,,
PAIR,,VCP-R1-071,VCP-R1-088,False,False,20,20.0,20.0,19.0,1.0,0.02631578947368421,20.0,20.0,1.0,0.02564102564102564,,27,,,,,,,,
PAIR,,VCP-R1-071,VCP-R1-089,False,False,20,20.0,20.0,19.0,2.0,0.05405405405405406,20.0,20.0,1.0,0.02564102564102564,,27,,,,,,,,
PAIR,,VCP-R1-071,VCP-R1-090,False,False,20,20.0,20.0,20.0,3.0,0.08108108108108109,20.0,20.0,1.0,0.02564102564102564,,27,,,,,,,,
PAIR,,VCP-R1-071,VCP-R1-091,False,False,20,20.0,20.0,19.0,0.0,0.0,20.0,20.0,0.0,0.0,,27,,,,,,,,
PAIR,,VCP-R1-071,VCP-R1-092,False,False,20,20.0,20.0,19.0,1.0,0.02631578947368421,20.0,20.0,0.0,0.0,,27,,,,,,,,
PAIR,,VCP-R1-071,VCP-R1-093,False,False,20,20.0,20.0,19.0,1.0,0.02631578947368421,20.0,20.0,0.0,0.0,,27,,,,,,,,
PAIR,,VCP-R1-071,VCP-R1-094,False,False,20,20.0,20.0,19.0,0.0,0.0,20.0,20.0,0.0,0.0,,27,,,,,,,,
PAIR,,VCP-R1-071,VCP-R1-095,False,False,20,20.0,20.0,20.0,1.0,0.02564102564102564,20.0,20.0,0.0,0.0,,27,,,,,,,,
PAIR,,VCP-R1-071,VCP-R1-096,False,False,20,20.0,20.0,20.0,2.0,0.05263157894736842,20.0,20.0,0.0,0.0,,27,,,,,,,,
PAIR,,VCP-R1-071,VCP-R1-097,False,False,20,20.0,20.0,20.0,1.0,0.02564102564102564,20.0,20.0,1.0,0.02564102564102564,,27,,,,,,,,
PAIR,,VCP-R1-071,VCP-R1-098,False,False,20,20.0,20.0,20.0,1.0,0.02564102564102564,20.0,20.0,1.0,0.02564102564102564,,27,,,,,,,,
PAIR,,VCP-R1-071,VCP-R1-099,False,False,20,20.0,20.0,20.0,1.0,0.02564102564102564,20.0,20.0,1.0,0.02564102564102564,,27,,,,,,,,
PAIR,,VCP-R1-071,VCP-R1-100,False,False,20,20.0,20.0,19.0,0.0,0.0,20.0,20.0,0.0,0.0,,27,,,,,,,,
PAIR,,VCP-R1-071,VCP-R1-101,False,False,20,20.0,20.0,19.0,0.0,0.0,20.0,20.0,0.0,0.0,,27,,,,,,,,
PAIR,,VCP-R1-071,VCP-R1-102,False,False,20,20.0,20.0,19.0,1.0,0.02631578947368421,20.0,20.0,0.0,0.0,,27,,,,,,,,
PAIR,,VCP-R1-071,VCP-R1-103,False,False,20,20.0,20.0,19.0,0.0,0.0,20.0,20.0,0.0,0.0,,27,,,,,,,,
PAIR,,VCP-R1-071,VCP-R1-104,False,False,20,20.0,20.0,20.0,0.0,0.0,20.0,20.0,0.0,0.0,,27,,,,,,,,
PAIR,,VCP-R1-071,VCP-R1-105,False,False,20,20.0,20.0,20.0,2.0,0.05263157894736842,20.0,20.0,0.0,0.0,,27,,,,,,,,
PAIR,,VCP-R1-071,VCP-R1-106,False,False,20,20.0,20.0,19.0,1.0,0.02631578947368421,20.0,20.0,1.0,0.02564102564102564,,27,,,,,,,,
PAIR,,VCP-R1-071,VCP-R1-107,False,False,20,20.0,20.0,20.0,1.0,0.02564102564102564,20.0,20.0,1.0,0.02564102564102564,,27,,,,,,,,
PAIR,,VCP-R1-071,VCP-R1-108,False,False,20,20.0,20.0,20.0,1.0,0.02564102564102564,20.0,20.0,1.0,0.02564102564102564,,27,,,,,,,,
PAIR,,VCP-R1-072,VCP-R1-073,False,False,20,20.0,20.0,20.0,2.0,0.05263157894736842,20.0,20.0,2.0,0.05263157894736842,,27,,,,,,,,
PAIR,,VCP-R1-072,VCP-R1-074,False,False,20,20.0,20.0,20.0,3.0,0.08108108108108109,20.0,20.0,2.0,0.05263157894736842,,27,,,,,,,,
PAIR,,VCP-R1-072,VCP-R1-075,False,False,20,20.0,20.0,20.0,3.0,0.08108108108108109,20.0,20.0,2.0,0.05263157894736842,,27,,,,,,,,
PAIR,,VCP-R1-072,VCP-R1-076,False,False,20,20.0,20.0,20.0,6.0,0.17647058823529413,20.0,20.0,6.0,0.17647058823529413,,27,,,,,,,,
PAIR,,VCP-R1-072,VCP-R1-077,False,False,20,20.0,20.0,19.0,10.0,0.3448275862068966,20.0,20.0,10.0,0.3333333333333333,,27,,,,,,,,
PAIR,,VCP-R1-072,VCP-R1-078,False,False,20,20.0,20.0,20.0,10.0,0.3333333333333333,20.0,20.0,10.0,0.3333333333333333,,27,,,,,,,,
PAIR,,VCP-R1-072,VCP-R1-079,False,False,20,20.0,20.0,20.0,7.0,0.21212121212121213,20.0,20.0,7.0,0.21212121212121213,,27,,,,,,,,
PAIR,,VCP-R1-072,VCP-R1-080,False,False,20,20.0,20.0,20.0,10.0,0.3333333333333333,20.0,20.0,10.0,0.3333333333333333,,27,,,,,,,,
PAIR,,VCP-R1-072,VCP-R1-081,False,False,20,20.0,20.0,20.0,18.0,0.8181818181818182,20.0,20.0,18.0,0.8181818181818182,,27,,,,,,,,
PAIR,,VCP-R1-072,VCP-R1-082,False,False,20,20.0,20.0,20.0,2.0,0.05263157894736842,20.0,20.0,0.0,0.0,,27,,,,,,,,
PAIR,,VCP-R1-072,VCP-R1-083,False,False,20,20.0,20.0,20.0,2.0,0.05263157894736842,20.0,20.0,0.0,0.0,,27,,,,,,,,
PAIR,,VCP-R1-072,VCP-R1-084,False,False,20,18.0,20.0,18.0,2.0,0.05555555555555555,20.0,18.0,0.0,0.0,,27,,,,,,,,
PAIR,,VCP-R1-072,VCP-R1-085,False,False,20,20.0,20.0,19.0,3.0,0.08333333333333333,20.0,20.0,1.0,0.02564102564102564,,27,,,,,,,,
PAIR,,VCP-R1-072,VCP-R1-086,False,False,20,20.0,20.0,20.0,3.0,0.08108108108108109,20.0,20.0,1.0,0.02564102564102564,,27,,,,,,,,
PAIR,,VCP-R1-072,VCP-R1-087,False,False,20,20.0,20.0,19.0,3.0,0.08333333333333333,20.0,20.0,1.0,0.02564102564102564,,27,,,,,,,,
PAIR,,VCP-R1-072,VCP-R1-088,False,False,20,20.0,20.0,19.0,1.0,0.02631578947368421,20.0,20.0,1.0,0.02564102564102564,,27,,,,,,,,
PAIR,,VCP-R1-072,VCP-R1-089,False,False,20,20.0,20.0,19.0,3.0,0.08333333333333333,20.0,20.0,2.0,0.05263157894736842,,27,,,,,,,,
PAIR,,VCP-R1-072,VCP-R1-090,False,False,20,20.0,20.0,20.0,4.0,0.1111111111111111,20.0,20.0,2.0,0.05263157894736842,,27,,,,,,,,
PAIR,,VCP-R1-072,VCP-R1-091,False,False,20,20.0,20.0,19.0,1.0,0.02631578947368421,20.0,20.0,0.0,0.0,,27,,,,,,,,
PAIR,,VCP-R1-072,VCP-R1-092,False,False,20,20.0,20.0,19.0,1.0,0.02631578947368421,20.0,20.0,0.0,0.0,,27,,,,,,,,
PAIR,,VCP-R1-072,VCP-R1-093,False,False,20,20.0,20.0,19.0,1.0,0.02631578947368421,20.0,20.0,0.0,0.0,,27,,,,,,,,
PAIR,,VCP-R1-072,VCP-R1-094,False,False,20,20.0,20.0,19.0,0.0,0.0,20.0,20.0,0.0,0.0,,27,,,,,,,,
PAIR,,VCP-R1-072,VCP-R1-095,False,False,20,20.0,20.0,20.0,2.0,0.05263157894736842,20.0,20.0,1.0,0.02564102564102564,,27,,,,,,,,
PAIR,,VCP-R1-072,VCP-R1-096,False,False,20,20.0,20.0,20.0,4.0,0.1111111111111111,20.0,20.0,2.0,0.05263157894736842,,27,,,,,,,,
PAIR,,VCP-R1-072,VCP-R1-097,False,False,20,20.0,20.0,20.0,1.0,0.02564102564102564,20.0,20.0,1.0,0.02564102564102564,,27,,,,,,,,
PAIR,,VCP-R1-072,VCP-R1-098,False,False,20,20.0,20.0,20.0,1.0,0.02564102564102564,20.0,20.0,1.0,0.02564102564102564,,27,,,,,,,,
PAIR,,VCP-R1-072,VCP-R1-099,False,False,20,20.0,20.0,20.0,1.0,0.02564102564102564,20.0,20.0,1.0,0.02564102564102564,,27,,,,,,,,
PAIR,,VCP-R1-072,VCP-R1-100,False,False,20,20.0,20.0,19.0,1.0,0.02631578947368421,20.0,20.0,0.0,0.0,,27,,,,,,,,
PAIR,,VCP-R1-072,VCP-R1-101,False,False,20,20.0,20.0,19.0,0.0,0.0,20.0,20.0,0.0,0.0,,27,,,,,,,,
PAIR,,VCP-R1-072,VCP-R1-102,False,False,20,20.0,20.0,19.0,1.0,0.02631578947368421,20.0,20.0,0.0,0.0,,27,,,,,,,,
PAIR,,VCP-R1-072,VCP-R1-103,False,False,20,20.0,20.0,19.0,0.0,0.0,20.0,20.0,0.0,0.0,,27,,,,,,,,
PAIR,,VCP-R1-072,VCP-R1-104,False,False,20,20.0,20.0,20.0,1.0,0.02564102564102564,20.0,20.0,1.0,0.02564102564102564,,27,,,,,,,,
PAIR,,VCP-R1-072,VCP-R1-105,False,False,20,20.0,20.0,20.0,4.0,0.1111111111111111,20.0,20.0,2.0,0.05263157894736842,,27,,,,,,,,
PAIR,,VCP-R1-072,VCP-R1-106,False,False,20,20.0,20.0,19.0,1.0,0.02631578947368421,20.0,20.0,1.0,0.02564102564102564,,27,,,,,,,,
PAIR,,VCP-R1-072,VCP-R1-107,False,False,20,20.0,20.0,20.0,1.0,0.02564102564102564,20.0,20.0,1.0,0.02564102564102564,,27,,,,,,,,
PAIR,,VCP-R1-072,VCP-R1-108,False,False,20,20.0,20.0,20.0,1.0,0.02564102564102564,20.0,20.0,1.0,0.02564102564102564,,27,,,,,,,,
PAIR,,VCP-R1-073,VCP-R1-074,False,False,20,20.0,20.0,20.0,13.0,0.48148148148148145,20.0,20.0,13.0,0.48148148148148145,,27,,,,,,,,
PAIR,,VCP-R1-073,VCP-R1-075,False,False,20,20.0,20.0,20.0,8.0,0.25,20.0,20.0,8.0,0.25,,27,,,,,,,,
PAIR,,VCP-R1-073,VCP-R1-076,False,False,20,20.0,20.0,20.0,7.0,0.21212121212121213,20.0,20.0,7.0,0.21212121212121213,,27,,,,,,,,
PAIR,,VCP-R1-073,VCP-R1-077,False,False,20,20.0,20.0,19.0,6.0,0.18181818181818182,20.0,20.0,6.0,0.17647058823529413,,27,,,,,,,,
PAIR,,VCP-R1-073,VCP-R1-078,False,False,20,20.0,20.0,20.0,7.0,0.21212121212121213,20.0,20.0,7.0,0.21212121212121213,,27,,,,,,,,
PAIR,,VCP-R1-073,VCP-R1-079,False,False,20,20.0,20.0,20.0,4.0,0.1111111111111111,20.0,20.0,4.0,0.1111111111111111,,27,,,,,,,,
PAIR,,VCP-R1-073,VCP-R1-080,False,False,20,20.0,20.0,20.0,5.0,0.14285714285714285,20.0,20.0,5.0,0.14285714285714285,,27,,,,,,,,
PAIR,,VCP-R1-073,VCP-R1-081,False,False,20,20.0,20.0,20.0,3.0,0.08108108108108109,20.0,20.0,3.0,0.08108108108108109,,27,,,,,,,,
PAIR,,VCP-R1-073,VCP-R1-082,False,False,20,20.0,20.0,20.0,0.0,0.0,20.0,20.0,0.0,0.0,,27,,,,,,,,
PAIR,,VCP-R1-073,VCP-R1-083,False,False,20,20.0,20.0,20.0,1.0,0.02564102564102564,20.0,20.0,0.0,0.0,,27,,,,,,,,
PAIR,,VCP-R1-073,VCP-R1-084,False,False,20,18.0,20.0,18.0,1.0,0.02702702702702703,20.0,18.0,0.0,0.0,,27,,,,,,,,
PAIR,,VCP-R1-073,VCP-R1-085,False,False,20,20.0,20.0,19.0,0.0,0.0,20.0,20.0,0.0,0.0,,27,,,,,,,,
PAIR,,VCP-R1-073,VCP-R1-086,False,False,20,20.0,20.0,20.0,0.0,0.0,20.0,20.0,0.0,0.0,,27,,,,,,,,
PAIR,,VCP-R1-073,VCP-R1-087,False,False,20,20.0,20.0,19.0,0.0,0.0,20.0,20.0,0.0,0.0,,27,,,,,,,,
PAIR,,VCP-R1-073,VCP-R1-088,False,False,20,20.0,20.0,19.0,0.0,0.0,20.0,20.0,0.0,0.0,,27,,,,,,,,
PAIR,,VCP-R1-073,VCP-R1-089,False,False,20,20.0,20.0,19.0,0.0,0.0,20.0,20.0,0.0,0.0,,27,,,,,,,,
PAIR,,VCP-R1-073,VCP-R1-090,False,False,20,20.0,20.0,20.0,0.0,0.0,20.0,20.0,0.0,0.0,,27,,,,,,,,
PAIR,,VCP-R1-073,VCP-R1-091,False,False,20,20.0,20.0,19.0,1.0,0.02631578947368421,20.0,20.0,1.0,0.02564102564102564,,27,,,,,,,,
PAIR,,VCP-R1-073,VCP-R1-092,False,False,20,20.0,20.0,19.0,1.0,0.02631578947368421,20.0,20.0,1.0,0.02564102564102564,,27,,,,,,,,
PAIR,,VCP-R1-073,VCP-R1-093,False,False,20,20.0,20.0,19.0,1.0,0.02631578947368421,20.0,20.0,1.0,0.02564102564102564,,27,,,,,,,,
PAIR,,VCP-R1-073,VCP-R1-094,False,False,20,20.0,20.0,19.0,0.0,0.0,20.0,20.0,0.0,0.0,,27,,,,,,,,
PAIR,,VCP-R1-073,VCP-R1-095,False,False,20,20.0,20.0,20.0,0.0,0.0,20.0,20.0,0.0,0.0,,27,,,,,,,,
PAIR,,VCP-R1-073,VCP-R1-096,False,False,20,20.0,20.0,20.0,0.0,0.0,20.0,20.0,0.0,0.0,,27,,,,,,,,
PAIR,,VCP-R1-073,VCP-R1-097,False,False,20,20.0,20.0,20.0,0.0,0.0,20.0,20.0,0.0,0.0,,27,,,,,,,,
PAIR,,VCP-R1-073,VCP-R1-098,False,False,20,20.0,20.0,20.0,0.0,0.0,20.0,20.0,0.0,0.0,,27,,,,,,,,
PAIR,,VCP-R1-073,VCP-R1-099,False,False,20,20.0,20.0,20.0,0.0,0.0,20.0,20.0,0.0,0.0,,27,,,,,,,,
PAIR,,VCP-R1-073,VCP-R1-100,False,False,20,20.0,20.0,19.0,1.0,0.02631578947368421,20.0,20.0,1.0,0.02564102564102564,,27,,,,,,,,
PAIR,,VCP-R1-073,VCP-R1-101,False,False,20,20.0,20.0,19.0,1.0,0.02631578947368421,20.0,20.0,1.0,0.02564102564102564,,27,,,,,,,,
PAIR,,VCP-R1-073,VCP-R1-102,False,False,20,20.0,20.0,19.0,1.0,0.02631578947368421,20.0,20.0,1.0,0.02564102564102564,,27,,,,,,,,
PAIR,,VCP-R1-073,VCP-R1-103,False,False,20,20.0,20.0,19.0,0.0,0.0,20.0,20.0,0.0,0.0,,27,,,,,,,,
PAIR,,VCP-R1-073,VCP-R1-104,False,False,20,20.0,20.0,20.0,0.0,0.0,20.0,20.0,0.0,0.0,,27,,,,,,,,
PAIR,,VCP-R1-073,VCP-R1-105,False,False,20,20.0,20.0,20.0,0.0,0.0,20.0,20.0,0.0,0.0,,27,,,,,,,,
PAIR,,VCP-R1-073,VCP-R1-106,False,False,20,20.0,20.0,19.0,0.0,0.0,20.0,20.0,0.0,0.0,,27,,,,,,,,
PAIR,,VCP-R1-073,VCP-R1-107,False,False,20,20.0,20.0,20.0,0.0,0.0,20.0,20.0,0.0,0.0,,27,,,,,,,,
PAIR,,VCP-R1-073,VCP-R1-108,False,False,20,20.0,20.0,20.0,0.0,0.0,20.0,20.0,0.0,0.0,,27,,,,,,,,
PAIR,,VCP-R1-074,VCP-R1-075,False,False,20,20.0,20.0,20.0,13.0,0.48148148148148145,20.0,20.0,13.0,0.48148148148148145,,27,,,,,,,,
PAIR,,VCP-R1-074,VCP-R1-076,False,False,20,20.0,20.0,20.0,6.0,0.17647058823529413,20.0,20.0,5.0,0.14285714285714285,,27,,,,,,,,
PAIR,,VCP-R1-074,VCP-R1-077,False,False,20,20.0,20.0,19.0,7.0,0.21875,20.0,20.0,6.0,0.17647058823529413,,27,,,,,,,,
PAIR,,VCP-R1-074,VCP-R1-078,False,False,20,20.0,20.0,20.0,8.0,0.25,20.0,20.0,7.0,0.21212121212121213,,27,,,,,,,,
PAIR,,VCP-R1-074,VCP-R1-079,False,False,20,20.0,20.0,20.0,3.0,0.08108108108108109,20.0,20.0,3.0,0.08108108108108109,,27,,,,,,,,
PAIR,,VCP-R1-074,VCP-R1-080,False,False,20,20.0,20.0,20.0,6.0,0.17647058823529413,20.0,20.0,5.0,0.14285714285714285,,27,,,,,,,,
PAIR,,VCP-R1-074,VCP-R1-081,False,False,20,20.0,20.0,20.0,4.0,0.1111111111111111,20.0,20.0,3.0,0.08108108108108109,,27,,,,,,,,
PAIR,,VCP-R1-074,VCP-R1-082,False,False,20,20.0,20.0,20.0,0.0,0.0,20.0,20.0,0.0,0.0,,27,,,,,,,,
PAIR,,VCP-R1-074,VCP-R1-083,False,False,20,20.0,20.0,20.0,1.0,0.02564102564102564,20.0,20.0,0.0,0.0,,27,,,,,,,,
PAIR,,VCP-R1-074,VCP-R1-084,False,False,20,18.0,20.0,18.0,1.0,0.02702702702702703,20.0,18.0,0.0,0.0,,27,,,,,,,,
PAIR,,VCP-R1-074,VCP-R1-085,False,False,20,20.0,20.0,19.0,0.0,0.0,20.0,20.0,0.0,0.0,,27,,,,,,,,
PAIR,,VCP-R1-074,VCP-R1-086,False,False,20,20.0,20.0,20.0,0.0,0.0,20.0,20.0,0.0,0.0,,27,,,,,,,,
PAIR,,VCP-R1-074,VCP-R1-087,False,False,20,20.0,20.0,19.0,0.0,0.0,20.0,20.0,0.0,0.0,,27,,,,,,,,
PAIR,,VCP-R1-074,VCP-R1-088,False,False,20,20.0,20.0,19.0,1.0,0.02631578947368421,20.0,20.0,0.0,0.0,,27,,,,,,,,
PAIR,,VCP-R1-074,VCP-R1-089,False,False,20,20.0,20.0,19.0,0.0,0.0,20.0,20.0,0.0,0.0,,27,,,,,,,,
PAIR,,VCP-R1-074,VCP-R1-090,False,False,20,20.0,20.0,20.0,0.0,0.0,20.0,20.0,0.0,0.0,,27,,,,,,,,
PAIR,,VCP-R1-074,VCP-R1-091,False,False,20,20.0,20.0,19.0,1.0,0.02631578947368421,20.0,20.0,1.0,0.02564102564102564,,27,,,,,,,,
PAIR,,VCP-R1-074,VCP-R1-092,False,False,20,20.0,20.0,19.0,1.0,0.02631578947368421,20.0,20.0,1.0,0.02564102564102564,,27,,,,,,,,
PAIR,,VCP-R1-074,VCP-R1-093,False,False,20,20.0,20.0,19.0,1.0,0.02631578947368421,20.0,20.0,1.0,0.02564102564102564,,27,,,,,,,,
PAIR,,VCP-R1-074,VCP-R1-094,False,False,20,20.0,20.0,19.0,0.0,0.0,20.0,20.0,0.0,0.0,,27,,,,,,,,
PAIR,,VCP-R1-074,VCP-R1-095,False,False,20,20.0,20.0,20.0,0.0,0.0,20.0,20.0,0.0,0.0,,27,,,,,,,,
PAIR,,VCP-R1-074,VCP-R1-096,False,False,20,20.0,20.0,20.0,0.0,0.0,20.0,20.0,0.0,0.0,,27,,,,,,,,
PAIR,,VCP-R1-074,VCP-R1-097,False,False,20,20.0,20.0,20.0,1.0,0.02564102564102564,20.0,20.0,0.0,0.0,,27,,,,,,,,
PAIR,,VCP-R1-074,VCP-R1-098,False,False,20,20.0,20.0,20.0,0.0,0.0,20.0,20.0,0.0,0.0,,27,,,,,,,,
PAIR,,VCP-R1-074,VCP-R1-099,False,False,20,20.0,20.0,20.0,0.0,0.0,20.0,20.0,0.0,0.0,,27,,,,,,,,
PAIR,,VCP-R1-074,VCP-R1-100,False,False,20,20.0,20.0,19.0,1.0,0.02631578947368421,20.0,20.0,1.0,0.02564102564102564,,27,,,,,,,,
PAIR,,VCP-R1-074,VCP-R1-101,False,False,20,20.0,20.0,19.0,1.0,0.02631578947368421,20.0,20.0,1.0,0.02564102564102564,,27,,,,,,,,
PAIR,,VCP-R1-074,VCP-R1-102,False,False,20,20.0,20.0,19.0,1.0,0.02631578947368421,20.0,20.0,1.0,0.02564102564102564,,27,,,,,,,,
PAIR,,VCP-R1-074,VCP-R1-103,False,False,20,20.0,20.0,19.0,0.0,0.0,20.0,20.0,0.0,0.0,,27,,,,,,,,
PAIR,,VCP-R1-074,VCP-R1-104,False,False,20,20.0,20.0,20.0,0.0,0.0,20.0,20.0,0.0,0.0,,27,,,,,,,,
PAIR,,VCP-R1-074,VCP-R1-105,False,False,20,20.0,20.0,20.0,0.0,0.0,20.0,20.0,0.0,0.0,,27,,,,,,,,
PAIR,,VCP-R1-074,VCP-R1-106,False,False,20,20.0,20.0,19.0,1.0,0.02631578947368421,20.0,20.0,0.0,0.0,,27,,,,,,,,
PAIR,,VCP-R1-074,VCP-R1-107,False,False,20,20.0,20.0,20.0,0.0,0.0,20.0,20.0,0.0,0.0,,27,,,,,,,,
PAIR,,VCP-R1-074,VCP-R1-108,False,False,20,20.0,20.0,20.0,0.0,0.0,20.0,20.0,0.0,0.0,,27,,,,,,,,
PAIR,,VCP-R1-075,VCP-R1-076,False,False,20,20.0,20.0,20.0,3.0,0.08108108108108109,20.0,20.0,3.0,0.08108108108108109,,27,,,,,,,,
PAIR,,VCP-R1-075,VCP-R1-077,False,False,20,20.0,20.0,19.0,4.0,0.11428571428571428,20.0,20.0,3.0,0.08108108108108109,,27,,,,,,,,
PAIR,,VCP-R1-075,VCP-R1-078,False,False,20,20.0,20.0,20.0,8.0,0.25,20.0,20.0,7.0,0.21212121212121213,,27,,,,,,,,
PAIR,,VCP-R1-075,VCP-R1-079,False,False,20,20.0,20.0,20.0,2.0,0.05263157894736842,20.0,20.0,2.0,0.05263157894736842,,27,,,,,,,,
PAIR,,VCP-R1-075,VCP-R1-080,False,False,20,20.0,20.0,20.0,3.0,0.08108108108108109,20.0,20.0,3.0,0.08108108108108109,,27,,,,,,,,
PAIR,,VCP-R1-075,VCP-R1-081,False,False,20,20.0,20.0,20.0,4.0,0.1111111111111111,20.0,20.0,3.0,0.08108108108108109,,27,,,,,,,,
PAIR,,VCP-R1-075,VCP-R1-082,False,False,20,20.0,20.0,20.0,0.0,0.0,20.0,20.0,0.0,0.0,,27,,,,,,,,
PAIR,,VCP-R1-075,VCP-R1-083,False,False,20,20.0,20.0,20.0,2.0,0.05263157894736842,20.0,20.0,0.0,0.0,,27,,,,,,,,
PAIR,,VCP-R1-075,VCP-R1-084,False,False,20,18.0,20.0,18.0,2.0,0.05555555555555555,20.0,18.0,0.0,0.0,,27,,,,,,,,
PAIR,,VCP-R1-075,VCP-R1-085,False,False,20,20.0,20.0,19.0,0.0,0.0,20.0,20.0,0.0,0.0,,27,,,,,,,,
PAIR,,VCP-R1-075,VCP-R1-086,False,False,20,20.0,20.0,20.0,0.0,0.0,20.0,20.0,0.0,0.0,,27,,,,,,,,
PAIR,,VCP-R1-075,VCP-R1-087,False,False,20,20.0,20.0,19.0,0.0,0.0,20.0,20.0,0.0,0.0,,27,,,,,,,,
PAIR,,VCP-R1-075,VCP-R1-088,False,False,20,20.0,20.0,19.0,0.0,0.0,20.0,20.0,0.0,0.0,,27,,,,,,,,
PAIR,,VCP-R1-075,VCP-R1-089,False,False,20,20.0,20.0,19.0,0.0,0.0,20.0,20.0,0.0,0.0,,27,,,,,,,,
PAIR,,VCP-R1-075,VCP-R1-090,False,False,20,20.0,20.0,20.0,0.0,0.0,20.0,20.0,0.0,0.0,,27,,,,,,,,
PAIR,,VCP-R1-075,VCP-R1-091,False,False,20,20.0,20.0,19.0,1.0,0.02631578947368421,20.0,20.0,1.0,0.02564102564102564,,27,,,,,,,,
PAIR,,VCP-R1-075,VCP-R1-092,False,False,20,20.0,20.0,19.0,1.0,0.02631578947368421,20.0,20.0,1.0,0.02564102564102564,,27,,,,,,,,
PAIR,,VCP-R1-075,VCP-R1-093,False,False,20,20.0,20.0,19.0,2.0,0.05405405405405406,20.0,20.0,1.0,0.02564102564102564,,27,,,,,,,,
PAIR,,VCP-R1-075,VCP-R1-094,False,False,20,20.0,20.0,19.0,0.0,0.0,20.0,20.0,0.0,0.0,,27,,,,,,,,
PAIR,,VCP-R1-075,VCP-R1-095,False,False,20,20.0,20.0,20.0,0.0,0.0,20.0,20.0,0.0,0.0,,27,,,,,,,,
PAIR,,VCP-R1-075,VCP-R1-096,False,False,20,20.0,20.0,20.0,0.0,0.0,20.0,20.0,0.0,0.0,,27,,,,,,,,
PAIR,,VCP-R1-075,VCP-R1-097,False,False,20,20.0,20.0,20.0,0.0,0.0,20.0,20.0,0.0,0.0,,27,,,,,,,,
PAIR,,VCP-R1-075,VCP-R1-098,False,False,20,20.0,20.0,20.0,0.0,0.0,20.0,20.0,0.0,0.0,,27,,,,,,,,
PAIR,,VCP-R1-075,VCP-R1-099,False,False,20,20.0,20.0,20.0,0.0,0.0,20.0,20.0,0.0,0.0,,27,,,,,,,,
PAIR,,VCP-R1-075,VCP-R1-100,False,False,20,20.0,20.0,19.0,1.0,0.02631578947368421,20.0,20.0,1.0,0.02564102564102564,,27,,,,,,,,
PAIR,,VCP-R1-075,VCP-R1-101,False,False,20,20.0,20.0,19.0,1.0,0.02631578947368421,20.0,20.0,1.0,0.02564102564102564,,27,,,,,,,,
PAIR,,VCP-R1-075,VCP-R1-102,False,False,20,20.0,20.0,19.0,2.0,0.05405405405405406,20.0,20.0,1.0,0.02564102564102564,,27,,,,,,,,
PAIR,,VCP-R1-075,VCP-R1-103,False,False,20,20.0,20.0,19.0,0.0,0.0,20.0,20.0,0.0,0.0,,27,,,,,,,,
PAIR,,VCP-R1-075,VCP-R1-104,False,False,20,20.0,20.0,20.0,0.0,0.0,20.0,20.0,0.0,0.0,,27,,,,,,,,
PAIR,,VCP-R1-075,VCP-R1-105,False,False,20,20.0,20.0,20.0,0.0,0.0,20.0,20.0,0.0,0.0,,27,,,,,,,,
PAIR,,VCP-R1-075,VCP-R1-106,False,False,20,20.0,20.0,19.0,0.0,0.0,20.0,20.0,0.0,0.0,,27,,,,,,,,
PAIR,,VCP-R1-075,VCP-R1-107,False,False,20,20.0,20.0,20.0,0.0,0.0,20.0,20.0,0.0,0.0,,27,,,,,,,,
PAIR,,VCP-R1-075,VCP-R1-108,False,False,20,20.0,20.0,20.0,0.0,0.0,20.0,20.0,0.0,0.0,,27,,,,,,,,
PAIR,,VCP-R1-076,VCP-R1-077,False,False,20,20.0,20.0,19.0,13.0,0.5,20.0,20.0,13.0,0.48148148148148145,,27,,,,,,,,
PAIR,,VCP-R1-076,VCP-R1-078,False,False,20,20.0,20.0,20.0,7.0,0.21212121212121213,20.0,20.0,7.0,0.21212121212121213,,27,,,,,,,,
PAIR,,VCP-R1-076,VCP-R1-079,False,False,20,20.0,20.0,20.0,9.0,0.2903225806451613,20.0,20.0,9.0,0.2903225806451613,,27,,,,,,,,
PAIR,,VCP-R1-076,VCP-R1-080,False,False,20,20.0,20.0,20.0,11.0,0.3793103448275862,20.0,20.0,11.0,0.3793103448275862,,27,,,,,,,,
PAIR,,VCP-R1-076,VCP-R1-081,False,False,20,20.0,20.0,20.0,7.0,0.21212121212121213,20.0,20.0,7.0,0.21212121212121213,,27,,,,,,,,
PAIR,,VCP-R1-076,VCP-R1-082,False,False,20,20.0,20.0,20.0,0.0,0.0,20.0,20.0,0.0,0.0,,27,,,,,,,,
PAIR,,VCP-R1-076,VCP-R1-083,False,False,20,20.0,20.0,20.0,1.0,0.02564102564102564,20.0,20.0,0.0,0.0,,27,,,,,,,,
PAIR,,VCP-R1-076,VCP-R1-084,False,False,20,18.0,20.0,18.0,1.0,0.02702702702702703,20.0,18.0,0.0,0.0,,27,,,,,,,,
PAIR,,VCP-R1-076,VCP-R1-085,False,False,20,20.0,20.0,19.0,1.0,0.02631578947368421,20.0,20.0,1.0,0.02564102564102564,,27,,,,,,,,
PAIR,,VCP-R1-076,VCP-R1-086,False,False,20,20.0,20.0,20.0,0.0,0.0,20.0,20.0,0.0,0.0,,27,,,,,,,,
PAIR,,VCP-R1-076,VCP-R1-087,False,False,20,20.0,20.0,19.0,0.0,0.0,20.0,20.0,0.0,0.0,,27,,,,,,,,
PAIR,,VCP-R1-076,VCP-R1-088,False,False,20,20.0,20.0,19.0,2.0,0.05405405405405406,20.0,20.0,2.0,0.05263157894736842,,27,,,,,,,,
PAIR,,VCP-R1-076,VCP-R1-089,False,False,20,20.0,20.0,19.0,1.0,0.02631578947368421,20.0,20.0,1.0,0.02564102564102564,,27,,,,,,,,
PAIR,,VCP-R1-076,VCP-R1-090,False,False,20,20.0,20.0,20.0,1.0,0.02564102564102564,20.0,20.0,1.0,0.02564102564102564,,27,,,,,,,,
PAIR,,VCP-R1-076,VCP-R1-091,False,False,20,20.0,20.0,19.0,1.0,0.02631578947368421,20.0,20.0,0.0,0.0,,27,,,,,,,,
PAIR,,VCP-R1-076,VCP-R1-092,False,False,20,20.0,20.0,19.0,1.0,0.02631578947368421,20.0,20.0,0.0,0.0,,27,,,,,,,,
PAIR,,VCP-R1-076,VCP-R1-093,False,False,20,20.0,20.0,19.0,1.0,0.02631578947368421,20.0,20.0,0.0,0.0,,27,,,,,,,,
PAIR,,VCP-R1-076,VCP-R1-094,False,False,20,20.0,20.0,19.0,1.0,0.02631578947368421,20.0,20.0,1.0,0.02564102564102564,,27,,,,,,,,
PAIR,,VCP-R1-076,VCP-R1-095,False,False,20,20.0,20.0,20.0,1.0,0.02564102564102564,20.0,20.0,0.0,0.0,,27,,,,,,,,
PAIR,,VCP-R1-076,VCP-R1-096,False,False,20,20.0,20.0,20.0,1.0,0.02564102564102564,20.0,20.0,0.0,0.0,,27,,,,,,,,
PAIR,,VCP-R1-076,VCP-R1-097,False,False,20,20.0,20.0,20.0,1.0,0.02564102564102564,20.0,20.0,1.0,0.02564102564102564,,27,,,,,,,,
PAIR,,VCP-R1-076,VCP-R1-098,False,False,20,20.0,20.0,20.0,1.0,0.02564102564102564,20.0,20.0,1.0,0.02564102564102564,,27,,,,,,,,
PAIR,,VCP-R1-076,VCP-R1-099,False,False,20,20.0,20.0,20.0,1.0,0.02564102564102564,20.0,20.0,1.0,0.02564102564102564,,27,,,,,,,,
PAIR,,VCP-R1-076,VCP-R1-100,False,False,20,20.0,20.0,19.0,1.0,0.02631578947368421,20.0,20.0,0.0,0.0,,27,,,,,,,,
PAIR,,VCP-R1-076,VCP-R1-101,False,False,20,20.0,20.0,19.0,1.0,0.02631578947368421,20.0,20.0,0.0,0.0,,27,,,,,,,,
PAIR,,VCP-R1-076,VCP-R1-102,False,False,20,20.0,20.0,19.0,1.0,0.02631578947368421,20.0,20.0,0.0,0.0,,27,,,,,,,,
PAIR,,VCP-R1-076,VCP-R1-103,False,False,20,20.0,20.0,19.0,1.0,0.02631578947368421,20.0,20.0,1.0,0.02564102564102564,,27,,,,,,,,
PAIR,,VCP-R1-076,VCP-R1-104,False,False,20,20.0,20.0,20.0,0.0,0.0,20.0,20.0,0.0,0.0,,27,,,,,,,,
PAIR,,VCP-R1-076,VCP-R1-105,False,False,20,20.0,20.0,20.0,1.0,0.02564102564102564,20.0,20.0,0.0,0.0,,27,,,,,,,,
PAIR,,VCP-R1-076,VCP-R1-106,False,False,20,20.0,20.0,19.0,1.0,0.02631578947368421,20.0,20.0,1.0,0.02564102564102564,,27,,,,,,,,
PAIR,,VCP-R1-076,VCP-R1-107,False,False,20,20.0,20.0,20.0,1.0,0.02564102564102564,20.0,20.0,1.0,0.02564102564102564,,27,,,,,,,,
PAIR,,VCP-R1-076,VCP-R1-108,False,False,20,20.0,20.0,20.0,1.0,0.02564102564102564,20.0,20.0,1.0,0.02564102564102564,,27,,,,,,,,
PAIR,,VCP-R1-077,VCP-R1-078,False,False,20,20.0,19.0,20.0,11.0,0.39285714285714285,20.0,20.0,11.0,0.3793103448275862,,27,,,,,,,,
PAIR,,VCP-R1-077,VCP-R1-079,False,False,20,20.0,19.0,20.0,6.0,0.18181818181818182,20.0,20.0,6.0,0.17647058823529413,,27,,,,,,,,
PAIR,,VCP-R1-077,VCP-R1-080,False,False,20,20.0,19.0,20.0,11.0,0.39285714285714285,20.0,20.0,11.0,0.3793103448275862,,27,,,,,,,,
PAIR,,VCP-R1-077,VCP-R1-081,False,False,20,20.0,19.0,20.0,11.0,0.39285714285714285,20.0,20.0,11.0,0.3793103448275862,,27,,,,,,,,
PAIR,,VCP-R1-077,VCP-R1-082,False,False,20,20.0,19.0,20.0,0.0,0.0,20.0,20.0,0.0,0.0,,27,,,,,,,,
PAIR,,VCP-R1-077,VCP-R1-083,False,False,20,20.0,19.0,20.0,1.0,0.02631578947368421,20.0,20.0,0.0,0.0,,27,,,,,,,,
PAIR,,VCP-R1-077,VCP-R1-084,False,False,20,18.0,19.0,18.0,1.0,0.027777777777777776,20.0,18.0,0.0,0.0,,27,,,,,,,,
PAIR,,VCP-R1-077,VCP-R1-085,False,False,20,20.0,19.0,19.0,0.0,0.0,20.0,20.0,0.0,0.0,,27,,,,,,,,
PAIR,,VCP-R1-077,VCP-R1-086,False,False,20,20.0,19.0,20.0,0.0,0.0,20.0,20.0,0.0,0.0,,27,,,,,,,,
PAIR,,VCP-R1-077,VCP-R1-087,False,False,20,20.0,19.0,19.0,0.0,0.0,20.0,20.0,0.0,0.0,,27,,,,,,,,
PAIR,,VCP-R1-077,VCP-R1-088,False,False,20,20.0,19.0,19.0,1.0,0.02702702702702703,20.0,20.0,1.0,0.02564102564102564,,27,,,,,,,,
PAIR,,VCP-R1-077,VCP-R1-089,False,False,20,20.0,19.0,19.0,2.0,0.05555555555555555,20.0,20.0,2.0,0.05263157894736842,,27,,,,,,,,
PAIR,,VCP-R1-077,VCP-R1-090,False,False,20,20.0,19.0,20.0,1.0,0.02631578947368421,20.0,20.0,1.0,0.02564102564102564,,27,,,,,,,,
PAIR,,VCP-R1-077,VCP-R1-091,False,False,20,20.0,19.0,19.0,0.0,0.0,20.0,20.0,0.0,0.0,,27,,,,,,,,
PAIR,,VCP-R1-077,VCP-R1-092,False,False,20,20.0,19.0,19.0,0.0,0.0,20.0,20.0,0.0,0.0,,27,,,,,,,,
PAIR,,VCP-R1-077,VCP-R1-093,False,False,20,20.0,19.0,19.0,0.0,0.0,20.0,20.0,0.0,0.0,,27,,,,,,,,
PAIR,,VCP-R1-077,VCP-R1-094,False,False,20,20.0,19.0,19.0,0.0,0.0,20.0,20.0,0.0,0.0,,27,,,,,,,,
PAIR,,VCP-R1-077,VCP-R1-095,False,False,20,20.0,19.0,20.0,1.0,0.02631578947368421,20.0,20.0,1.0,0.02564102564102564,,27,,,,,,,,
PAIR,,VCP-R1-077,VCP-R1-096,False,False,20,20.0,19.0,20.0,1.0,0.02631578947368421,20.0,20.0,1.0,0.02564102564102564,,27,,,,,,,,
PAIR,,VCP-R1-077,VCP-R1-097,False,False,20,20.0,19.0,20.0,1.0,0.02631578947368421,20.0,20.0,1.0,0.02564102564102564,,27,,,,,,,,
PAIR,,VCP-R1-077,VCP-R1-098,False,False,20,20.0,19.0,20.0,1.0,0.02631578947368421,20.0,20.0,1.0,0.02564102564102564,,27,,,,,,,,
PAIR,,VCP-R1-077,VCP-R1-099,False,False,20,20.0,19.0,20.0,1.0,0.02631578947368421,20.0,20.0,1.0,0.02564102564102564,,27,,,,,,,,
PAIR,,VCP-R1-077,VCP-R1-100,False,False,20,20.0,19.0,19.0,0.0,0.0,20.0,20.0,0.0,0.0,,27,,,,,,,,
PAIR,,VCP-R1-077,VCP-R1-101,False,False,20,20.0,19.0,19.0,0.0,0.0,20.0,20.0,0.0,0.0,,27,,,,,,,,
PAIR,,VCP-R1-077,VCP-R1-102,False,False,20,20.0,19.0,19.0,0.0,0.0,20.0,20.0,0.0,0.0,,27,,,,,,,,
PAIR,,VCP-R1-077,VCP-R1-103,False,False,20,20.0,19.0,19.0,0.0,0.0,20.0,20.0,0.0,0.0,,27,,,,,,,,
PAIR,,VCP-R1-077,VCP-R1-104,False,False,20,20.0,19.0,20.0,1.0,0.02631578947368421,20.0,20.0,1.0,0.02564102564102564,,27,,,,,,,,
PAIR,,VCP-R1-077,VCP-R1-105,False,False,20,20.0,19.0,20.0,1.0,0.02631578947368421,20.0,20.0,1.0,0.02564102564102564,,27,,,,,,,,
PAIR,,VCP-R1-077,VCP-R1-106,False,False,20,20.0,19.0,19.0,1.0,0.02702702702702703,20.0,20.0,1.0,0.02564102564102564,,27,,,,,,,,
PAIR,,VCP-R1-077,VCP-R1-107,False,False,20,20.0,19.0,20.0,1.0,0.02631578947368421,20.0,20.0,1.0,0.02564102564102564,,27,,,,,,,,
PAIR,,VCP-R1-077,VCP-R1-108,False,False,20,20.0,19.0,20.0,1.0,0.02631578947368421,20.0,20.0,1.0,0.02564102564102564,,27,,,,,,,,
PAIR,,VCP-R1-078,VCP-R1-079,False,False,20,20.0,20.0,20.0,4.0,0.1111111111111111,20.0,20.0,4.0,0.1111111111111111,,27,,,,,,,,
PAIR,,VCP-R1-078,VCP-R1-080,False,False,20,20.0,20.0,20.0,6.0,0.17647058823529413,20.0,20.0,6.0,0.17647058823529413,,27,,,,,,,,
PAIR,,VCP-R1-078,VCP-R1-081,False,False,20,20.0,20.0,20.0,11.0,0.3793103448275862,20.0,20.0,11.0,0.3793103448275862,,27,,,,,,,,
PAIR,,VCP-R1-078,VCP-R1-082,False,False,20,20.0,20.0,20.0,1.0,0.02564102564102564,20.0,20.0,1.0,0.02564102564102564,,27,,,,,,,,
PAIR,,VCP-R1-078,VCP-R1-083,False,False,20,20.0,20.0,20.0,2.0,0.05263157894736842,20.0,20.0,1.0,0.02564102564102564,,27,,,,,,,,
PAIR,,VCP-R1-078,VCP-R1-084,False,False,20,18.0,20.0,18.0,2.0,0.05555555555555555,20.0,18.0,1.0,0.02702702702702703,,27,,,,,,,,
PAIR,,VCP-R1-078,VCP-R1-085,False,False,20,20.0,20.0,19.0,2.0,0.05405405405405406,20.0,20.0,2.0,0.05263157894736842,,27,,,,,,,,
PAIR,,VCP-R1-078,VCP-R1-086,False,False,20,20.0,20.0,20.0,3.0,0.08108108108108109,20.0,20.0,3.0,0.08108108108108109,,27,,,,,,,,
PAIR,,VCP-R1-078,VCP-R1-087,False,False,20,20.0,20.0,19.0,3.0,0.08333333333333333,20.0,20.0,3.0,0.08108108108108109,,27,,,,,,,,
PAIR,,VCP-R1-078,VCP-R1-088,False,False,20,20.0,20.0,19.0,1.0,0.02631578947368421,20.0,20.0,1.0,0.02564102564102564,,27,,,,,,,,
PAIR,,VCP-R1-078,VCP-R1-089,False,False,20,20.0,20.0,19.0,1.0,0.02631578947368421,20.0,20.0,1.0,0.02564102564102564,,27,,,,,,,,
PAIR,,VCP-R1-078,VCP-R1-090,False,False,20,20.0,20.0,20.0,2.0,0.05263157894736842,20.0,20.0,2.0,0.05263157894736842,,27,,,,,,,,
PAIR,,VCP-R1-078,VCP-R1-091,False,False,20,20.0,20.0,19.0,2.0,0.05405405405405406,20.0,20.0,2.0,0.05263157894736842,,27,,,,,,,,
PAIR,,VCP-R1-078,VCP-R1-092,False,False,20,20.0,20.0,19.0,2.0,0.05405405405405406,20.0,20.0,2.0,0.05263157894736842,,27,,,,,,,,
PAIR,,VCP-R1-078,VCP-R1-093,False,False,20,20.0,20.0,19.0,2.0,0.05405405405405406,20.0,20.0,2.0,0.05263157894736842,,27,,,,,,,,
PAIR,,VCP-R1-078,VCP-R1-094,False,False,20,20.0,20.0,19.0,1.0,0.02631578947368421,20.0,20.0,0.0,0.0,,27,,,,,,,,
PAIR,,VCP-R1-078,VCP-R1-095,False,False,20,20.0,20.0,20.0,2.0,0.05263157894736842,20.0,20.0,1.0,0.02564102564102564,,27,,,,,,,,
PAIR,,VCP-R1-078,VCP-R1-096,False,False,20,20.0,20.0,20.0,4.0,0.1111111111111111,20.0,20.0,3.0,0.08108108108108109,,27,,,,,,,,
PAIR,,VCP-R1-078,VCP-R1-097,False,False,20,20.0,20.0,20.0,1.0,0.02564102564102564,20.0,20.0,1.0,0.02564102564102564,,27,,,,,,,,
PAIR,,VCP-R1-078,VCP-R1-098,False,False,20,20.0,20.0,20.0,2.0,0.05263157894736842,20.0,20.0,1.0,0.02564102564102564,,27,,,,,,,,
PAIR,,VCP-R1-078,VCP-R1-099,False,False,20,20.0,20.0,20.0,2.0,0.05263157894736842,20.0,20.0,1.0,0.02564102564102564,,27,,,,,,,,
PAIR,,VCP-R1-078,VCP-R1-100,False,False,20,20.0,20.0,19.0,2.0,0.05405405405405406,20.0,20.0,2.0,0.05263157894736842,,27,,,,,,,,
PAIR,,VCP-R1-078,VCP-R1-101,False,False,20,20.0,20.0,19.0,2.0,0.05405405405405406,20.0,20.0,2.0,0.05263157894736842,,27,,,,,,,,
PAIR,,VCP-R1-078,VCP-R1-102,False,False,20,20.0,20.0,19.0,2.0,0.05405405405405406,20.0,20.0,2.0,0.05263157894736842,,27,,,,,,,,
PAIR,,VCP-R1-078,VCP-R1-103,False,False,20,20.0,20.0,19.0,1.0,0.02631578947368421,20.0,20.0,0.0,0.0,,27,,,,,,,,
PAIR,,VCP-R1-078,VCP-R1-104,False,False,20,20.0,20.0,20.0,2.0,0.05263157894736842,20.0,20.0,1.0,0.02564102564102564,,27,,,,,,,,
PAIR,,VCP-R1-078,VCP-R1-105,False,False,20,20.0,20.0,20.0,4.0,0.1111111111111111,20.0,20.0,3.0,0.08108108108108109,,27,,,,,,,,
PAIR,,VCP-R1-078,VCP-R1-106,False,False,20,20.0,20.0,19.0,1.0,0.02631578947368421,20.0,20.0,1.0,0.02564102564102564,,27,,,,,,,,
PAIR,,VCP-R1-078,VCP-R1-107,False,False,20,20.0,20.0,20.0,1.0,0.02564102564102564,20.0,20.0,1.0,0.02564102564102564,,27,,,,,,,,
PAIR,,VCP-R1-078,VCP-R1-108,False,False,20,20.0,20.0,20.0,2.0,0.05263157894736842,20.0,20.0,1.0,0.02564102564102564,,27,,,,,,,,
PAIR,,VCP-R1-079,VCP-R1-080,False,False,20,20.0,20.0,20.0,13.0,0.48148148148148145,20.0,20.0,13.0,0.48148148148148145,,27,,,,,,,,
PAIR,,VCP-R1-079,VCP-R1-081,False,False,20,20.0,20.0,20.0,7.0,0.21212121212121213,20.0,20.0,7.0,0.21212121212121213,,27,,,,,,,,
PAIR,,VCP-R1-079,VCP-R1-082,False,False,20,20.0,20.0,20.0,1.0,0.02564102564102564,20.0,20.0,0.0,0.0,,27,,,,,,,,
PAIR,,VCP-R1-079,VCP-R1-083,False,False,20,20.0,20.0,20.0,1.0,0.02564102564102564,20.0,20.0,0.0,0.0,,27,,,,,,,,
PAIR,,VCP-R1-079,VCP-R1-084,False,False,20,18.0,20.0,18.0,1.0,0.02702702702702703,20.0,18.0,0.0,0.0,,27,,,,,,,,
PAIR,,VCP-R1-079,VCP-R1-085,False,False,20,20.0,20.0,19.0,2.0,0.05405405405405406,20.0,20.0,0.0,0.0,,27,,,,,,,,
PAIR,,VCP-R1-079,VCP-R1-086,False,False,20,20.0,20.0,20.0,2.0,0.05263157894736842,20.0,20.0,0.0,0.0,,27,,,,,,,,
PAIR,,VCP-R1-079,VCP-R1-087,False,False,20,20.0,20.0,19.0,2.0,0.05405405405405406,20.0,20.0,0.0,0.0,,27,,,,,,,,
PAIR,,VCP-R1-079,VCP-R1-088,False,False,20,20.0,20.0,19.0,2.0,0.05405405405405406,20.0,20.0,2.0,0.05263157894736842,,27,,,,,,,,
PAIR,,VCP-R1-079,VCP-R1-089,False,False,20,20.0,20.0,19.0,2.0,0.05405405405405406,20.0,20.0,1.0,0.02564102564102564,,27,,,,,,,,
PAIR,,VCP-R1-079,VCP-R1-090,False,False,20,20.0,20.0,20.0,3.0,0.08108108108108109,20.0,20.0,1.0,0.02564102564102564,,27,,,,,,,,
PAIR,,VCP-R1-079,VCP-R1-091,False,False,20,20.0,20.0,19.0,1.0,0.02631578947368421,20.0,20.0,0.0,0.0,,27,,,,,,,,
PAIR,,VCP-R1-079,VCP-R1-092,False,False,20,20.0,20.0,19.0,2.0,0.05405405405405406,20.0,20.0,0.0,0.0,,27,,,,,,,,
PAIR,,VCP-R1-079,VCP-R1-093,False,False,20,20.0,20.0,19.0,2.0,0.05405405405405406,20.0,20.0,0.0,0.0,,27,,,,,,,,
PAIR,,VCP-R1-079,VCP-R1-094,False,False,20,20.0,20.0,19.0,1.0,0.02631578947368421,20.0,20.0,0.0,0.0,,27,,,,,,,,
PAIR,,VCP-R1-079,VCP-R1-095,False,False,20,20.0,20.0,20.0,3.0,0.08108108108108109,20.0,20.0,0.0,0.0,,27,,,,,,,,
PAIR,,VCP-R1-079,VCP-R1-096,False,False,20,20.0,20.0,20.0,3.0,0.08108108108108109,20.0,20.0,0.0,0.0,,27,,,,,,,,
PAIR,,VCP-R1-079,VCP-R1-097,False,False,20,20.0,20.0,20.0,3.0,0.08108108108108109,20.0,20.0,2.0,0.05263157894736842,,27,,,,,,,,
PAIR,,VCP-R1-079,VCP-R1-098,False,False,20,20.0,20.0,20.0,2.0,0.05263157894736842,20.0,20.0,1.0,0.02564102564102564,,27,,,,,,,,
PAIR,,VCP-R1-079,VCP-R1-099,False,False,20,20.0,20.0,20.0,1.0,0.02564102564102564,20.0,20.0,1.0,0.02564102564102564,,27,,,,,,,,
PAIR,,VCP-R1-079,VCP-R1-100,False,False,20,20.0,20.0,19.0,1.0,0.02631578947368421,20.0,20.0,0.0,0.0,,27,,,,,,,,
PAIR,,VCP-R1-079,VCP-R1-101,False,False,20,20.0,20.0,19.0,1.0,0.02631578947368421,20.0,20.0,0.0,0.0,,27,,,,,,,,
PAIR,,VCP-R1-079,VCP-R1-102,False,False,20,20.0,20.0,19.0,2.0,0.05405405405405406,20.0,20.0,0.0,0.0,,27,,,,,,,,
PAIR,,VCP-R1-079,VCP-R1-103,False,False,20,20.0,20.0,19.0,1.0,0.02631578947368421,20.0,20.0,0.0,0.0,,27,,,,,,,,
PAIR,,VCP-R1-079,VCP-R1-104,False,False,20,20.0,20.0,20.0,1.0,0.02564102564102564,20.0,20.0,0.0,0.0,,27,,,,,,,,
PAIR,,VCP-R1-079,VCP-R1-105,False,False,20,20.0,20.0,20.0,3.0,0.08108108108108109,20.0,20.0,0.0,0.0,,27,,,,,,,,
PAIR,,VCP-R1-079,VCP-R1-106,False,False,20,20.0,20.0,19.0,3.0,0.08333333333333333,20.0,20.0,3.0,0.08108108108108109,,27,,,,,,,,
PAIR,,VCP-R1-079,VCP-R1-107,False,False,20,20.0,20.0,20.0,2.0,0.05263157894736842,20.0,20.0,1.0,0.02564102564102564,,27,,,,,,,,
PAIR,,VCP-R1-079,VCP-R1-108,False,False,20,20.0,20.0,20.0,1.0,0.02564102564102564,20.0,20.0,1.0,0.02564102564102564,,27,,,,,,,,
PAIR,,VCP-R1-080,VCP-R1-081,False,False,20,20.0,20.0,20.0,11.0,0.3793103448275862,20.0,20.0,11.0,0.3793103448275862,,27,,,,,,,,
PAIR,,VCP-R1-080,VCP-R1-082,False,False,20,20.0,20.0,20.0,1.0,0.02564102564102564,20.0,20.0,0.0,0.0,,27,,,,,,,,
PAIR,,VCP-R1-080,VCP-R1-083,False,False,20,20.0,20.0,20.0,1.0,0.02564102564102564,20.0,20.0,0.0,0.0,,27,,,,,,,,
PAIR,,VCP-R1-080,VCP-R1-084,False,False,20,18.0,20.0,18.0,1.0,0.02702702702702703,20.0,18.0,0.0,0.0,,27,,,,,,,,
PAIR,,VCP-R1-080,VCP-R1-085,False,False,20,20.0,20.0,19.0,2.0,0.05405405405405406,20.0,20.0,0.0,0.0,,27,,,,,,,,
PAIR,,VCP-R1-080,VCP-R1-086,False,False,20,20.0,20.0,20.0,2.0,0.05263157894736842,20.0,20.0,0.0,0.0,,27,,,,,,,,
PAIR,,VCP-R1-080,VCP-R1-087,False,False,20,20.0,20.0,19.0,2.0,0.05405405405405406,20.0,20.0,0.0,0.0,,27,,,,,,,,
PAIR,,VCP-R1-080,VCP-R1-088,False,False,20,20.0,20.0,19.0,1.0,0.02631578947368421,20.0,20.0,1.0,0.02564102564102564,,27,,,,,,,,
PAIR,,VCP-R1-080,VCP-R1-089,False,False,20,20.0,20.0,19.0,2.0,0.05405405405405406,20.0,20.0,1.0,0.02564102564102564,,27,,,,,,,,
PAIR,,VCP-R1-080,VCP-R1-090,False,False,20,20.0,20.0,20.0,3.0,0.08108108108108109,20.0,20.0,1.0,0.02564102564102564,,27,,,,,,,,
PAIR,,VCP-R1-080,VCP-R1-091,False,False,20,20.0,20.0,19.0,0.0,0.0,20.0,20.0,0.0,0.0,,27,,,,,,,,
PAIR,,VCP-R1-080,VCP-R1-092,False,False,20,20.0,20.0,19.0,1.0,0.02631578947368421,20.0,20.0,0.0,0.0,,27,,,,,,,,
PAIR,,VCP-R1-080,VCP-R1-093,False,False,20,20.0,20.0,19.0,1.0,0.02631578947368421,20.0,20.0,0.0,0.0,,27,,,,,,,,
PAIR,,VCP-R1-080,VCP-R1-094,False,False,20,20.0,20.0,19.0,0.0,0.0,20.0,20.0,0.0,0.0,,27,,,,,,,,
PAIR,,VCP-R1-080,VCP-R1-095,False,False,20,20.0,20.0,20.0,1.0,0.02564102564102564,20.0,20.0,0.0,0.0,,27,,,,,,,,
PAIR,,VCP-R1-080,VCP-R1-096,False,False,20,20.0,20.0,20.0,2.0,0.05263157894736842,20.0,20.0,0.0,0.0,,27,,,,,,,,
PAIR,,VCP-R1-080,VCP-R1-097,False,False,20,20.0,20.0,20.0,1.0,0.02564102564102564,20.0,20.0,1.0,0.02564102564102564,,27,,,,,,,,
PAIR,,VCP-R1-080,VCP-R1-098,False,False,20,20.0,20.0,20.0,1.0,0.02564102564102564,20.0,20.0,1.0,0.02564102564102564,,27,,,,,,,,
PAIR,,VCP-R1-080,VCP-R1-099,False,False,20,20.0,20.0,20.0,1.0,0.02564102564102564,20.0,20.0,1.0,0.02564102564102564,,27,,,,,,,,
PAIR,,VCP-R1-080,VCP-R1-100,False,False,20,20.0,20.0,19.0,0.0,0.0,20.0,20.0,0.0,0.0,,27,,,,,,,,
PAIR,,VCP-R1-080,VCP-R1-101,False,False,20,20.0,20.0,19.0,0.0,0.0,20.0,20.0,0.0,0.0,,27,,,,,,,,
PAIR,,VCP-R1-080,VCP-R1-102,False,False,20,20.0,20.0,19.0,1.0,0.02631578947368421,20.0,20.0,0.0,0.0,,27,,,,,,,,
PAIR,,VCP-R1-080,VCP-R1-103,False,False,20,20.0,20.0,19.0,0.0,0.0,20.0,20.0,0.0,0.0,,27,,,,,,,,
PAIR,,VCP-R1-080,VCP-R1-104,False,False,20,20.0,20.0,20.0,0.0,0.0,20.0,20.0,0.0,0.0,,27,,,,,,,,
PAIR,,VCP-R1-080,VCP-R1-105,False,False,20,20.0,20.0,20.0,2.0,0.05263157894736842,20.0,20.0,0.0,0.0,,27,,,,,,,,
PAIR,,VCP-R1-080,VCP-R1-106,False,False,20,20.0,20.0,19.0,1.0,0.02631578947368421,20.0,20.0,1.0,0.02564102564102564,,27,,,,,,,,
PAIR,,VCP-R1-080,VCP-R1-107,False,False,20,20.0,20.0,20.0,1.0,0.02564102564102564,20.0,20.0,1.0,0.02564102564102564,,27,,,,,,,,
PAIR,,VCP-R1-080,VCP-R1-108,False,False,20,20.0,20.0,20.0,1.0,0.02564102564102564,20.0,20.0,1.0,0.02564102564102564,,27,,,,,,,,
PAIR,,VCP-R1-081,VCP-R1-082,False,False,20,20.0,20.0,20.0,2.0,0.05263157894736842,20.0,20.0,0.0,0.0,,27,,,,,,,,
PAIR,,VCP-R1-081,VCP-R1-083,False,False,20,20.0,20.0,20.0,2.0,0.05263157894736842,20.0,20.0,0.0,0.0,,27,,,,,,,,
PAIR,,VCP-R1-081,VCP-R1-084,False,False,20,18.0,20.0,18.0,2.0,0.05555555555555555,20.0,18.0,0.0,0.0,,27,,,,,,,,
PAIR,,VCP-R1-081,VCP-R1-085,False,False,20,20.0,20.0,19.0,3.0,0.08333333333333333,20.0,20.0,1.0,0.02564102564102564,,27,,,,,,,,
PAIR,,VCP-R1-081,VCP-R1-086,False,False,20,20.0,20.0,20.0,3.0,0.08108108108108109,20.0,20.0,1.0,0.02564102564102564,,27,,,,,,,,
PAIR,,VCP-R1-081,VCP-R1-087,False,False,20,20.0,20.0,19.0,3.0,0.08333333333333333,20.0,20.0,1.0,0.02564102564102564,,27,,,,,,,,
PAIR,,VCP-R1-081,VCP-R1-088,False,False,20,20.0,20.0,19.0,1.0,0.02631578947368421,20.0,20.0,1.0,0.02564102564102564,,27,,,,,,,,
PAIR,,VCP-R1-081,VCP-R1-089,False,False,20,20.0,20.0,19.0,3.0,0.08333333333333333,20.0,20.0,2.0,0.05263157894736842,,27,,,,,,,,
PAIR,,VCP-R1-081,VCP-R1-090,False,False,20,20.0,20.0,20.0,4.0,0.1111111111111111,20.0,20.0,2.0,0.05263157894736842,,27,,,,,,,,
PAIR,,VCP-R1-081,VCP-R1-091,False,False,20,20.0,20.0,19.0,1.0,0.02631578947368421,20.0,20.0,0.0,0.0,,27,,,,,,,,
PAIR,,VCP-R1-081,VCP-R1-092,False,False,20,20.0,20.0,19.0,1.0,0.02631578947368421,20.0,20.0,0.0,0.0,,27,,,,,,,,
PAIR,,VCP-R1-081,VCP-R1-093,False,False,20,20.0,20.0,19.0,1.0,0.02631578947368421,20.0,20.0,0.0,0.0,,27,,,,,,,,
PAIR,,VCP-R1-081,VCP-R1-094,False,False,20,20.0,20.0,19.0,0.0,0.0,20.0,20.0,0.0,0.0,,27,,,,,,,,
PAIR,,VCP-R1-081,VCP-R1-095,False,False,20,20.0,20.0,20.0,2.0,0.05263157894736842,20.0,20.0,1.0,0.02564102564102564,,27,,,,,,,,
PAIR,,VCP-R1-081,VCP-R1-096,False,False,20,20.0,20.0,20.0,4.0,0.1111111111111111,20.0,20.0,2.0,0.05263157894736842,,27,,,,,,,,
PAIR,,VCP-R1-081,VCP-R1-097,False,False,20,20.0,20.0,20.0,1.0,0.02564102564102564,20.0,20.0,1.0,0.02564102564102564,,27,,,,,,,,
PAIR,,VCP-R1-081,VCP-R1-098,False,False,20,20.0,20.0,20.0,1.0,0.02564102564102564,20.0,20.0,1.0,0.02564102564102564,,27,,,,,,,,
PAIR,,VCP-R1-081,VCP-R1-099,False,False,20,20.0,20.0,20.0,1.0,0.02564102564102564,20.0,20.0,1.0,0.02564102564102564,,27,,,,,,,,
PAIR,,VCP-R1-081,VCP-R1-100,False,False,20,20.0,20.0,19.0,1.0,0.02631578947368421,20.0,20.0,0.0,0.0,,27,,,,,,,,
PAIR,,VCP-R1-081,VCP-R1-101,False,False,20,20.0,20.0,19.0,0.0,0.0,20.0,20.0,0.0,0.0,,27,,,,,,,,
PAIR,,VCP-R1-081,VCP-R1-102,False,False,20,20.0,20.0,19.0,1.0,0.02631578947368421,20.0,20.0,0.0,0.0,,27,,,,,,,,
PAIR,,VCP-R1-081,VCP-R1-103,False,False,20,20.0,20.0,19.0,0.0,0.0,20.0,20.0,0.0,0.0,,27,,,,,,,,
PAIR,,VCP-R1-081,VCP-R1-104,False,False,20,20.0,20.0,20.0,1.0,0.02564102564102564,20.0,20.0,1.0,0.02564102564102564,,27,,,,,,,,
PAIR,,VCP-R1-081,VCP-R1-105,False,False,20,20.0,20.0,20.0,4.0,0.1111111111111111,20.0,20.0,2.0,0.05263157894736842,,27,,,,,,,,
PAIR,,VCP-R1-081,VCP-R1-106,False,False,20,20.0,20.0,19.0,1.0,0.02631578947368421,20.0,20.0,1.0,0.02564102564102564,,27,,,,,,,,
PAIR,,VCP-R1-081,VCP-R1-107,False,False,20,20.0,20.0,20.0,1.0,0.02564102564102564,20.0,20.0,1.0,0.02564102564102564,,27,,,,,,,,
PAIR,,VCP-R1-081,VCP-R1-108,False,False,20,20.0,20.0,20.0,1.0,0.02564102564102564,20.0,20.0,1.0,0.02564102564102564,,27,,,,,,,,
PAIR,,VCP-R1-082,VCP-R1-083,False,False,20,20.0,20.0,20.0,10.0,0.3333333333333333,20.0,20.0,10.0,0.3333333333333333,,27,,,,,,,,
PAIR,,VCP-R1-082,VCP-R1-084,False,False,20,18.0,20.0,18.0,8.0,0.26666666666666666,20.0,18.0,8.0,0.26666666666666666,,27,,,,,,,,
PAIR,,VCP-R1-082,VCP-R1-085,False,False,20,20.0,20.0,19.0,4.0,0.11428571428571428,20.0,20.0,2.0,0.05263157894736842,,27,,,,,,,,
PAIR,,VCP-R1-082,VCP-R1-086,False,False,20,20.0,20.0,20.0,6.0,0.17647058823529413,20.0,20.0,4.0,0.1111111111111111,,27,,,,,,,,
PAIR,,VCP-R1-082,VCP-R1-087,False,False,20,20.0,20.0,19.0,6.0,0.18181818181818182,20.0,20.0,5.0,0.14285714285714285,,27,,,,,,,,
PAIR,,VCP-R1-082,VCP-R1-088,False,False,20,20.0,20.0,19.0,3.0,0.08333333333333333,20.0,20.0,2.0,0.05263157894736842,,27,,,,,,,,
PAIR,,VCP-R1-082,VCP-R1-089,False,False,20,20.0,20.0,19.0,2.0,0.05405405405405406,20.0,20.0,0.0,0.0,,27,,,,,,,,
PAIR,,VCP-R1-082,VCP-R1-090,False,False,20,20.0,20.0,20.0,3.0,0.08108108108108109,20.0,20.0,0.0,0.0,,27,,,,,,,,
PAIR,,VCP-R1-082,VCP-R1-091,False,False,20,20.0,20.0,19.0,5.0,0.14705882352941177,20.0,20.0,5.0,0.14285714285714285,,27,,,,,,,,
PAIR,,VCP-R1-082,VCP-R1-092,False,False,20,20.0,20.0,19.0,5.0,0.14705882352941177,20.0,20.0,5.0,0.14285714285714285,,27,,,,,,,,
PAIR,,VCP-R1-082,VCP-R1-093,False,False,20,20.0,20.0,19.0,6.0,0.18181818181818182,20.0,20.0,6.0,0.17647058823529413,,27,,,,,,,,
PAIR,,VCP-R1-082,VCP-R1-094,False,False,20,20.0,20.0,19.0,3.0,0.08333333333333333,20.0,20.0,2.0,0.05263157894736842,,27,,,,,,,,
PAIR,,VCP-R1-082,VCP-R1-095,False,False,20,20.0,20.0,20.0,1.0,0.02564102564102564,20.0,20.0,0.0,0.0,,27,,,,,,,,
PAIR,,VCP-R1-082,VCP-R1-096,False,False,20,20.0,20.0,20.0,3.0,0.08108108108108109,20.0,20.0,0.0,0.0,,27,,,,,,,,
PAIR,,VCP-R1-082,VCP-R1-097,False,False,20,20.0,20.0,20.0,1.0,0.02564102564102564,20.0,20.0,1.0,0.02564102564102564,,27,,,,,,,,
PAIR,,VCP-R1-082,VCP-R1-098,False,False,20,20.0,20.0,20.0,1.0,0.02564102564102564,20.0,20.0,0.0,0.0,,27,,,,,,,,
PAIR,,VCP-R1-082,VCP-R1-099,False,False,20,20.0,20.0,20.0,2.0,0.05263157894736842,20.0,20.0,0.0,0.0,,27,,,,,,,,
PAIR,,VCP-R1-082,VCP-R1-100,False,False,20,20.0,20.0,19.0,5.0,0.14705882352941177,20.0,20.0,5.0,0.14285714285714285,,27,,,,,,,,
PAIR,,VCP-R1-082,VCP-R1-101,False,False,20,20.0,20.0,19.0,4.0,0.11428571428571428,20.0,20.0,4.0,0.1111111111111111,,27,,,,,,,,
PAIR,,VCP-R1-082,VCP-R1-102,False,False,20,20.0,20.0,19.0,6.0,0.18181818181818182,20.0,20.0,6.0,0.17647058823529413,,27,,,,,,,,
PAIR,,VCP-R1-082,VCP-R1-103,False,False,20,20.0,20.0,19.0,2.0,0.05405405405405406,20.0,20.0,1.0,0.02564102564102564,,27,,,,,,,,
PAIR,,VCP-R1-082,VCP-R1-104,False,False,20,20.0,20.0,20.0,1.0,0.02564102564102564,20.0,20.0,0.0,0.0,,27,,,,,,,,
PAIR,,VCP-R1-082,VCP-R1-105,False,False,20,20.0,20.0,20.0,3.0,0.08108108108108109,20.0,20.0,0.0,0.0,,27,,,,,,,,
PAIR,,VCP-R1-082,VCP-R1-106,False,False,20,20.0,20.0,19.0,0.0,0.0,20.0,20.0,0.0,0.0,,27,,,,,,,,
PAIR,,VCP-R1-082,VCP-R1-107,False,False,20,20.0,20.0,20.0,0.0,0.0,20.0,20.0,0.0,0.0,,27,,,,,,,,
PAIR,,VCP-R1-082,VCP-R1-108,False,False,20,20.0,20.0,20.0,2.0,0.05263157894736842,20.0,20.0,0.0,0.0,,27,,,,,,,,
PAIR,,VCP-R1-083,VCP-R1-084,False,False,20,18.0,20.0,18.0,15.0,0.6521739130434783,20.0,18.0,15.0,0.6521739130434783,,27,,,,,,,,
PAIR,,VCP-R1-083,VCP-R1-085,False,False,20,20.0,20.0,19.0,1.0,0.02631578947368421,20.0,20.0,0.0,0.0,,27,,,,,,,,
PAIR,,VCP-R1-083,VCP-R1-086,False,False,20,20.0,20.0,20.0,5.0,0.14285714285714285,20.0,20.0,4.0,0.1111111111111111,,27,,,,,,,,
PAIR,,VCP-R1-083,VCP-R1-087,False,False,20,20.0,20.0,19.0,5.0,0.14705882352941177,20.0,20.0,5.0,0.14285714285714285,,27,,,,,,,,
PAIR,,VCP-R1-083,VCP-R1-088,False,False,20,20.0,20.0,19.0,0.0,0.0,20.0,20.0,0.0,0.0,,27,,,,,,,,
PAIR,,VCP-R1-083,VCP-R1-089,False,False,20,20.0,20.0,19.0,0.0,0.0,20.0,20.0,0.0,0.0,,27,,,,,,,,
PAIR,,VCP-R1-083,VCP-R1-090,False,False,20,20.0,20.0,20.0,1.0,0.02564102564102564,20.0,20.0,0.0,0.0,,27,,,,,,,,
PAIR,,VCP-R1-083,VCP-R1-091,False,False,20,20.0,20.0,19.0,2.0,0.05405405405405406,20.0,20.0,2.0,0.05263157894736842,,27,,,,,,,,
PAIR,,VCP-R1-083,VCP-R1-092,False,False,20,20.0,20.0,19.0,5.0,0.14705882352941177,20.0,20.0,5.0,0.14285714285714285,,27,,,,,,,,
PAIR,,VCP-R1-083,VCP-R1-093,False,False,20,20.0,20.0,19.0,6.0,0.18181818181818182,20.0,20.0,6.0,0.17647058823529413,,27,,,,,,,,
PAIR,,VCP-R1-083,VCP-R1-094,False,False,20,20.0,20.0,19.0,1.0,0.02631578947368421,20.0,20.0,0.0,0.0,,27,,,,,,,,
PAIR,,VCP-R1-083,VCP-R1-095,False,False,20,20.0,20.0,20.0,1.0,0.02564102564102564,20.0,20.0,0.0,0.0,,27,,,,,,,,
PAIR,,VCP-R1-083,VCP-R1-096,False,False,20,20.0,20.0,20.0,2.0,0.05263157894736842,20.0,20.0,0.0,0.0,,27,,,,,,,,
PAIR,,VCP-R1-083,VCP-R1-097,False,False,20,20.0,20.0,20.0,0.0,0.0,20.0,20.0,0.0,0.0,,27,,,,,,,,
PAIR,,VCP-R1-083,VCP-R1-098,False,False,20,20.0,20.0,20.0,1.0,0.02564102564102564,20.0,20.0,0.0,0.0,,27,,,,,,,,
PAIR,,VCP-R1-083,VCP-R1-099,False,False,20,20.0,20.0,20.0,1.0,0.02564102564102564,20.0,20.0,0.0,0.0,,27,,,,,,,,
PAIR,,VCP-R1-083,VCP-R1-100,False,False,20,20.0,20.0,19.0,3.0,0.08333333333333333,20.0,20.0,2.0,0.05263157894736842,,27,,,,,,,,
PAIR,,VCP-R1-083,VCP-R1-101,False,False,20,20.0,20.0,19.0,5.0,0.14705882352941177,20.0,20.0,4.0,0.1111111111111111,,27,,,,,,,,
PAIR,,VCP-R1-083,VCP-R1-102,False,False,20,20.0,20.0,19.0,6.0,0.18181818181818182,20.0,20.0,6.0,0.17647058823529413,,27,,,,,,,,
PAIR,,VCP-R1-083,VCP-R1-103,False,False,20,20.0,20.0,19.0,2.0,0.05405405405405406,20.0,20.0,0.0,0.0,,27,,,,,,,,
PAIR,,VCP-R1-083,VCP-R1-104,False,False,20,20.0,20.0,20.0,2.0,0.05263157894736842,20.0,20.0,0.0,0.0,,27,,,,,,,,
PAIR,,VCP-R1-083,VCP-R1-105,False,False,20,20.0,20.0,20.0,2.0,0.05263157894736842,20.0,20.0,0.0,0.0,,27,,,,,,,,
PAIR,,VCP-R1-083,VCP-R1-106,False,False,20,20.0,20.0,19.0,1.0,0.02631578947368421,20.0,20.0,0.0,0.0,,27,,,,,,,,
PAIR,,VCP-R1-083,VCP-R1-107,False,False,20,20.0,20.0,20.0,1.0,0.02564102564102564,20.0,20.0,0.0,0.0,,27,,,,,,,,
PAIR,,VCP-R1-083,VCP-R1-108,False,False,20,20.0,20.0,20.0,1.0,0.02564102564102564,20.0,20.0,0.0,0.0,,27,,,,,,,,
PAIR,,VCP-R1-084,VCP-R1-085,False,False,18,20.0,18.0,19.0,1.0,0.027777777777777776,18.0,20.0,0.0,0.0,,27,,,,,,,,
PAIR,,VCP-R1-084,VCP-R1-086,False,False,18,20.0,18.0,20.0,5.0,0.15151515151515152,18.0,20.0,4.0,0.11764705882352941,,27,,,,,,,,
PAIR,,VCP-R1-084,VCP-R1-087,False,False,18,20.0,18.0,19.0,5.0,0.15625,18.0,20.0,5.0,0.15151515151515152,,27,,,,,,,,
PAIR,,VCP-R1-084,VCP-R1-088,False,False,18,20.0,18.0,19.0,0.0,0.0,18.0,20.0,0.0,0.0,,27,,,,,,,,
PAIR,,VCP-R1-084,VCP-R1-089,False,False,18,20.0,18.0,19.0,0.0,0.0,18.0,20.0,0.0,0.0,,27,,,,,,,,
PAIR,,VCP-R1-084,VCP-R1-090,False,False,18,20.0,18.0,20.0,1.0,0.02702702702702703,18.0,20.0,0.0,0.0,,27,,,,,,,,
PAIR,,VCP-R1-084,VCP-R1-091,False,False,18,20.0,18.0,19.0,2.0,0.05714285714285714,18.0,20.0,2.0,0.05555555555555555,,27,,,,,,,,
PAIR,,VCP-R1-084,VCP-R1-092,False,False,18,20.0,18.0,19.0,5.0,0.15625,18.0,20.0,5.0,0.15151515151515152,,27,,,,,,,,
PAIR,,VCP-R1-084,VCP-R1-093,False,False,18,20.0,18.0,19.0,6.0,0.1935483870967742,18.0,20.0,6.0,0.1875,,27,,,,,,,,
PAIR,,VCP-R1-084,VCP-R1-094,False,False,18,20.0,18.0,19.0,1.0,0.027777777777777776,18.0,20.0,0.0,0.0,,27,,,,,,,,
PAIR,,VCP-R1-084,VCP-R1-095,False,False,18,20.0,18.0,20.0,1.0,0.02702702702702703,18.0,20.0,0.0,0.0,,27,,,,,,,,
PAIR,,VCP-R1-084,VCP-R1-096,False,False,18,20.0,18.0,20.0,2.0,0.05555555555555555,18.0,20.0,0.0,0.0,,27,,,,,,,,
PAIR,,VCP-R1-084,VCP-R1-097,False,False,18,20.0,18.0,20.0,0.0,0.0,18.0,20.0,0.0,0.0,,27,,,,,,,,
PAIR,,VCP-R1-084,VCP-R1-098,False,False,18,20.0,18.0,20.0,1.0,0.02702702702702703,18.0,20.0,0.0,0.0,,27,,,,,,,,
PAIR,,VCP-R1-084,VCP-R1-099,False,False,18,20.0,18.0,20.0,1.0,0.02702702702702703,18.0,20.0,0.0,0.0,,27,,,,,,,,
PAIR,,VCP-R1-084,VCP-R1-100,False,False,18,20.0,18.0,19.0,3.0,0.08823529411764706,18.0,20.0,2.0,0.05555555555555555,,27,,,,,,,,
PAIR,,VCP-R1-084,VCP-R1-101,False,False,18,20.0,18.0,19.0,5.0,0.15625,18.0,20.0,4.0,0.11764705882352941,,27,,,,,,,,
PAIR,,VCP-R1-084,VCP-R1-102,False,False,18,20.0,18.0,19.0,6.0,0.1935483870967742,18.0,20.0,6.0,0.1875,,27,,,,,,,,
PAIR,,VCP-R1-084,VCP-R1-103,False,False,18,20.0,18.0,19.0,2.0,0.05714285714285714,18.0,20.0,0.0,0.0,,27,,,,,,,,
PAIR,,VCP-R1-084,VCP-R1-104,False,False,18,20.0,18.0,20.0,2.0,0.05555555555555555,18.0,20.0,0.0,0.0,,27,,,,,,,,
PAIR,,VCP-R1-084,VCP-R1-105,False,False,18,20.0,18.0,20.0,2.0,0.05555555555555555,18.0,20.0,0.0,0.0,,27,,,,,,,,
PAIR,,VCP-R1-084,VCP-R1-106,False,False,18,20.0,18.0,19.0,1.0,0.027777777777777776,18.0,20.0,0.0,0.0,,27,,,,,,,,
PAIR,,VCP-R1-084,VCP-R1-107,False,False,18,20.0,18.0,20.0,1.0,0.02702702702702703,18.0,20.0,0.0,0.0,,27,,,,,,,,
PAIR,,VCP-R1-084,VCP-R1-108,False,False,18,20.0,18.0,20.0,1.0,0.02702702702702703,18.0,20.0,0.0,0.0,,27,,,,,,,,
PAIR,,VCP-R1-085,VCP-R1-086,False,False,20,20.0,19.0,20.0,13.0,0.5,20.0,20.0,13.0,0.48148148148148145,,27,,,,,,,,
PAIR,,VCP-R1-085,VCP-R1-087,False,False,20,20.0,19.0,19.0,10.0,0.35714285714285715,20.0,20.0,10.0,0.3333333333333333,,27,,,,,,,,
PAIR,,VCP-R1-085,VCP-R1-088,False,False,20,20.0,19.0,19.0,7.0,0.22580645161290322,20.0,20.0,8.0,0.25,,27,,,,,,,,
PAIR,,VCP-R1-085,VCP-R1-089,False,False,20,20.0,19.0,19.0,6.0,0.1875,20.0,20.0,6.0,0.17647058823529413,,27,,,,,,,,
PAIR,,VCP-R1-085,VCP-R1-090,False,False,20,20.0,19.0,20.0,8.0,0.25806451612903225,20.0,20.0,8.0,0.25,,27,,,,,,,,
PAIR,,VCP-R1-085,VCP-R1-091,False,False,20,20.0,19.0,19.0,3.0,0.08571428571428572,20.0,20.0,2.0,0.05263157894736842,,27,,,,,,,,
PAIR,,VCP-R1-085,VCP-R1-092,False,False,20,20.0,19.0,19.0,1.0,0.02702702702702703,20.0,20.0,0.0,0.0,,27,,,,,,,,
PAIR,,VCP-R1-085,VCP-R1-093,False,False,20,20.0,19.0,19.0,1.0,0.02702702702702703,20.0,20.0,0.0,0.0,,27,,,,,,,,
PAIR,,VCP-R1-085,VCP-R1-094,False,False,20,20.0,19.0,19.0,7.0,0.22580645161290322,20.0,20.0,8.0,0.25,,27,,,,,,,,
PAIR,,VCP-R1-085,VCP-R1-095,False,False,20,20.0,19.0,20.0,4.0,0.11428571428571428,20.0,20.0,4.0,0.1111111111111111,,27,,,,,,,,
PAIR,,VCP-R1-085,VCP-R1-096,False,False,20,20.0,19.0,20.0,10.0,0.3448275862068966,20.0,20.0,10.0,0.3333333333333333,,27,,,,,,,,
PAIR,,VCP-R1-085,VCP-R1-097,False,False,20,20.0,19.0,20.0,3.0,0.08333333333333333,20.0,20.0,3.0,0.08108108108108109,,27,,,,,,,,
PAIR,,VCP-R1-085,VCP-R1-098,False,False,20,20.0,19.0,20.0,2.0,0.05405405405405406,20.0,20.0,2.0,0.05263157894736842,,27,,,,,,,,
PAIR,,VCP-R1-085,VCP-R1-099,False,False,20,20.0,19.0,20.0,3.0,0.08333333333333333,20.0,20.0,3.0,0.08108108108108109,,27,,,,,,,,
PAIR,,VCP-R1-085,VCP-R1-100,False,False,20,20.0,19.0,19.0,3.0,0.08571428571428572,20.0,20.0,2.0,0.05263157894736842,,27,,,,,,,,
PAIR,,VCP-R1-085,VCP-R1-101,False,False,20,20.0,19.0,19.0,0.0,0.0,20.0,20.0,0.0,0.0,,27,,,,,,,,
PAIR,,VCP-R1-085,VCP-R1-102,False,False,20,20.0,19.0,19.0,1.0,0.02702702702702703,20.0,20.0,0.0,0.0,,27,,,,,,,,
PAIR,,VCP-R1-085,VCP-R1-103,False,False,20,20.0,19.0,19.0,5.0,0.15151515151515152,20.0,20.0,6.0,0.17647058823529413,,27,,,,,,,,
PAIR,,VCP-R1-085,VCP-R1-104,False,False,20,20.0,19.0,20.0,3.0,0.08333333333333333,20.0,20.0,3.0,0.08108108108108109,,27,,,,,,,,
PAIR,,VCP-R1-085,VCP-R1-105,False,False,20,20.0,19.0,20.0,9.0,0.3,20.0,20.0,9.0,0.2903225806451613,,27,,,,,,,,
PAIR,,VCP-R1-085,VCP-R1-106,False,False,20,20.0,19.0,19.0,1.0,0.02702702702702703,20.0,20.0,1.0,0.02564102564102564,,27,,,,,,,,
PAIR,,VCP-R1-085,VCP-R1-107,False,False,20,20.0,19.0,20.0,1.0,0.02631578947368421,20.0,20.0,1.0,0.02564102564102564,,27,,,,,,,,
PAIR,,VCP-R1-085,VCP-R1-108,False,False,20,20.0,19.0,20.0,3.0,0.08333333333333333,20.0,20.0,3.0,0.08108108108108109,,27,,,,,,,,
PAIR,,VCP-R1-086,VCP-R1-087,False,False,20,20.0,20.0,19.0,16.0,0.6956521739130435,20.0,20.0,16.0,0.6666666666666666,,27,,,,,,,,
PAIR,,VCP-R1-086,VCP-R1-088,False,False,20,20.0,20.0,19.0,3.0,0.08333333333333333,20.0,20.0,3.0,0.08108108108108109,,27,,,,,,,,
PAIR,,VCP-R1-086,VCP-R1-089,False,False,20,20.0,20.0,19.0,6.0,0.18181818181818182,20.0,20.0,6.0,0.17647058823529413,,27,,,,,,,,
PAIR,,VCP-R1-086,VCP-R1-090,False,False,20,20.0,20.0,20.0,8.0,0.25,20.0,20.0,8.0,0.25,,27,,,,,,,,
PAIR,,VCP-R1-086,VCP-R1-091,False,False,20,20.0,20.0,19.0,3.0,0.08333333333333333,20.0,20.0,2.0,0.05263157894736842,,27,,,,,,,,
PAIR,,VCP-R1-086,VCP-R1-092,False,False,20,20.0,20.0,19.0,5.0,0.14705882352941177,20.0,20.0,4.0,0.1111111111111111,,27,,,,,,,,
PAIR,,VCP-R1-086,VCP-R1-093,False,False,20,20.0,20.0,19.0,5.0,0.14705882352941177,20.0,20.0,4.0,0.1111111111111111,,27,,,,,,,,
PAIR,,VCP-R1-086,VCP-R1-094,False,False,20,20.0,20.0,19.0,4.0,0.11428571428571428,20.0,20.0,3.0,0.08108108108108109,,27,,,,,,,,
PAIR,,VCP-R1-086,VCP-R1-095,False,False,20,20.0,20.0,20.0,5.0,0.14285714285714285,20.0,20.0,4.0,0.1111111111111111,,27,,,,,,,,
PAIR,,VCP-R1-086,VCP-R1-096,False,False,20,20.0,20.0,20.0,11.0,0.3793103448275862,20.0,20.0,10.0,0.3333333333333333,,27,,,,,,,,
PAIR,,VCP-R1-086,VCP-R1-097,False,False,20,20.0,20.0,20.0,1.0,0.02564102564102564,20.0,20.0,1.0,0.02564102564102564,,27,,,,,,,,
PAIR,,VCP-R1-086,VCP-R1-098,False,False,20,20.0,20.0,20.0,3.0,0.08108108108108109,20.0,20.0,2.0,0.05263157894736842,,27,,,,,,,,
PAIR,,VCP-R1-086,VCP-R1-099,False,False,20,20.0,20.0,20.0,4.0,0.1111111111111111,20.0,20.0,3.0,0.08108108108108109,,27,,,,,,,,
PAIR,,VCP-R1-086,VCP-R1-100,False,False,20,20.0,20.0,19.0,3.0,0.08333333333333333,20.0,20.0,2.0,0.05263157894736842,,27,,,,,,,,
PAIR,,VCP-R1-086,VCP-R1-101,False,False,20,20.0,20.0,19.0,4.0,0.11428571428571428,20.0,20.0,4.0,0.1111111111111111,,27,,,,,,,,
PAIR,,VCP-R1-086,VCP-R1-102,False,False,20,20.0,20.0,19.0,5.0,0.14705882352941177,20.0,20.0,4.0,0.1111111111111111,,27,,,,,,,,
PAIR,,VCP-R1-086,VCP-R1-103,False,False,20,20.0,20.0,19.0,3.0,0.08333333333333333,20.0,20.0,2.0,0.05263157894736842,,27,,,,,,,,
PAIR,,VCP-R1-086,VCP-R1-104,False,False,20,20.0,20.0,20.0,4.0,0.1111111111111111,20.0,20.0,3.0,0.08108108108108109,,27,,,,,,,,
PAIR,,VCP-R1-086,VCP-R1-105,False,False,20,20.0,20.0,20.0,10.0,0.3333333333333333,20.0,20.0,9.0,0.2903225806451613,,27,,,,,,,,
PAIR,,VCP-R1-086,VCP-R1-106,False,False,20,20.0,20.0,19.0,1.0,0.02631578947368421,20.0,20.0,1.0,0.02564102564102564,,27,,,,,,,,
PAIR,,VCP-R1-086,VCP-R1-107,False,False,20,20.0,20.0,20.0,1.0,0.02564102564102564,20.0,20.0,1.0,0.02564102564102564,,27,,,,,,,,
PAIR,,VCP-R1-086,VCP-R1-108,False,False,20,20.0,20.0,20.0,4.0,0.1111111111111111,20.0,20.0,3.0,0.08108108108108109,,27,,,,,,,,
PAIR,,VCP-R1-087,VCP-R1-088,False,False,20,20.0,19.0,19.0,4.0,0.11764705882352941,20.0,20.0,3.0,0.08108108108108109,,27,,,,,,,,
PAIR,,VCP-R1-087,VCP-R1-089,False,False,20,20.0,19.0,19.0,6.0,0.1875,20.0,20.0,5.0,0.14285714285714285,,27,,,,,,,,
PAIR,,VCP-R1-087,VCP-R1-090,False,False,20,20.0,19.0,20.0,9.0,0.3,20.0,20.0,8.0,0.25,,27,,,,,,,,
PAIR,,VCP-R1-087,VCP-R1-091,False,False,20,20.0,19.0,19.0,3.0,0.08571428571428572,20.0,20.0,2.0,0.05263157894736842,,27,,,,,,,,
PAIR,,VCP-R1-087,VCP-R1-092,False,False,20,20.0,19.0,19.0,5.0,0.15151515151515152,20.0,20.0,5.0,0.14285714285714285,,27,,,,,,,,
PAIR,,VCP-R1-087,VCP-R1-093,False,False,20,20.0,19.0,19.0,5.0,0.15151515151515152,20.0,20.0,5.0,0.14285714285714285,,27,,,,,,,,
PAIR,,VCP-R1-087,VCP-R1-094,False,False,20,20.0,19.0,19.0,4.0,0.11764705882352941,20.0,20.0,3.0,0.08108108108108109,,27,,,,,,,,
PAIR,,VCP-R1-087,VCP-R1-095,False,False,20,20.0,19.0,20.0,5.0,0.14705882352941177,20.0,20.0,4.0,0.1111111111111111,,27,,,,,,,,
PAIR,,VCP-R1-087,VCP-R1-096,False,False,20,20.0,19.0,20.0,11.0,0.39285714285714285,20.0,20.0,10.0,0.3333333333333333,,27,,,,,,,,
PAIR,,VCP-R1-087,VCP-R1-097,False,False,20,20.0,19.0,20.0,2.0,0.05405405405405406,20.0,20.0,1.0,0.02564102564102564,,27,,,,,,,,
PAIR,,VCP-R1-087,VCP-R1-098,False,False,20,20.0,19.0,20.0,4.0,0.11428571428571428,20.0,20.0,2.0,0.05263157894736842,,27,,,,,,,,
PAIR,,VCP-R1-087,VCP-R1-099,False,False,20,20.0,19.0,20.0,5.0,0.14705882352941177,20.0,20.0,3.0,0.08108108108108109,,27,,,,,,,,
PAIR,,VCP-R1-087,VCP-R1-100,False,False,20,20.0,19.0,19.0,3.0,0.08571428571428572,20.0,20.0,2.0,0.05263157894736842,,27,,,,,,,,
PAIR,,VCP-R1-087,VCP-R1-101,False,False,20,20.0,19.0,19.0,4.0,0.11764705882352941,20.0,20.0,4.0,0.1111111111111111,,27,,,,,,,,
PAIR,,VCP-R1-087,VCP-R1-102,False,False,20,20.0,19.0,19.0,5.0,0.15151515151515152,20.0,20.0,5.0,0.14285714285714285,,27,,,,,,,,
PAIR,,VCP-R1-087,VCP-R1-103,False,False,20,20.0,19.0,19.0,3.0,0.08571428571428572,20.0,20.0,2.0,0.05263157894736842,,27,,,,,,,,
PAIR,,VCP-R1-087,VCP-R1-104,False,False,20,20.0,19.0,20.0,4.0,0.11428571428571428,20.0,20.0,3.0,0.08108108108108109,,27,,,,,,,,
PAIR,,VCP-R1-087,VCP-R1-105,False,False,20,20.0,19.0,20.0,10.0,0.3448275862068966,20.0,20.0,9.0,0.2903225806451613,,27,,,,,,,,
PAIR,,VCP-R1-087,VCP-R1-106,False,False,20,20.0,19.0,19.0,2.0,0.05555555555555555,20.0,20.0,1.0,0.02564102564102564,,27,,,,,,,,
PAIR,,VCP-R1-087,VCP-R1-107,False,False,20,20.0,19.0,20.0,2.0,0.05405405405405406,20.0,20.0,1.0,0.02564102564102564,,27,,,,,,,,
PAIR,,VCP-R1-087,VCP-R1-108,False,False,20,20.0,19.0,20.0,5.0,0.14705882352941177,20.0,20.0,3.0,0.08108108108108109,,27,,,,,,,,
PAIR,,VCP-R1-088,VCP-R1-089,False,False,20,20.0,19.0,19.0,13.0,0.52,20.0,20.0,13.0,0.48148148148148145,,27,,,,,,,,
PAIR,,VCP-R1-088,VCP-R1-090,False,False,20,20.0,19.0,20.0,12.0,0.4444444444444444,20.0,20.0,12.0,0.42857142857142855,,27,,,,,,,,
PAIR,,VCP-R1-088,VCP-R1-091,False,False,20,20.0,19.0,19.0,2.0,0.05555555555555555,20.0,20.0,2.0,0.05263157894736842,,27,,,,,,,,
PAIR,,VCP-R1-088,VCP-R1-092,False,False,20,20.0,19.0,19.0,0.0,0.0,20.0,20.0,0.0,0.0,,27,,,,,,,,
PAIR,,VCP-R1-088,VCP-R1-093,False,False,20,20.0,19.0,19.0,0.0,0.0,20.0,20.0,0.0,0.0,,27,,,,,,,,
PAIR,,VCP-R1-088,VCP-R1-094,False,False,20,20.0,19.0,19.0,7.0,0.22580645161290322,20.0,20.0,8.0,0.25,,27,,,,,,,,
PAIR,,VCP-R1-088,VCP-R1-095,False,False,20,20.0,19.0,20.0,3.0,0.08333333333333333,20.0,20.0,3.0,0.08108108108108109,,27,,,,,,,,
PAIR,,VCP-R1-088,VCP-R1-096,False,False,20,20.0,19.0,20.0,3.0,0.08333333333333333,20.0,20.0,3.0,0.08108108108108109,,27,,,,,,,,
PAIR,,VCP-R1-088,VCP-R1-097,False,False,20,20.0,19.0,20.0,11.0,0.39285714285714285,20.0,20.0,11.0,0.3793103448275862,,27,,,,,,,,
PAIR,,VCP-R1-088,VCP-R1-098,False,False,20,20.0,19.0,20.0,9.0,0.3,20.0,20.0,9.0,0.2903225806451613,,27,,,,,,,,
PAIR,,VCP-R1-088,VCP-R1-099,False,False,20,20.0,19.0,20.0,12.0,0.4444444444444444,20.0,20.0,12.0,0.42857142857142855,,27,,,,,,,,
PAIR,,VCP-R1-088,VCP-R1-100,False,False,20,20.0,19.0,19.0,2.0,0.05555555555555555,20.0,20.0,2.0,0.05263157894736842,,27,,,,,,,,
PAIR,,VCP-R1-088,VCP-R1-101,False,False,20,20.0,19.0,19.0,0.0,0.0,20.0,20.0,0.0,0.0,,27,,,,,,,,
PAIR,,VCP-R1-088,VCP-R1-102,False,False,20,20.0,19.0,19.0,0.0,0.0,20.0,20.0,0.0,0.0,,27,,,,,,,,
PAIR,,VCP-R1-088,VCP-R1-103,False,False,20,20.0,19.0,19.0,5.0,0.15151515151515152,20.0,20.0,6.0,0.17647058823529413,,27,,,,,,,,
PAIR,,VCP-R1-088,VCP-R1-104,False,False,20,20.0,19.0,20.0,3.0,0.08333333333333333,20.0,20.0,3.0,0.08108108108108109,,27,,,,,,,,
PAIR,,VCP-R1-088,VCP-R1-105,False,False,20,20.0,19.0,20.0,3.0,0.08333333333333333,20.0,20.0,3.0,0.08108108108108109,,27,,,,,,,,
PAIR,,VCP-R1-088,VCP-R1-106,False,False,20,20.0,19.0,19.0,8.0,0.26666666666666666,20.0,20.0,8.0,0.25,,27,,,,,,,,
PAIR,,VCP-R1-088,VCP-R1-107,False,False,20,20.0,19.0,20.0,7.0,0.21875,20.0,20.0,7.0,0.21212121212121213,,27,,,,,,,,
PAIR,,VCP-R1-088,VCP-R1-108,False,False,20,20.0,19.0,20.0,12.0,0.4444444444444444,20.0,20.0,12.0,0.42857142857142855,,27,,,,,,,,
PAIR,,VCP-R1-089,VCP-R1-090,False,False,20,20.0,19.0,20.0,15.0,0.625,20.0,20.0,15.0,0.6,,27,,,,,,,,
PAIR,,VCP-R1-089,VCP-R1-091,False,False,20,20.0,19.0,19.0,1.0,0.02702702702702703,20.0,20.0,0.0,0.0,,27,,,,,,,,
PAIR,,VCP-R1-089,VCP-R1-092,False,False,20,20.0,19.0,19.0,0.0,0.0,20.0,20.0,0.0,0.0,,27,,,,,,,,
PAIR,,VCP-R1-089,VCP-R1-093,False,False,20,20.0,19.0,19.0,0.0,0.0,20.0,20.0,0.0,0.0,,27,,,,,,,,
PAIR,,VCP-R1-089,VCP-R1-094,False,False,20,20.0,19.0,19.0,3.0,0.08571428571428572,20.0,20.0,3.0,0.08108108108108109,,27,,,,,,,,
PAIR,,VCP-R1-089,VCP-R1-095,False,False,20,20.0,19.0,20.0,4.0,0.11428571428571428,20.0,20.0,4.0,0.1111111111111111,,27,,,,,,,,
PAIR,,VCP-R1-089,VCP-R1-096,False,False,20,20.0,19.0,20.0,5.0,0.14705882352941177,20.0,20.0,5.0,0.14285714285714285,,27,,,,,,,,
PAIR,,VCP-R1-089,VCP-R1-097,False,False,20,20.0,19.0,20.0,7.0,0.21875,20.0,20.0,7.0,0.21212121212121213,,27,,,,,,,,
PAIR,,VCP-R1-089,VCP-R1-098,False,False,20,20.0,19.0,20.0,9.0,0.3,20.0,20.0,9.0,0.2903225806451613,,27,,,,,,,,
PAIR,,VCP-R1-089,VCP-R1-099,False,False,20,20.0,19.0,20.0,13.0,0.5,20.0,20.0,13.0,0.48148148148148145,,27,,,,,,,,
PAIR,,VCP-R1-089,VCP-R1-100,False,False,20,20.0,19.0,19.0,1.0,0.02702702702702703,20.0,20.0,0.0,0.0,,27,,,,,,,,
PAIR,,VCP-R1-089,VCP-R1-101,False,False,20,20.0,19.0,19.0,0.0,0.0,20.0,20.0,0.0,0.0,,27,,,,,,,,
PAIR,,VCP-R1-089,VCP-R1-102,False,False,20,20.0,19.0,19.0,0.0,0.0,20.0,20.0,0.0,0.0,,27,,,,,,,,
PAIR,,VCP-R1-089,VCP-R1-103,False,False,20,20.0,19.0,19.0,2.0,0.05555555555555555,20.0,20.0,2.0,0.05263157894736842,,27,,,,,,,,
PAIR,,VCP-R1-089,VCP-R1-104,False,False,20,20.0,19.0,20.0,3.0,0.08333333333333333,20.0,20.0,3.0,0.08108108108108109,,27,,,,,,,,
PAIR,,VCP-R1-089,VCP-R1-105,False,False,20,20.0,19.0,20.0,5.0,0.14705882352941177,20.0,20.0,5.0,0.14285714285714285,,27,,,,,,,,
PAIR,,VCP-R1-089,VCP-R1-106,False,False,20,20.0,19.0,19.0,6.0,0.1875,20.0,20.0,6.0,0.17647058823529413,,27,,,,,,,,
PAIR,,VCP-R1-089,VCP-R1-107,False,False,20,20.0,19.0,20.0,7.0,0.21875,20.0,20.0,7.0,0.21212121212121213,,27,,,,,,,,
PAIR,,VCP-R1-089,VCP-R1-108,False,False,20,20.0,19.0,20.0,12.0,0.4444444444444444,20.0,20.0,12.0,0.42857142857142855,,27,,,,,,,,
PAIR,,VCP-R1-090,VCP-R1-091,False,False,20,20.0,20.0,19.0,1.0,0.02631578947368421,20.0,20.0,0.0,0.0,,27,,,,,,,,
PAIR,,VCP-R1-090,VCP-R1-092,False,False,20,20.0,20.0,19.0,1.0,0.02631578947368421,20.0,20.0,0.0,0.0,,27,,,,,,,,
PAIR,,VCP-R1-090,VCP-R1-093,False,False,20,20.0,20.0,19.0,1.0,0.02631578947368421,20.0,20.0,0.0,0.0,,27,,,,,,,,
PAIR,,VCP-R1-090,VCP-R1-094,False,False,20,20.0,20.0,19.0,3.0,0.08333333333333333,20.0,20.0,3.0,0.08108108108108109,,27,,,,,,,,
PAIR,,VCP-R1-090,VCP-R1-095,False,False,20,20.0,20.0,20.0,4.0,0.1111111111111111,20.0,20.0,4.0,0.1111111111111111,,27,,,,,,,,
PAIR,,VCP-R1-090,VCP-R1-096,False,False,20,20.0,20.0,20.0,8.0,0.25,20.0,20.0,8.0,0.25,,27,,,,,,,,
PAIR,,VCP-R1-090,VCP-R1-097,False,False,20,20.0,20.0,20.0,6.0,0.17647058823529413,20.0,20.0,6.0,0.17647058823529413,,27,,,,,,,,
PAIR,,VCP-R1-090,VCP-R1-098,False,False,20,20.0,20.0,20.0,8.0,0.25,20.0,20.0,8.0,0.25,,27,,,,,,,,
PAIR,,VCP-R1-090,VCP-R1-099,False,False,20,20.0,20.0,20.0,13.0,0.48148148148148145,20.0,20.0,13.0,0.48148148148148145,,27,,,,,,,,
PAIR,,VCP-R1-090,VCP-R1-100,False,False,20,20.0,20.0,19.0,1.0,0.02631578947368421,20.0,20.0,0.0,0.0,,27,,,,,,,,
PAIR,,VCP-R1-090,VCP-R1-101,False,False,20,20.0,20.0,19.0,0.0,0.0,20.0,20.0,0.0,0.0,,27,,,,,,,,
PAIR,,VCP-R1-090,VCP-R1-102,False,False,20,20.0,20.0,19.0,1.0,0.02631578947368421,20.0,20.0,0.0,0.0,,27,,,,,,,,
PAIR,,VCP-R1-090,VCP-R1-103,False,False,20,20.0,20.0,19.0,2.0,0.05405405405405406,20.0,20.0,2.0,0.05263157894736842,,27,,,,,,,,
PAIR,,VCP-R1-090,VCP-R1-104,False,False,20,20.0,20.0,20.0,3.0,0.08108108108108109,20.0,20.0,3.0,0.08108108108108109,,27,,,,,,,,
PAIR,,VCP-R1-090,VCP-R1-105,False,False,20,20.0,20.0,20.0,8.0,0.25,20.0,20.0,8.0,0.25,,27,,,,,,,,
PAIR,,VCP-R1-090,VCP-R1-106,False,False,20,20.0,20.0,19.0,6.0,0.18181818181818182,20.0,20.0,6.0,0.17647058823529413,,27,,,,,,,,
PAIR,,VCP-R1-090,VCP-R1-107,False,False,20,20.0,20.0,20.0,6.0,0.17647058823529413,20.0,20.0,6.0,0.17647058823529413,,27,,,,,,,,
PAIR,,VCP-R1-090,VCP-R1-108,False,False,20,20.0,20.0,20.0,12.0,0.42857142857142855,20.0,20.0,12.0,0.42857142857142855,,27,,,,,,,,
PAIR,,VCP-R1-091,VCP-R1-092,False,False,20,20.0,19.0,19.0,15.0,0.6521739130434783,20.0,20.0,16.0,0.6666666666666666,,27,,,,,,,,
PAIR,,VCP-R1-091,VCP-R1-093,False,False,20,20.0,19.0,19.0,12.0,0.46153846153846156,20.0,20.0,13.0,0.48148148148148145,,27,,,,,,,,
PAIR,,VCP-R1-091,VCP-R1-094,False,False,20,20.0,19.0,19.0,8.0,0.26666666666666666,20.0,20.0,8.0,0.25,,27,,,,,,,,
PAIR,,VCP-R1-091,VCP-R1-095,False,False,20,20.0,19.0,20.0,9.0,0.3,20.0,20.0,9.0,0.2903225806451613,,27,,,,,,,,
PAIR,,VCP-R1-091,VCP-R1-096,False,False,20,20.0,19.0,20.0,8.0,0.25806451612903225,20.0,20.0,7.0,0.21212121212121213,,27,,,,,,,,
PAIR,,VCP-R1-091,VCP-R1-097,False,False,20,20.0,19.0,20.0,4.0,0.11428571428571428,20.0,20.0,4.0,0.1111111111111111,,27,,,,,,,,
PAIR,,VCP-R1-091,VCP-R1-098,False,False,20,20.0,19.0,20.0,5.0,0.14705882352941177,20.0,20.0,5.0,0.14285714285714285,,27,,,,,,,,
PAIR,,VCP-R1-091,VCP-R1-099,False,False,20,20.0,19.0,20.0,4.0,0.11428571428571428,20.0,20.0,4.0,0.1111111111111111,,27,,,,,,,,
PAIR,,VCP-R1-091,VCP-R1-100,False,False,20,20.0,19.0,19.0,18.0,0.9,20.0,20.0,19.0,0.9047619047619048,,27,,,,,,,,
PAIR,,VCP-R1-091,VCP-R1-101,False,False,20,20.0,19.0,19.0,15.0,0.6521739130434783,20.0,20.0,16.0,0.6666666666666666,,27,,,,,,,,
PAIR,,VCP-R1-091,VCP-R1-102,False,False,20,20.0,19.0,19.0,12.0,0.46153846153846156,20.0,20.0,13.0,0.48148148148148145,,27,,,,,,,,
PAIR,,VCP-R1-091,VCP-R1-103,False,False,20,20.0,19.0,19.0,6.0,0.1875,20.0,20.0,6.0,0.17647058823529413,,27,,,,,,,,
PAIR,,VCP-R1-091,VCP-R1-104,False,False,20,20.0,19.0,20.0,7.0,0.21875,20.0,20.0,7.0,0.21212121212121213,,27,,,,,,,,
PAIR,,VCP-R1-091,VCP-R1-105,False,False,20,20.0,19.0,20.0,7.0,0.21875,20.0,20.0,6.0,0.17647058823529413,,27,,,,,,,,
PAIR,,VCP-R1-091,VCP-R1-106,False,False,20,20.0,19.0,19.0,3.0,0.08571428571428572,20.0,20.0,3.0,0.08108108108108109,,27,,,,,,,,
PAIR,,VCP-R1-091,VCP-R1-107,False,False,20,20.0,19.0,20.0,3.0,0.08333333333333333,20.0,20.0,3.0,0.08108108108108109,,27,,,,,,,,
PAIR,,VCP-R1-091,VCP-R1-108,False,False,20,20.0,19.0,20.0,3.0,0.08333333333333333,20.0,20.0,3.0,0.08108108108108109,,27,,,,,,,,
PAIR,,VCP-R1-092,VCP-R1-093,False,False,20,20.0,19.0,19.0,16.0,0.7272727272727273,20.0,20.0,17.0,0.7391304347826086,,27,,,,,,,,
PAIR,,VCP-R1-092,VCP-R1-094,False,False,20,20.0,19.0,19.0,6.0,0.1875,20.0,20.0,6.0,0.17647058823529413,,27,,,,,,,,
PAIR,,VCP-R1-092,VCP-R1-095,False,False,20,20.0,19.0,20.0,9.0,0.3,20.0,20.0,9.0,0.2903225806451613,,27,,,,,,,,
PAIR,,VCP-R1-092,VCP-R1-096,False,False,20,20.0,19.0,20.0,8.0,0.25806451612903225,20.0,20.0,7.0,0.21212121212121213,,27,,,,,,,,
PAIR,,VCP-R1-092,VCP-R1-097,False,False,20,20.0,19.0,20.0,3.0,0.08333333333333333,20.0,20.0,3.0,0.08108108108108109,,27,,,,,,,,
PAIR,,VCP-R1-092,VCP-R1-098,False,False,20,20.0,19.0,20.0,5.0,0.14705882352941177,20.0,20.0,5.0,0.14285714285714285,,27,,,,,,,,
PAIR,,VCP-R1-092,VCP-R1-099,False,False,20,20.0,19.0,20.0,4.0,0.11428571428571428,20.0,20.0,4.0,0.1111111111111111,,27,,,,,,,,
PAIR,,VCP-R1-092,VCP-R1-100,False,False,20,20.0,19.0,19.0,14.0,0.5833333333333334,20.0,20.0,15.0,0.6,,27,,,,,,,,
PAIR,,VCP-R1-092,VCP-R1-101,False,False,20,20.0,19.0,19.0,18.0,0.9,20.0,20.0,19.0,0.9047619047619048,,27,,,,,,,,
PAIR,,VCP-R1-092,VCP-R1-102,False,False,20,20.0,19.0,19.0,16.0,0.7272727272727273,20.0,20.0,17.0,0.7391304347826086,,27,,,,,,,,
PAIR,,VCP-R1-092,VCP-R1-103,False,False,20,20.0,19.0,19.0,5.0,0.15151515151515152,20.0,20.0,5.0,0.14285714285714285,,27,,,,,,,,
PAIR,,VCP-R1-092,VCP-R1-104,False,False,20,20.0,19.0,20.0,7.0,0.21875,20.0,20.0,7.0,0.21212121212121213,,27,,,,,,,,
PAIR,,VCP-R1-092,VCP-R1-105,False,False,20,20.0,19.0,20.0,7.0,0.21875,20.0,20.0,6.0,0.17647058823529413,,27,,,,,,,,
PAIR,,VCP-R1-092,VCP-R1-106,False,False,20,20.0,19.0,19.0,3.0,0.08571428571428572,20.0,20.0,3.0,0.08108108108108109,,27,,,,,,,,
PAIR,,VCP-R1-092,VCP-R1-107,False,False,20,20.0,19.0,20.0,3.0,0.08333333333333333,20.0,20.0,3.0,0.08108108108108109,,27,,,,,,,,
PAIR,,VCP-R1-092,VCP-R1-108,False,False,20,20.0,19.0,20.0,3.0,0.08333333333333333,20.0,20.0,3.0,0.08108108108108109,,27,,,,,,,,
PAIR,,VCP-R1-093,VCP-R1-094,False,False,20,20.0,19.0,19.0,3.0,0.08571428571428572,20.0,20.0,3.0,0.08108108108108109,,27,,,,,,,,
PAIR,,VCP-R1-093,VCP-R1-095,False,False,20,20.0,19.0,20.0,6.0,0.18181818181818182,20.0,20.0,6.0,0.17647058823529413,,27,,,,,,,,
PAIR,,VCP-R1-093,VCP-R1-096,False,False,20,20.0,19.0,20.0,8.0,0.25806451612903225,20.0,20.0,7.0,0.21212121212121213,,27,,,,,,,,
PAIR,,VCP-R1-093,VCP-R1-097,False,False,20,20.0,19.0,20.0,1.0,0.02631578947368421,20.0,20.0,1.0,0.02564102564102564,,27,,,,,,,,
PAIR,,VCP-R1-093,VCP-R1-098,False,False,20,20.0,19.0,20.0,2.0,0.05405405405405406,20.0,20.0,2.0,0.05263157894736842,,27,,,,,,,,
PAIR,,VCP-R1-093,VCP-R1-099,False,False,20,20.0,19.0,20.0,4.0,0.11428571428571428,20.0,20.0,4.0,0.1111111111111111,,27,,,,,,,,
PAIR,,VCP-R1-093,VCP-R1-100,False,False,20,20.0,19.0,19.0,11.0,0.4074074074074074,20.0,20.0,12.0,0.42857142857142855,,27,,,,,,,,
PAIR,,VCP-R1-093,VCP-R1-101,False,False,20,20.0,19.0,19.0,15.0,0.6521739130434783,20.0,20.0,16.0,0.6666666666666666,,27,,,,,,,,
PAIR,,VCP-R1-093,VCP-R1-102,False,False,20,20.0,19.0,19.0,19.0,1.0,20.0,20.0,20.0,1.0,,27,,,,,,,,
PAIR,,VCP-R1-093,VCP-R1-103,False,False,20,20.0,19.0,19.0,2.0,0.05555555555555555,20.0,20.0,2.0,0.05263157894736842,,27,,,,,,,,
PAIR,,VCP-R1-093,VCP-R1-104,False,False,20,20.0,19.0,20.0,4.0,0.11428571428571428,20.0,20.0,4.0,0.1111111111111111,,27,,,,,,,,
PAIR,,VCP-R1-093,VCP-R1-105,False,False,20,20.0,19.0,20.0,7.0,0.21875,20.0,20.0,6.0,0.17647058823529413,,27,,,,,,,,
PAIR,,VCP-R1-093,VCP-R1-106,False,False,20,20.0,19.0,19.0,1.0,0.02702702702702703,20.0,20.0,1.0,0.02564102564102564,,27,,,,,,,,
PAIR,,VCP-R1-093,VCP-R1-107,False,False,20,20.0,19.0,20.0,1.0,0.02631578947368421,20.0,20.0,1.0,0.02564102564102564,,27,,,,,,,,
PAIR,,VCP-R1-093,VCP-R1-108,False,False,20,20.0,19.0,20.0,3.0,0.08333333333333333,20.0,20.0,3.0,0.08108108108108109,,27,,,,,,,,
PAIR,,VCP-R1-094,VCP-R1-095,False,False,20,20.0,19.0,20.0,14.0,0.56,20.0,20.0,14.0,0.5384615384615384,,27,,,,,,,,
PAIR,,VCP-R1-094,VCP-R1-096,False,False,20,20.0,19.0,20.0,8.0,0.25806451612903225,20.0,20.0,8.0,0.25,,27,,,,,,,,
PAIR,,VCP-R1-094,VCP-R1-097,False,False,20,20.0,19.0,20.0,11.0,0.39285714285714285,20.0,20.0,11.0,0.3793103448275862,,27,,,,,,,,
PAIR,,VCP-R1-094,VCP-R1-098,False,False,20,20.0,19.0,20.0,12.0,0.4444444444444444,20.0,20.0,12.0,0.42857142857142855,,27,,,,,,,,
PAIR,,VCP-R1-094,VCP-R1-099,False,False,20,20.0,19.0,20.0,8.0,0.25806451612903225,20.0,20.0,8.0,0.25,,27,,,,,,,,
PAIR,,VCP-R1-094,VCP-R1-100,False,False,20,20.0,19.0,19.0,8.0,0.26666666666666666,20.0,20.0,8.0,0.25,,27,,,,,,,,
PAIR,,VCP-R1-094,VCP-R1-101,False,False,20,20.0,19.0,19.0,6.0,0.1875,20.0,20.0,6.0,0.17647058823529413,,27,,,,,,,,
PAIR,,VCP-R1-094,VCP-R1-102,False,False,20,20.0,19.0,19.0,3.0,0.08571428571428572,20.0,20.0,3.0,0.08108108108108109,,27,,,,,,,,
PAIR,,VCP-R1-094,VCP-R1-103,False,False,20,20.0,19.0,19.0,16.0,0.7272727272727273,20.0,20.0,17.0,0.7391304347826086,,27,,,,,,,,
PAIR,,VCP-R1-094,VCP-R1-104,False,False,20,20.0,19.0,20.0,14.0,0.56,20.0,20.0,14.0,0.5384615384615384,,27,,,,,,,,
PAIR,,VCP-R1-094,VCP-R1-105,False,False,20,20.0,19.0,20.0,8.0,0.25806451612903225,20.0,20.0,8.0,0.25,,27,,,,,,,,
PAIR,,VCP-R1-094,VCP-R1-106,False,False,20,20.0,19.0,19.0,8.0,0.26666666666666666,20.0,20.0,8.0,0.25,,27,,,,,,,,
PAIR,,VCP-R1-094,VCP-R1-107,False,False,20,20.0,19.0,20.0,9.0,0.3,20.0,20.0,9.0,0.2903225806451613,,27,,,,,,,,
PAIR,,VCP-R1-094,VCP-R1-108,False,False,20,20.0,19.0,20.0,8.0,0.25806451612903225,20.0,20.0,8.0,0.25,,27,,,,,,,,
PAIR,,VCP-R1-095,VCP-R1-096,False,False,20,20.0,20.0,20.0,13.0,0.48148148148148145,20.0,20.0,13.0,0.48148148148148145,,27,,,,,,,,
PAIR,,VCP-R1-095,VCP-R1-097,False,False,20,20.0,20.0,20.0,9.0,0.2903225806451613,20.0,20.0,9.0,0.2903225806451613,,27,,,,,,,,
PAIR,,VCP-R1-095,VCP-R1-098,False,False,20,20.0,20.0,20.0,12.0,0.42857142857142855,20.0,20.0,12.0,0.42857142857142855,,27,,,,,,,,
PAIR,,VCP-R1-095,VCP-R1-099,False,False,20,20.0,20.0,20.0,9.0,0.2903225806451613,20.0,20.0,9.0,0.2903225806451613,,27,,,,,,,,
PAIR,,VCP-R1-095,VCP-R1-100,False,False,20,20.0,20.0,19.0,9.0,0.3,20.0,20.0,9.0,0.2903225806451613,,27,,,,,,,,
PAIR,,VCP-R1-095,VCP-R1-101,False,False,20,20.0,20.0,19.0,9.0,0.3,20.0,20.0,9.0,0.2903225806451613,,27,,,,,,,,
PAIR,,VCP-R1-095,VCP-R1-102,False,False,20,20.0,20.0,19.0,6.0,0.18181818181818182,20.0,20.0,6.0,0.17647058823529413,,27,,,,,,,,
PAIR,,VCP-R1-095,VCP-R1-103,False,False,20,20.0,20.0,19.0,12.0,0.4444444444444444,20.0,20.0,12.0,0.42857142857142855,,27,,,,,,,,
PAIR,,VCP-R1-095,VCP-R1-104,False,False,20,20.0,20.0,20.0,17.0,0.7391304347826086,20.0,20.0,17.0,0.7391304347826086,,27,,,,,,,,
PAIR,,VCP-R1-095,VCP-R1-105,False,False,20,20.0,20.0,20.0,13.0,0.48148148148148145,20.0,20.0,13.0,0.48148148148148145,,27,,,,,,,,
PAIR,,VCP-R1-095,VCP-R1-106,False,False,20,20.0,20.0,19.0,8.0,0.25806451612903225,20.0,20.0,8.0,0.25,,27,,,,,,,,
PAIR,,VCP-R1-095,VCP-R1-107,False,False,20,20.0,20.0,20.0,9.0,0.2903225806451613,20.0,20.0,9.0,0.2903225806451613,,27,,,,,,,,
PAIR,,VCP-R1-095,VCP-R1-108,False,False,20,20.0,20.0,20.0,8.0,0.25,20.0,20.0,8.0,0.25,,27,,,,,,,,
PAIR,,VCP-R1-096,VCP-R1-097,False,False,20,20.0,20.0,20.0,4.0,0.1111111111111111,20.0,20.0,4.0,0.1111111111111111,,27,,,,,,,,
PAIR,,VCP-R1-096,VCP-R1-098,False,False,20,20.0,20.0,20.0,6.0,0.17647058823529413,20.0,20.0,6.0,0.17647058823529413,,27,,,,,,,,
PAIR,,VCP-R1-096,VCP-R1-099,False,False,20,20.0,20.0,20.0,9.0,0.2903225806451613,20.0,20.0,9.0,0.2903225806451613,,27,,,,,,,,
PAIR,,VCP-R1-096,VCP-R1-100,False,False,20,20.0,20.0,19.0,8.0,0.25806451612903225,20.0,20.0,7.0,0.21212121212121213,,27,,,,,,,,
PAIR,,VCP-R1-096,VCP-R1-101,False,False,20,20.0,20.0,19.0,7.0,0.21875,20.0,20.0,7.0,0.21212121212121213,,27,,,,,,,,
PAIR,,VCP-R1-096,VCP-R1-102,False,False,20,20.0,20.0,19.0,8.0,0.25806451612903225,20.0,20.0,7.0,0.21212121212121213,,27,,,,,,,,
PAIR,,VCP-R1-096,VCP-R1-103,False,False,20,20.0,20.0,19.0,6.0,0.18181818181818182,20.0,20.0,6.0,0.17647058823529413,,27,,,,,,,,
PAIR,,VCP-R1-096,VCP-R1-104,False,False,20,20.0,20.0,20.0,10.0,0.3333333333333333,20.0,20.0,10.0,0.3333333333333333,,27,,,,,,,,
PAIR,,VCP-R1-096,VCP-R1-105,False,False,20,20.0,20.0,20.0,18.0,0.8181818181818182,20.0,20.0,18.0,0.8181818181818182,,27,,,,,,,,
PAIR,,VCP-R1-096,VCP-R1-106,False,False,20,20.0,20.0,19.0,3.0,0.08333333333333333,20.0,20.0,3.0,0.08108108108108109,,27,,,,,,,,
PAIR,,VCP-R1-096,VCP-R1-107,False,False,20,20.0,20.0,20.0,4.0,0.1111111111111111,20.0,20.0,4.0,0.1111111111111111,,27,,,,,,,,
PAIR,,VCP-R1-096,VCP-R1-108,False,False,20,20.0,20.0,20.0,8.0,0.25,20.0,20.0,8.0,0.25,,27,,,,,,,,
PAIR,,VCP-R1-097,VCP-R1-098,False,False,20,20.0,20.0,20.0,16.0,0.6666666666666666,20.0,20.0,16.0,0.6666666666666666,,27,,,,,,,,
PAIR,,VCP-R1-097,VCP-R1-099,False,False,20,20.0,20.0,20.0,10.0,0.3333333333333333,20.0,20.0,10.0,0.3333333333333333,,27,,,,,,,,
PAIR,,VCP-R1-097,VCP-R1-100,False,False,20,20.0,20.0,19.0,4.0,0.11428571428571428,20.0,20.0,4.0,0.1111111111111111,,27,,,,,,,,
PAIR,,VCP-R1-097,VCP-R1-101,False,False,20,20.0,20.0,19.0,3.0,0.08333333333333333,20.0,20.0,3.0,0.08108108108108109,,27,,,,,,,,
PAIR,,VCP-R1-097,VCP-R1-102,False,False,20,20.0,20.0,19.0,1.0,0.02631578947368421,20.0,20.0,1.0,0.02564102564102564,,27,,,,,,,,
PAIR,,VCP-R1-097,VCP-R1-103,False,False,20,20.0,20.0,19.0,11.0,0.39285714285714285,20.0,20.0,11.0,0.3793103448275862,,27,,,,,,,,
PAIR,,VCP-R1-097,VCP-R1-104,False,False,20,20.0,20.0,20.0,9.0,0.2903225806451613,20.0,20.0,9.0,0.2903225806451613,,27,,,,,,,,
PAIR,,VCP-R1-097,VCP-R1-105,False,False,20,20.0,20.0,20.0,4.0,0.1111111111111111,20.0,20.0,4.0,0.1111111111111111,,27,,,,,,,,
PAIR,,VCP-R1-097,VCP-R1-106,False,False,20,20.0,20.0,19.0,16.0,0.6956521739130435,20.0,20.0,16.0,0.6666666666666666,,27,,,,,,,,
PAIR,,VCP-R1-097,VCP-R1-107,False,False,20,20.0,20.0,20.0,16.0,0.6666666666666666,20.0,20.0,16.0,0.6666666666666666,,27,,,,,,,,
PAIR,,VCP-R1-097,VCP-R1-108,False,False,20,20.0,20.0,20.0,10.0,0.3333333333333333,20.0,20.0,10.0,0.3333333333333333,,27,,,,,,,,
PAIR,,VCP-R1-098,VCP-R1-099,False,False,20,20.0,20.0,20.0,13.0,0.48148148148148145,20.0,20.0,13.0,0.48148148148148145,,27,,,,,,,,
PAIR,,VCP-R1-098,VCP-R1-100,False,False,20,20.0,20.0,19.0,5.0,0.14705882352941177,20.0,20.0,5.0,0.14285714285714285,,27,,,,,,,,
PAIR,,VCP-R1-098,VCP-R1-101,False,False,20,20.0,20.0,19.0,5.0,0.14705882352941177,20.0,20.0,5.0,0.14285714285714285,,27,,,,,,,,
PAIR,,VCP-R1-098,VCP-R1-102,False,False,20,20.0,20.0,19.0,2.0,0.05405405405405406,20.0,20.0,2.0,0.05263157894736842,,27,,,,,,,,
PAIR,,VCP-R1-098,VCP-R1-103,False,False,20,20.0,20.0,19.0,12.0,0.4444444444444444,20.0,20.0,12.0,0.42857142857142855,,27,,,,,,,,
PAIR,,VCP-R1-098,VCP-R1-104,False,False,20,20.0,20.0,20.0,12.0,0.42857142857142855,20.0,20.0,12.0,0.42857142857142855,,27,,,,,,,,
PAIR,,VCP-R1-098,VCP-R1-105,False,False,20,20.0,20.0,20.0,6.0,0.17647058823529413,20.0,20.0,6.0,0.17647058823529413,,27,,,,,,,,
PAIR,,VCP-R1-098,VCP-R1-106,False,False,20,20.0,20.0,19.0,14.0,0.56,20.0,20.0,14.0,0.5384615384615384,,27,,,,,,,,
PAIR,,VCP-R1-098,VCP-R1-107,False,False,20,20.0,20.0,20.0,16.0,0.6666666666666666,20.0,20.0,16.0,0.6666666666666666,,27,,,,,,,,
PAIR,,VCP-R1-098,VCP-R1-108,False,False,20,20.0,20.0,20.0,13.0,0.48148148148148145,20.0,20.0,13.0,0.48148148148148145,,27,,,,,,,,
PAIR,,VCP-R1-099,VCP-R1-100,False,False,20,20.0,20.0,19.0,4.0,0.11428571428571428,20.0,20.0,4.0,0.1111111111111111,,27,,,,,,,,
PAIR,,VCP-R1-099,VCP-R1-101,False,False,20,20.0,20.0,19.0,4.0,0.11428571428571428,20.0,20.0,4.0,0.1111111111111111,,27,,,,,,,,
PAIR,,VCP-R1-099,VCP-R1-102,False,False,20,20.0,20.0,19.0,4.0,0.11428571428571428,20.0,20.0,4.0,0.1111111111111111,,27,,,,,,,,
PAIR,,VCP-R1-099,VCP-R1-103,False,False,20,20.0,20.0,19.0,6.0,0.18181818181818182,20.0,20.0,6.0,0.17647058823529413,,27,,,,,,,,
PAIR,,VCP-R1-099,VCP-R1-104,False,False,20,20.0,20.0,20.0,9.0,0.2903225806451613,20.0,20.0,9.0,0.2903225806451613,,27,,,,,,,,
PAIR,,VCP-R1-099,VCP-R1-105,False,False,20,20.0,20.0,20.0,9.0,0.2903225806451613,20.0,20.0,9.0,0.2903225806451613,,27,,,,,,,,
PAIR,,VCP-R1-099,VCP-R1-106,False,False,20,20.0,20.0,19.0,9.0,0.3,20.0,20.0,9.0,0.2903225806451613,,27,,,,,,,,
PAIR,,VCP-R1-099,VCP-R1-107,False,False,20,20.0,20.0,20.0,10.0,0.3333333333333333,20.0,20.0,10.0,0.3333333333333333,,27,,,,,,,,
PAIR,,VCP-R1-099,VCP-R1-108,False,False,20,20.0,20.0,20.0,18.0,0.8181818181818182,20.0,20.0,18.0,0.8181818181818182,,27,,,,,,,,
PAIR,,VCP-R1-100,VCP-R1-101,False,False,20,20.0,19.0,19.0,15.0,0.6521739130434783,20.0,20.0,16.0,0.6666666666666666,,27,,,,,,,,
PAIR,,VCP-R1-100,VCP-R1-102,False,False,20,20.0,19.0,19.0,11.0,0.4074074074074074,20.0,20.0,12.0,0.42857142857142855,,27,,,,,,,,
PAIR,,VCP-R1-100,VCP-R1-103,False,False,20,20.0,19.0,19.0,7.0,0.22580645161290322,20.0,20.0,7.0,0.21212121212121213,,27,,,,,,,,
PAIR,,VCP-R1-100,VCP-R1-104,False,False,20,20.0,19.0,20.0,8.0,0.25806451612903225,20.0,20.0,8.0,0.25,,27,,,,,,,,
PAIR,,VCP-R1-100,VCP-R1-105,False,False,20,20.0,19.0,20.0,7.0,0.21875,20.0,20.0,6.0,0.17647058823529413,,27,,,,,,,,
PAIR,,VCP-R1-100,VCP-R1-106,False,False,20,20.0,19.0,19.0,4.0,0.11764705882352941,20.0,20.0,4.0,0.1111111111111111,,27,,,,,,,,
PAIR,,VCP-R1-100,VCP-R1-107,False,False,20,20.0,19.0,20.0,4.0,0.11428571428571428,20.0,20.0,4.0,0.1111111111111111,,27,,,,,,,,
PAIR,,VCP-R1-100,VCP-R1-108,False,False,20,20.0,19.0,20.0,3.0,0.08333333333333333,20.0,20.0,3.0,0.08108108108108109,,27,,,,,,,,
PAIR,,VCP-R1-101,VCP-R1-102,False,False,20,20.0,19.0,19.0,15.0,0.6521739130434783,20.0,20.0,16.0,0.6666666666666666,,27,,,,,,,,
PAIR,,VCP-R1-101,VCP-R1-103,False,False,20,20.0,19.0,19.0,6.0,0.1875,20.0,20.0,6.0,0.17647058823529413,,27,,,,,,,,
PAIR,,VCP-R1-101,VCP-R1-104,False,False,20,20.0,19.0,20.0,8.0,0.25806451612903225,20.0,20.0,8.0,0.25,,27,,,,,,,,
PAIR,,VCP-R1-101,VCP-R1-105,False,False,20,20.0,19.0,20.0,6.0,0.18181818181818182,20.0,20.0,6.0,0.17647058823529413,,27,,,,,,,,
PAIR,,VCP-R1-101,VCP-R1-106,False,False,20,20.0,19.0,19.0,4.0,0.11764705882352941,20.0,20.0,4.0,0.1111111111111111,,27,,,,,,,,
PAIR,,VCP-R1-101,VCP-R1-107,False,False,20,20.0,19.0,20.0,4.0,0.11428571428571428,20.0,20.0,4.0,0.1111111111111111,,27,,,,,,,,
PAIR,,VCP-R1-101,VCP-R1-108,False,False,20,20.0,19.0,20.0,3.0,0.08333333333333333,20.0,20.0,3.0,0.08108108108108109,,27,,,,,,,,
PAIR,,VCP-R1-102,VCP-R1-103,False,False,20,20.0,19.0,19.0,2.0,0.05555555555555555,20.0,20.0,2.0,0.05263157894736842,,27,,,,,,,,
PAIR,,VCP-R1-102,VCP-R1-104,False,False,20,20.0,19.0,20.0,4.0,0.11428571428571428,20.0,20.0,4.0,0.1111111111111111,,27,,,,,,,,
PAIR,,VCP-R1-102,VCP-R1-105,False,False,20,20.0,19.0,20.0,7.0,0.21875,20.0,20.0,6.0,0.17647058823529413,,27,,,,,,,,
PAIR,,VCP-R1-102,VCP-R1-106,False,False,20,20.0,19.0,19.0,1.0,0.02702702702702703,20.0,20.0,1.0,0.02564102564102564,,27,,,,,,,,
PAIR,,VCP-R1-102,VCP-R1-107,False,False,20,20.0,19.0,20.0,1.0,0.02631578947368421,20.0,20.0,1.0,0.02564102564102564,,27,,,,,,,,
PAIR,,VCP-R1-102,VCP-R1-108,False,False,20,20.0,19.0,20.0,3.0,0.08333333333333333,20.0,20.0,3.0,0.08108108108108109,,27,,,,,,,,
PAIR,,VCP-R1-103,VCP-R1-104,False,False,20,20.0,19.0,20.0,15.0,0.625,20.0,20.0,15.0,0.6,,27,,,,,,,,
PAIR,,VCP-R1-103,VCP-R1-105,False,False,20,20.0,19.0,20.0,8.0,0.25806451612903225,20.0,20.0,8.0,0.25,,27,,,,,,,,
PAIR,,VCP-R1-103,VCP-R1-106,False,False,20,20.0,19.0,19.0,10.0,0.35714285714285715,20.0,20.0,10.0,0.3333333333333333,,27,,,,,,,,
PAIR,,VCP-R1-103,VCP-R1-107,False,False,20,20.0,19.0,20.0,12.0,0.4444444444444444,20.0,20.0,12.0,0.42857142857142855,,27,,,,,,,,
PAIR,,VCP-R1-103,VCP-R1-108,False,False,20,20.0,19.0,20.0,8.0,0.25806451612903225,20.0,20.0,8.0,0.25,,27,,,,,,,,
PAIR,,VCP-R1-104,VCP-R1-105,False,False,20,20.0,20.0,20.0,12.0,0.42857142857142855,20.0,20.0,12.0,0.42857142857142855,,27,,,,,,,,
PAIR,,VCP-R1-104,VCP-R1-106,False,False,20,20.0,20.0,19.0,10.0,0.3448275862068966,20.0,20.0,10.0,0.3333333333333333,,27,,,,,,,,
PAIR,,VCP-R1-104,VCP-R1-107,False,False,20,20.0,20.0,20.0,12.0,0.42857142857142855,20.0,20.0,12.0,0.42857142857142855,,27,,,,,,,,
PAIR,,VCP-R1-104,VCP-R1-108,False,False,20,20.0,20.0,20.0,10.0,0.3333333333333333,20.0,20.0,10.0,0.3333333333333333,,27,,,,,,,,
PAIR,,VCP-R1-105,VCP-R1-106,False,False,20,20.0,20.0,19.0,4.0,0.11428571428571428,20.0,20.0,4.0,0.1111111111111111,,27,,,,,,,,
PAIR,,VCP-R1-105,VCP-R1-107,False,False,20,20.0,20.0,20.0,6.0,0.17647058823529413,20.0,20.0,6.0,0.17647058823529413,,27,,,,,,,,
PAIR,,VCP-R1-105,VCP-R1-108,False,False,20,20.0,20.0,20.0,10.0,0.3333333333333333,20.0,20.0,10.0,0.3333333333333333,,27,,,,,,,,
PAIR,,VCP-R1-106,VCP-R1-107,False,False,20,20.0,19.0,20.0,17.0,0.7727272727272727,20.0,20.0,17.0,0.7391304347826086,,27,,,,,,,,
PAIR,,VCP-R1-106,VCP-R1-108,False,False,20,20.0,19.0,20.0,10.0,0.3448275862068966,20.0,20.0,10.0,0.3333333333333333,,27,,,,,,,,
PAIR,,VCP-R1-107,VCP-R1-108,False,False,20,20.0,20.0,20.0,12.0,0.42857142857142855,20.0,20.0,12.0,0.42857142857142855,,27,,,,,,,,
SENSITIVITY,VCP-R1-001,,,True,False,20,,,,,,,,,,,27,0.007052082684103351,0.00393093659598625,-0.0014415697456303168,-0.006531708756974148,120.0,119.0,117.0,115.0
SENSITIVITY,VCP-R1-002,,,True,False,20,,,,,,,,,,,27,0.012664208663971731,0.007720907873349207,-0.00040549146679969933,-0.007477271792131257,75.0,74.0,72.0,70.0
SENSITIVITY,VCP-R1-003,,,True,False,20,,,,,,,,,,,27,0.013595356170930507,0.007438679726406311,-0.0043649311661723865,-0.014100428285283418,49.0,48.0,46.0,44.0
SENSITIVITY,VCP-R1-004,,,True,False,20,,,,,,,,,,,27,0.0037782632576283106,0.0015341454891264568,-0.002162942773514437,-0.0049047328984954605,264.0,263.0,261.0,259.0
SENSITIVITY,VCP-R1-005,,,True,False,20,,,,,,,,,,,27,0.007450632980995691,0.004060282672367829,-0.0015530960538473152,-0.005640021999325572,174.0,173.0,171.0,169.0
SENSITIVITY,VCP-R1-006,,,False,False,20,,,,,,,,,,,27,0.002499265419436554,-0.0033569917187236207,-0.011622261271037125,-0.01761285903447534,102.0,101.0,99.0,97.0
SENSITIVITY,VCP-R1-007,,,False,False,20,,,,,,,,,,,27,0.001775768485526206,0.00026504025111781797,-0.00244343304872787,-0.004631401564350348,393.0,392.0,390.0,388.0
SENSITIVITY,VCP-R1-008,,,True,False,20,,,,,,,,,,,27,0.006918208262716319,0.004522032637773874,0.00021013715560718585,-0.003290380037973111,246.0,245.0,243.0,241.0
SENSITIVITY,VCP-R1-009,,,True,False,20,,,,,,,,,,,27,0.005448028505985147,0.0014981412048601097,-0.005670827400802012,-0.00989071859417459,150.0,149.0,147.0,145.0
SENSITIVITY,VCP-R1-010,,,False,False,20,,,,,,,,,,,27,0.0021471748284503864,-0.0004844426005117672,-0.005005109269746767,-0.009340179741664257,144.0,143.0,141.0,139.0
SENSITIVITY,VCP-R1-011,,,True,False,20,,,,,,,,,,,27,0.00815247544381706,0.004083068941331113,-0.0026819593952210207,-0.009155607433173603,92.0,91.0,89.0,87.0
SENSITIVITY,VCP-R1-012,,,True,False,20,,,,,,,,,,,27,0.007506400737397325,0.0021205181522063504,-0.00813137859236809,-0.01651397028646957,57.0,56.0,54.0,52.0
SENSITIVITY,VCP-R1-013,,,False,False,20,,,,,,,,,,,27,-0.0010061058321435177,-0.0029192484115832546,-0.006070856257378379,-0.008802598869234972,312.0,311.0,309.0,307.0
SENSITIVITY,VCP-R1-014,,,True,False,20,,,,,,,,,,,27,0.003188786236788229,0.0003347164293639484,-0.0043840098860936086,-0.008498646778199052,208.0,207.0,205.0,203.0
SENSITIVITY,VCP-R1-015,,,False,False,20,,,,,,,,,,,27,-0.0038214689871301235,-0.008845021133018731,-0.01593252322282751,-0.02106042328332393,120.0,119.0,117.0,115.0
SENSITIVITY,VCP-R1-016,,,False,False,20,,,,,,,,,,,27,0.0006149034625867333,-0.001461538214101407,-0.0040086778236376325,-0.006177623786248295,455.0,454.0,452.0,450.0
SENSITIVITY,VCP-R1-017,,,True,False,20,,,,,,,,,,,27,0.004138321583367781,0.002061409911571134,-0.0016716108246661414,-0.004946448233946638,285.0,284.0,282.0,280.0
SENSITIVITY,VCP-R1-018,,,False,False,20,,,,,,,,,,,27,0.00017531472833483568,-0.0033383297784419625,-0.0097066610778368,-0.013463969504461602,170.0,169.0,167.0,165.0
SENSITIVITY,VCP-R1-019,,,False,False,20,,,,,,,,,,,27,0.0007283911697212662,-0.00182390664109169,-0.006208104781114251,-0.010409360243748044,149.0,148.0,146.0,144.0
SENSITIVITY,VCP-R1-020,,,True,False,20,,,,,,,,,,,27,0.007427899708360189,0.0034806596289806376,-0.00307686581208285,-0.009343501280256164,95.0,94.0,92.0,90.0
SENSITIVITY,VCP-R1-021,,,True,False,20,,,,,,,,,,,27,0.00639145955824494,0.0012605381014678702,-0.008481959868856635,-0.016420067698788527,60.0,59.0,57.0,55.0
SENSITIVITY,VCP-R1-022,,,False,False,20,,,,,,,,,,,27,0.0010837922793694448,-0.001854608735176223,-0.005325026181792828,-0.008259189055801698,320.0,319.0,317.0,315.0
SENSITIVITY,VCP-R1-023,,,False,False,20,,,,,,,,,,,27,0.0025468812374963012,-0.000256125184949761,-0.004890194935655139,-0.008930212612933062,212.0,211.0,209.0,207.0
SENSITIVITY,VCP-R1-024,,,False,False,20,,,,,,,,,,,27,-0.0046927822045028265,-0.009560050648227354,-0.016425073817963258,-0.02138888565113435,124.0,123.0,121.0,119.0
SENSITIVITY,VCP-R1-025,,,False,False,20,,,,,,,,,,,27,0.002111742861396484,9.198388753895607e-05,-0.0032102380618532307,-0.005511656121519375,467.0,466.0,464.0,462.0
SENSITIVITY,VCP-R1-026,,,True,False,20,,,,,,,,,,,27,0.003870491836147945,0.0018426198617923948,-0.001801495805053525,-0.004997364252995386,292.0,291.0,289.0,287.0
SENSITIVITY,VCP-R1-027,,,False,False,20,,,,,,,,,,,27,-0.0005375012131368587,-0.003974025707857963,-0.010200825233341992,-0.013875051379520121,174.0,173.0,171.0,169.0
SENSITIVITY,VCP-R1-028,,,False,False,20,,,,,,,,,,,27,-0.0027447154753328503,-0.010813096815741286,-0.02167559478639654,-0.029555068530115653,63.0,62.0,60.0,58.0
SENSITIVITY,VCP-R1-029,,,False,False,20,,,,,,,,,,,27,0.0025416775300825317,-0.006397384553388574,-0.018243302794213365,-0.025996522595526733,39.0,38.0,36.0,34.0
SENSITIVITY,VCP-R1-030,,,True,False,20,,,,,,,,,,,27,0.0029025795658780434,-0.014063593290927285,-0.0334692267870115,-0.040524769267479846,21.0,20.0,18.0,16.0
SENSITIVITY,VCP-R1-031,,,True,False,20,,,,,,,,,,,27,0.003928770214013591,0.0004106012580118866,-0.00461275060914949,-0.008201589332881376,170.0,169.0,167.0,165.0
SENSITIVITY,VCP-R1-032,,,True,False,20,,,,,,,,,,,27,0.004451062863261696,0.001171694185215846,-0.0042739430876615825,-0.008284306765545556,104.0,103.0,101.0,99.0
SENSITIVITY,VCP-R1-033,,,True,False,20,,,,,,,,,,,27,0.007138648134790338,0.001983457541448891,-0.004946746772229196,-0.01088996271456595,66.0,65.0,63.0,61.0
SENSITIVITY,VCP-R1-034,,,False,False,20,,,,,,,,,,,27,0.0001517497715978404,-0.0026068123909068442,-0.006700521967821734,-0.009132673258046809,272.0,271.0,269.0,267.0
SENSITIVITY,VCP-R1-035,,,False,False,20,,,,,,,,,,,27,0.0018648966036072755,-0.0025484596047167466,-0.006387263615278938,-0.009812277434440205,170.0,169.0,167.0,165.0
SENSITIVITY,VCP-R1-036,,,True,False,20,,,,,,,,,,,27,0.0037260345208000715,-0.0032927962460826393,-0.00917107307142037,-0.012835027540422109,107.0,106.0,104.0,102.0
SENSITIVITY,VCP-R1-037,,,False,False,20,,,,,,,,,,,27,-0.007419579333937414,-0.01227452651628287,-0.018822692438461894,-0.02470341437269936,105.0,104.0,102.0,100.0
SENSITIVITY,VCP-R1-038,,,False,False,20,,,,,,,,,,,27,-0.012572433171205615,-0.018388801529782502,-0.028565828615007064,-0.03431071034186335,62.0,61.0,59.0,57.0
SENSITIVITY,VCP-R1-039,,,False,False,20,,,,,,,,,,,27,-0.012104237031092176,-0.023915246155528067,-0.03709398575048227,-0.04270477667193973,31.0,30.0,28.0,26.0
SENSITIVITY,VCP-R1-040,,,True,False,20,,,,,,,,,,,27,0.005120324536348669,0.002308177368126533,-0.0022774440464618643,-0.005846998272252514,241.0,240.0,238.0,236.0
SENSITIVITY,VCP-R1-041,,,False,False,20,,,,,,,,,,,27,-0.000599821548288028,-0.0053930290585552775,-0.010463055237410729,-0.014897022897502107,143.0,142.0,140.0,138.0
SENSITIVITY,VCP-R1-042,,,True,False,20,,,,,,,,,,,27,0.009571655851751307,0.0016838442157759018,-0.006697480103394006,-0.012301983153411357,86.0,85.0,83.0,81.0
SENSITIVITY,VCP-R1-043,,,True,False,20,,,,,,,,,,,27,0.0031137352254603117,0.0010792861528239523,-0.0024272424086659227,-0.005319923454790627,367.0,366.0,364.0,362.0
SENSITIVITY,VCP-R1-044,,,False,False,20,,,,,,,,,,,27,0.0017214355613012003,-0.0015941229286946523,-0.0071009615700259095,-0.010328199262617337,226.0,225.0,223.0,221.0
SENSITIVITY,VCP-R1-045,,,True,False,20,,,,,,,,,,,27,0.008661498871079873,0.003382494607227818,-0.0054441125083158435,-0.010664008331398826,141.0,140.0,138.0,136.0
SENSITIVITY,VCP-R1-046,,,False,False,20,,,,,,,,,,,27,-0.00632268570968278,-0.010902845830952532,-0.01706182326328216,-0.02257645019793675,111.0,110.0,108.0,106.0
SENSITIVITY,VCP-R1-047,,,False,False,20,,,,,,,,,,,27,-0.012600105614427853,-0.01814426408812179,-0.0278209660743303,-0.033253774963487887,65.0,64.0,62.0,60.0
SENSITIVITY,VCP-R1-048,,,False,False,20,,,,,,,,,,,27,-0.012104237031092176,-0.023915246155528067,-0.03709398575048227,-0.04270477667193973,31.0,30.0,28.0,26.0
SENSITIVITY,VCP-R1-049,,,True,False,20,,,,,,,,,,,27,0.007877515428078644,0.0052312235797259505,0.0009235576898496059,-0.0024204934854062756,255.0,254.0,252.0,250.0
SENSITIVITY,VCP-R1-050,,,False,False,20,,,,,,,,,,,27,-6.188432925373005e-05,-0.004720086584314786,-0.009639932279393144,-0.013937406160918323,147.0,146.0,144.0,142.0
SENSITIVITY,VCP-R1-051,,,True,False,20,,,,,,,,,,,27,0.010797194213546715,0.003015351763591901,-0.005234492324449414,-0.010734965147541074,87.0,86.0,84.0,82.0
SENSITIVITY,VCP-R1-052,,,True,False,20,,,,,,,,,,,27,0.005627899876456039,0.003744412069517186,0.0005019474150556308,-0.0021680324799436,395.0,394.0,392.0,390.0
SENSITIVITY,VCP-R1-053,,,False,False,20,,,,,,,,,,,27,0.002718952522744065,-0.00041131278518712614,-0.005604784805228882,-0.008639943679302013,239.0,238.0,236.0,234.0
SENSITIVITY,VCP-R1-054,,,True,False,20,,,,,,,,,,,27,0.009919949200069545,0.004866509839725041,-0.0035717106566640682,-0.008544675644241403,147.0,146.0,144.0,142.0
SENSITIVITY,VCP-R1-055,,,False,False,20,,,,,,,,,,,27,-0.033392467348620246,-0.039994988629246886,-0.05132198491036541,-0.05630824391126035,38.0,37.0,35.0,33.0
SENSITIVITY,VCP-R1-056,,,False,False,20,,,,,,,,,,,27,-0.03788983430026624,-0.04745870562083669,-0.06030169745069774,-0.06534497456154305,27.0,26.0,24.0,22.0
SENSITIVITY,VCP-R1-057,,,False,False,19,,,,,,,,,,,27,-0.05049816977188628,-0.06502033587224472,-0.07361155244369794,-0.08045548295801659,19.0,18.0,16.0,14.0
SENSITIVITY,VCP-R1-058,,,False,False,20,,,,,,,,,,,27,-0.007784612810469938,-0.010794645412383317,-0.015414381857817336,-0.0198083312591903,102.0,101.0,99.0,97.0
SENSITIVITY,VCP-R1-059,,,False,False,20,,,,,,,,,,,27,-0.011410140700353427,-0.016071334953128198,-0.023135947711780982,-0.02870812837065202,67.0,66.0,64.0,62.0
SENSITIVITY,VCP-R1-060,,,False,False,20,,,,,,,,,,,27,-0.0167242600557294,-0.023244112973198377,-0.03244640524584293,-0.03836998187385721,49.0,48.0,46.0,44.0
SENSITIVITY,VCP-R1-061,,,False,False,20,,,,,,,,,,,27,-0.0037722108038597806,-0.005476016623067791,-0.008891628394712775,-0.011861023884871594,178.0,177.0,175.0,173.0
SENSITIVITY,VCP-R1-062,,,False,False,20,,,,,,,,,,,27,-0.005360415004867032,-0.008019729339961985,-0.013402046174530382,-0.017463833801772046,115.0,114.0,112.0,110.0
SENSITIVITY,VCP-R1-063,,,False,False,20,,,,,,,,,,,27,-0.01037735073184867,-0.01435924723463607,-0.02142818938547331,-0.026479899795746713,78.0,77.0,75.0,73.0
SENSITIVITY,VCP-R1-064,,,False,False,20,,,,,,,,,,,27,-0.022493843671971145,-0.03219686191338165,-0.04000954369522496,-0.04615243123724359,65.0,64.0,62.0,60.0
SENSITIVITY,VCP-R1-065,,,False,False,20,,,,,,,,,,,27,-0.03373604797074804,-0.03929597678905062,-0.04991195959883806,-0.05597723181433428,45.0,44.0,42.0,40.0
SENSITIVITY,VCP-R1-066,,,False,False,20,,,,,,,,,,,27,-0.04216654547919506,-0.05060212432965373,-0.060309704636469556,-0.06523425089307343,31.0,30.0,28.0,26.0
SENSITIVITY,VCP-R1-067,,,False,False,20,,,,,,,,,,,27,-0.007835116162022896,-0.01198809177805252,-0.015773290811229752,-0.018953143827215548,147.0,146.0,144.0,142.0
SENSITIVITY,VCP-R1-068,,,False,False,20,,,,,,,,,,,27,-0.013722240879358187,-0.016950896305005476,-0.021779559488596258,-0.02623264182424586,97.0,96.0,94.0,92.0
SENSITIVITY,VCP-R1-069,,,False,False,20,,,,,,,,,,,27,-0.020147243063286458,-0.0247998301669051,-0.0312606919688606,-0.036791877728602644,69.0,68.0,66.0,64.0
SENSITIVITY,VCP-R1-070,,,False,False,20,,,,,,,,,,,27,-0.002758023131554896,-0.005106684642921525,-0.007485595936089172,-0.009773615398194517,257.0,256.0,254.0,252.0
SENSITIVITY,VCP-R1-071,,,False,False,20,,,,,,,,,,,27,-0.007565990950393692,-0.009394538316539513,-0.013064654094871729,-0.015801597989578878,168.0,167.0,165.0,163.0
SENSITIVITY,VCP-R1-072,,,False,False,20,,,,,,,,,,,27,-0.015775005984247772,-0.018536100550327676,-0.023387671432707646,-0.026806880827610645,114.0,113.0,111.0,109.0
SENSITIVITY,VCP-R1-073,,,False,False,20,,,,,,,,,,,27,-0.023884356362926337,-0.032650323688859124,-0.0396835583848771,-0.0451749208013013,72.0,71.0,69.0,67.0
SENSITIVITY,VCP-R1-074,,,False,False,20,,,,,,,,,,,27,-0.03336383125443793,-0.03845267815629217,-0.04810886686815207,-0.05601770281675929,49.0,48.0,46.0,44.0
SENSITIVITY,VCP-R1-075,,,False,False,20,,,,,,,,,,,27,-0.038498083375685686,-0.046291799107256046,-0.05869765499813231,-0.06348473993276875,33.0,32.0,30.0,28.0
SENSITIVITY,VCP-R1-076,,,False,False,20,,,,,,,,,,,27,-0.010621532946481998,-0.014428538301011895,-0.017909231679641265,-0.020831097128402833,161.0,160.0,158.0,156.0
SENSITIVITY,VCP-R1-077,,,False,False,20,,,,,,,,,,,27,-0.0148931251111634,-0.017884680929374404,-0.022352934934337848,-0.02646123819205031,105.0,104.0,102.0,100.0
SENSITIVITY,VCP-R1-078,,,False,False,20,,,,,,,,,,,27,-0.02003690198810683,-0.024429479515480274,-0.030510567767283326,-0.03569432718228827,73.0,72.0,70.0,68.0
SENSITIVITY,VCP-R1-079,,,False,False,20,,,,,,,,,,,27,-0.006578740149254915,-0.008687026086284726,-0.010832303810324403,-0.012893343811027656,288.0,287.0,285.0,283.0
SENSITIVITY,VCP-R1-080,,,False,False,20,,,,,,,,,,,27,-0.010921767251373683,-0.012581569329047505,-0.015907347402144424,-0.018389804772758762,187.0,186.0,184.0,182.0
SENSITIVITY,VCP-R1-081,,,False,False,20,,,,,,,,,,,27,-0.017428902862815704,-0.0199583994986673,-0.02439585003834644,-0.027518434882143974,125.0,124.0,122.0,120.0
SENSITIVITY,VCP-R1-082,,,False,False,20,,,,,,,,,,,27,-0.035850930935264425,-0.03953653610778315,-0.04489000467769614,-0.04865082219170131,36.0,35.0,33.0,31.0
SENSITIVITY,VCP-R1-083,,,False,False,20,,,,,,,,,,,27,-0.05308785463418523,-0.05612287066327327,-0.06279273071382609,-0.06913610749019944,23.0,22.0,20.0,18.0
SENSITIVITY,VCP-R1-084,,,False,False,18,,,,,,,,,,,27,-0.056518507581626146,-0.06064797849853075,-0.07014447294396882,-0.0800586472851231,18.0,17.0,15.0,13.0
SENSITIVITY,VCP-R1-085,,,False,False,20,,,,,,,,,,,27,-0.014375166722945067,-0.015851917782011653,-0.01851430956556205,-0.021186798855464352,85.0,84.0,82.0,80.0
SENSITIVITY,VCP-R1-086,,,False,False,20,,,,,,,,,,,27,-0.0219498920354551,-0.024219233660870674,-0.027928777372019358,-0.030834122870470413,59.0,58.0,56.0,54.0
SENSITIVITY,VCP-R1-087,,,False,False,20,,,,,,,,,,,27,-0.023083017858211017,-0.026170342046510066,-0.03133221191469556,-0.035352229194141195,44.0,43.0,41.0,39.0
SENSITIVITY,VCP-R1-088,,,False,False,20,,,,,,,,,,,27,-0.003454938525544434,-0.005911817739292024,-0.008599528751813305,-0.010706489868880112,147.0,146.0,144.0,142.0
SENSITIVITY,VCP-R1-089,,,False,False,20,,,,,,,,,,,27,-0.006257091400157968,-0.00963565698970714,-0.012731528558745526,-0.01510524352977748,108.0,107.0,105.0,103.0
SENSITIVITY,VCP-R1-090,,,False,False,20,,,,,,,,,,,27,-0.005788742410022713,-0.010477549800823053,-0.014834220472439883,-0.018241042744271112,78.0,77.0,75.0,73.0
SENSITIVITY,VCP-R1-091,,,False,False,20,,,,,,,,,,,27,-0.02105219633462849,-0.025446640888004815,-0.031061281046912637,-0.034350080663039975,78.0,77.0,75.0,73.0
SENSITIVITY,VCP-R1-092,,,False,False,20,,,,,,,,,,,27,-0.020073669325580308,-0.026098556889882607,-0.03392081325880562,-0.03842163164065178,57.0,56.0,54.0,52.0
SENSITIVITY,VCP-R1-093,,,False,False,20,,,,,,,,,,,27,-0.02736530749752443,-0.03213568631640535,-0.03754088507475728,-0.04232907880324122,44.0,43.0,41.0,39.0
SENSITIVITY,VCP-R1-094,,,False,False,20,,,,,,,,,,,27,-0.010376028551116445,-0.012503925062976613,-0.015318984867484642,-0.01797587822560273,155.0,154.0,152.0,150.0
SENSITIVITY,VCP-R1-095,,,False,False,20,,,,,,,,,,,27,-0.010937317626771706,-0.01374293601909752,-0.017485258733858075,-0.021050449454658605,118.0,117.0,115.0,113.0
SENSITIVITY,VCP-R1-096,,,False,False,20,,,,,,,,,,,27,-0.016014361486875288,-0.018591229158816086,-0.022752964572542188,-0.02575782058262188,81.0,80.0,78.0,76.0
SENSITIVITY,VCP-R1-097,,,False,False,20,,,,,,,,,,,27,-0.005216925941975806,-0.006694247059285554,-0.00893038763831641,-0.010678699619433692,245.0,244.0,242.0,240.0
SENSITIVITY,VCP-R1-098,,,False,False,20,,,,,,,,,,,27,-0.005510975181606177,-0.007471629539558402,-0.01045350198508594,-0.01269508978878751,185.0,184.0,182.0,180.0
SENSITIVITY,VCP-R1-099,,,False,False,20,,,,,,,,,,,27,-0.006950384467450229,-0.00982498614323637,-0.012950357161536506,-0.015708546810139,127.0,126.0,124.0,122.0
SENSITIVITY,VCP-R1-100,,,False,False,20,,,,,,,,,,,27,-0.019868918039942146,-0.024031744611735864,-0.029404210821537446,-0.03368621930803512,82.0,81.0,79.0,77.0
SENSITIVITY,VCP-R1-101,,,False,False,20,,,,,,,,,,,27,-0.017240701830884896,-0.023008990384440646,-0.03055147827943591,-0.036545524539691586,59.0,58.0,56.0,54.0
SENSITIVITY,VCP-R1-102,,,False,False,20,,,,,,,,,,,27,-0.028022075095074175,-0.03269896274983393,-0.0380022889869598,-0.04269384806784175,45.0,44.0,42.0,40.0
SENSITIVITY,VCP-R1-103,,,False,False,20,,,,,,,,,,,27,-0.006814935814866966,-0.009591680004842769,-0.012967858313587096,-0.01552107404685762,165.0,164.0,162.0,160.0
SENSITIVITY,VCP-R1-104,,,False,False,20,,,,,,,,,,,27,-0.0054968710736425265,-0.009129414932960975,-0.013568572297780631,-0.016954654490273786,126.0,125.0,123.0,121.0
SENSITIVITY,VCP-R1-105,,,False,False,20,,,,,,,,,,,27,-0.009741848749872438,-0.015071069216047278,-0.019809618887652498,-0.02279314378358482,87.0,86.0,84.0,82.0
SENSITIVITY,VCP-R1-106,,,False,False,20,,,,,,,,,,,27,-0.0028775803741154073,-0.004581160342852317,-0.00717329639472554,-0.009057952739026303,266.0,265.0,263.0,261.0
SENSITIVITY,VCP-R1-107,,,False,False,20,,,,,,,,,,,27,-0.003211956346503759,-0.005459633300173745,-0.008894250021567214,-0.011029629413457585,202.0,201.0,199.0,197.0
SENSITIVITY,VCP-R1-108,,,False,False,20,,,,,,,,,,,27,-0.004399612043439399,-0.007682008589704637,-0.011805159296538473,-0.014546112273166231,139.0,138.0,136.0,134.0
