date,stock,eligibility
2016-01-04,1333,False
2016-01-04,3431,False
2016-01-04,3452,False
2016-01-04,3562,False
2016-01-04,5317,False
2016-01-04,8266,False
2016-01-04,8913,False
2016-01-05,1333,False
2016-01-05,3431,False
2016-01-05,3452,False
2016-01-05,3562,False
2016-01-05,5317,False
2016-01-05,8266,False
2016-01-05,8913,False
2016-01-06,1333,False
2016-01-06,3431,False
2016-01-06,3452,False
2016-01-06,3562,False
2016-01-06,5317,False
2016-01-06,8266,False
2016-01-06,8913,False
2016-01-07,1333,False
2016-01-07,3431,False
2016-01-07,3452,False
2016-01-07,3562,False
2016-01-07,5317,False
2016-01-07,8266,False
2016-01-07,8913,False
2016-01-08,1333,False
2016-01-08,3431,False
2016-01-08,3452,False
2016-01-08,3562,False
2016-01-08,5317,False
2016-01-08,8266,False
2016-01-08,8913,False
2016-01-11,1333,False
2016-01-11,3431,False
2016-01-11,3452,False
2016-01-11,3562,False
2016-01-11,5317,False
2016-01-11,8266,False
2016-01-11,8913,False
2016-01-12,1333,False
2016-01-12,3431,False
2016-01-12,3452,False
2016-01-12,3562,False
2016-01-12,5317,False
2016-01-12,8266,False
2016-01-12,8913,False
2016-01-13,1333,False
2016-01-13,3431,False
2016-01-13,3452,False
2016-01-13,3562,False
2016-01-13,5317,False
2016-01-13,8266,False
2016-01-13,8913,False
2016-01-14,1333,False
2016-01-14,3431,False
2016-01-14,3452,False
2016-01-14,3562,False
2016-01-14,5317,False
2016-01-14,8266,False
2016-01-14,8913,False
2016-01-15,1333,False
2016-01-15,3431,False
2016-01-15,3452,False
2016-01-15,3562,False
2016-01-15,5317,False
2016-01-15,8266,False
2016-01-15,8913,False
2016-01-18,1333,False
2016-01-18,3431,False
2016-01-18,3452,False
2016-01-18,3562,False
2016-01-18,5317,False
2016-01-18,8266,False
2016-01-18,8913,False
2016-01-19,1333,False
2016-01-19,3431,False
2016-01-19,3452,False
2016-01-19,3562,False
2016-01-19,5317,False
2016-01-19,8266,False
2016-01-19,8913,False
2016-01-20,1333,False
2016-01-20,3431,False
2016-01-20,3452,False
2016-01-20,3562,False
2016-01-20,5317,False
2016-01-20,8266,False
2016-01-20,8913,False
2016-01-21,1333,False
2016-01-21,3431,False
2016-01-21,3452,False
2016-01-21,3562,False
2016-01-21,5317,False
2016-01-21,8266,False
2016-01-21,8913,False
2016-01-22,1333,False
2016-01-22,3431,False
2016-01-22,3452,False
2016-01-22,3562,False
2016-01-22,5317,False
2016-01-22,8266,False
2016-01-22,8913,False
2016-01-25,1333,False
2016-01-25,3431,False
2016-01-25,3452,False
2016-01-25,3562,False
2016-01-25,5317,False
2016-01-25,8266,False
2016-01-25,8913,False
2016-01-26,1333,False
2016-01-26,3431,False
2016-01-26,3452,False
2016-01-26,3562,False
2016-01-26,5317,False
2016-01-26,8266,False
2016-01-26,8913,False
2016-01-27,1333,False
2016-01-27,3431,False
2016-01-27,3452,False
2016-01-27,3562,False
2016-01-27,5317,False
2016-01-27,8266,False
2016-01-27,8913,False
2016-01-28,1333,False
2016-01-28,3431,False
2016-01-28,3452,False
2016-01-28,3562,False
2016-01-28,5317,False
2016-01-28,8266,False
2016-01-28,8913,False
2016-01-29,1333,False
2016-01-29,3431,False
2016-01-29,3452,False
2016-01-29,3562,False
2016-01-29,5317,False
2016-01-29,8266,False
2016-01-29,8913,False
2016-01-30,1776,False
2016-01-30,2424,False
2016-01-30,2718,False
2016-01-30,2739,False
2016-01-30,2748,False
2016-01-30,3147,False
2016-01-30,3332,False
2016-01-30,3346,False
2016-01-30,3485,False
2016-01-30,3629,False
2016-01-30,4402,False
2016-01-30,4438,False
2016-01-30,4543,False
2016-01-30,4554,False
2016-01-30,4744,False
2016-01-30,4760,False
2016-01-30,4806,False
2016-01-30,4943,False
2016-01-30,4961,False
2016-01-30,4967,False
2016-01-30,5222,False
2016-01-30,5283,False
2016-01-30,5455,False
2016-01-30,5876,False
2016-01-30,6291,False
2016-01-30,6416,False
2016-01-30,6469,False
2016-01-30,6472,False
2016-01-30,6482,False
2016-01-30,6486,False
2016-01-30,6491,False
2016-01-30,6492,False
2016-01-30,6517,False
2016-01-30,6534,False
2016-01-30,6541,False
2016-01-30,6552,False
2016-01-30,8077,False
2016-01-30,8478,False
2016-02-01,1333,False
2016-02-01,3431,False
2016-02-01,3452,False
2016-02-01,3562,False
2016-02-01,5317,False
2016-02-01,8266,False
2016-02-01,8913,False
2016-02-02,1333,False
2016-02-02,3431,False
2016-02-02,3452,False
2016-02-02,3562,False
2016-02-02,5317,False
2016-02-02,8266,False
2016-02-02,8913,False
2016-02-03,1333,False
2016-02-03,3431,False
2016-02-03,3452,False
2016-02-03,3562,False
2016-02-03,5317,False
2016-02-03,8266,False
2016-02-03,8913,False
2016-02-15,1333,False
2016-02-15,3431,False
2016-02-15,3452,False
2016-02-15,3562,False
2016-02-15,5317,False
2016-02-15,8266,False
2016-02-15,8913,False
2016-02-16,1333,False
2016-02-16,3431,False
2016-02-16,3452,False
2016-02-16,3562,False
2016-02-16,5317,False
2016-02-16,8266,False
2016-02-16,8913,False
2016-02-17,1333,False
2016-02-17,3431,False
2016-02-17,3452,False
2016-02-17,3562,False
2016-02-17,5317,False
2016-02-17,8266,False
2016-02-17,8913,False
2016-02-18,1333,False
2016-02-18,3431,False
2016-02-18,3452,False
2016-02-18,3562,False
2016-02-18,5317,False
2016-02-18,8266,False
2016-02-18,8913,False
2016-02-19,1333,False
2016-02-19,3431,False
2016-02-19,3452,False
2016-02-19,3562,False
2016-02-19,5317,False
2016-02-19,8266,False
2016-02-19,8913,False
2016-02-22,1333,False
2016-02-22,3431,False
2016-02-22,3452,False
2016-02-22,3562,False
2016-02-22,5317,False
2016-02-22,8266,False
2016-02-22,8913,False
2016-02-23,1333,False
2016-02-23,3431,False
2016-02-23,3452,False
2016-02-23,3562,False
2016-02-23,5317,False
2016-02-23,8266,False
2016-02-23,8913,False
2016-02-24,1333,False
2016-02-24,3431,False
2016-02-24,3452,False
2016-02-24,3562,False
2016-02-24,5317,False
2016-02-24,8266,False
2016-02-24,8913,False
2016-02-25,1333,False
2016-02-25,3431,False
2016-02-25,3452,False
2016-02-25,3562,False
2016-02-25,5317,False
2016-02-25,8266,False
2016-02-25,8913,False
2016-02-26,1333,False
2016-02-26,3431,False
2016-02-26,3452,False
2016-02-26,3562,False
2016-02-26,5317,False
2016-02-26,8266,False
2016-02-26,8913,False
2016-03-01,1333,False
2016-03-01,3431,False
2016-03-01,3452,False
2016-03-01,3562,False
2016-03-01,5317,False
2016-03-01,8266,False
2016-03-01,8913,False
2016-03-02,1333,False
2016-03-02,3431,False
2016-03-02,3452,False
2016-03-02,3562,False
2016-03-02,5317,False
2016-03-02,8266,False
2016-03-02,8913,False
2016-03-03,1333,False
2016-03-03,3431,False
2016-03-03,3452,False
2016-03-03,3562,False
2016-03-03,5317,False
2016-03-03,8266,False
2016-03-03,8913,False
2016-03-04,1333,False
2016-03-04,3431,False
2016-03-04,3452,False
2016-03-04,3562,False
2016-03-04,5317,False
2016-03-04,8266,False
2016-03-04,8913,False
2016-03-07,1333,False
2016-03-07,3431,False
2016-03-07,3452,False
2016-03-07,3562,False
2016-03-07,5317,False
2016-03-07,8266,False
2016-03-07,8913,False
2016-03-08,1333,False
2016-03-08,3431,False
2016-03-08,3452,False
2016-03-08,3562,False
2016-03-08,5317,False
2016-03-08,8266,False
2016-03-08,8913,False
2016-03-09,1333,False
2016-03-09,3431,False
2016-03-09,3452,False
2016-03-09,3562,False
2016-03-09,5317,False
2016-03-09,8266,False
2016-03-09,8913,False
2016-03-10,1333,False
2016-03-10,3431,False
2016-03-10,3452,False
2016-03-10,3562,False
2016-03-10,5317,False
2016-03-10,8266,False
2016-03-10,8913,False
2016-03-11,1333,False
2016-03-11,3431,False
2016-03-11,3452,False
2016-03-11,3562,False
2016-03-11,5317,False
2016-03-11,8266,False
2016-03-11,8913,False
2016-03-14,1333,False
2016-03-14,3431,False
2016-03-14,3452,False
2016-03-14,3562,False
2016-03-14,5317,False
2016-03-14,8266,False
2016-03-14,8913,False
2016-03-15,1333,False
2016-03-15,3431,False
2016-03-15,3452,False
2016-03-15,3562,False
2016-03-15,5317,False
2016-03-15,8266,False
2016-03-15,8913,False
2016-03-16,1333,False
2016-03-16,3431,False
2016-03-16,3452,False
2016-03-16,3562,False
2016-03-16,5317,False
2016-03-16,8266,False
2016-03-16,8913,False
2016-03-17,1333,False
2016-03-17,3431,False
2016-03-17,3452,False
2016-03-17,3562,False
2016-03-17,5317,False
2016-03-17,8266,False
2016-03-17,8913,False
2016-03-18,1333,False
2016-03-18,3431,False
2016-03-18,3452,False
2016-03-18,3562,False
2016-03-18,5317,False
2016-03-18,8266,False
2016-03-18,8913,False
2016-03-21,1333,False
2016-03-21,3431,False
2016-03-21,3452,False
2016-03-21,3562,False
2016-03-21,5317,False
2016-03-21,8266,False
2016-03-21,8913,False
2016-03-22,1333,False
2016-03-22,3431,False
2016-03-22,3452,False
2016-03-22,3562,False
2016-03-22,5317,False
2016-03-22,8266,False
2016-03-22,8913,False
2016-03-23,1333,False
2016-03-23,3431,False
2016-03-23,3452,False
2016-03-23,3562,False
2016-03-23,5317,False
2016-03-23,8266,False
2016-03-23,8913,False
2016-03-24,1333,False
2016-03-24,3431,False
2016-03-24,3452,False
2016-03-24,3562,False
2016-03-24,5317,False
2016-03-24,8266,False
2016-03-24,8913,False
2016-03-25,1333,False
2016-03-25,3431,False
2016-03-25,3452,False
2016-03-25,3562,False
2016-03-25,5317,False
2016-03-25,8266,False
2016-03-25,8913,False
2016-03-28,1333,False
2016-03-28,3431,False
2016-03-28,3452,False
2016-03-28,3562,False
2016-03-28,5317,False
2016-03-28,8266,False
2016-03-28,8913,False
2016-03-29,1333,False
2016-03-29,3431,False
2016-03-29,3452,False
2016-03-29,3562,False
2016-03-29,5317,False
2016-03-29,8266,False
2016-03-29,8913,False
2016-03-30,1333,False
2016-03-30,3431,False
2016-03-30,3452,False
2016-03-30,3562,False
2016-03-30,5317,False
2016-03-30,8266,False
2016-03-30,8913,False
2016-03-31,1333,False
2016-03-31,3431,False
2016-03-31,3452,False
2016-03-31,3562,False
2016-03-31,5317,False
2016-03-31,8266,False
2016-03-31,8913,False
2016-04-01,1333,False
2016-04-01,3431,False
2016-04-01,3452,False
2016-04-01,3562,False
2016-04-01,5317,False
2016-04-01,8266,False
2016-04-01,8913,False
2016-04-06,1333,False
2016-04-06,3431,False
2016-04-06,3452,False
2016-04-06,3562,False
2016-04-06,5317,False
2016-04-06,8266,False
2016-04-06,8913,False
2016-04-07,1333,False
2016-04-07,3431,False
2016-04-07,3452,False
2016-04-07,3562,False
2016-04-07,5317,False
2016-04-07,8266,False
2016-04-07,8913,False
2016-04-08,1333,False
2016-04-08,3431,False
2016-04-08,3452,False
2016-04-08,3562,False
2016-04-08,5317,False
2016-04-08,8266,False
2016-04-08,8913,False
2016-04-11,1333,False
2016-04-11,3431,False
2016-04-11,3452,False
2016-04-11,3562,False
2016-04-11,5317,False
2016-04-11,8266,False
2016-04-11,8913,False
2016-04-12,1333,False
2016-04-12,3431,False
2016-04-12,3452,False
2016-04-12,3562,False
2016-04-12,5317,False
2016-04-12,8266,False
2016-04-12,8913,False
2016-04-13,1333,False
2016-04-13,3431,False
2016-04-13,3452,False
2016-04-13,3562,False
2016-04-13,5317,False
2016-04-13,8266,False
2016-04-13,8913,False
2016-04-14,1333,False
2016-04-14,3431,False
2016-04-14,3452,False
2016-04-14,3562,False
2016-04-14,5317,False
2016-04-14,8266,False
2016-04-14,8913,False
2016-04-15,1333,False
2016-04-15,3431,False
2016-04-15,3452,False
2016-04-15,3562,False
2016-04-15,5317,False
2016-04-15,8266,False
2016-04-15,8913,False
2016-04-18,1333,False
2016-04-18,3431,False
2016-04-18,3452,False
2016-04-18,3562,False
2016-04-18,5317,False
2016-04-18,8266,False
2016-04-18,8913,False
2016-04-19,1333,False
2016-04-19,3431,False
2016-04-19,3452,False
2016-04-19,3562,False
2016-04-19,5317,False
2016-04-19,8266,False
2016-04-19,8913,False
2016-04-20,1333,False
2016-04-20,3431,False
2016-04-20,3452,False
2016-04-20,3562,False
2016-04-20,5317,False
2016-04-20,8266,False
2016-04-20,8913,False
2016-04-21,1333,False
2016-04-21,3431,False
2016-04-21,3452,False
2016-04-21,3562,False
2016-04-21,5317,False
2016-04-21,8266,False
2016-04-21,8913,False
2016-04-22,1333,False
2016-04-22,3431,False
2016-04-22,3452,False
2016-04-22,3562,False
2016-04-22,5317,False
2016-04-22,8266,False
2016-04-22,8913,False
2016-04-25,1333,False
2016-04-25,3431,False
2016-04-25,3452,False
2016-04-25,3562,False
2016-04-25,5317,False
2016-04-25,8266,False
2016-04-25,8913,False
2016-04-26,1333,False
2016-04-26,3431,False
2016-04-26,3452,False
2016-04-26,3562,False
2016-04-26,5317,False
2016-04-26,8266,False
2016-04-26,8913,False
2016-04-27,1333,False
2016-04-27,3431,False
2016-04-27,3452,False
2016-04-27,3562,False
2016-04-27,5317,False
2016-04-27,8266,False
2016-04-27,8913,False
2016-04-28,1333,False
2016-04-28,3431,False
2016-04-28,3452,False
2016-04-28,3562,False
2016-04-28,5317,False
2016-04-28,8266,False
2016-04-28,8913,False
2016-04-29,1333,False
2016-04-29,3431,False
2016-04-29,3452,False
2016-04-29,3562,False
2016-04-29,5317,False
2016-04-29,8266,False
2016-04-29,8913,False
2016-05-03,1333,False
2016-05-03,3431,False
2016-05-03,3452,False
2016-05-03,3562,False
2016-05-03,5317,False
2016-05-03,8266,False
2016-05-03,8913,False
2016-05-04,1333,False
2016-05-04,3431,False
2016-05-04,3452,False
2016-05-04,3562,False
2016-05-04,5317,False
2016-05-04,8266,False
2016-05-04,8913,False
2016-05-05,1333,False
2016-05-05,3431,False
2016-05-05,3452,False
2016-05-05,3562,False
2016-05-05,5317,False
2016-05-05,8266,False
2016-05-05,8913,False
2016-05-06,1333,False
2016-05-06,3431,False
2016-05-06,3452,False
2016-05-06,3562,False
2016-05-06,5317,False
2016-05-06,8266,False
2016-05-06,8913,False
2016-05-09,1333,False
2016-05-09,3431,False
2016-05-09,3452,False
2016-05-09,3562,False
2016-05-09,5317,False
2016-05-09,8266,False
2016-05-09,8913,False
2016-05-10,1333,False
2016-05-10,3431,False
2016-05-10,3452,False
2016-05-10,3562,False
2016-05-10,5317,False
2016-05-10,8266,False
2016-05-10,8913,False
2016-05-11,1333,False
2016-05-11,3431,False
2016-05-11,3452,False
2016-05-11,3562,False
2016-05-11,5317,False
2016-05-11,8266,False
2016-05-11,8913,False
2016-05-12,1333,False
2016-05-12,3431,False
2016-05-12,3452,False
2016-05-12,3562,False
2016-05-12,5317,False
2016-05-12,8266,False
2016-05-12,8913,False
2016-05-13,1333,False
2016-05-13,3431,False
2016-05-13,3452,False
2016-05-13,3562,False
2016-05-13,5317,False
2016-05-13,8266,False
2016-05-13,8913,False
2016-05-16,1333,False
2016-05-16,3431,False
2016-05-16,3452,False
2016-05-16,3562,False
2016-05-16,5317,False
2016-05-16,8266,False
2016-05-16,8913,False
2016-05-17,1333,False
2016-05-17,3431,False
2016-05-17,3452,False
2016-05-17,3562,False
2016-05-17,5317,False
2016-05-17,8266,False
2016-05-17,8913,False
2016-05-18,1333,False
2016-05-18,3431,False
2016-05-18,3452,False
2016-05-18,3562,False
2016-05-18,5317,False
2016-05-18,8266,False
2016-05-18,8913,False
2016-05-19,1333,False
2016-05-19,3431,False
2016-05-19,3452,False
2016-05-19,3562,False
2016-05-19,5317,False
2016-05-19,8266,False
2016-05-19,8913,False
2016-05-20,1333,False
2016-05-20,3431,False
2016-05-20,3452,False
2016-05-20,3562,False
2016-05-20,5317,False
2016-05-20,8266,False
2016-05-20,8913,False
2016-05-23,1333,False
2016-05-23,3431,False
2016-05-23,3452,False
2016-05-23,3562,False
2016-05-23,5317,False
2016-05-23,8266,False
2016-05-23,8913,False
2016-05-24,1333,False
2016-05-24,3431,False
2016-05-24,3452,False
2016-05-24,3562,False
2016-05-24,5317,False
2016-05-24,8266,False
2016-05-24,8913,False
2016-05-25,1333,False
2016-05-25,3431,False
2016-05-25,3452,False
2016-05-25,3562,False
2016-05-25,5317,False
2016-05-25,8266,False
2016-05-25,8913,False
2016-05-26,1333,False
2016-05-26,3431,False
2016-05-26,3452,False
2016-05-26,3562,False
2016-05-26,5317,False
2016-05-26,8266,False
2016-05-26,8913,False
2016-05-27,1333,False
2016-05-27,3431,False
2016-05-27,3452,False
2016-05-27,3562,False
2016-05-27,5317,False
2016-05-27,8266,False
2016-05-27,8913,False
2016-05-30,1333,False
2016-05-30,3431,False
2016-05-30,3452,False
2016-05-30,3562,False
2016-05-30,5317,False
2016-05-30,8266,False
2016-05-30,8913,False
2016-05-31,1333,False
2016-05-31,3431,False
2016-05-31,3452,False
2016-05-31,3562,False
2016-05-31,5317,False
2016-05-31,8266,False
2016-05-31,8913,False
2016-06-01,1333,False
2016-06-01,3431,False
2016-06-01,3452,False
2016-06-01,3562,False
2016-06-01,5317,False
2016-06-01,8266,False
2016-06-01,8913,False
2016-06-02,1333,False
2016-06-02,3431,False
2016-06-02,3452,False
2016-06-02,3562,False
2016-06-02,5317,False
2016-06-02,8266,False
2016-06-02,8913,False
2016-06-03,1333,False
2016-06-03,3431,False
2016-06-03,3452,False
2016-06-03,3562,False
2016-06-03,5317,False
2016-06-03,8266,False
2016-06-03,8913,False
2016-06-04,2070,False
2016-06-04,2496,False
2016-06-04,2718,False
2016-06-04,2748,False
2016-06-04,2937,False
2016-06-04,3067,False
2016-06-04,3147,False
2016-06-04,3288,False
2016-06-04,3346,False
2016-06-04,3434,False
2016-06-04,3465,False
2016-06-04,3485,False
2016-06-04,4438,False
2016-06-04,4554,False
2016-06-04,4744,False
2016-06-04,4760,False
2016-06-04,4907,False
2016-06-04,4943,False
2016-06-04,4950,False
2016-06-04,4961,False
2016-06-04,4967,False
2016-06-04,5206,False
2016-06-04,5222,False
2016-06-04,5283,False
2016-06-04,5364,False
2016-06-04,5450,False
2016-06-04,5455,False
2016-06-04,5465,False
2016-06-04,5876,False
2016-06-04,6416,False
2016-06-04,6472,False
2016-06-04,6482,False
2016-06-04,6486,False
2016-06-04,6491,False
2016-06-04,6492,False
2016-06-04,6517,False
2016-06-04,6534,False
2016-06-04,6541,False
2016-06-04,6552,False
2016-06-04,8067,False
2016-06-04,8289,False
2016-06-04,8478,False
2016-06-04,8908,False
2016-06-04,8932,False
2016-06-06,1333,False
2016-06-06,3431,False
2016-06-06,3452,False
2016-06-06,3562,False
2016-06-06,5317,False
2016-06-06,8266,False
2016-06-06,8913,False
2016-06-07,1333,False
2016-06-07,3431,False
2016-06-07,3452,False
2016-06-07,3562,False
2016-06-07,5317,False
2016-06-07,8266,False
2016-06-07,8913,False
2016-06-08,1333,False
2016-06-08,3431,False
2016-06-08,3452,False
2016-06-08,3562,False
2016-06-08,5317,False
2016-06-08,8266,False
2016-06-08,8913,False
2016-06-13,1333,False
2016-06-13,3431,False
2016-06-13,3452,False
2016-06-13,3562,False
2016-06-13,5317,False
2016-06-13,8266,False
2016-06-13,8913,False
2016-06-14,1333,False
2016-06-14,3431,False
2016-06-14,3452,False
2016-06-14,3562,False
2016-06-14,5317,False
2016-06-14,8266,False
2016-06-14,8913,False
2016-06-15,1333,False
2016-06-15,3431,False
2016-06-15,3452,False
2016-06-15,3562,False
2016-06-15,5317,False
2016-06-15,8266,False
2016-06-15,8913,False
2016-06-16,1333,False
2016-06-16,3431,False
2016-06-16,3452,False
2016-06-16,3562,False
2016-06-16,5317,False
2016-06-16,8266,False
2016-06-16,8913,False
2016-06-17,1333,False
2016-06-17,3431,False
2016-06-17,3452,False
2016-06-17,3562,False
2016-06-17,5317,False
2016-06-17,8266,False
2016-06-17,8913,False
2016-06-20,1333,False
2016-06-20,3431,False
2016-06-20,3452,False
2016-06-20,3562,False
2016-06-20,5317,False
2016-06-20,8266,False
2016-06-20,8913,False
2016-06-21,1333,False
2016-06-21,3431,False
2016-06-21,3452,False
2016-06-21,3562,False
2016-06-21,5317,False
2016-06-21,8266,False
2016-06-21,8913,False
2016-06-22,1333,False
2016-06-22,3431,False
2016-06-22,3452,False
2016-06-22,3562,False
2016-06-22,5317,False
2016-06-22,8266,False
2016-06-22,8913,False
2016-06-23,1333,False
2016-06-23,3431,False
2016-06-23,3452,False
2016-06-23,3562,False
2016-06-23,5317,False
2016-06-23,8266,False
2016-06-23,8913,False
2016-06-24,1333,False
2016-06-24,3431,False
2016-06-24,3452,False
2016-06-24,3562,False
2016-06-24,5317,False
2016-06-24,8266,False
2016-06-24,8913,False
2016-06-27,1333,False
2016-06-27,3431,False
2016-06-27,3452,False
2016-06-27,3562,False
2016-06-27,5317,False
2016-06-27,8266,False
2016-06-27,8913,False
2016-06-28,1333,False
2016-06-28,3431,False
2016-06-28,3452,False
2016-06-28,3562,False
2016-06-28,5317,False
2016-06-28,8266,False
2016-06-28,8913,False
2016-06-29,1333,False
2016-06-29,3431,False
2016-06-29,3452,False
2016-06-29,3562,False
2016-06-29,5317,False
2016-06-29,8266,False
2016-06-29,8913,False
2016-06-30,1333,False
2016-06-30,3431,False
2016-06-30,3452,False
2016-06-30,3562,False
2016-06-30,5317,False
2016-06-30,8266,False
2016-06-30,8913,False
2016-07-01,1333,False
2016-07-01,3431,False
2016-07-01,3452,False
2016-07-01,3562,False
2016-07-01,5317,False
2016-07-01,8266,False
2016-07-01,8913,False
2016-07-04,1333,False
2016-07-04,3431,False
2016-07-04,3452,False
2016-07-04,3562,False
2016-07-04,5317,False
2016-07-04,8266,False
2016-07-04,8913,False
2016-07-05,1333,False
2016-07-05,3431,False
2016-07-05,3452,False
2016-07-05,3562,False
2016-07-05,5317,False
2016-07-05,8266,False
2016-07-05,8913,False
2016-07-06,1333,False
2016-07-06,3431,False
2016-07-06,3452,False
2016-07-06,3562,False
2016-07-06,5317,False
2016-07-06,8266,False
2016-07-06,8913,False
2016-07-07,1333,False
2016-07-07,3431,False
2016-07-07,3452,False
2016-07-07,3562,False
2016-07-07,5317,False
2016-07-07,8266,False
2016-07-07,8913,False
2016-07-11,1333,False
2016-07-11,3431,False
2016-07-11,3452,False
2016-07-11,3562,False
2016-07-11,5317,False
2016-07-11,8266,False
2016-07-11,8913,False
2016-07-12,1333,False
2016-07-12,3431,False
2016-07-12,3452,False
2016-07-12,3562,False
2016-07-12,5317,False
2016-07-12,8266,False
2016-07-12,8913,False
2016-07-13,1333,False
2016-07-13,3431,False
2016-07-13,3452,False
2016-07-13,3562,False
2016-07-13,5317,False
2016-07-13,8266,False
2016-07-13,8913,False
2016-07-14,1333,False
2016-07-14,3431,False
2016-07-14,3452,False
2016-07-14,3562,False
2016-07-14,5317,False
2016-07-14,8266,False
2016-07-14,8913,False
2016-07-15,1333,False
2016-07-15,3431,False
2016-07-15,3452,False
2016-07-15,3562,False
2016-07-15,5317,False
2016-07-15,8266,False
2016-07-15,8913,False
2016-07-18,1333,False
2016-07-18,3431,False
2016-07-18,3452,False
2016-07-18,3562,False
2016-07-18,5317,False
2016-07-18,8266,False
2016-07-18,8913,False
2016-07-19,1333,False
2016-07-19,3431,False
2016-07-19,3452,False
2016-07-19,3562,False
2016-07-19,5317,False
2016-07-19,8266,False
2016-07-19,8913,False
2016-07-20,1333,False
2016-07-20,3431,False
2016-07-20,3452,False
2016-07-20,3562,False
2016-07-20,5317,False
2016-07-20,8266,False
2016-07-20,8913,False
2016-07-21,1333,False
2016-07-21,3431,False
2016-07-21,3452,False
2016-07-21,3562,False
2016-07-21,5317,False
2016-07-21,8266,False
2016-07-21,8913,False
2016-07-22,1333,False
2016-07-22,3431,False
2016-07-22,3452,False
2016-07-22,3562,False
2016-07-22,5317,False
2016-07-22,8266,False
2016-07-22,8913,False
2016-07-25,1333,False
2016-07-25,3431,False
2016-07-25,3452,False
2016-07-25,3562,False
2016-07-25,5317,False
2016-07-25,8266,False
2016-07-25,8913,False
2016-07-26,1333,False
2016-07-26,3431,False
2016-07-26,3452,False
2016-07-26,3562,False
2016-07-26,5317,False
2016-07-26,8266,False
2016-07-26,8913,False
2016-07-27,1333,False
2016-07-27,3431,False
2016-07-27,3452,False
2016-07-27,3562,False
2016-07-27,5317,False
2016-07-27,8266,False
2016-07-27,8913,False
2016-07-28,1333,False
2016-07-28,3431,False
2016-07-28,3452,False
2016-07-28,3562,False
2016-07-28,5317,False
2016-07-28,8266,False
2016-07-28,8913,False
2016-07-29,1333,False
2016-07-29,3431,False
2016-07-29,3452,False
2016-07-29,3562,False
2016-07-29,5317,False
2016-07-29,8266,False
2016-07-29,8913,False
2016-08-01,1333,False
2016-08-01,3431,False
2016-08-01,3452,False
2016-08-01,3562,False
2016-08-01,5317,False
2016-08-01,8266,False
2016-08-01,8913,False
2016-08-02,1333,False
2016-08-02,3431,False
2016-08-02,3452,False
2016-08-02,3562,False
2016-08-02,5317,False
2016-08-02,8266,False
2016-08-02,8913,False
2016-08-03,1333,False
2016-08-03,3431,False
2016-08-03,3452,False
2016-08-03,3562,False
2016-08-03,5317,False
2016-08-03,8266,False
2016-08-03,8913,False
2016-08-04,1333,False
2016-08-04,3431,False
2016-08-04,3452,False
2016-08-04,3562,False
2016-08-04,5317,False
2016-08-04,8266,False
2016-08-04,8913,False
2016-08-05,1333,False
2016-08-05,3431,False
2016-08-05,3452,False
2016-08-05,3562,False
2016-08-05,5317,False
2016-08-05,8266,False
2016-08-05,8913,False
2016-08-08,1333,False
2016-08-08,3431,False
2016-08-08,3452,False
2016-08-08,3562,False
2016-08-08,5317,False
2016-08-08,8266,False
2016-08-08,8913,False
2016-08-09,1333,False
2016-08-09,3431,False
2016-08-09,3452,False
2016-08-09,3562,False
2016-08-09,5317,False
2016-08-09,8266,False
2016-08-09,8913,False
2016-08-10,1333,False
2016-08-10,3431,False
2016-08-10,3452,False
2016-08-10,3562,False
2016-08-10,5317,False
2016-08-10,8266,False
2016-08-10,8913,False
2016-08-11,1333,False
2016-08-11,3431,False
2016-08-11,3452,False
2016-08-11,3562,False
2016-08-11,5317,False
2016-08-11,8266,False
2016-08-11,8913,False
2016-08-12,1333,False
2016-08-12,3431,False
2016-08-12,3452,False
2016-08-12,3562,False
2016-08-12,5317,False
2016-08-12,8266,False
2016-08-12,8913,False
2016-08-15,1333,False
2016-08-15,3431,False
2016-08-15,3452,False
2016-08-15,3562,False
2016-08-15,5317,False
2016-08-15,8266,False
2016-08-15,8913,False
2016-08-16,1333,False
2016-08-16,3431,False
2016-08-16,3452,False
2016-08-16,3562,False
2016-08-16,5317,False
2016-08-16,8266,False
2016-08-16,8913,False
2016-08-17,1333,False
2016-08-17,3431,False
2016-08-17,3452,False
2016-08-17,3562,False
2016-08-17,5317,False
2016-08-17,8266,False
2016-08-17,8913,False
2016-08-18,1333,False
2016-08-18,3431,False
2016-08-18,3452,False
2016-08-18,3562,False
2016-08-18,5317,False
2016-08-18,8266,False
2016-08-18,8913,False
2016-08-19,1333,False
2016-08-19,3431,False
2016-08-19,3452,False
2016-08-19,3562,False
2016-08-19,5317,False
2016-08-19,8266,False
2016-08-19,8913,False
2016-08-22,1333,False
2016-08-22,3431,False
2016-08-22,3452,False
2016-08-22,3562,False
2016-08-22,5317,False
2016-08-22,8266,False
2016-08-22,8913,False
2016-08-23,1333,False
2016-08-23,3431,False
2016-08-23,3452,False
2016-08-23,3562,False
2016-08-23,5317,False
2016-08-23,8266,False
2016-08-23,8913,False
2016-08-24,1333,False
2016-08-24,3431,False
2016-08-24,3452,False
2016-08-24,3562,False
2016-08-24,5317,False
2016-08-24,8266,False
2016-08-24,8913,False
2016-08-25,1333,False
2016-08-25,3431,False
2016-08-25,3452,False
2016-08-25,3562,False
2016-08-25,5317,False
2016-08-25,8266,False
2016-08-25,8913,False
2016-08-26,1333,False
2016-08-26,3431,False
2016-08-26,3452,False
2016-08-26,3562,False
2016-08-26,5317,False
2016-08-26,8266,False
2016-08-26,8913,False
2016-08-29,1333,False
2016-08-29,3431,False
2016-08-29,3452,False
2016-08-29,3562,False
2016-08-29,5317,False
2016-08-29,8266,False
2016-08-29,8913,False
2016-08-30,1333,False
2016-08-30,3431,False
2016-08-30,3452,False
2016-08-30,3562,False
2016-08-30,5317,False
2016-08-30,8266,False
2016-08-30,8913,False
2016-08-31,1333,False
2016-08-31,3431,False
2016-08-31,3452,False
2016-08-31,3562,False
2016-08-31,5317,False
2016-08-31,8266,False
2016-08-31,8913,False
2016-09-01,1333,False
2016-09-01,3431,False
2016-09-01,3452,False
2016-09-01,3562,False
2016-09-01,5317,False
2016-09-01,8266,False
2016-09-01,8913,False
2016-09-02,1333,False
2016-09-02,3431,False
2016-09-02,3452,False
2016-09-02,3562,False
2016-09-02,5317,False
2016-09-02,8266,False
2016-09-02,8913,False
2016-09-05,1333,False
2016-09-05,3431,False
2016-09-05,3452,False
2016-09-05,3562,False
2016-09-05,5317,False
2016-09-05,8266,False
2016-09-05,8913,False
2016-09-06,1333,False
2016-09-06,3431,False
2016-09-06,3452,False
2016-09-06,3562,False
2016-09-06,5317,False
2016-09-06,8266,False
2016-09-06,8913,False
2016-09-07,1333,False
2016-09-07,3431,False
2016-09-07,3452,False
2016-09-07,3562,False
2016-09-07,5317,False
2016-09-07,8266,False
2016-09-07,8913,False
2016-09-08,1333,False
2016-09-08,3431,False
2016-09-08,3452,False
2016-09-08,3562,False
2016-09-08,5317,False
2016-09-08,8266,False
2016-09-08,8913,False
2016-09-09,1333,False
2016-09-09,3431,False
2016-09-09,3452,False
2016-09-09,3562,False
2016-09-09,5317,False
2016-09-09,8266,False
2016-09-09,8913,False
2016-09-10,2070,False
2016-09-10,2748,False
2016-09-10,2937,False
2016-09-10,3147,False
2016-09-10,3288,False
2016-09-10,3332,False
2016-09-10,3346,False
2016-09-10,3485,False
2016-09-10,4438,False
2016-09-10,4744,False
2016-09-10,4760,False
2016-09-10,4943,False
2016-09-10,4961,False
2016-09-10,4967,False
2016-09-10,5205,False
2016-09-10,5222,False
2016-09-10,5283,False
2016-09-10,5523,False
2016-09-10,5601,False
2016-09-10,5876,False
2016-09-10,6416,False
2016-09-10,6472,False
2016-09-10,6486,False
2016-09-10,6491,False
2016-09-10,6492,False
2016-09-10,6517,False
2016-09-10,6534,False
2016-09-10,6541,False
2016-09-10,6552,False
2016-09-10,6574,False
2016-09-10,8047,False
2016-09-10,8067,False
2016-09-10,8478,False
2016-09-10,8941,False
2016-09-10,9928,False
2016-09-12,1333,False
2016-09-12,3431,False
2016-09-12,3452,False
2016-09-12,3562,False
2016-09-12,5317,False
2016-09-12,8266,False
2016-09-12,8913,False
2016-09-13,1333,False
2016-09-13,3431,False
2016-09-13,3452,False
2016-09-13,3562,False
2016-09-13,5317,False
2016-09-13,8266,False
2016-09-13,8913,False
2016-09-14,1333,False
2016-09-14,3431,False
2016-09-14,3452,False
2016-09-14,3562,False
2016-09-14,5317,False
2016-09-14,8266,False
2016-09-14,8913,False
2016-09-19,1333,False
2016-09-19,3431,False
2016-09-19,3452,False
2016-09-19,3562,False
2016-09-19,5317,False
2016-09-19,8266,False
2016-09-19,8913,False
2016-09-20,1333,False
2016-09-20,3431,False
2016-09-20,3452,False
2016-09-20,3562,False
2016-09-20,5317,False
2016-09-20,8266,False
2016-09-20,8913,False
2016-09-21,1333,False
2016-09-21,3431,False
2016-09-21,3452,False
2016-09-21,3562,False
2016-09-21,5317,False
2016-09-21,8266,False
2016-09-21,8913,False
2016-09-22,1333,False
2016-09-22,3431,False
2016-09-22,3452,False
2016-09-22,3562,False
2016-09-22,5317,False
2016-09-22,8266,False
2016-09-22,8913,False
2016-09-23,1333,False
2016-09-23,3431,False
2016-09-23,3452,False
2016-09-23,3562,False
2016-09-23,5317,False
2016-09-23,8266,False
2016-09-23,8913,False
2016-09-26,1333,False
2016-09-26,3431,False
2016-09-26,3452,False
2016-09-26,3562,False
2016-09-26,5317,False
2016-09-26,8266,False
2016-09-26,8913,False
2016-09-29,1333,False
2016-09-29,3431,False
2016-09-29,3452,False
2016-09-29,3562,False
2016-09-29,5317,False
2016-09-29,8266,False
2016-09-29,8913,False
2016-09-30,1333,False
2016-09-30,3431,False
2016-09-30,3452,False
2016-09-30,3562,False
2016-09-30,5317,False
2016-09-30,8266,False
2016-10-03,1333,False
2016-10-03,3431,False
2016-10-03,3452,False
2016-10-03,5317,False
2016-10-03,8266,False
2016-10-04,3431,False
2016-10-04,3452,False
2016-10-04,5317,False
2016-10-04,8266,False
2016-10-05,3431,False
2016-10-05,3452,False
2016-10-05,5317,False
2016-10-05,8266,False
2016-10-06,3431,False
2016-10-06,3452,False
2016-10-06,5317,False
2016-10-06,8266,False
2016-10-07,3431,False
2016-10-07,3452,False
2016-10-07,5317,False
2016-10-07,8266,False
2016-10-11,3431,False
2016-10-11,3452,False
2016-10-11,5317,False
2016-10-11,8266,False
2016-10-12,3431,False
2016-10-12,3452,False
2016-10-12,5317,False
2016-10-12,8266,False
2016-10-13,3431,False
2016-10-13,3452,False
2016-10-13,5317,False
2016-10-13,8266,False
2016-10-14,3431,False
2016-10-14,3452,False
2016-10-14,5317,False
2016-10-14,8266,False
2016-10-14,8913,False
2016-10-17,1333,False
2016-10-17,3431,False
2016-10-17,3452,False
2016-10-17,3562,False
2016-10-17,5317,False
2016-10-17,8266,False
2016-10-17,8913,False
2016-10-18,1333,False
2016-10-18,3431,False
2016-10-18,3452,False
2016-10-18,3562,False
2016-10-18,5317,False
2016-10-18,8266,False
2016-10-18,8913,False
2016-10-19,1333,False
2016-10-19,3431,False
2016-10-19,3452,False
2016-10-19,3562,False
2016-10-19,5317,False
2016-10-19,8266,False
2016-10-19,8913,False
2016-10-20,1333,False
2016-10-20,3431,False
2016-10-20,3452,False
2016-10-20,3562,False
2016-10-20,5317,False
2016-10-20,8266,False
2016-10-20,8913,False
2016-10-21,1333,False
2016-10-21,3431,False
2016-10-21,3452,False
2016-10-21,3562,False
2016-10-21,5317,False
2016-10-21,8266,False
2016-10-21,8913,False
2016-10-24,1333,False
2016-10-24,3431,False
2016-10-24,3452,False
2016-10-24,3562,False
2016-10-24,5317,False
2016-10-24,8266,False
2016-10-24,8913,False
2016-10-25,1333,False
2016-10-25,3431,False
2016-10-25,3452,False
2016-10-25,3562,False
2016-10-25,5317,False
2016-10-25,8266,False
2016-10-25,8913,False
2016-10-26,1333,False
2016-10-26,3431,False
2016-10-26,3452,False
2016-10-26,3562,False
2016-10-26,5317,False
2016-10-26,8266,False
2016-10-26,8913,False
2016-10-27,1333,False
2016-10-27,3431,False
2016-10-27,3452,False
2016-10-27,3562,False
2016-10-27,5317,False
2016-10-27,8266,False
2016-10-27,8913,False
2016-10-28,1333,False
2016-10-28,3431,False
2016-10-28,3452,False
2016-10-28,3562,False
2016-10-28,5317,False
2016-10-28,8266,False
2016-10-28,8913,False
2016-10-31,1333,False
2016-10-31,3431,False
2016-10-31,3452,False
2016-10-31,3562,False
2016-10-31,5317,False
2016-10-31,8266,False
2016-10-31,8913,False
2016-11-01,1333,False
2016-11-01,3431,False
2016-11-01,3452,False
2016-11-01,3562,False
2016-11-01,5317,False
2016-11-01,8266,False
2016-11-01,8913,False
2016-11-02,1333,False
2016-11-02,3431,False
2016-11-02,3452,False
2016-11-02,3562,False
2016-11-02,5317,False
2016-11-02,8266,False
2016-11-02,8913,False
2016-11-03,1333,False
2016-11-03,3431,False
2016-11-03,3452,False
2016-11-03,3562,False
2016-11-03,5317,False
2016-11-03,8266,False
2016-11-03,8913,False
2016-11-04,1333,False
2016-11-04,3431,False
2016-11-04,3452,False
2016-11-04,3562,False
2016-11-04,5317,False
2016-11-04,8266,False
2016-11-04,8913,False
2016-11-07,1333,False
2016-11-07,3431,False
2016-11-07,3452,False
2016-11-07,3562,False
2016-11-07,5317,False
2016-11-07,8266,False
2016-11-07,8913,False
2016-11-08,1333,False
2016-11-08,3431,False
2016-11-08,3452,False
2016-11-08,3562,False
2016-11-08,5317,False
2016-11-08,8266,False
2016-11-08,8913,False
2016-11-09,1333,False
2016-11-09,3431,False
2016-11-09,3452,False
2016-11-09,3562,False
2016-11-09,5317,False
2016-11-09,8913,False
2016-11-10,1333,False
2016-11-10,3431,False
2016-11-10,3452,False
2016-11-10,3562,False
2016-11-10,5317,False
2016-11-10,8913,False
2016-11-11,1333,False
2016-11-11,3431,False
2016-11-11,3452,False
2016-11-11,3562,False
2016-11-11,5317,False
2016-11-11,8913,False
2016-11-14,1333,False
2016-11-14,3431,False
2016-11-14,3452,False
2016-11-14,3562,False
2016-11-14,5317,False
2016-11-14,8913,False
2016-11-15,1333,False
2016-11-15,3431,False
2016-11-15,3452,False
2016-11-15,3562,False
2016-11-15,5317,False
2016-11-15,8913,False
2016-11-16,1333,False
2016-11-16,3431,False
2016-11-16,3452,False
2016-11-16,3562,False
2016-11-16,5317,False
2016-11-16,8913,False
2016-11-17,1333,False
2016-11-17,3431,False
2016-11-17,3452,False
2016-11-17,3562,False
2016-11-17,5317,False
2016-11-17,8913,False
2016-11-18,1333,False
2016-11-18,3431,False
2016-11-18,3452,False
2016-11-18,3562,False
2016-11-18,5317,False
2016-11-18,8913,False
2016-11-21,1333,False
2016-11-21,3431,False
2016-11-21,3452,False
2016-11-21,3562,False
2016-11-21,5317,False
2016-11-21,8913,False
2016-11-22,1333,False
2016-11-22,3431,False
2016-11-22,3452,False
2016-11-22,3562,False
2016-11-22,5317,False
2016-11-22,8913,False
2016-11-23,1333,False
2016-11-23,3431,False
2016-11-23,3452,False
2016-11-23,3562,False
2016-11-23,5317,False
2016-11-23,8913,False
2016-11-24,1333,False
2016-11-24,3431,False
2016-11-24,3452,False
2016-11-24,3562,False
2016-11-24,5317,False
2016-11-24,8913,False
2016-11-25,1333,False
2016-11-25,3431,False
2016-11-25,3452,False
2016-11-25,3562,False
2016-11-25,5317,False
2016-11-25,8913,False
2016-11-28,1333,False
2016-11-28,3431,False
2016-11-28,3452,False
2016-11-28,3562,False
2016-11-28,5317,False
2016-11-28,8913,False
2016-11-29,1333,False
2016-11-29,3431,False
2016-11-29,3452,False
2016-11-29,3562,False
2016-11-29,5317,False
2016-11-29,8913,False
2016-11-30,1333,False
2016-11-30,3431,False
2016-11-30,3452,False
2016-11-30,3562,False
2016-11-30,5317,False
2016-11-30,8913,False
2016-12-01,1333,False
2016-12-01,3431,False
2016-12-01,3452,False
2016-12-01,3562,False
2016-12-01,5317,False
2016-12-01,8913,False
2016-12-02,1333,False
2016-12-02,3431,False
2016-12-02,3452,False
2016-12-02,3562,False
2016-12-02,5317,False
2016-12-02,8913,False
2016-12-05,1333,False
2016-12-05,3431,False
2016-12-05,3452,False
2016-12-05,3562,False
2016-12-05,5317,False
2016-12-05,8913,False
2016-12-06,1333,False
2016-12-06,3431,False
2016-12-06,3452,False
2016-12-06,3562,False
2016-12-06,5317,False
2016-12-06,8913,False
2016-12-07,1333,False
2016-12-07,3431,False
2016-12-07,3452,False
2016-12-07,3562,False
2016-12-07,5317,False
2016-12-07,8913,False
2016-12-08,1333,False
2016-12-08,3431,False
2016-12-08,3452,False
2016-12-08,3562,False
2016-12-08,5317,False
2016-12-08,8913,False
2016-12-09,1333,False
2016-12-09,3431,False
2016-12-09,3452,False
2016-12-09,3562,False
2016-12-09,5317,False
2016-12-09,8913,False
2016-12-12,1333,False
2016-12-12,3431,False
2016-12-12,3452,False
2016-12-12,3562,False
2016-12-12,5317,False
2016-12-12,8913,False
2016-12-13,1333,False
2016-12-13,3431,False
2016-12-13,3452,False
2016-12-13,3562,False
2016-12-13,5317,False
2016-12-13,8913,False
2016-12-14,1333,False
2016-12-14,3431,False
2016-12-14,3452,False
2016-12-14,3562,False
2016-12-14,5317,False
2016-12-14,8913,False
2016-12-15,1333,False
2016-12-15,3431,False
2016-12-15,3452,False
2016-12-15,3562,False
2016-12-15,5317,False
2016-12-15,8913,False
2016-12-16,1333,False
2016-12-16,3431,False
2016-12-16,3452,False
2016-12-16,3562,False
2016-12-16,5317,False
2016-12-16,8913,False
2016-12-19,1333,False
2016-12-19,3431,False
2016-12-19,3452,False
2016-12-19,3562,False
2016-12-19,5317,False
2016-12-19,8913,False
2016-12-20,1333,False
2016-12-20,3431,False
2016-12-20,3452,False
2016-12-20,3562,False
2016-12-20,5317,False
2016-12-20,8913,False
2016-12-21,1333,False
2016-12-21,3431,False
2016-12-21,3452,False
2016-12-21,3562,False
2016-12-21,5317,False
2016-12-21,8913,False
2016-12-22,1333,False
2016-12-22,3431,False
2016-12-22,3452,False
2016-12-22,3562,False
2016-12-22,5317,False
2016-12-22,8913,False
2016-12-23,1333,False
2016-12-23,3431,False
2016-12-23,3452,False
2016-12-23,3562,False
2016-12-23,5317,False
2016-12-23,8913,False
2016-12-26,1333,False
2016-12-26,3431,False
2016-12-26,3452,False
2016-12-26,3562,False
2016-12-26,5317,False
2016-12-26,8913,False
2016-12-27,1333,False
2016-12-27,3431,False
2016-12-27,3452,False
2016-12-27,3562,False
2016-12-27,5317,False
2016-12-27,8913,False
2016-12-28,1333,False
2016-12-28,3431,False
2016-12-28,3452,False
2016-12-28,3562,False
2016-12-28,5317,False
2016-12-28,8913,False
2016-12-29,1333,False
2016-12-29,3431,False
2016-12-29,3452,False
2016-12-29,3562,False
2016-12-29,5317,False
2016-12-29,8913,False
2016-12-30,1333,False
2016-12-30,3431,False
2016-12-30,3452,False
2016-12-30,3562,False
2016-12-30,5317,False
2016-12-30,8913,False
2017-01-03,1333,False
2017-01-03,3431,False
2017-01-03,3452,False
2017-01-03,3562,False
2017-01-03,5317,False
2017-01-03,8913,False
2017-01-04,1333,False
2017-01-04,3431,False
2017-01-04,3452,False
2017-01-04,3562,False
2017-01-04,5317,False
2017-01-04,8913,False
2017-01-05,1333,False
2017-01-05,3431,False
2017-01-05,3452,False
2017-01-05,3562,False
2017-01-05,5317,False
2017-01-05,8913,False
2017-01-06,1333,False
2017-01-06,3431,False
2017-01-06,3452,False
2017-01-06,3562,False
2017-01-06,5317,False
2017-01-06,8913,False
2017-01-09,1333,False
2017-01-09,3431,False
2017-01-09,3452,False
2017-01-09,3562,False
2017-01-09,5317,False
2017-01-09,8913,False
2017-01-10,1333,False
2017-01-10,3431,False
2017-01-10,3452,False
2017-01-10,3562,False
2017-01-10,5317,False
2017-01-10,8913,False
2017-01-11,1333,False
2017-01-11,3431,False
2017-01-11,3452,False
2017-01-11,3562,False
2017-01-11,5317,False
2017-01-11,8913,False
2017-01-12,1333,False
2017-01-12,3431,False
2017-01-12,3452,False
2017-01-12,3562,False
2017-01-12,5317,False
2017-01-12,8913,False
2017-01-13,1333,False
2017-01-13,3431,False
2017-01-13,3452,False
2017-01-13,3562,False
2017-01-13,5317,False
2017-01-13,8913,False
2017-01-16,1333,False
2017-01-16,3431,False
2017-01-16,3452,False
2017-01-16,3562,False
2017-01-16,5317,False
2017-01-16,8913,False
2017-01-17,1333,False
2017-01-17,3431,False
2017-01-17,3452,False
2017-01-17,3562,False
2017-01-17,5317,False
2017-01-17,8913,False
2017-01-18,1333,False
2017-01-18,3431,False
2017-01-18,3452,False
2017-01-18,3562,False
2017-01-18,5317,False
2017-01-18,8913,False
2017-01-19,1333,False
2017-01-19,3431,False
2017-01-19,3452,False
2017-01-19,3562,False
2017-01-19,5317,False
2017-01-19,8913,False
2017-01-20,1333,False
2017-01-20,3431,False
2017-01-20,3452,False
2017-01-20,3562,False
2017-01-20,5317,False
2017-01-20,8913,False
2017-01-23,1333,False
2017-01-23,3431,False
2017-01-23,3452,False
2017-01-23,3562,False
2017-01-23,5317,False
2017-01-23,8913,False
2017-01-24,1333,False
2017-01-24,3431,False
2017-01-24,3452,False
2017-01-24,3562,False
2017-01-24,5317,False
2017-01-24,8913,False
2017-02-02,1333,False
2017-02-02,3431,False
2017-02-02,3452,False
2017-02-02,3562,False
2017-02-02,5317,False
2017-02-02,8913,False
2017-02-03,1333,False
2017-02-03,3431,False
2017-02-03,3452,False
2017-02-03,3562,False
2017-02-03,5317,False
2017-02-03,8913,False
2017-02-06,1333,False
2017-02-06,3431,False
2017-02-06,3452,False
2017-02-06,3562,False
2017-02-06,5317,False
2017-02-06,8913,False
2017-02-07,1333,False
2017-02-07,3431,False
2017-02-07,3452,False
2017-02-07,3562,False
2017-02-07,5317,False
2017-02-07,8913,False
2017-02-08,1333,False
2017-02-08,3431,False
2017-02-08,3452,False
2017-02-08,3562,False
2017-02-08,5317,False
2017-02-08,8913,False
2017-02-09,1333,False
2017-02-09,3431,False
2017-02-09,3452,False
2017-02-09,3562,False
2017-02-09,5317,False
2017-02-09,8913,False
2017-02-10,1333,False
2017-02-10,3431,False
2017-02-10,3452,False
2017-02-10,3562,False
2017-02-10,5317,False
2017-02-10,8913,False
2017-02-13,1333,False
2017-02-13,3431,False
2017-02-13,3452,False
2017-02-13,3562,False
2017-02-13,5317,False
2017-02-13,8913,False
2017-02-14,1333,False
2017-02-14,3431,False
2017-02-14,3452,False
2017-02-14,3562,False
2017-02-14,5317,False
2017-02-14,8913,False
2017-02-15,1333,False
2017-02-15,3431,False
2017-02-15,3452,False
2017-02-15,3562,False
2017-02-15,5317,False
2017-02-15,8913,False
2017-02-16,1333,False
2017-02-16,3431,False
2017-02-16,3452,False
2017-02-16,3562,False
2017-02-16,5317,False
2017-02-16,8913,False
2017-02-17,1333,False
2017-02-17,3431,False
2017-02-17,3452,False
2017-02-17,3562,False
2017-02-17,5317,False
2017-02-17,8913,False
2017-02-18,2070,False
2017-02-18,2424,False
2017-02-18,2718,False
2017-02-18,2937,False
2017-02-18,3147,False
2017-02-18,3288,False
2017-02-18,3485,False
2017-02-18,4561,False
2017-02-18,4744,False
2017-02-18,4760,False
2017-02-18,4764,False
2017-02-18,4961,False
2017-02-18,4967,False
2017-02-18,5222,False
2017-02-18,5283,False
2017-02-18,5601,False
2017-02-18,5876,False
2017-02-18,6416,False
2017-02-18,6472,False
2017-02-18,6491,False
2017-02-18,6492,False
2017-02-18,6517,False
2017-02-18,6534,False
2017-02-18,6541,False
2017-02-18,6574,False
2017-02-18,6612,False
2017-02-18,8478,False
2017-02-18,8932,False
2017-02-20,1333,False
2017-02-20,3431,False
2017-02-20,3452,False
2017-02-20,3562,False
2017-02-20,5317,False
2017-02-20,8913,False
2017-02-21,1333,False
2017-02-21,3431,False
2017-02-21,3452,False
2017-02-21,3562,False
2017-02-21,5317,False
2017-02-21,8913,False
2017-02-22,1333,False
2017-02-22,3431,False
2017-02-22,3452,False
2017-02-22,3562,False
2017-02-22,5317,False
2017-02-22,8913,False
2017-02-23,1333,False
2017-02-23,3431,False
2017-02-23,3452,False
2017-02-23,3562,False
2017-02-23,5317,False
2017-02-23,8913,False
2017-02-24,1333,False
2017-02-24,3431,False
2017-02-24,3452,False
2017-02-24,3562,False
2017-02-24,5317,False
2017-02-24,8913,False
2017-03-01,1333,False
2017-03-01,3431,False
2017-03-01,3452,False
2017-03-01,3562,False
2017-03-01,5317,False
2017-03-01,8913,False
2017-03-02,1333,False
2017-03-02,3431,False
2017-03-02,3452,False
2017-03-02,3562,False
2017-03-02,5317,False
2017-03-02,8913,False
2017-03-03,1333,False
2017-03-03,3431,False
2017-03-03,3452,False
2017-03-03,3562,False
2017-03-03,5317,False
2017-03-03,8913,False
2017-03-06,1333,False
2017-03-06,3431,False
2017-03-06,3452,False
2017-03-06,3562,False
2017-03-06,5317,False
2017-03-06,8913,False
2017-03-07,1333,False
2017-03-07,3431,False
2017-03-07,3452,False
2017-03-07,3562,False
2017-03-07,5317,False
2017-03-07,8913,False
2017-03-08,1333,False
2017-03-08,3431,False
2017-03-08,3452,False
2017-03-08,3562,False
2017-03-08,5317,False
2017-03-08,8913,False
2017-03-09,1333,False
2017-03-09,3431,False
2017-03-09,3452,False
2017-03-09,3562,False
2017-03-09,5317,False
2017-03-09,8913,False
2017-03-10,1333,False
2017-03-10,3431,False
2017-03-10,3452,False
2017-03-10,3562,False
2017-03-10,5317,False
2017-03-10,8913,False
2017-03-13,1333,False
2017-03-13,3431,False
2017-03-13,3452,False
2017-03-13,3562,False
2017-03-13,5317,False
2017-03-13,8913,False
2017-03-14,1333,False
2017-03-14,3431,False
2017-03-14,3452,False
2017-03-14,3562,False
2017-03-14,5317,False
2017-03-14,8913,False
2017-03-15,1333,False
2017-03-15,3431,False
2017-03-15,3452,False
2017-03-15,3562,False
2017-03-15,5317,False
2017-03-15,8913,False
2017-03-16,1333,False
2017-03-16,3431,False
2017-03-16,3452,False
2017-03-16,3562,False
2017-03-16,5317,False
2017-03-16,8913,False
2017-03-17,1333,False
2017-03-17,3431,False
2017-03-17,3452,False
2017-03-17,3562,False
2017-03-17,5317,False
2017-03-17,8913,False
2017-03-20,1333,False
2017-03-20,3431,False
2017-03-20,3452,False
2017-03-20,3562,False
2017-03-20,5317,False
2017-03-20,8913,False
2017-03-21,1333,False
2017-03-21,3431,False
2017-03-21,3452,False
2017-03-21,3562,False
2017-03-21,5317,False
2017-03-21,8913,False
2017-03-22,1333,False
2017-03-22,3431,False
2017-03-22,3452,False
2017-03-22,3562,False
2017-03-22,5317,False
2017-03-22,8913,False
2017-03-23,1333,False
2017-03-23,3431,False
2017-03-23,3452,False
2017-03-23,3562,False
2017-03-23,5317,False
2017-03-23,8913,False
2017-03-24,1333,False
2017-03-24,3431,False
2017-03-24,3452,False
2017-03-24,3562,False
2017-03-24,5317,False
2017-03-24,8913,False
2017-03-27,1333,False
2017-03-27,3431,False
2017-03-27,3452,False
2017-03-27,3562,False
2017-03-27,5317,False
2017-03-27,8913,False
2017-03-28,1333,False
2017-03-28,3431,False
2017-03-28,3452,False
2017-03-28,3562,False
2017-03-28,5317,False
2017-03-28,8913,False
2017-03-29,1333,False
2017-03-29,3431,False
2017-03-29,3452,False
2017-03-29,3562,False
2017-03-29,5317,False
2017-03-29,8913,False
2017-03-30,1333,False
2017-03-30,3431,False
2017-03-30,3452,False
2017-03-30,3562,False
2017-03-30,5317,False
2017-03-30,8913,False
2017-03-31,1333,False
2017-03-31,3431,False
2017-03-31,3452,False
2017-03-31,3562,False
2017-03-31,5317,False
2017-03-31,8913,False
2017-04-05,1333,False
2017-04-05,3431,False
2017-04-05,3452,False
2017-04-05,3562,False
2017-04-05,5317,False
2017-04-05,8913,False
2017-04-06,1333,False
2017-04-06,3431,False
2017-04-06,3452,False
2017-04-06,3562,False
2017-04-06,5317,False
2017-04-06,8913,False
2017-04-07,1333,False
2017-04-07,3431,False
2017-04-07,3452,False
2017-04-07,3562,False
2017-04-07,5317,False
2017-04-07,8913,False
2017-04-10,1333,False
2017-04-10,3431,False
2017-04-10,3452,False
2017-04-10,3562,False
2017-04-10,5317,False
2017-04-10,8913,False
2017-04-11,1333,False
2017-04-11,3431,False
2017-04-11,3452,False
2017-04-11,3562,False
2017-04-11,5317,False
2017-04-11,8913,False
2017-04-12,1333,False
2017-04-12,3431,False
2017-04-12,3452,False
2017-04-12,3562,False
2017-04-12,5317,False
2017-04-12,8913,False
2017-04-13,1333,False
2017-04-13,3431,False
2017-04-13,3452,False
2017-04-13,3562,False
2017-04-13,5317,False
2017-04-13,8913,False
2017-04-14,1333,False
2017-04-14,3431,False
2017-04-14,3452,False
2017-04-14,3562,False
2017-04-14,5317,False
2017-04-14,8913,False
2017-04-17,1333,False
2017-04-17,3431,False
2017-04-17,3452,False
2017-04-17,3562,False
2017-04-17,5317,False
2017-04-17,8913,False
2017-04-18,1333,False
2017-04-18,3431,False
2017-04-18,3452,False
2017-04-18,3562,False
2017-04-18,5317,False
2017-04-18,8913,False
2017-04-19,1333,False
2017-04-19,3431,False
2017-04-19,3452,False
2017-04-19,3562,False
2017-04-19,5317,False
2017-04-19,8913,False
2017-04-20,1333,False
2017-04-20,3431,False
2017-04-20,3452,False
2017-04-20,3562,False
2017-04-20,5317,False
2017-04-20,8913,False
2017-04-21,1333,False
2017-04-21,3431,False
2017-04-21,3452,False
2017-04-21,3562,False
2017-04-21,5317,False
2017-04-21,8913,False
2017-04-24,1333,False
2017-04-24,3431,False
2017-04-24,3452,False
2017-04-24,3562,False
2017-04-24,5317,False
2017-04-24,8913,False
2017-04-25,1333,False
2017-04-25,3431,False
2017-04-25,3452,False
2017-04-25,3562,False
2017-04-25,5317,False
2017-04-25,8913,False
2017-04-26,1333,False
2017-04-26,3431,False
2017-04-26,3452,False
2017-04-26,3562,False
2017-04-26,5317,False
2017-04-26,8913,False
2017-04-27,1333,False
2017-04-27,3431,False
2017-04-27,3452,False
2017-04-27,3562,False
2017-04-27,5317,False
2017-04-27,8913,False
2017-04-28,1333,False
2017-04-28,3431,False
2017-04-28,3452,False
2017-04-28,3562,False
2017-04-28,5317,False
2017-04-28,8913,False
2017-05-02,1333,False
2017-05-02,3431,False
2017-05-02,3452,False
2017-05-02,3562,False
2017-05-02,5317,False
2017-05-02,8913,False
2017-05-03,1333,False
2017-05-03,3431,False
2017-05-03,3452,False
2017-05-03,3562,False
2017-05-03,5317,False
2017-05-03,8913,False
2017-05-04,1333,False
2017-05-04,3431,False
2017-05-04,3452,False
2017-05-04,3562,False
2017-05-04,5317,False
2017-05-04,8913,False
2017-05-05,1333,False
2017-05-05,3431,False
2017-05-05,3452,False
2017-05-05,3562,False
2017-05-05,5317,False
2017-05-05,8913,False
2017-05-08,1333,False
2017-05-08,3431,False
2017-05-08,3452,False
2017-05-08,3562,False
2017-05-08,5317,False
2017-05-08,8913,False
2017-05-09,1333,False
2017-05-09,3431,False
2017-05-09,3452,False
2017-05-09,3562,False
2017-05-09,5317,False
2017-05-09,8913,False
2017-05-10,1333,False
2017-05-10,3431,False
2017-05-10,3452,False
2017-05-10,3562,False
2017-05-10,5317,False
2017-05-10,8913,False
2017-05-11,1333,False
2017-05-11,3431,False
2017-05-11,3452,False
2017-05-11,3562,False
2017-05-11,5317,False
2017-05-11,8913,False
2017-05-12,1333,False
2017-05-12,3431,False
2017-05-12,3452,False
2017-05-12,3562,False
2017-05-12,5317,False
2017-05-12,8913,False
2017-05-15,1333,False
2017-05-15,3431,False
2017-05-15,3452,False
2017-05-15,3562,False
2017-05-15,5317,False
2017-05-15,8913,False
2017-05-16,1333,False
2017-05-16,3431,False
2017-05-16,3452,False
2017-05-16,3562,False
2017-05-16,5317,False
2017-05-16,8913,False
2017-05-17,1333,False
2017-05-17,3431,False
2017-05-17,3452,False
2017-05-17,3562,False
2017-05-17,5317,False
2017-05-17,8913,False
2017-05-18,1333,False
2017-05-18,3431,False
2017-05-18,3452,False
2017-05-18,3562,False
2017-05-18,5317,False
2017-05-18,8913,False
2017-05-19,1333,False
2017-05-19,3431,False
2017-05-19,3452,False
2017-05-19,3562,False
2017-05-19,5317,False
2017-05-19,8913,False
2017-05-22,1333,False
2017-05-22,3431,False
2017-05-22,3452,False
2017-05-22,3562,False
2017-05-22,5317,False
2017-05-22,8913,False
2017-05-23,1333,False
2017-05-23,3431,False
2017-05-23,3452,False
2017-05-23,3562,False
2017-05-23,5317,False
2017-05-23,8913,False
2017-05-24,1333,False
2017-05-24,3431,False
2017-05-24,3452,False
2017-05-24,3562,False
2017-05-24,5317,False
2017-05-24,8913,False
2017-05-25,1333,False
2017-05-25,3431,False
2017-05-25,3452,False
2017-05-25,3562,False
2017-05-25,5317,False
2017-05-25,8913,False
2017-05-26,1333,False
2017-05-26,3431,False
2017-05-26,3452,False
2017-05-26,3562,False
2017-05-26,5317,False
2017-05-26,8913,False
2017-05-31,1333,False
2017-05-31,3431,False
2017-05-31,3452,False
2017-05-31,3562,False
2017-05-31,5317,False
2017-05-31,8913,False
2017-06-01,1333,False
2017-06-01,3431,False
2017-06-01,3452,False
2017-06-01,3562,False
2017-06-01,5317,False
2017-06-01,8913,False
2017-06-02,1333,False
2017-06-02,3431,False
2017-06-02,3452,False
2017-06-02,3562,False
2017-06-02,5317,False
2017-06-02,8913,False
2017-06-03,2070,False
2017-06-03,2424,False
2017-06-03,2718,False
2017-06-03,2937,False
2017-06-03,3067,False
2017-06-03,3147,False
2017-06-03,3465,False
2017-06-03,3485,False
2017-06-03,3629,False
2017-06-03,4561,False
2017-06-03,4744,False
2017-06-03,4760,False
2017-06-03,4764,False
2017-06-03,4961,False
2017-06-03,4967,False
2017-06-03,5205,False
2017-06-03,5222,False
2017-06-03,5283,False
2017-06-03,5364,False
2017-06-03,5601,False
2017-06-03,5876,False
2017-06-03,6259,False
2017-06-03,6416,False
2017-06-03,6491,False
2017-06-03,6534,False
2017-06-03,6541,False
2017-06-03,6574,False
2017-06-03,6612,False
2017-06-03,6624,False
2017-06-03,8467,False
2017-06-03,8478,False
2017-06-05,1333,False
2017-06-05,3431,False
2017-06-05,3452,False
2017-06-05,3562,False
2017-06-05,5317,False
2017-06-05,8913,False
2017-06-06,1333,False
2017-06-06,3431,False
2017-06-06,3452,False
2017-06-06,3562,False
2017-06-06,5317,False
2017-06-06,8913,False
2017-06-07,1333,False
2017-06-07,3431,False
2017-06-07,3452,False
2017-06-07,3562,False
2017-06-07,5317,False
2017-06-07,8913,False
2017-06-08,1333,False
2017-06-08,3431,False
2017-06-08,3452,False
2017-06-08,3562,False
2017-06-08,5317,False
2017-06-08,8913,False
2017-06-09,1333,False
2017-06-09,3431,False
2017-06-09,3452,False
2017-06-09,3562,False
2017-06-09,5317,False
2017-06-09,8913,False
2017-06-12,1333,False
2017-06-12,3431,False
2017-06-12,3452,False
2017-06-12,3562,False
2017-06-12,5317,False
2017-06-12,8913,False
2017-06-13,1333,False
2017-06-13,3431,False
2017-06-13,3452,False
2017-06-13,3562,False
2017-06-13,5317,False
2017-06-13,8913,False
2017-06-14,1333,False
2017-06-14,3431,False
2017-06-14,3452,False
2017-06-14,3562,False
2017-06-14,5317,False
2017-06-14,8913,False
2017-06-15,1333,False
2017-06-15,3431,False
2017-06-15,3452,False
2017-06-15,3562,False
2017-06-15,5317,False
2017-06-15,8913,False
2017-06-16,1333,False
2017-06-16,3431,False
2017-06-16,3452,False
2017-06-16,3562,False
2017-06-16,5317,False
2017-06-16,8913,False
2017-06-19,1333,False
2017-06-19,3431,False
2017-06-19,3452,False
2017-06-19,3562,False
2017-06-19,5317,False
2017-06-19,8913,False
2017-06-20,1333,False
2017-06-20,3431,False
2017-06-20,3452,False
2017-06-20,3562,False
2017-06-20,5317,False
2017-06-20,8913,False
2017-06-21,1333,False
2017-06-21,3431,False
2017-06-21,3452,False
2017-06-21,3562,False
2017-06-21,5317,False
2017-06-21,8913,False
2017-06-22,1333,False
2017-06-22,3431,False
2017-06-22,3452,False
2017-06-22,3562,False
2017-06-22,5317,False
2017-06-22,8913,False
2017-06-23,1333,False
2017-06-23,3431,False
2017-06-23,3452,False
2017-06-23,3562,False
2017-06-23,5317,False
2017-06-23,8913,False
2017-06-26,1333,False
2017-06-26,3431,False
2017-06-26,3452,False
2017-06-26,3562,False
2017-06-26,5317,False
2017-06-26,8913,False
2017-06-27,1333,False
2017-06-27,3431,False
2017-06-27,3452,False
2017-06-27,3562,False
2017-06-27,5317,False
2017-06-27,8913,False
2017-06-28,1333,False
2017-06-28,3431,False
2017-06-28,3452,False
2017-06-28,3562,False
2017-06-28,5317,False
2017-06-28,8913,False
2017-06-29,1333,False
2017-06-29,3431,False
2017-06-29,3452,False
2017-06-29,3562,False
2017-06-29,5317,False
2017-06-29,8913,False
2017-06-30,1333,False
2017-06-30,3431,False
2017-06-30,3452,False
2017-06-30,3562,False
2017-06-30,5317,False
2017-06-30,8913,False
2017-07-03,1333,False
2017-07-03,3431,False
2017-07-03,3452,False
2017-07-03,3562,False
2017-07-03,5317,False
2017-07-03,8913,False
2017-07-04,1333,False
2017-07-04,3431,False
2017-07-04,3452,False
2017-07-04,3562,False
2017-07-04,5317,False
2017-07-04,8913,False
2017-07-05,1333,False
2017-07-05,3431,False
2017-07-05,3452,False
2017-07-05,3562,False
2017-07-05,5317,False
2017-07-05,8913,False
2017-07-06,1333,False
2017-07-06,3431,False
2017-07-06,3452,False
2017-07-06,3562,False
2017-07-06,5317,False
2017-07-06,8913,False
2017-07-07,1333,False
2017-07-07,3431,False
2017-07-07,3452,False
2017-07-07,3562,False
2017-07-07,5317,False
2017-07-07,8913,False
2017-07-10,1333,False
2017-07-10,3431,False
2017-07-10,3452,False
2017-07-10,3562,False
2017-07-10,5317,False
2017-07-10,8913,False
2017-07-11,1333,False
2017-07-11,3431,False
2017-07-11,3452,False
2017-07-11,3562,False
2017-07-11,5317,False
2017-07-11,8913,False
2017-07-12,1333,False
2017-07-12,3431,False
2017-07-12,3452,False
2017-07-12,3562,False
2017-07-12,5317,False
2017-07-12,8913,False
2017-07-13,1333,False
2017-07-13,3431,False
2017-07-13,3452,False
2017-07-13,3562,False
2017-07-13,5317,False
2017-07-13,8913,False
2017-07-14,1333,False
2017-07-14,3431,False
2017-07-14,3452,False
2017-07-14,3562,False
2017-07-14,5317,False
2017-07-14,8913,False
2017-07-17,1333,False
2017-07-17,3431,False
2017-07-17,3452,False
2017-07-17,3562,False
2017-07-17,5317,False
2017-07-17,8913,False
2017-07-18,1333,False
2017-07-18,3431,False
2017-07-18,3452,False
2017-07-18,3562,False
2017-07-18,5317,False
2017-07-18,8913,False
2017-07-19,1333,False
2017-07-19,3431,False
2017-07-19,3452,False
2017-07-19,3562,False
2017-07-19,5317,False
2017-07-19,8913,False
2017-07-20,1333,False
2017-07-20,3431,False
2017-07-20,3452,False
2017-07-20,3562,False
2017-07-20,5317,False
2017-07-20,8913,False
2017-07-21,1333,False
2017-07-21,3431,False
2017-07-21,3452,False
2017-07-21,3562,False
2017-07-21,5317,False
2017-07-21,8913,False
2017-07-24,1333,False
2017-07-24,3431,False
2017-07-24,3452,False
2017-07-24,3562,False
2017-07-24,5317,False
2017-07-24,8913,False
2017-07-25,1333,False
2017-07-25,3431,False
2017-07-25,3452,False
2017-07-25,3562,False
2017-07-25,5317,False
2017-07-25,8913,False
2017-07-26,1333,False
2017-07-26,3431,False
2017-07-26,3452,False
2017-07-26,3562,False
2017-07-26,5317,False
2017-07-26,8913,False
2017-07-27,1333,False
2017-07-27,3431,False
2017-07-27,3452,False
2017-07-27,3562,False
2017-07-27,5317,False
2017-07-27,8913,False
2017-07-28,1333,False
2017-07-28,3431,False
2017-07-28,3452,False
2017-07-28,3562,False
2017-07-28,5317,False
2017-07-28,8913,False
2017-07-31,1333,False
2017-07-31,3431,False
2017-07-31,3452,False
2017-07-31,3562,False
2017-07-31,5317,False
2017-07-31,8913,False
2017-08-01,1333,False
2017-08-01,3431,False
2017-08-01,3452,False
2017-08-01,3562,False
2017-08-01,5317,False
2017-08-01,8913,False
2017-08-02,1333,False
2017-08-02,3431,False
2017-08-02,3452,False
2017-08-02,3562,False
2017-08-02,5317,False
2017-08-02,8913,False
2017-08-03,1333,False
2017-08-03,3431,False
2017-08-03,3452,False
2017-08-03,3562,False
2017-08-03,5317,False
2017-08-03,8913,False
2017-08-04,1333,False
2017-08-04,3431,False
2017-08-04,3452,False
2017-08-04,3562,False
2017-08-04,5317,False
2017-08-04,8913,False
2017-08-07,1333,False
2017-08-07,3431,False
2017-08-07,3452,False
2017-08-07,3562,False
2017-08-07,5317,False
2017-08-07,8913,False
2017-08-08,1333,False
2017-08-08,3431,False
2017-08-08,3452,False
2017-08-08,3562,False
2017-08-08,5317,False
2017-08-08,8913,False
2017-08-09,1333,False
2017-08-09,3431,False
2017-08-09,3452,False
2017-08-09,3562,False
2017-08-09,5317,False
2017-08-09,8913,False
2017-08-10,1333,False
2017-08-10,3431,False
2017-08-10,3452,False
2017-08-10,3562,False
2017-08-10,5317,False
2017-08-10,8913,False
2017-08-11,1333,False
2017-08-11,3431,False
2017-08-11,3452,False
2017-08-11,3562,False
2017-08-11,5317,False
2017-08-11,8913,False
2017-08-14,1333,False
2017-08-14,3431,False
2017-08-14,3452,False
2017-08-14,3562,False
2017-08-14,5317,False
2017-08-14,8913,False
2017-08-15,1333,False
2017-08-15,3431,False
2017-08-15,3452,False
2017-08-15,3562,False
2017-08-15,5317,False
2017-08-15,8913,False
2017-08-16,1333,False
2017-08-16,3431,False
2017-08-16,3452,False
2017-08-16,3562,False
2017-08-16,5317,False
2017-08-16,8913,False
2017-08-17,1333,False
2017-08-17,3431,False
2017-08-17,3452,False
2017-08-17,3562,False
2017-08-17,5317,False
2017-08-17,8913,False
2017-08-18,1333,False
2017-08-18,3431,False
2017-08-18,3452,False
2017-08-18,3562,False
2017-08-18,5317,False
2017-08-18,8913,False
2017-08-21,1333,False
2017-08-21,3431,False
2017-08-21,3452,False
2017-08-21,3562,False
2017-08-21,5317,False
2017-08-21,8913,False
2017-08-22,1333,False
2017-08-22,3431,False
2017-08-22,3452,False
2017-08-22,3562,False
2017-08-22,5317,False
2017-08-22,8913,False
2017-08-23,1333,False
2017-08-23,3431,False
2017-08-23,3452,False
2017-08-23,3562,False
2017-08-23,5317,False
2017-08-23,8913,False
2017-08-24,1333,False
2017-08-24,3431,False
2017-08-24,3452,False
2017-08-24,3562,False
2017-08-24,5317,False
2017-08-24,8913,False
2017-08-25,1333,False
2017-08-25,3431,False
2017-08-25,3452,False
2017-08-25,3562,False
2017-08-25,5317,False
2017-08-25,8913,False
2017-08-28,1333,False
2017-08-28,3431,False
2017-08-28,3452,False
2017-08-28,3562,False
2017-08-28,5317,False
2017-08-28,8913,False
2017-08-29,1333,False
2017-08-29,3431,False
2017-08-29,3452,False
2017-08-29,3562,False
2017-08-29,5317,False
2017-08-29,8913,False
2017-08-30,1333,False
2017-08-30,3431,False
2017-08-30,3452,False
2017-08-30,3562,False
2017-08-30,5317,False
2017-08-30,8913,False
2017-08-31,1333,False
2017-08-31,3431,False
2017-08-31,3452,False
2017-08-31,3562,False
2017-08-31,5317,False
2017-08-31,8913,False
2017-09-01,1333,False
2017-09-01,3431,False
2017-09-01,3452,False
2017-09-01,3562,False
2017-09-01,5317,False
2017-09-01,8913,False
2017-09-04,1333,False
2017-09-04,3431,False
2017-09-04,3452,False
2017-09-04,3562,False
2017-09-04,5317,False
2017-09-04,8913,False
2017-09-05,1333,False
2017-09-05,3431,False
2017-09-05,3452,False
2017-09-05,3562,False
2017-09-05,5317,False
2017-09-05,8913,False
2017-09-06,1333,False
2017-09-06,3431,False
2017-09-06,3452,False
2017-09-06,3562,False
2017-09-06,5317,False
2017-09-07,1333,False
2017-09-07,3431,False
2017-09-07,3452,False
2017-09-07,3562,False
2017-09-07,5317,False
2017-09-08,1333,False
2017-09-08,3431,False
2017-09-08,3452,False
2017-09-08,3562,False
2017-09-08,5317,False
2017-09-11,1333,False
2017-09-11,3431,False
2017-09-11,3452,False
2017-09-11,3562,False
2017-09-11,5317,False
2017-09-12,1333,False
2017-09-12,3431,False
2017-09-12,3452,False
2017-09-12,3562,False
2017-09-12,5317,False
2017-09-13,1333,False
2017-09-13,3431,False
2017-09-13,3452,False
2017-09-13,3562,False
2017-09-13,5317,False
2017-09-14,1333,False
2017-09-14,3431,False
2017-09-14,3452,False
2017-09-14,3562,False
2017-09-14,5317,False
2017-09-15,1333,False
2017-09-15,3431,False
2017-09-15,3452,False
2017-09-15,3562,False
2017-09-15,5317,False
2017-09-18,1333,False
2017-09-18,3431,False
2017-09-18,3452,False
2017-09-18,3562,False
2017-09-18,5317,False
2017-09-18,8913,False
2017-09-19,1333,False
2017-09-19,3431,False
2017-09-19,3452,False
2017-09-19,3562,False
2017-09-19,5317,False
2017-09-19,8913,False
2017-09-20,1333,False
2017-09-20,3431,False
2017-09-20,3452,False
2017-09-20,3562,False
2017-09-20,5317,False
2017-09-20,8913,False
2017-09-21,1333,False
2017-09-21,3431,False
2017-09-21,3452,False
2017-09-21,3562,False
2017-09-21,5317,False
2017-09-21,8913,False
2017-09-22,1333,False
2017-09-22,3431,False
2017-09-22,3452,False
2017-09-22,3562,False
2017-09-22,5317,False
2017-09-22,8913,False
2017-09-25,1333,False
2017-09-25,3431,False
2017-09-25,3452,False
2017-09-25,3562,False
2017-09-25,5317,False
2017-09-25,8913,False
2017-09-26,1333,False
2017-09-26,3431,False
2017-09-26,3452,False
2017-09-26,3562,False
2017-09-26,5317,False
2017-09-26,8913,False
2017-09-27,1333,False
2017-09-27,3431,False
2017-09-27,3452,False
2017-09-27,3562,False
2017-09-27,5317,False
2017-09-27,8913,False
2017-09-28,1333,False
2017-09-28,3431,False
2017-09-28,3452,False
2017-09-28,3562,False
2017-09-28,5317,False
2017-09-28,8913,False
2017-09-29,1333,False
2017-09-29,3431,False
2017-09-29,3452,False
2017-09-29,3562,False
2017-09-29,5317,False
2017-09-29,8913,False
2017-09-30,1240,False
2017-09-30,2070,False
2017-09-30,2424,False
2017-09-30,2429,False
2017-09-30,2718,False
2017-09-30,3147,False
2017-09-30,3288,False
2017-09-30,3434,False
2017-09-30,3485,False
2017-09-30,3629,False
2017-09-30,4561,False
2017-09-30,4744,False
2017-09-30,4760,False
2017-09-30,4764,False
2017-09-30,4961,False
2017-09-30,4967,False
2017-09-30,4989,False
2017-09-30,5205,False
2017-09-30,5222,False
2017-09-30,5283,False
2017-09-30,5364,False
2017-09-30,5601,False
2017-09-30,5876,False
2017-09-30,6248,False
2017-09-30,6416,False
2017-09-30,6491,False
2017-09-30,6534,False
2017-09-30,6541,False
2017-09-30,6612,False
2017-09-30,6624,False
2017-09-30,6637,False
2017-09-30,6643,False
2017-09-30,8467,False
2017-09-30,8478,False
2017-10-02,1333,False
2017-10-02,3431,False
2017-10-02,3452,False
2017-10-02,3562,False
2017-10-02,5317,False
2017-10-02,8913,False
2017-10-03,1333,False
2017-10-03,3431,False
2017-10-03,3452,False
2017-10-03,3562,False
2017-10-03,5317,False
2017-10-03,8913,False
2017-10-05,1333,False
2017-10-05,3431,False
2017-10-05,3452,False
2017-10-05,3562,False
2017-10-05,5317,False
2017-10-05,8913,False
2017-10-06,1333,False
2017-10-06,3431,False
2017-10-06,3452,False
2017-10-06,3562,False
2017-10-06,5317,False
2017-10-06,8913,False
2017-10-11,1333,False
2017-10-11,3431,False
2017-10-11,3452,False
2017-10-11,3562,False
2017-10-11,5317,False
2017-10-11,8913,False
2017-10-12,1333,False
2017-10-12,3431,False
2017-10-12,3452,False
2017-10-12,3562,False
2017-10-12,5317,False
2017-10-12,8913,False
2017-10-13,1333,False
2017-10-13,3431,False
2017-10-13,3452,False
2017-10-13,3562,False
2017-10-13,5317,False
2017-10-13,8913,False
2017-10-16,1333,False
2017-10-16,3431,False
2017-10-16,3452,False
2017-10-16,3562,False
2017-10-16,5317,False
2017-10-16,8913,False
2017-10-17,1333,False
2017-10-17,3431,False
2017-10-17,3452,False
2017-10-17,3562,False
2017-10-17,5317,False
2017-10-17,8913,False
2017-10-18,1333,False
2017-10-18,3431,False
2017-10-18,3452,False
2017-10-18,3562,False
2017-10-18,5317,False
2017-10-18,8913,False
2017-10-19,1333,False
2017-10-19,3431,False
2017-10-19,3452,False
2017-10-19,3562,False
2017-10-19,5317,False
2017-10-19,8913,False
2017-10-20,1333,False
2017-10-20,3431,False
2017-10-20,3452,False
2017-10-20,3562,False
2017-10-20,5317,False
2017-10-20,8913,False
2017-10-23,1333,False
2017-10-23,3431,False
2017-10-23,3452,False
2017-10-23,3562,False
2017-10-23,5317,False
2017-10-23,8913,False
2017-10-24,1333,False
2017-10-24,3431,False
2017-10-24,3452,False
2017-10-24,3562,False
2017-10-24,5317,False
2017-10-24,8913,False
2017-10-25,1333,False
2017-10-25,3431,False
2017-10-25,3452,False
2017-10-25,3562,False
2017-10-25,5317,False
2017-10-25,8913,False
2017-10-26,1333,False
2017-10-26,3431,False
2017-10-26,3452,False
2017-10-26,3562,False
2017-10-26,5317,False
2017-10-26,8913,False
2017-10-27,1333,False
2017-10-27,3431,False
2017-10-27,3452,False
2017-10-27,3562,False
2017-10-27,5317,False
2017-10-27,8913,False
2017-10-30,1333,False
2017-10-30,3431,False
2017-10-30,3452,False
2017-10-30,3562,False
2017-10-30,5317,False
2017-10-30,8913,False
2017-10-31,1333,False
2017-10-31,3431,False
2017-10-31,3452,False
2017-10-31,3562,False
2017-10-31,5317,False
2017-10-31,8913,False
2017-11-01,1333,False
2017-11-01,3431,False
2017-11-01,3452,False
2017-11-01,3562,False
2017-11-01,5317,False
2017-11-01,8913,False
2017-11-02,1333,False
2017-11-02,3431,False
2017-11-02,3452,False
2017-11-02,3562,False
2017-11-02,5317,False
2017-11-02,8913,False
2017-11-03,1333,False
2017-11-03,3431,False
2017-11-03,3452,False
2017-11-03,3562,False
2017-11-03,5317,False
2017-11-03,8913,False
2017-11-06,1333,False
2017-11-06,3431,False
2017-11-06,3452,False
2017-11-06,3562,False
2017-11-06,5317,False
2017-11-06,8913,False
2017-11-07,1333,False
2017-11-07,3431,False
2017-11-07,3452,False
2017-11-07,3562,False
2017-11-07,5317,False
2017-11-07,8913,False
2017-11-08,1333,False
2017-11-08,3431,False
2017-11-08,3452,False
2017-11-08,3562,False
2017-11-08,5317,False
2017-11-08,8913,False
2017-11-09,1333,False
2017-11-09,3431,False
2017-11-09,3452,False
2017-11-09,3562,False
2017-11-09,5317,False
2017-11-09,8913,False
2017-11-10,1333,False
2017-11-10,3431,False
2017-11-10,3452,False
2017-11-10,3562,False
2017-11-10,5317,False
2017-11-10,8913,False
2017-11-13,1333,False
2017-11-13,3431,False
2017-11-13,3452,False
2017-11-13,3562,False
2017-11-13,5317,False
2017-11-13,8913,False
2017-11-14,1333,False
2017-11-14,3431,False
2017-11-14,3452,False
2017-11-14,3562,False
2017-11-14,5317,False
2017-11-14,8913,False
2017-11-15,1333,False
2017-11-15,3431,False
2017-11-15,3452,False
2017-11-15,3562,False
2017-11-15,5317,False
2017-11-15,8913,False
2017-11-16,1333,False
2017-11-16,3431,False
2017-11-16,3452,False
2017-11-16,3562,False
2017-11-16,5317,False
2017-11-16,8913,False
2017-11-17,1333,False
2017-11-17,3431,False
2017-11-17,3452,False
2017-11-17,3562,False
2017-11-17,5317,False
2017-11-17,8913,False
2017-11-20,1333,False
2017-11-20,3431,False
2017-11-20,3452,False
2017-11-20,3562,False
2017-11-20,5317,False
2017-11-20,8913,False
2017-11-21,1333,False
2017-11-21,3431,False
2017-11-21,3452,False
2017-11-21,3562,False
2017-11-21,5317,False
2017-11-21,8913,False
2017-11-22,1333,False
2017-11-22,3431,False
2017-11-22,3452,False
2017-11-22,3562,False
2017-11-22,5317,False
2017-11-22,8913,False
2017-11-23,1333,False
2017-11-23,3431,False
2017-11-23,3452,False
2017-11-23,3562,False
2017-11-23,5317,False
2017-11-23,8913,False
2017-11-24,1333,False
2017-11-24,3431,False
2017-11-24,3452,False
2017-11-24,3562,False
2017-11-24,5317,False
2017-11-24,8913,False
2017-11-27,1333,False
2017-11-27,3431,False
2017-11-27,3452,False
2017-11-27,3562,False
2017-11-27,5317,False
2017-11-27,8913,False
2017-11-28,1333,False
2017-11-28,3431,False
2017-11-28,3452,False
2017-11-28,3562,False
2017-11-28,5317,False
2017-11-28,8913,False
2017-11-29,1333,False
2017-11-29,3431,False
2017-11-29,3452,False
2017-11-29,3562,False
2017-11-29,5317,False
2017-11-29,8913,False
2017-11-30,1333,False
2017-11-30,3431,False
2017-11-30,3452,False
2017-11-30,3562,False
2017-11-30,5317,False
2017-11-30,8913,False
2017-12-01,1333,False
2017-12-01,3431,False
2017-12-01,3452,False
2017-12-01,3562,False
2017-12-01,5317,False
2017-12-01,8913,False
2017-12-04,1333,False
2017-12-04,3431,False
2017-12-04,3452,False
2017-12-04,3562,False
2017-12-04,5317,False
2017-12-04,8913,False
2017-12-05,1333,False
2017-12-05,3431,False
2017-12-05,3452,False
2017-12-05,3562,False
2017-12-05,5317,False
2017-12-05,8913,False
2017-12-06,1333,False
2017-12-06,3431,False
2017-12-06,3452,False
2017-12-06,3562,False
2017-12-06,5317,False
2017-12-06,8913,False
2017-12-07,1333,False
2017-12-07,3431,False
2017-12-07,3452,False
2017-12-07,3562,False
2017-12-07,5317,False
2017-12-07,8913,False
2017-12-08,1333,False
2017-12-08,3431,False
2017-12-08,3452,False
2017-12-08,3562,False
2017-12-08,5317,False
2017-12-08,8913,False
2017-12-11,1333,False
2017-12-11,3431,False
2017-12-11,3452,False
2017-12-11,3562,False
2017-12-11,5317,False
2017-12-11,8913,False
2017-12-12,1333,False
2017-12-12,3431,False
2017-12-12,3452,False
2017-12-12,3562,False
2017-12-12,5317,False
2017-12-12,8913,False
2017-12-13,1333,False
2017-12-13,3431,False
2017-12-13,3452,False
2017-12-13,3562,False
2017-12-13,5317,False
2017-12-13,8913,False
2017-12-14,1333,False
2017-12-14,3431,False
2017-12-14,3452,False
2017-12-14,3562,False
2017-12-14,5317,False
2017-12-14,8913,False
2017-12-15,1333,False
2017-12-15,3431,False
2017-12-15,3452,False
2017-12-15,3562,False
2017-12-15,5317,False
2017-12-15,8913,False
2017-12-18,1333,False
2017-12-18,3431,False
2017-12-18,3452,False
2017-12-18,3562,False
2017-12-18,5317,False
2017-12-18,8913,False
2017-12-19,1333,False
2017-12-19,3431,False
2017-12-19,3452,False
2017-12-19,3562,False
2017-12-19,5317,False
2017-12-19,8913,False
2017-12-20,1333,False
2017-12-20,3431,False
2017-12-20,3452,False
2017-12-20,3562,False
2017-12-20,5317,False
2017-12-20,8913,False
2017-12-21,1333,False
2017-12-21,3431,False
2017-12-21,3452,False
2017-12-21,3562,False
2017-12-21,5317,False
2017-12-21,8913,False
2017-12-22,1333,False
2017-12-22,3431,False
2017-12-22,3452,False
2017-12-22,3562,False
2017-12-22,5317,False
2017-12-22,8913,False
2017-12-25,1333,False
2017-12-25,3431,False
2017-12-25,3452,False
2017-12-25,3562,False
2017-12-25,5317,False
2017-12-25,8913,False
2017-12-26,1333,False
2017-12-26,3431,False
2017-12-26,3452,False
2017-12-26,3562,False
2017-12-26,5317,False
2017-12-26,8913,False
2017-12-27,1333,False
2017-12-27,3431,False
2017-12-27,3452,False
2017-12-27,3562,False
2017-12-27,5317,False
2017-12-27,8913,False
2017-12-28,1333,False
2017-12-28,3431,False
2017-12-28,3452,False
2017-12-28,3562,False
2017-12-28,5317,False
2017-12-28,8913,False
2017-12-29,1333,False
2017-12-29,3431,False
2017-12-29,3452,False
2017-12-29,3562,False
2017-12-29,5317,False
2017-12-29,8913,False
2018-01-02,1333,False
2018-01-02,3431,False
2018-01-02,3452,False
2018-01-02,3562,False
2018-01-02,5317,False
2018-01-02,8913,False
2018-01-03,1333,False
2018-01-03,3431,False
2018-01-03,3452,False
2018-01-03,3562,False
2018-01-03,5317,False
2018-01-03,8913,False
2018-01-04,1333,False
2018-01-04,3431,False
2018-01-04,3452,False
2018-01-04,3562,False
2018-01-04,5317,False
2018-01-04,8913,False
2018-01-05,1333,False
2018-01-05,3431,False
2018-01-05,3452,False
2018-01-05,3562,False
2018-01-05,5317,False
2018-01-05,8913,False
2018-01-08,1333,False
2018-01-08,3431,False
2018-01-08,3452,False
2018-01-08,3562,False
2018-01-08,5317,False
2018-01-08,8913,False
2018-01-09,1333,False
2018-01-09,3431,False
2018-01-09,3452,False
2018-01-09,3562,False
2018-01-09,5317,False
2018-01-09,8913,False
2018-01-10,1333,False
2018-01-10,3431,False
2018-01-10,3452,False
2018-01-10,3562,False
2018-01-10,5317,False
2018-01-10,8913,False
2018-01-11,1333,False
2018-01-11,3431,False
2018-01-11,3452,False
2018-01-11,3562,False
2018-01-11,5317,False
2018-01-11,8913,False
2018-01-12,1333,False
2018-01-12,3431,False
2018-01-12,3452,False
2018-01-12,3562,False
2018-01-12,5317,False
2018-01-12,8913,False
2018-01-15,1333,False
2018-01-15,3431,False
2018-01-15,3452,False
2018-01-15,3562,False
2018-01-15,5317,False
2018-01-15,8913,False
2018-01-16,1333,False
2018-01-16,3431,False
2018-01-16,3452,False
2018-01-16,3562,False
2018-01-16,5317,False
2018-01-16,8913,False
2018-01-17,1333,False
2018-01-17,3431,False
2018-01-17,3452,False
2018-01-17,3562,False
2018-01-17,5317,False
2018-01-17,8913,False
2018-01-18,1333,False
2018-01-18,3431,False
2018-01-18,3452,False
2018-01-18,3562,False
2018-01-18,5317,False
2018-01-18,8913,False
2018-01-19,1333,False
2018-01-19,3431,False
2018-01-19,3452,False
2018-01-19,3562,False
2018-01-19,5317,False
2018-01-19,8913,False
2018-01-22,1333,False
2018-01-22,3431,False
2018-01-22,3452,False
2018-01-22,3562,False
2018-01-22,5317,False
2018-01-22,8913,False
2018-01-23,1333,False
2018-01-23,3431,False
2018-01-23,3452,False
2018-01-23,3562,False
2018-01-23,5317,False
2018-01-23,8913,False
2018-01-24,1333,False
2018-01-24,3431,False
2018-01-24,3452,False
2018-01-24,3562,False
2018-01-24,5317,False
2018-01-24,8913,False
2018-01-25,1333,False
2018-01-25,3431,False
2018-01-25,3452,False
2018-01-25,3562,False
2018-01-25,5317,False
2018-01-25,8913,False
2018-01-26,1333,False
2018-01-26,3431,False
2018-01-26,3452,False
2018-01-26,3562,False
2018-01-26,5317,False
2018-01-26,8913,False
2018-01-29,1333,False
2018-01-29,3431,False
2018-01-29,3452,False
2018-01-29,3562,False
2018-01-29,5317,False
2018-01-29,8913,False
2018-01-30,1333,False
2018-01-30,3431,False
2018-01-30,3452,False
2018-01-30,3562,False
2018-01-30,5317,False
2018-01-30,8913,False
2018-01-31,1333,False
2018-01-31,3431,False
2018-01-31,3452,False
2018-01-31,3562,False
2018-01-31,5317,False
2018-01-31,8913,False
2018-02-01,1333,False
2018-02-01,3431,False
2018-02-01,3452,False
2018-02-01,3562,False
2018-02-01,5317,False
2018-02-01,8913,False
2018-02-02,1333,False
2018-02-02,3431,False
2018-02-02,3452,False
2018-02-02,3562,False
2018-02-02,5317,False
2018-02-02,8913,False
2018-02-05,1333,False
2018-02-05,3431,False
2018-02-05,3452,False
2018-02-05,3562,False
2018-02-05,5317,False
2018-02-05,8913,False
2018-02-06,1333,False
2018-02-06,3431,False
2018-02-06,3452,False
2018-02-06,3562,False
2018-02-06,5317,False
2018-02-06,8913,False
2018-02-07,1333,False
2018-02-07,3431,False
2018-02-07,3452,False
2018-02-07,3562,False
2018-02-07,5317,False
2018-02-07,8913,False
2018-02-08,1333,False
2018-02-08,3431,False
2018-02-08,3452,False
2018-02-08,3562,False
2018-02-08,5317,False
2018-02-08,8913,False
2018-02-09,1333,False
2018-02-09,3431,False
2018-02-09,3452,False
2018-02-09,3562,False
2018-02-09,5317,False
2018-02-09,8913,False
2018-02-12,1333,False
2018-02-12,3431,False
2018-02-12,3452,False
2018-02-12,3562,False
2018-02-12,5317,False
2018-02-12,8913,False
2018-02-21,1333,False
2018-02-21,3431,False
2018-02-21,3452,False
2018-02-21,3562,False
2018-02-21,5317,False
2018-02-21,8913,False
2018-02-22,1333,False
2018-02-22,3431,False
2018-02-22,3452,False
2018-02-22,3562,False
2018-02-22,5317,False
2018-02-22,8913,False
2018-02-23,1333,False
2018-02-23,3431,False
2018-02-23,3452,False
2018-02-23,3562,False
2018-02-23,5317,False
2018-02-23,8913,False
2018-02-26,1333,False
2018-02-26,3431,False
2018-02-26,3452,False
2018-02-26,3562,False
2018-02-26,5317,False
2018-02-26,8913,False
2018-02-27,1333,False
2018-02-27,3431,False
2018-02-27,3452,False
2018-02-27,3562,False
2018-02-27,5317,False
2018-02-27,8913,False
2018-03-01,1333,False
2018-03-01,3431,False
2018-03-01,3452,False
2018-03-01,3562,False
2018-03-01,5317,False
2018-03-01,8913,False
2018-03-02,1333,False
2018-03-02,3431,False
2018-03-02,3452,False
2018-03-02,3562,False
2018-03-02,5317,False
2018-03-02,8913,False
2018-03-05,1333,False
2018-03-05,3431,False
2018-03-05,3452,False
2018-03-05,3562,False
2018-03-05,5317,False
2018-03-05,8913,False
2018-03-06,1333,False
2018-03-06,3431,False
2018-03-06,3452,False
2018-03-06,3562,False
2018-03-06,5317,False
2018-03-06,8913,False
2018-03-07,1333,False
2018-03-07,3431,False
2018-03-07,3452,False
2018-03-07,3562,False
2018-03-07,5317,False
2018-03-07,8913,False
2018-03-08,1333,False
2018-03-08,3431,False
2018-03-08,3452,False
2018-03-08,3562,False
2018-03-08,5317,False
2018-03-08,8913,False
2018-03-09,1333,False
2018-03-09,3431,False
2018-03-09,3452,False
2018-03-09,3562,False
2018-03-09,5317,False
2018-03-09,8913,False
2018-03-12,1333,False
2018-03-12,3431,False
2018-03-12,3452,False
2018-03-12,3562,False
2018-03-12,5317,False
2018-03-12,8913,False
2018-03-13,1333,False
2018-03-13,3431,False
2018-03-13,3452,False
2018-03-13,3562,False
2018-03-13,5317,False
2018-03-13,8913,False
2018-03-14,1333,False
2018-03-14,3431,False
2018-03-14,3452,False
2018-03-14,3562,False
2018-03-14,5317,False
2018-03-14,8913,False
2018-03-15,1333,False
2018-03-15,3431,False
2018-03-15,3452,False
2018-03-15,3562,False
2018-03-15,5317,False
2018-03-15,8913,False
2018-03-16,1333,False
2018-03-16,3431,False
2018-03-16,3452,False
2018-03-16,3562,False
2018-03-16,5317,False
2018-03-16,8913,False
2018-03-19,1333,False
2018-03-19,3431,False
2018-03-19,3452,False
2018-03-19,3562,False
2018-03-19,5317,False
2018-03-19,8913,False
2018-03-20,1333,False
2018-03-20,3431,False
2018-03-20,3452,False
2018-03-20,3562,False
2018-03-20,5317,False
2018-03-20,8913,False
2018-03-21,1333,False
2018-03-21,3431,False
2018-03-21,3452,False
2018-03-21,3562,False
2018-03-21,5317,False
2018-03-21,8913,False
2018-03-22,1333,False
2018-03-22,3431,False
2018-03-22,3452,False
2018-03-22,3562,False
2018-03-22,5317,False
2018-03-22,8913,False
2018-03-23,1333,False
2018-03-23,3431,False
2018-03-23,3452,False
2018-03-23,3562,False
2018-03-23,5317,False
2018-03-23,8913,False
2018-03-26,1333,False
2018-03-26,3431,False
2018-03-26,3452,False
2018-03-26,3562,False
2018-03-26,5317,False
2018-03-26,8913,False
2018-03-27,1333,False
2018-03-27,3431,False
2018-03-27,3452,False
2018-03-27,3562,False
2018-03-27,5317,False
2018-03-27,8913,False
2018-03-28,1333,False
2018-03-28,3431,False
2018-03-28,3452,False
2018-03-28,3562,False
2018-03-28,5317,False
2018-03-28,8913,False
2018-03-29,1333,False
2018-03-29,3431,False
2018-03-29,3452,False
2018-03-29,3562,False
2018-03-29,5317,False
2018-03-29,8913,False
2018-03-30,1333,False
2018-03-30,3431,False
2018-03-30,3452,False
2018-03-30,3562,False
2018-03-30,5317,False
2018-03-30,8913,False
2018-03-31,1240,False
2018-03-31,2070,False
2018-03-31,2719,False
2018-03-31,3067,False
2018-03-31,3147,False
2018-03-31,3332,False
2018-03-31,3465,False
2018-03-31,3485,False
2018-03-31,4561,False
2018-03-31,4744,False
2018-03-31,4760,False
2018-03-31,4767,False
2018-03-31,4950,False
2018-03-31,4961,False
2018-03-31,4967,False
2018-03-31,4989,False
2018-03-31,5205,False
2018-03-31,5222,False
2018-03-31,5283,False
2018-03-31,5520,False
2018-03-31,5876,False
2018-03-31,6416,False
2018-03-31,6474,False
2018-03-31,6491,False
2018-03-31,6534,False
2018-03-31,6612,False
2018-03-31,6624,False
2018-03-31,6637,False
2018-03-31,6643,False
2018-03-31,6662,False
2018-03-31,6664,False
2018-03-31,6667,False
2018-03-31,6669,False
2018-03-31,8077,False
2018-04-02,1333,False
2018-04-02,3431,False
2018-04-02,3452,False
2018-04-02,3562,False
2018-04-02,5317,False
2018-04-02,8913,False
2018-04-03,1333,False
2018-04-03,3431,False
2018-04-03,3452,False
2018-04-03,3562,False
2018-04-03,5317,False
2018-04-03,8913,False
2018-04-09,1333,False
2018-04-09,3431,False
2018-04-09,3452,False
2018-04-09,3562,False
2018-04-09,5317,False
2018-04-09,8913,False
2018-04-10,1333,False
2018-04-10,3431,False
2018-04-10,3452,False
2018-04-10,3562,False
2018-04-10,5317,False
2018-04-10,8913,False
2018-04-11,1333,False
2018-04-11,3431,False
2018-04-11,3452,False
2018-04-11,3562,False
2018-04-11,5317,False
2018-04-11,8913,False
2018-04-12,1333,False
2018-04-12,3431,False
2018-04-12,3452,False
2018-04-12,3562,False
2018-04-12,5317,False
2018-04-12,8913,False
2018-04-13,1333,False
2018-04-13,3431,False
2018-04-13,3452,False
2018-04-13,3562,False
2018-04-13,5317,False
2018-04-13,8913,False
2018-04-16,1333,False
2018-04-16,3431,False
2018-04-16,3452,False
2018-04-16,3562,False
2018-04-16,5317,False
2018-04-16,8913,False
2018-04-17,1333,False
2018-04-17,3431,False
2018-04-17,3452,False
2018-04-17,3562,False
2018-04-17,5317,False
2018-04-17,8913,False
2018-04-18,1333,False
2018-04-18,3431,False
2018-04-18,3452,False
2018-04-18,3562,False
2018-04-18,5317,False
2018-04-18,8913,False
2018-04-19,1333,False
2018-04-19,3431,False
2018-04-19,3452,False
2018-04-19,3562,False
2018-04-19,5317,False
2018-04-19,8913,False
2018-04-20,1333,False
2018-04-20,3431,False
2018-04-20,3452,False
2018-04-20,3562,False
2018-04-20,5317,False
2018-04-20,8913,False
2018-04-23,1333,False
2018-04-23,3431,False
2018-04-23,3452,False
2018-04-23,3562,False
2018-04-23,5317,False
2018-04-23,8913,False
2018-04-24,1333,False
2018-04-24,3431,False
2018-04-24,3452,False
2018-04-24,3562,False
2018-04-24,5317,False
2018-04-24,8913,False
2018-04-25,1333,False
2018-04-25,3431,False
2018-04-25,3452,False
2018-04-25,3562,False
2018-04-25,5317,False
2018-04-25,8913,False
2018-04-26,1333,False
2018-04-26,3431,False
2018-04-26,3452,False
2018-04-26,3562,False
2018-04-26,5317,False
2018-04-26,8913,False
2018-04-27,1333,False
2018-04-27,3431,False
2018-04-27,3452,False
2018-04-27,3562,False
2018-04-27,5317,False
2018-04-27,8913,False
2018-04-30,1333,False
2018-04-30,3431,False
2018-04-30,3452,False
2018-04-30,3562,False
2018-04-30,5317,False
2018-04-30,8913,False
2018-05-02,1333,False
2018-05-02,3431,False
2018-05-02,3452,False
2018-05-02,3562,False
2018-05-02,5317,False
2018-05-02,8913,False
2018-05-03,1333,False
2018-05-03,3431,False
2018-05-03,3452,False
2018-05-03,3562,False
2018-05-03,5317,False
2018-05-03,8913,False
2018-05-04,1333,False
2018-05-04,3431,False
2018-05-04,3452,False
2018-05-04,3562,False
2018-05-04,5317,False
2018-05-04,8913,False
2018-05-07,1333,False
2018-05-07,3431,False
2018-05-07,3452,False
2018-05-07,3562,False
2018-05-07,5317,False
2018-05-07,8913,False
2018-05-08,1333,False
2018-05-08,3431,False
2018-05-08,3452,False
2018-05-08,3562,False
2018-05-08,5317,False
2018-05-08,8913,False
2018-05-09,1333,False
2018-05-09,3431,False
2018-05-09,3452,False
2018-05-09,3562,False
2018-05-09,5317,False
2018-05-09,8913,False
2018-05-10,1333,False
2018-05-10,3431,False
2018-05-10,3452,False
2018-05-10,3562,False
2018-05-10,5317,False
2018-05-10,8913,False
2018-05-11,1333,False
2018-05-11,3431,False
2018-05-11,3452,False
2018-05-11,3562,False
2018-05-11,5317,False
2018-05-11,8913,False
2018-05-14,1333,False
2018-05-14,3431,False
2018-05-14,3452,False
2018-05-14,3562,False
2018-05-14,5317,False
2018-05-14,8913,False
2018-05-15,1333,False
2018-05-15,3431,False
2018-05-15,3452,False
2018-05-15,3562,False
2018-05-15,5317,False
2018-05-15,8913,False
2018-05-16,1333,False
2018-05-16,3431,False
2018-05-16,3452,False
2018-05-16,3562,False
2018-05-16,5317,False
2018-05-16,8913,False
2018-05-17,1333,False
2018-05-17,3431,False
2018-05-17,3452,False
2018-05-17,3562,False
2018-05-17,5317,False
2018-05-17,8913,False
2018-05-18,1333,False
2018-05-18,3431,False
2018-05-18,3452,False
2018-05-18,3562,False
2018-05-18,5317,False
2018-05-18,8913,False
2018-05-21,1333,False
2018-05-21,3431,False
2018-05-21,3452,False
2018-05-21,3562,False
2018-05-21,5317,False
2018-05-21,8913,False
2018-05-22,1333,False
2018-05-22,3431,False
2018-05-22,3452,False
2018-05-22,3562,False
2018-05-22,5317,False
2018-05-22,8913,False
2018-05-23,1333,False
2018-05-23,3431,False
2018-05-23,3452,False
2018-05-23,3562,False
2018-05-23,5317,False
2018-05-23,8913,False
2018-05-24,1333,False
2018-05-24,3431,False
2018-05-24,3452,False
2018-05-24,3562,False
2018-05-24,5317,False
2018-05-24,8913,False
2018-05-25,1333,False
2018-05-25,3431,False
2018-05-25,3452,False
2018-05-25,3562,False
2018-05-25,5317,False
2018-05-25,8913,False
2018-05-28,1333,False
2018-05-28,3431,False
2018-05-28,3452,False
2018-05-28,3562,False
2018-05-28,5317,False
2018-05-28,8913,False
2018-05-29,1333,False
2018-05-29,3431,False
2018-05-29,3452,False
2018-05-29,3562,False
2018-05-29,5317,False
2018-05-29,8913,False
2018-05-30,1333,False
2018-05-30,3431,False
2018-05-30,3452,False
2018-05-30,3562,False
2018-05-30,5317,False
2018-05-30,8913,False
2018-05-31,1333,False
2018-05-31,3431,False
2018-05-31,3452,False
2018-05-31,3562,False
2018-05-31,5317,False
2018-05-31,8913,False
2018-06-01,1333,False
2018-06-01,3431,False
2018-06-01,3452,False
2018-06-01,3562,False
2018-06-01,5317,False
2018-06-01,8913,False
2018-06-04,1333,False
2018-06-04,3431,False
2018-06-04,3452,False
2018-06-04,3562,False
2018-06-04,5317,False
2018-06-04,8913,False
2018-06-05,1333,False
2018-06-05,3431,False
2018-06-05,3452,False
2018-06-05,3562,False
2018-06-05,5317,False
2018-06-05,8913,False
2018-06-06,1333,False
2018-06-06,3431,False
2018-06-06,3452,False
2018-06-06,3562,False
2018-06-06,5317,False
2018-06-06,8913,False
2018-06-07,1333,False
2018-06-07,3431,False
2018-06-07,3452,False
2018-06-07,3562,False
2018-06-07,5317,False
2018-06-07,8913,False
2018-06-08,1333,False
2018-06-08,3431,False
2018-06-08,3452,False
2018-06-08,3562,False
2018-06-08,5317,False
2018-06-08,8913,False
2018-06-11,1333,False
2018-06-11,3431,False
2018-06-11,3452,False
2018-06-11,3562,False
2018-06-11,5317,False
2018-06-11,8913,False
2018-06-12,1333,False
2018-06-12,3431,False
2018-06-12,3452,False
2018-06-12,3562,False
2018-06-12,5317,False
2018-06-12,8913,False
2018-06-13,1333,False
2018-06-13,3431,False
2018-06-13,3452,False
2018-06-13,3562,False
2018-06-13,5317,False
2018-06-13,8913,False
2018-06-14,1333,False
2018-06-14,3431,False
2018-06-14,3452,False
2018-06-14,3562,False
2018-06-14,5317,False
2018-06-14,8913,False
2018-06-15,1333,False
2018-06-15,3431,False
2018-06-15,3452,False
2018-06-15,3562,False
2018-06-15,5317,False
2018-06-15,8913,False
2018-06-19,1333,False
2018-06-19,3431,False
2018-06-19,3452,False
2018-06-19,3562,False
2018-06-19,5317,False
2018-06-19,8913,False
2018-06-20,1333,False
2018-06-20,3431,False
2018-06-20,3452,False
2018-06-20,3562,False
2018-06-20,5317,False
2018-06-20,8913,False
2018-06-21,1333,False
2018-06-21,3431,False
2018-06-21,3452,False
2018-06-21,3562,False
2018-06-21,5317,False
2018-06-21,8913,False
2018-06-22,1333,False
2018-06-22,3431,False
2018-06-22,3452,False
2018-06-22,3562,False
2018-06-22,5317,False
2018-06-22,8913,False
2018-06-25,1333,False
2018-06-25,3431,False
2018-06-25,3452,False
2018-06-25,3562,False
2018-06-25,5317,False
2018-06-25,8913,False
2018-06-26,1333,False
2018-06-26,3431,False
2018-06-26,3452,False
2018-06-26,3562,False
2018-06-26,5317,False
2018-06-26,8913,False
2018-06-27,1333,False
2018-06-27,3431,False
2018-06-27,3452,False
2018-06-27,3562,False
2018-06-27,5317,False
2018-06-27,8913,False
2018-06-28,1333,False
2018-06-28,3431,False
2018-06-28,3452,False
2018-06-28,3562,False
2018-06-28,5317,False
2018-06-28,8913,False
2018-06-29,1333,False
2018-06-29,3431,False
2018-06-29,3452,False
2018-06-29,3562,False
2018-06-29,5317,False
2018-06-29,8913,False
2018-07-02,1333,False
2018-07-02,3431,False
2018-07-02,3452,False
2018-07-02,3562,False
2018-07-02,5317,False
2018-07-02,8913,False
2018-07-03,1333,False
2018-07-03,3431,False
2018-07-03,3452,False
2018-07-03,3562,False
2018-07-03,5317,False
2018-07-03,8913,False
2018-07-04,1333,False
2018-07-04,3431,False
2018-07-04,3452,False
2018-07-04,3562,False
2018-07-04,5317,False
2018-07-04,8913,False
2018-07-05,1333,False
2018-07-05,3431,False
2018-07-05,3452,False
2018-07-05,3562,False
2018-07-05,5317,False
2018-07-05,8913,False
2018-07-06,1333,False
2018-07-06,3431,False
2018-07-06,3452,False
2018-07-06,3562,False
2018-07-06,5317,False
2018-07-06,8913,False
2018-07-09,1333,False
2018-07-09,3431,False
2018-07-09,3452,False
2018-07-09,3562,False
2018-07-09,5317,False
2018-07-09,8913,False
2018-07-10,1333,False
2018-07-10,3431,False
2018-07-10,3452,False
2018-07-10,3562,False
2018-07-10,5317,False
2018-07-10,8913,False
2018-07-11,1333,False
2018-07-11,3431,False
2018-07-11,3452,False
2018-07-11,3562,False
2018-07-11,5317,False
2018-07-11,8913,False
2018-07-12,1333,False
2018-07-12,3431,False
2018-07-12,3452,False
2018-07-12,3562,False
2018-07-12,5317,False
2018-07-12,8913,False
2018-07-13,1333,False
2018-07-13,3431,False
2018-07-13,3452,False
2018-07-13,3562,False
2018-07-13,5317,False
2018-07-13,8913,False
2018-07-16,1333,False
2018-07-16,3431,False
2018-07-16,3452,False
2018-07-16,3562,False
2018-07-16,5317,False
2018-07-16,8913,False
2018-07-17,1333,False
2018-07-17,3431,False
2018-07-17,3452,False
2018-07-17,3562,False
2018-07-17,5317,False
2018-07-17,8913,False
2018-07-18,1333,False
2018-07-18,3431,False
2018-07-18,3452,False
2018-07-18,3562,False
2018-07-18,5317,False
2018-07-18,8913,False
2018-07-19,1333,False
2018-07-19,3431,False
2018-07-19,3452,False
2018-07-19,3562,False
2018-07-19,5317,False
2018-07-19,8913,False
2018-07-20,1333,False
2018-07-20,3431,False
2018-07-20,3452,False
2018-07-20,3562,False
2018-07-20,5317,False
2018-07-20,8913,False
2018-07-23,1333,False
2018-07-23,3431,False
2018-07-23,3452,False
2018-07-23,3562,False
2018-07-23,5317,False
2018-07-23,8913,False
2018-07-24,1333,False
2018-07-24,3431,False
2018-07-24,3452,False
2018-07-24,3562,False
2018-07-24,5317,False
2018-07-24,8913,False
2018-07-25,1333,False
2018-07-25,3431,False
2018-07-25,3452,False
2018-07-25,3562,False
2018-07-25,5317,False
2018-07-25,8913,False
2018-07-26,1333,False
2018-07-26,3431,False
2018-07-26,3452,False
2018-07-26,3562,False
2018-07-26,5317,False
2018-07-26,8913,False
2018-07-27,1333,False
2018-07-27,3431,False
2018-07-27,3452,False
2018-07-27,3562,False
2018-07-27,5317,False
2018-07-27,8913,False
2018-07-30,1333,False
2018-07-30,3431,False
2018-07-30,3452,False
2018-07-30,3562,False
2018-07-30,5317,False
2018-07-30,8913,False
2018-07-31,1333,False
2018-07-31,3431,False
2018-07-31,3452,False
2018-07-31,3562,False
2018-07-31,5317,False
2018-07-31,8913,False
2018-08-01,1333,False
2018-08-01,3431,False
2018-08-01,3452,False
2018-08-01,3562,False
2018-08-01,5317,False
2018-08-01,8913,False
2018-08-02,1333,False
2018-08-02,3431,False
2018-08-02,3452,False
2018-08-02,3562,False
2018-08-02,5317,False
2018-08-02,8913,False
2018-08-03,1333,False
2018-08-03,3431,False
2018-08-03,3452,False
2018-08-03,3562,False
2018-08-03,5317,False
2018-08-03,8913,False
2018-08-06,1333,False
2018-08-06,3431,False
2018-08-06,3452,False
2018-08-06,3562,False
2018-08-06,5317,False
2018-08-06,8913,False
2018-08-07,1333,False
2018-08-07,3431,False
2018-08-07,3452,False
2018-08-07,3562,False
2018-08-07,5317,False
2018-08-07,8913,False
2018-08-08,1333,False
2018-08-08,3431,False
2018-08-08,3452,False
2018-08-08,3562,False
2018-08-08,5317,False
2018-08-08,8913,False
2018-08-09,1333,False
2018-08-09,3431,False
2018-08-09,3452,False
2018-08-09,3562,False
2018-08-09,5317,False
2018-08-09,8913,False
2018-08-10,1333,False
2018-08-10,3431,False
2018-08-10,3452,False
2018-08-10,3562,False
2018-08-10,5317,False
2018-08-10,8913,False
2018-08-13,1333,False
2018-08-13,3431,False
2018-08-13,3452,False
2018-08-13,3562,False
2018-08-13,5317,False
2018-08-13,8913,False
2018-08-14,1333,False
2018-08-14,3431,False
2018-08-14,3452,False
2018-08-14,3562,False
2018-08-14,5317,False
2018-08-14,8913,False
2018-08-15,1333,False
2018-08-15,3431,False
2018-08-15,3452,False
2018-08-15,3562,False
2018-08-15,5317,False
2018-08-15,8913,False
2018-08-16,1333,False
2018-08-16,3431,False
2018-08-16,3452,False
2018-08-16,3562,False
2018-08-16,5317,False
2018-08-16,8913,False
2018-08-17,1333,False
2018-08-17,3431,False
2018-08-17,3452,False
2018-08-17,3562,False
2018-08-17,5317,False
2018-08-17,8913,False
2018-08-20,1333,False
2018-08-20,3431,False
2018-08-20,3452,False
2018-08-20,3562,False
2018-08-20,5317,False
2018-08-20,8913,False
2018-08-21,1333,False
2018-08-21,3431,False
2018-08-21,3452,False
2018-08-21,3562,False
2018-08-21,5317,False
2018-08-21,8913,False
2018-08-22,1333,False
2018-08-22,3431,False
2018-08-22,3452,False
2018-08-22,3562,False
2018-08-22,5317,False
2018-08-22,8913,False
2018-08-23,1333,False
2018-08-23,3431,False
2018-08-23,3452,False
2018-08-23,3562,False
2018-08-23,5317,False
2018-08-23,8913,False
2018-08-24,1333,False
2018-08-24,3431,False
2018-08-24,3452,False
2018-08-24,3562,False
2018-08-24,5317,False
2018-08-24,8913,False
2018-08-27,1333,False
2018-08-27,3431,False
2018-08-27,3452,False
2018-08-27,3562,False
2018-08-27,5317,False
2018-08-27,8913,False
2018-08-28,1333,False
2018-08-28,3431,False
2018-08-28,3452,False
2018-08-28,3562,False
2018-08-28,5317,False
2018-08-28,8913,False
2018-08-29,1333,False
2018-08-29,3431,False
2018-08-29,3452,False
2018-08-29,3562,False
2018-08-29,5317,False
2018-08-29,8913,False
2018-08-30,1333,False
2018-08-30,3431,False
2018-08-30,3452,False
2018-08-30,3562,False
2018-08-30,5317,False
2018-08-30,8913,False
2018-08-31,1333,False
2018-08-31,3431,False
2018-08-31,3452,False
2018-08-31,3562,False
2018-08-31,5317,False
2018-08-31,8913,False
2018-09-03,1333,False
2018-09-03,3431,False
2018-09-03,3452,False
2018-09-03,3562,False
2018-09-03,5317,False
2018-09-03,8913,False
2018-09-04,1333,False
2018-09-04,3431,False
2018-09-04,3452,False
2018-09-04,3562,False
2018-09-04,5317,False
2018-09-04,8913,False
2018-09-05,1333,False
2018-09-05,3431,False
2018-09-05,3452,False
2018-09-05,3562,False
2018-09-05,5317,False
2018-09-05,8913,False
2018-09-06,1333,False
2018-09-06,3431,False
2018-09-06,3452,False
2018-09-06,3562,False
2018-09-06,5317,False
2018-09-06,8913,False
2018-09-07,1333,False
2018-09-07,3431,False
2018-09-07,3452,False
2018-09-07,3562,False
2018-09-07,5317,False
2018-09-07,8913,False
2018-09-10,1333,False
2018-09-10,3431,False
2018-09-10,3452,False
2018-09-10,3562,False
2018-09-10,5317,False
2018-09-10,8913,False
2018-09-11,1333,False
2018-09-11,3431,False
2018-09-11,3452,False
2018-09-11,3562,False
2018-09-11,5317,False
2018-09-11,8913,False
2018-09-12,1333,False
2018-09-12,3431,False
2018-09-12,3452,False
2018-09-12,3562,False
2018-09-12,5317,False
2018-09-12,8913,False
2018-09-13,1333,False
2018-09-13,3431,False
2018-09-13,3452,False
2018-09-13,3562,False
2018-09-13,5317,False
2018-09-13,8913,False
2018-09-14,1333,False
2018-09-14,3431,False
2018-09-14,3452,False
2018-09-14,3562,False
2018-09-14,5317,False
2018-09-14,8913,False
2018-09-17,1333,False
2018-09-17,3431,False
2018-09-17,3452,False
2018-09-17,3562,False
2018-09-17,5317,False
2018-09-17,8913,False
2018-09-18,1333,False
2018-09-18,3431,False
2018-09-18,3452,False
2018-09-18,3562,False
2018-09-18,5317,False
2018-09-18,8913,False
2018-09-19,1333,False
2018-09-19,3431,False
2018-09-19,3452,False
2018-09-19,3562,False
2018-09-19,5317,False
2018-09-19,8913,False
2018-09-20,1333,False
2018-09-20,3431,False
2018-09-20,3452,False
2018-09-20,3562,False
2018-09-20,5317,False
2018-09-20,8913,False
2018-09-21,1333,False
2018-09-21,3431,False
2018-09-21,3452,False
2018-09-21,3562,False
2018-09-21,5317,False
2018-09-21,8913,False
2018-09-25,1333,False
2018-09-25,3431,False
2018-09-25,3452,False
2018-09-25,3562,False
2018-09-25,5317,False
2018-09-25,8913,False
2018-09-26,1333,False
2018-09-26,3431,False
2018-09-26,3452,False
2018-09-26,3562,False
2018-09-26,5317,False
2018-09-26,8913,False
2018-09-27,1333,False
2018-09-27,3431,False
2018-09-27,3452,False
2018-09-27,3562,False
2018-09-27,5317,False
2018-09-27,8913,False
2018-09-28,1333,False
2018-09-28,3431,False
2018-09-28,3452,False
2018-09-28,3562,False
2018-09-28,5317,False
2018-09-28,8913,False
2018-10-01,1333,False
2018-10-01,3431,False
2018-10-01,3452,False
2018-10-01,3562,False
2018-10-01,5317,False
2018-10-01,8913,False
2018-10-02,1333,False
2018-10-02,3431,False
2018-10-02,3452,False
2018-10-02,3562,False
2018-10-02,5317,False
2018-10-02,8913,False
2018-10-03,1333,False
2018-10-03,3431,False
2018-10-03,3452,False
2018-10-03,3562,False
2018-10-03,5317,False
2018-10-03,8913,False
2018-10-04,1333,False
2018-10-04,3431,False
2018-10-04,3452,False
2018-10-04,3562,False
2018-10-04,5317,False
2018-10-04,8913,False
2018-10-05,1333,False
2018-10-05,3431,False
2018-10-05,3452,False
2018-10-05,3562,False
2018-10-05,5317,False
2018-10-05,8913,False
2018-10-08,1333,False
2018-10-08,3431,False
2018-10-08,3452,False
2018-10-08,3562,False
2018-10-08,5317,False
2018-10-08,8913,False
2018-10-09,1333,False
2018-10-09,3431,False
2018-10-09,3452,False
2018-10-09,3562,False
2018-10-09,5317,False
2018-10-09,8913,False
2018-10-11,1333,False
2018-10-11,3431,False
2018-10-11,3452,False
2018-10-11,3562,False
2018-10-11,5317,False
2018-10-11,8913,False
2018-10-12,1333,False
2018-10-12,3431,False
2018-10-12,3452,False
2018-10-12,3562,False
2018-10-12,5317,False
2018-10-12,8913,False
2018-10-15,1333,False
2018-10-15,3431,False
2018-10-15,3452,False
2018-10-15,3562,False
2018-10-15,5317,False
2018-10-15,8913,False
2018-10-16,1333,False
2018-10-16,3431,False
2018-10-16,3452,False
2018-10-16,3562,False
2018-10-16,5317,False
2018-10-16,8913,False
2018-10-17,1333,False
2018-10-17,3431,False
2018-10-17,3452,False
2018-10-17,3562,False
2018-10-17,5317,False
2018-10-17,8913,False
2018-10-18,1333,False
2018-10-18,3431,False
2018-10-18,3452,False
2018-10-18,3562,False
2018-10-18,5317,False
2018-10-18,8913,False
2018-10-19,1333,False
2018-10-19,3431,False
2018-10-19,3452,False
2018-10-19,3562,False
2018-10-19,5317,False
2018-10-19,8913,False
2018-10-22,1333,False
2018-10-22,3431,False
2018-10-22,3452,False
2018-10-22,3562,False
2018-10-22,5317,False
2018-10-22,8913,False
2018-10-23,1333,False
2018-10-23,3431,False
2018-10-23,3452,False
2018-10-23,3562,False
2018-10-23,5317,False
2018-10-23,8913,False
2018-10-24,1333,False
2018-10-24,3431,False
2018-10-24,3452,False
2018-10-24,3562,False
2018-10-24,5317,False
2018-10-24,8913,False
2018-10-25,1333,False
2018-10-25,3431,False
2018-10-25,3452,False
2018-10-25,3562,False
2018-10-25,5317,False
2018-10-25,8913,False
2018-10-26,1333,False
2018-10-26,3431,False
2018-10-26,3452,False
2018-10-26,3562,False
2018-10-26,5317,False
2018-10-26,8913,False
2018-10-29,1333,False
2018-10-29,3431,False
2018-10-29,3452,False
2018-10-29,3562,False
2018-10-29,5317,False
2018-10-29,8913,False
2018-10-30,1333,False
2018-10-30,3431,False
2018-10-30,3452,False
2018-10-30,3562,False
2018-10-30,5317,False
2018-10-30,8913,False
2018-10-31,1333,False
2018-10-31,3431,False
2018-10-31,3452,False
2018-10-31,3562,False
2018-10-31,5317,False
2018-10-31,8913,False
2018-11-01,1333,False
2018-11-01,3431,False
2018-11-01,3452,False
2018-11-01,3562,False
2018-11-01,5317,False
2018-11-01,8913,False
2018-11-02,1333,False
2018-11-02,3431,False
2018-11-02,3452,False
2018-11-02,3562,False
2018-11-02,5317,False
2018-11-02,8913,False
2018-11-05,1333,False
2018-11-05,3431,False
2018-11-05,3452,False
2018-11-05,3562,False
2018-11-05,5317,False
2018-11-05,8913,False
2018-11-06,1333,False
2018-11-06,3431,False
2018-11-06,3452,False
2018-11-06,3562,False
2018-11-06,5317,False
2018-11-06,8913,False
2018-11-07,1333,False
2018-11-07,3431,False
2018-11-07,3452,False
2018-11-07,3562,False
2018-11-07,5317,False
2018-11-07,8913,False
2018-11-08,1333,False
2018-11-08,3431,False
2018-11-08,3452,False
2018-11-08,3562,False
2018-11-08,5317,False
2018-11-08,8913,False
2018-11-09,1333,False
2018-11-09,3431,False
2018-11-09,3452,False
2018-11-09,3562,False
2018-11-09,5317,False
2018-11-09,8913,False
2018-11-12,1333,False
2018-11-12,3431,False
2018-11-12,3452,False
2018-11-12,3562,False
2018-11-12,5317,False
2018-11-12,8913,False
2018-11-13,1333,False
2018-11-13,3431,False
2018-11-13,3452,False
2018-11-13,3562,False
2018-11-13,5317,False
2018-11-13,8913,False
2018-11-14,1333,False
2018-11-14,3431,False
2018-11-14,3452,False
2018-11-14,3562,False
2018-11-14,5317,False
2018-11-14,8913,False
2018-11-15,1333,False
2018-11-15,3431,False
2018-11-15,3452,False
2018-11-15,3562,False
2018-11-15,5317,False
2018-11-15,8913,False
2018-11-16,1333,False
2018-11-16,3431,False
2018-11-16,3452,False
2018-11-16,3562,False
2018-11-16,5317,False
2018-11-16,8913,False
2018-11-19,1333,False
2018-11-19,3431,False
2018-11-19,3452,False
2018-11-19,3562,False
2018-11-19,5317,False
2018-11-19,8913,False
2018-11-20,1333,False
2018-11-20,3431,False
2018-11-20,3452,False
2018-11-20,3562,False
2018-11-20,5317,False
2018-11-20,8913,False
2018-11-21,1333,False
2018-11-21,3431,False
2018-11-21,3452,False
2018-11-21,3562,False
2018-11-21,5317,False
2018-11-21,8913,False
2018-11-22,1333,False
2018-11-22,3431,False
2018-11-22,3452,False
2018-11-22,3562,False
2018-11-22,5317,False
2018-11-22,8913,False
2018-11-23,1333,False
2018-11-23,3431,False
2018-11-23,3452,False
2018-11-23,3562,False
2018-11-23,5317,False
2018-11-23,8913,False
2018-11-26,1333,False
2018-11-26,3431,False
2018-11-26,3452,False
2018-11-26,3562,False
2018-11-26,5317,False
2018-11-26,8913,False
2018-11-27,1333,False
2018-11-27,3431,False
2018-11-27,3452,False
2018-11-27,3562,False
2018-11-27,5317,False
2018-11-27,8913,False
2018-11-28,1333,False
2018-11-28,3431,False
2018-11-28,3452,False
2018-11-28,3562,False
2018-11-28,5317,False
2018-11-28,8913,False
2018-11-29,1333,False
2018-11-29,3431,False
2018-11-29,3562,False
2018-11-29,5317,False
2018-11-29,8913,False
2018-11-30,1333,False
2018-11-30,3431,False
2018-11-30,3562,False
2018-11-30,5317,False
2018-11-30,8913,False
2018-12-03,1333,False
2018-12-03,3431,False
2018-12-03,3562,False
2018-12-03,5317,False
2018-12-03,8913,False
2018-12-04,1333,False
2018-12-04,3431,False
2018-12-04,3562,False
2018-12-04,5317,False
2018-12-04,8913,False
2018-12-05,1333,False
2018-12-05,3431,False
2018-12-05,3562,False
2018-12-05,5317,False
2018-12-05,8913,False
2018-12-06,1333,False
2018-12-06,3431,False
2018-12-06,3562,False
2018-12-06,5317,False
2018-12-06,8913,False
2018-12-07,1333,False
2018-12-07,3431,False
2018-12-07,3562,False
2018-12-07,5317,False
2018-12-07,8913,False
2018-12-10,1333,False
2018-12-10,3431,False
2018-12-10,3452,False
2018-12-10,3562,False
2018-12-10,5317,False
2018-12-10,8913,False
2018-12-11,1333,False
2018-12-11,3431,False
2018-12-11,3452,False
2018-12-11,3562,False
2018-12-11,5317,False
2018-12-11,8913,False
2018-12-12,1333,False
2018-12-12,3431,False
2018-12-12,3452,False
2018-12-12,3562,False
2018-12-12,5317,False
2018-12-12,8913,False
2018-12-13,1333,False
2018-12-13,3431,False
2018-12-13,3452,False
2018-12-13,3562,False
2018-12-13,5317,False
2018-12-13,8913,False
2018-12-14,1333,False
2018-12-14,3431,False
2018-12-14,3452,False
2018-12-14,3562,False
2018-12-14,5317,False
2018-12-14,8913,False
2018-12-17,1333,False
2018-12-17,3431,False
2018-12-17,3452,False
2018-12-17,3562,False
2018-12-17,5317,False
2018-12-17,8913,False
2018-12-18,1333,False
2018-12-18,3431,False
2018-12-18,3452,False
2018-12-18,3562,False
2018-12-18,5317,False
2018-12-18,8913,False
2018-12-19,1333,False
2018-12-19,3431,False
2018-12-19,3452,False
2018-12-19,3562,False
2018-12-19,5317,False
2018-12-19,8913,False
2018-12-20,1333,False
2018-12-20,3431,False
2018-12-20,3452,False
2018-12-20,3562,False
2018-12-20,5317,False
2018-12-20,8913,False
2018-12-21,1333,False
2018-12-21,3431,False
2018-12-21,3452,False
2018-12-21,3562,False
2018-12-21,5317,False
2018-12-21,8913,False
2018-12-22,1453,False
2018-12-22,2482,False
2018-12-22,2528,False
2018-12-22,2726,False
2018-12-22,3171,False
2018-12-22,3207,False
2018-12-22,3259,False
2018-12-22,3332,False
2018-12-22,3465,False
2018-12-22,3485,False
2018-12-22,3516,False
2018-12-22,5364,False
2018-12-22,5520,False
2018-12-22,6134,False
2018-12-22,6221,False
2018-12-22,6241,False
2018-12-22,6259,False
2018-12-22,6474,False
2018-12-22,6482,False
2018-12-22,6624,False
2018-12-22,6662,False
2018-12-22,6680,False
2018-12-22,6691,False
2018-12-22,8077,False
2018-12-22,8941,False
2018-12-22,9928,False
2018-12-24,1333,False
2018-12-24,3431,False
2018-12-24,3452,False
2018-12-24,3562,False
2018-12-24,5317,False
2018-12-24,8913,False
2018-12-25,1333,False
2018-12-25,3431,False
2018-12-25,3452,False
2018-12-25,3562,False
2018-12-25,5317,False
2018-12-25,8913,False
2018-12-26,1333,False
2018-12-26,3431,False
2018-12-26,3452,False
2018-12-26,3562,False
2018-12-26,5317,False
2018-12-26,8913,False
2018-12-27,1333,False
2018-12-27,3431,False
2018-12-27,3452,False
2018-12-27,3562,False
2018-12-27,5317,False
2018-12-27,8913,False
2018-12-28,1333,False
2018-12-28,3431,False
2018-12-28,3452,False
2018-12-28,3562,False
2018-12-28,5317,False
2018-12-28,8913,False
