run_name,universe,parameters,window_sessions,candidates,calculable,unique_tickers,unique_signal_dates,truncated,missing_data,terminal_event_candidates,no_valid_entry_ref,multi_leg_intraday_unresolved,multi_leg_intraday_unresolved_share,cross_boundary_excluded,unresolved_reasons,limit_touch_up_days_total,limit_touch_down_days_total,limit_close_up_days_total,limit_close_down_days_total,all_trade_at_limit_days_total,no_price_limit_days_total,limit_price_unknown_days_total,demeaned_mfe_median,demeaned_mae_median,days_to_mfe_median,days_to_mae_median,order_mfe_first_share,order_mae_first_share,order_same_day_unknown_share,raw_mfe_gt_5pct_share,raw_mfe_gt_10pct_share,raw_mfe_gt_20pct_share,raw_mfe_to_abs_mae_median,raw_mae_zero_ratio_undefined_share,trigger.hold_floor,trigger.pullback_ceiling,trigger.pullback_window,trigger.reclaim_level,trigger.volume_multiplier
"rsi_daily_pullback_reclaim_surface_v1__all_liquid__trigger.hold_floor=45,trigger.pullback_ceiling=55,trigger.pullback_window=3,trigger.reclaim_level=58,trigger.volume_multiplier=1.0",all_liquid,"{""trigger.hold_floor"": 45, ""trigger.pullback_ceiling"": 55, ""trigger.pullback_window"": 3, ""trigger.reclaim_level"": 58, ""trigger.volume_multiplier"": 1.0}",5,13915,13789,1047,1433,0,34,2,25,0,0.0,67,MISSING_OR_INVALID_RAW_PATH_PRICE=34 (0.002443),576,127,420,67,30,0,37003,-0.005735956776337828,-0.005424970571236826,2.0,3.0,0.5215026470374936,0.4433969105808978,0.035100442381608525,0.3137621272008624,0.1268415379087316,0.02824290334171757,0.8055555555555576,0.03103923417216622,45,55,3,58,1.0
"rsi_daily_pullback_reclaim_surface_v1__all_liquid__trigger.hold_floor=45,trigger.pullback_ceiling=55,trigger.pullback_window=3,trigger.reclaim_level=58,trigger.volume_multiplier=1.0",all_liquid,"{""trigger.hold_floor"": 45, ""trigger.pullback_ceiling"": 55, ""trigger.pullback_window"": 3, ""trigger.reclaim_level"": 58, ""trigger.volume_multiplier"": 1.0}",10,13915,13702,1047,1433,0,63,3,25,0,0.0,125,MISSING_OR_INVALID_RAW_PATH_PRICE=63 (0.004527),954,263,695,131,44,0,73531,-0.010010713218678587,-0.005874446851286748,4.0,5.0,0.5179535834184791,0.47620785286819445,0.005838563713326522,0.4380165289256198,0.21228889687387711,0.06201940352137981,0.9574275362318838,0.022478470296307108,45,55,3,58,1.0
"rsi_daily_pullback_reclaim_surface_v1__all_liquid__trigger.hold_floor=45,trigger.pullback_ceiling=55,trigger.pullback_window=3,trigger.reclaim_level=58,trigger.volume_multiplier=1.0",all_liquid,"{""trigger.hold_floor"": 45, ""trigger.pullback_ceiling"": 55, ""trigger.pullback_window"": 3, ""trigger.reclaim_level"": 58, ""trigger.volume_multiplier"": 1.0}",20,13915,13502,1047,1433,0,124,4,25,0,0.0,264,MISSING_OR_INVALID_RAW_PATH_PRICE=124 (0.008911),1683,547,1229,266,61,0,144868,-0.0167473257565991,-0.007238274609998797,8.0,9.0,0.5154791882684047,0.4833358021033921,0.0011850096282032291,0.5560905497664391,0.3301473230326985,0.12748832195472512,1.0869565217391304,0.015553251370167383,45,55,3,58,1.0
"rsi_daily_pullback_reclaim_surface_v1__all_liquid__trigger.hold_floor=45,trigger.pullback_ceiling=55,trigger.pullback_window=3,trigger.reclaim_level=58,trigger.volume_multiplier=1.2",all_liquid,"{""trigger.hold_floor"": 45, ""trigger.pullback_ceiling"": 55, ""trigger.pullback_window"": 3, ""trigger.reclaim_level"": 58, ""trigger.volume_multiplier"": 1.2}",5,12361,12249,1041,1430,0,30,1,23,0,0.0,59,MISSING_OR_INVALID_RAW_PATH_PRICE=30 (0.002427),543,112,393,62,30,0,32933,-0.005076773958816455,-0.006058495121797021,2.0,3.0,0.5234713037799004,0.44044411788717447,0.03608457833292514,0.31995793220613217,0.13000566297225144,0.029123857293099263,0.8035714285714287,0.030533104743244346,45,55,3,58,1.2
"rsi_daily_pullback_reclaim_surface_v1__all_liquid__trigger.hold_floor=45,trigger.pullback_ceiling=55,trigger.pullback_window=3,trigger.reclaim_level=58,trigger.volume_multiplier=1.2",all_liquid,"{""trigger.hold_floor"": 45, ""trigger.pullback_ceiling"": 55, ""trigger.pullback_window"": 3, ""trigger.reclaim_level"": 58, ""trigger.volume_multiplier"": 1.2}",10,12361,12172,1041,1430,0,56,2,23,0,0.0,110,MISSING_OR_INVALID_RAW_PATH_PRICE=56 (0.004530),898,226,651,114,43,0,65438,-0.009541577804224537,-0.006480457856033135,4.0,5.0,0.520949720670391,0.4726421294774893,0.006408149852119619,0.44106463878326996,0.21592104198689427,0.06342528921608284,0.9487179487179497,0.022099901413079198,45,55,3,58,1.2
"rsi_daily_pullback_reclaim_surface_v1__all_liquid__trigger.hold_floor=45,trigger.pullback_ceiling=55,trigger.pullback_window=3,trigger.reclaim_level=58,trigger.volume_multiplier=1.2",all_liquid,"{""trigger.hold_floor"": 45, ""trigger.pullback_ceiling"": 55, ""trigger.pullback_window"": 3, ""trigger.reclaim_level"": 58, ""trigger.volume_multiplier"": 1.2}",20,12361,11991,1041,1430,0,112,3,23,0,0.0,235,MISSING_OR_INVALID_RAW_PATH_PRICE=112 (0.009061),1573,470,1153,230,60,0,128895,-0.016255971325732657,-0.008035085635394443,8.0,9.0,0.5183053957134518,0.48052706196313905,0.0011675423234092236,0.5579645659736268,0.33322546719521073,0.1303292613866192,1.0731707317073174,0.015011258443832875,45,55,3,58,1.2
"rsi_daily_pullback_reclaim_surface_v1__all_liquid__trigger.hold_floor=45,trigger.pullback_ceiling=55,trigger.pullback_window=3,trigger.reclaim_level=58,trigger.volume_multiplier=1.5",all_liquid,"{""trigger.hold_floor"": 45, ""trigger.pullback_ceiling"": 55, ""trigger.pullback_window"": 3, ""trigger.reclaim_level"": 58, ""trigger.volume_multiplier"": 1.5}",5,10317,10220,1034,1423,0,25,1,21,0,0.0,51,MISSING_OR_INVALID_RAW_PATH_PRICE=25 (0.002423),482,93,344,52,29,0,27170,-0.004343265902387719,-0.006836405912641863,2.0,3.0,0.5238747553816047,0.4398238747553816,0.036301369863013695,0.32664534263836387,0.13540757972278764,0.030725986236309004,0.8070719602977658,0.02974559686888454,45,55,3,58,1.5
"rsi_daily_pullback_reclaim_surface_v1__all_liquid__trigger.hold_floor=45,trigger.pullback_ceiling=55,trigger.pullback_window=3,trigger.reclaim_level=58,trigger.volume_multiplier=1.5",all_liquid,"{""trigger.hold_floor"": 45, ""trigger.pullback_ceiling"": 55, ""trigger.pullback_window"": 3, ""trigger.reclaim_level"": 58, ""trigger.volume_multiplier"": 1.5}",10,10317,10155,1034,1423,0,46,2,21,0,0.0,95,MISSING_OR_INVALID_RAW_PATH_PRICE=46 (0.004459),791,189,565,92,38,0,53974,-0.00863278075597819,-0.007475290097555504,4.0,5.0,0.5230920728705072,0.4705071393402265,0.006400787789266372,0.4463506833381797,0.22099447513812154,0.06561985073180188,0.9375000000000012,0.02186115214180207,45,55,3,58,1.5
"rsi_daily_pullback_reclaim_surface_v1__all_liquid__trigger.hold_floor=45,trigger.pullback_ceiling=55,trigger.pullback_window=3,trigger.reclaim_level=58,trigger.volume_multiplier=1.5",all_liquid,"{""trigger.hold_floor"": 45, ""trigger.pullback_ceiling"": 55, ""trigger.pullback_window"": 3, ""trigger.reclaim_level"": 58, ""trigger.volume_multiplier"": 1.5}",20,10317,10002,1034,1423,0,93,3,21,0,0.0,201,MISSING_OR_INVALID_RAW_PATH_PRICE=93 (0.009014),1382,397,1006,189,54,0,106262,-0.015100493123951737,-0.008986645171306464,8.0,9.0,0.5208958208358329,0.47780443911217757,0.001299740051989602,0.5608219443636716,0.3380827760007754,0.13288746728700204,1.0588235294117592,0.014797040591881624,45,55,3,58,1.5
"rsi_daily_pullback_reclaim_surface_v1__all_liquid__trigger.hold_floor=45,trigger.pullback_ceiling=55,trigger.pullback_window=3,trigger.reclaim_level=58,trigger.volume_multiplier=2.0",all_liquid,"{""trigger.hold_floor"": 45, ""trigger.pullback_ceiling"": 55, ""trigger.pullback_window"": 3, ""trigger.reclaim_level"": 58, ""trigger.volume_multiplier"": 2.0}",5,7721,7645,1010,1388,0,18,1,16,0,0.0,42,MISSING_OR_INVALID_RAW_PATH_PRICE=18 (0.002331),379,70,267,38,27,0,20071,-0.0031195494581982806,-0.007949258143296101,2.0,3.0,0.5297580117724002,0.4354480052321779,0.03479398299542184,0.33557829296723224,0.14246859215127575,0.03186115788110348,0.7875939849624071,0.031785480706344016,45,55,3,58,2.0
"rsi_daily_pullback_reclaim_surface_v1__all_liquid__trigger.hold_floor=45,trigger.pullback_ceiling=55,trigger.pullback_window=3,trigger.reclaim_level=58,trigger.volume_multiplier=2.0",all_liquid,"{""trigger.hold_floor"": 45, ""trigger.pullback_ceiling"": 55, ""trigger.pullback_window"": 3, ""trigger.reclaim_level"": 58, ""trigger.volume_multiplier"": 2.0}",10,7721,7599,1010,1388,0,33,2,16,0,0.0,73,MISSING_OR_INVALID_RAW_PATH_PRICE=33 (0.004274),640,145,459,69,34,0,39898,-0.007675189141799689,-0.009020209140319455,4.0,5.0,0.5300697460192131,0.4640084221608106,0.005921831819976312,0.4516254371195441,0.22626602771661702,0.06877347493847948,0.9120227038183697,0.02329253849190683,45,55,3,58,2.0
"rsi_daily_pullback_reclaim_surface_v1__all_liquid__trigger.hold_floor=45,trigger.pullback_ceiling=55,trigger.pullback_window=3,trigger.reclaim_level=58,trigger.volume_multiplier=2.0",all_liquid,"{""trigger.hold_floor"": 45, ""trigger.pullback_ceiling"": 55, ""trigger.pullback_window"": 3, ""trigger.reclaim_level"": 58, ""trigger.volume_multiplier"": 2.0}",20,7721,7483,1010,1388,0,72,3,16,0,0.0,150,MISSING_OR_INVALID_RAW_PATH_PRICE=72 (0.009325),1114,309,811,148,47,0,78538,-0.014135303115652677,-0.01082848502082217,8.0,9.0,0.5313376987839102,0.46745957503674995,0.001202726179339837,0.561067219272115,0.3393342831239477,0.13314337521046496,1.0000000000000018,0.016169985300013363,45,55,3,58,2.0
"rsi_daily_pullback_reclaim_surface_v1__all_liquid__trigger.hold_floor=45,trigger.pullback_ceiling=55,trigger.pullback_window=6,trigger.reclaim_level=58,trigger.volume_multiplier=1.0",all_liquid,"{""trigger.hold_floor"": 45, ""trigger.pullback_ceiling"": 55, ""trigger.pullback_window"": 6, ""trigger.reclaim_level"": 58, ""trigger.volume_multiplier"": 1.0}",5,12666,12539,1031,1427,0,34,3,23,0,0.0,70,MISSING_OR_INVALID_RAW_PATH_PRICE=34 (0.002684),530,120,377,63,27,0,34219,-0.005419932702206719,-0.0053253154288940945,2.0,3.0,0.5218119467262142,0.4455698221548768,0.032618231118909005,0.31880625296068216,0.12995420811621664,0.029527869887888837,0.8333333333333321,0.030783954063322433,45,55,6,58,1.0
"rsi_daily_pullback_reclaim_surface_v1__all_liquid__trigger.hold_floor=45,trigger.pullback_ceiling=55,trigger.pullback_window=6,trigger.reclaim_level=58,trigger.volume_multiplier=1.0",all_liquid,"{""trigger.hold_floor"": 45, ""trigger.pullback_ceiling"": 55, ""trigger.pullback_window"": 6, ""trigger.reclaim_level"": 58, ""trigger.volume_multiplier"": 1.0}",10,12666,12465,1031,1427,0,59,4,23,0,0.0,119,MISSING_OR_INVALID_RAW_PATH_PRICE=59 (0.004658),887,237,639,122,40,0,68082,-0.009349382565854755,-0.006268698710757324,4.0,5.0,0.5218612113918973,0.47236261532290413,0.005776173285198556,0.44220748460445286,0.2181430601610611,0.06442444339175746,0.9629629629629652,0.021981548335338948,45,55,6,58,1.0
"rsi_daily_pullback_reclaim_surface_v1__all_liquid__trigger.hold_floor=45,trigger.pullback_ceiling=55,trigger.pullback_window=6,trigger.reclaim_level=58,trigger.volume_multiplier=1.0",all_liquid,"{""trigger.hold_floor"": 45, ""trigger.pullback_ceiling"": 55, ""trigger.pullback_window"": 6, ""trigger.reclaim_level"": 58, ""trigger.volume_multiplier"": 1.0}",20,12666,12278,1031,1427,0,114,5,23,0,0.0,251,MISSING_OR_INVALID_RAW_PATH_PRICE=114 (0.009000),1535,495,1111,238,55,0,134084,-0.01635840994146137,-0.007953101489632877,8.0,9.0,0.5229679100830754,0.47556605310311123,0.0014660368138133247,0.5562924364440234,0.33546502447497234,0.1306647718300963,1.0714285714285707,0.015311940055383612,45,55,6,58,1.0
"rsi_daily_pullback_reclaim_surface_v1__all_liquid__trigger.hold_floor=45,trigger.pullback_ceiling=55,trigger.pullback_window=6,trigger.reclaim_level=58,trigger.volume_multiplier=1.2",all_liquid,"{""trigger.hold_floor"": 45, ""trigger.pullback_ceiling"": 55, ""trigger.pullback_window"": 6, ""trigger.reclaim_level"": 58, ""trigger.volume_multiplier"": 1.2}",5,11087,10975,1022,1422,0,31,2,21,0,0.0,60,MISSING_OR_INVALID_RAW_PATH_PRICE=31 (0.002796),492,105,347,57,27,0,29939,-0.004782562190892788,-0.006048027370002283,2.0,3.0,0.5230979498861048,0.4430979498861048,0.033804100227790436,0.3252457833498692,0.13385045548840985,0.030305763506809778,0.8333333333333285,0.030159453302961277,45,55,6,58,1.2
"rsi_daily_pullback_reclaim_surface_v1__all_liquid__trigger.hold_floor=45,trigger.pullback_ceiling=55,trigger.pullback_window=6,trigger.reclaim_level=58,trigger.volume_multiplier=1.2",all_liquid,"{""trigger.hold_floor"": 45, ""trigger.pullback_ceiling"": 55, ""trigger.pullback_window"": 6, ""trigger.reclaim_level"": 58, ""trigger.volume_multiplier"": 1.2}",10,11087,10912,1022,1422,0,52,3,21,0,0.0,102,MISSING_OR_INVALID_RAW_PATH_PRICE=52 (0.004690),821,200,587,105,39,0,59569,-0.008920453223681828,-0.006890151113326762,4.0,5.0,0.5250183284457478,0.46875,0.006231671554252199,0.4452962929557139,0.22260304861549562,0.0659330747722558,0.9565217391304364,0.02135263929618768,45,55,6,58,1.2
"rsi_daily_pullback_reclaim_surface_v1__all_liquid__trigger.hold_floor=45,trigger.pullback_ceiling=55,trigger.pullback_window=6,trigger.reclaim_level=58,trigger.volume_multiplier=1.2",all_liquid,"{""trigger.hold_floor"": 45, ""trigger.pullback_ceiling"": 55, ""trigger.pullback_window"": 6, ""trigger.reclaim_level"": 58, ""trigger.volume_multiplier"": 1.2}",20,11087,10745,1022,1422,0,100,4,21,0,0.0,221,MISSING_OR_INVALID_RAW_PATH_PRICE=100 (0.009020),1418,419,1029,205,54,0,117261,-0.015833685732237368,-0.008773829662590132,8.0,9.0,0.5254536993950675,0.4731503024662634,0.0013959981386691485,0.5579507531343014,0.3388653377829891,0.13330928114007395,1.0625000000000004,0.01470451372731503,45,55,6,58,1.2
"rsi_daily_pullback_reclaim_surface_v1__all_liquid__trigger.hold_floor=45,trigger.pullback_ceiling=55,trigger.pullback_window=6,trigger.reclaim_level=58,trigger.volume_multiplier=1.5",all_liquid,"{""trigger.hold_floor"": 45, ""trigger.pullback_ceiling"": 55, ""trigger.pullback_window"": 6, ""trigger.reclaim_level"": 58, ""trigger.volume_multiplier"": 1.5}",5,9050,8959,1013,1407,0,24,2,19,0,0.0,48,MISSING_OR_INVALID_RAW_PATH_PRICE=24 (0.002652),431,87,299,47,26,0,24281,-0.0041487381481867085,-0.006757400455417263,2.0,3.0,0.5227145886817726,0.4431298135952673,0.03415559772296015,0.3320441988950276,0.1414364640883978,0.03259668508287293,0.8333333333333338,0.029021096104475945,45,55,6,58,1.5
"rsi_daily_pullback_reclaim_surface_v1__all_liquid__trigger.hold_floor=45,trigger.pullback_ceiling=55,trigger.pullback_window=6,trigger.reclaim_level=58,trigger.volume_multiplier=1.5",all_liquid,"{""trigger.hold_floor"": 45, ""trigger.pullback_ceiling"": 55, ""trigger.pullback_window"": 6, ""trigger.reclaim_level"": 58, ""trigger.volume_multiplier"": 1.5}",10,9050,8907,1013,1407,0,39,3,19,0,0.0,85,MISSING_OR_INVALID_RAW_PATH_PRICE=39 (0.004309),712,168,503,86,34,0,48294,-0.007818139805099461,-0.007782013184687103,4.0,5.0,0.5270012349837206,0.46659930391826654,0.006399461098012799,0.4512707182320442,0.2281767955801105,0.06906077348066299,0.9444444444444496,0.02065790950937465,45,55,6,58,1.5
"rsi_daily_pullback_reclaim_surface_v1__all_liquid__trigger.hold_floor=45,trigger.pullback_ceiling=55,trigger.pullback_window=6,trigger.reclaim_level=58,trigger.volume_multiplier=1.5",all_liquid,"{""trigger.hold_floor"": 45, ""trigger.pullback_ceiling"": 55, ""trigger.pullback_window"": 6, ""trigger.reclaim_level"": 58, ""trigger.volume_multiplier"": 1.5}",20,9050,8768,1013,1407,0,78,4,19,0,0.0,185,MISSING_OR_INVALID_RAW_PATH_PRICE=78 (0.008619),1226,350,883,166,46,0,94995,-0.014839677829482902,-0.009842996653901504,8.0,9.0,0.5283987226277372,0.4702326642335766,0.0013686131386861315,0.5609944751381215,0.3447513812154696,0.136353591160221,1.0555555555555565,0.014028284671532847,45,55,6,58,1.5
"rsi_daily_pullback_reclaim_surface_v1__all_liquid__trigger.hold_floor=45,trigger.pullback_ceiling=55,trigger.pullback_window=6,trigger.reclaim_level=58,trigger.volume_multiplier=2.0",all_liquid,"{""trigger.hold_floor"": 45, ""trigger.pullback_ceiling"": 55, ""trigger.pullback_window"": 6, ""trigger.reclaim_level"": 58, ""trigger.volume_multiplier"": 2.0}",5,6605,6532,984,1364,0,18,2,14,0,0.0,41,MISSING_OR_INVALID_RAW_PATH_PRICE=18 (0.002725),345,62,238,32,25,0,17557,-0.0026619468219065325,-0.0077035605032776434,2.0,3.0,0.5249540722596449,0.4419779546846295,0.03306797305572566,0.3457986373959122,0.15200605601816805,0.0348221044663134,0.8222222222222216,0.03138395590936926,45,55,6,58,2.0
"rsi_daily_pullback_reclaim_surface_v1__all_liquid__trigger.hold_floor=45,trigger.pullback_ceiling=55,trigger.pullback_window=6,trigger.reclaim_level=58,trigger.volume_multiplier=2.0",all_liquid,"{""trigger.hold_floor"": 45, ""trigger.pullback_ceiling"": 55, ""trigger.pullback_window"": 6, ""trigger.reclaim_level"": 58, ""trigger.volume_multiplier"": 2.0}",10,6605,6499,984,1364,0,27,3,14,0,0.0,65,MISSING_OR_INVALID_RAW_PATH_PRICE=27 (0.004088),571,122,404,59,32,0,34957,-0.006396954651996314,-0.009296662687897413,4.0,5.0,0.5294660717033389,0.46437913525157715,0.006154793045083859,0.4611657834973505,0.23679031037093112,0.0732778198334595,0.9375000000000013,0.02231112478842899,45,55,6,58,2.0
"rsi_daily_pullback_reclaim_surface_v1__all_liquid__trigger.hold_floor=45,trigger.pullback_ceiling=55,trigger.pullback_window=6,trigger.reclaim_level=58,trigger.volume_multiplier=2.0",all_liquid,"{""trigger.hold_floor"": 45, ""trigger.pullback_ceiling"": 55, ""trigger.pullback_window"": 6, ""trigger.reclaim_level"": 58, ""trigger.volume_multiplier"": 2.0}",20,6605,6399,984,1364,0,59,4,14,0,0.0,133,MISSING_OR_INVALID_RAW_PATH_PRICE=59 (0.008933),965,258,691,120,41,0,68836,-0.01327769665368013,-0.011194787471398293,8.0,9.0,0.5353961556493202,0.46335364900765746,0.0012501953430223472,0.5647236941710825,0.35034065102195305,0.1392884178652536,1.0236220472440938,0.01562744178777934,45,55,6,58,2.0
"rsi_daily_pullback_reclaim_surface_v1__all_liquid__trigger.hold_floor=45,trigger.pullback_ceiling=55,trigger.pullback_window=9,trigger.reclaim_level=58,trigger.volume_multiplier=1.0",all_liquid,"{""trigger.hold_floor"": 45, ""trigger.pullback_ceiling"": 55, ""trigger.pullback_window"": 9, ""trigger.reclaim_level"": 58, ""trigger.volume_multiplier"": 1.0}",5,11062,10952,1021,1412,0,29,3,23,0,0.0,58,MISSING_OR_INVALID_RAW_PATH_PRICE=29 (0.002622),490,113,350,58,21,0,30039,-0.005235597440875189,-0.005400820077526531,2.0,3.0,0.5190832724616509,0.44914170927684444,0.03177501826150475,0.32462484180075935,0.13605134695353463,0.031639848128728984,0.8484848484848471,0.03150109569028488,45,55,9,58,1.0
"rsi_daily_pullback_reclaim_surface_v1__all_liquid__trigger.hold_floor=45,trigger.pullback_ceiling=55,trigger.pullback_window=9,trigger.reclaim_level=58,trigger.volume_multiplier=1.0",all_liquid,"{""trigger.hold_floor"": 45, ""trigger.pullback_ceiling"": 55, ""trigger.pullback_window"": 9, ""trigger.reclaim_level"": 58, ""trigger.volume_multiplier"": 1.0}",10,11062,10884,1021,1412,0,50,4,23,0,0.0,105,MISSING_OR_INVALID_RAW_PATH_PRICE=50 (0.004520),805,211,575,103,30,0,59714,-0.009322683042649098,-0.006324941088830369,4.0,5.0,0.5292171995589857,0.465178243292907,0.005604557148107313,0.4425962755378774,0.225998915205207,0.06861327065630085,0.9523809523809516,0.02324513046674017,45,55,9,58,1.0
"rsi_daily_pullback_reclaim_surface_v1__all_liquid__trigger.hold_floor=45,trigger.pullback_ceiling=55,trigger.pullback_window=9,trigger.reclaim_level=58,trigger.volume_multiplier=1.0",all_liquid,"{""trigger.hold_floor"": 45, ""trigger.pullback_ceiling"": 55, ""trigger.pullback_window"": 9, ""trigger.reclaim_level"": 58, ""trigger.volume_multiplier"": 1.0}",20,11062,10720,1021,1412,0,95,5,23,0,0.0,224,MISSING_OR_INVALID_RAW_PATH_PRICE=95 (0.008588),1362,453,979,212,44,0,117602,-0.01650951482497784,-0.008418160931258026,8.0,9.0,0.5299440298507463,0.4685634328358209,0.0014925373134328358,0.5549629361779064,0.33746158018441513,0.13279696257457965,1.047619047619048,0.01585820895522388,45,55,9,58,1.0
"rsi_daily_pullback_reclaim_surface_v1__all_liquid__trigger.hold_floor=45,trigger.pullback_ceiling=55,trigger.pullback_window=9,trigger.reclaim_level=58,trigger.volume_multiplier=1.2",all_liquid,"{""trigger.hold_floor"": 45, ""trigger.pullback_ceiling"": 55, ""trigger.pullback_window"": 9, ""trigger.reclaim_level"": 58, ""trigger.volume_multiplier"": 1.2}",5,9577,9482,1012,1403,0,26,2,20,0,0.0,49,MISSING_OR_INVALID_RAW_PATH_PRICE=26 (0.002715),454,98,323,51,21,0,26004,-0.004690086483735961,-0.0061700529405018575,2.0,3.0,0.5192997257962455,0.44726850875342755,0.03343176545032694,0.3311057742508092,0.1404406390310118,0.03289130207789496,0.8421052631578964,0.030900653870491457,45,55,9,58,1.2
"rsi_daily_pullback_reclaim_surface_v1__all_liquid__trigger.hold_floor=45,trigger.pullback_ceiling=55,trigger.pullback_window=9,trigger.reclaim_level=58,trigger.volume_multiplier=1.2",all_liquid,"{""trigger.hold_floor"": 45, ""trigger.pullback_ceiling"": 55, ""trigger.pullback_window"": 9, ""trigger.reclaim_level"": 58, ""trigger.volume_multiplier"": 1.2}",10,9577,9423,1012,1403,0,44,3,20,0,0.0,90,MISSING_OR_INVALID_RAW_PATH_PRICE=44 (0.004594),741,175,527,86,29,0,51681,-0.008679338318159327,-0.007023879849132358,4.0,5.0,0.5316778096147724,0.46227316141356256,0.0060490289716650745,0.44617312310744495,0.2313876996971912,0.07089902892346246,0.9433962264150932,0.022710389472567122,45,55,9,58,1.2
"rsi_daily_pullback_reclaim_surface_v1__all_liquid__trigger.hold_floor=45,trigger.pullback_ceiling=55,trigger.pullback_window=9,trigger.reclaim_level=58,trigger.volume_multiplier=1.2",all_liquid,"{""trigger.hold_floor"": 45, ""trigger.pullback_ceiling"": 55, ""trigger.pullback_window"": 9, ""trigger.reclaim_level"": 58, ""trigger.volume_multiplier"": 1.2}",20,9577,9278,1012,1403,0,83,4,20,0,0.0,196,MISSING_OR_INVALID_RAW_PATH_PRICE=83 (0.008667),1247,380,901,179,43,0,101726,-0.016050837938503752,-0.009303161001453189,8.0,9.0,0.5324423367104979,0.4660487173959905,0.0015089458935115326,0.557063798684348,0.34196512477811425,0.1357418815913125,1.0425531914893607,0.015089458935115327,45,55,9,58,1.2
"rsi_daily_pullback_reclaim_surface_v1__all_liquid__trigger.hold_floor=45,trigger.pullback_ceiling=55,trigger.pullback_window=9,trigger.reclaim_level=58,trigger.volume_multiplier=1.5",all_liquid,"{""trigger.hold_floor"": 45, ""trigger.pullback_ceiling"": 55, ""trigger.pullback_window"": 9, ""trigger.reclaim_level"": 58, ""trigger.volume_multiplier"": 1.5}",5,7673,7595,998,1378,0,21,2,19,0,0.0,38,MISSING_OR_INVALID_RAW_PATH_PRICE=21 (0.002737),395,80,276,42,20,0,20756,-0.0036201861186532097,-0.00691898196311707,2.0,3.0,0.5187623436471362,0.447267939433838,0.03396971691902567,0.3401537860028672,0.1500065163560537,0.03531864981102568,0.8499999999999933,0.029756418696510863,45,55,9,58,1.5
"rsi_daily_pullback_reclaim_surface_v1__all_liquid__trigger.hold_floor=45,trigger.pullback_ceiling=55,trigger.pullback_window=9,trigger.reclaim_level=58,trigger.volume_multiplier=1.5",all_liquid,"{""trigger.hold_floor"": 45, ""trigger.pullback_ceiling"": 55, ""trigger.pullback_window"": 9, ""trigger.reclaim_level"": 58, ""trigger.volume_multiplier"": 1.5}",10,7673,7548,998,1378,0,33,3,19,0,0.0,73,MISSING_OR_INVALID_RAW_PATH_PRICE=33 (0.004301),632,144,443,70,24,0,41236,-0.007344901869036212,-0.00791009987072051,4.0,5.0,0.5333863275039745,0.460386857445681,0.006226815050344462,0.45379903557930407,0.2392805942916721,0.074807767496416,0.9393939393939389,0.022257551669316374,45,55,9,58,1.5
"rsi_daily_pullback_reclaim_surface_v1__all_liquid__trigger.hold_floor=45,trigger.pullback_ceiling=55,trigger.pullback_window=9,trigger.reclaim_level=58,trigger.volume_multiplier=1.5",all_liquid,"{""trigger.hold_floor"": 45, ""trigger.pullback_ceiling"": 55, ""trigger.pullback_window"": 9, ""trigger.reclaim_level"": 58, ""trigger.volume_multiplier"": 1.5}",20,7673,7432,998,1378,0,63,4,19,0,0.0,159,MISSING_OR_INVALID_RAW_PATH_PRICE=63 (0.008211),1054,311,755,145,35,0,81143,-0.014702387539854925,-0.010456411754739625,8.0,9.0,0.5370021528525296,0.4615177610333692,0.001480086114101184,0.5607976019809723,0.3490160302358921,0.13958034667014205,1.033333333333335,0.014531754574811625,45,55,9,58,1.5
"rsi_daily_pullback_reclaim_surface_v1__all_liquid__trigger.hold_floor=45,trigger.pullback_ceiling=55,trigger.pullback_window=9,trigger.reclaim_level=58,trigger.volume_multiplier=2.0",all_liquid,"{""trigger.hold_floor"": 45, ""trigger.pullback_ceiling"": 55, ""trigger.pullback_window"": 9, ""trigger.reclaim_level"": 58, ""trigger.volume_multiplier"": 2.0}",5,5494,5431,966,1328,0,15,2,14,0,0.0,34,MISSING_OR_INVALID_RAW_PATH_PRICE=15 (0.002730),311,56,216,28,19,0,14792,-0.0019730870959402576,-0.007971099176922004,2.0,3.0,0.5199779046216166,0.44779966856932424,0.0322224268090591,0.35493265380414996,0.16217692027666544,0.038769566800145615,0.8461538461538424,0.032406554962253725,45,55,9,58,2.0
"rsi_daily_pullback_reclaim_surface_v1__all_liquid__trigger.hold_floor=45,trigger.pullback_ceiling=55,trigger.pullback_window=9,trigger.reclaim_level=58,trigger.volume_multiplier=2.0",all_liquid,"{""trigger.hold_floor"": 45, ""trigger.pullback_ceiling"": 55, ""trigger.pullback_window"": 9, ""trigger.reclaim_level"": 58, ""trigger.volume_multiplier"": 2.0}",10,5494,5402,966,1328,0,22,3,14,0,0.0,56,MISSING_OR_INVALID_RAW_PATH_PRICE=22 (0.004004),489,103,345,48,22,0,29416,-0.005866863651546473,-0.00942437161261634,4.0,5.0,0.5320251758607923,0.46223620881155125,0.0057386153276564236,0.46541681834728793,0.24972697488168913,0.07990535129231889,0.9384469696969707,0.024065161051462423,45,55,9,58,2.0
"rsi_daily_pullback_reclaim_surface_v1__all_liquid__trigger.hold_floor=45,trigger.pullback_ceiling=55,trigger.pullback_window=9,trigger.reclaim_level=58,trigger.volume_multiplier=2.0",all_liquid,"{""trigger.hold_floor"": 45, ""trigger.pullback_ceiling"": 55, ""trigger.pullback_window"": 9, ""trigger.reclaim_level"": 58, ""trigger.volume_multiplier"": 2.0}",20,5494,5319,966,1328,0,47,3,14,0,0.0,114,MISSING_OR_INVALID_RAW_PATH_PRICE=47 (0.008555),811,223,581,103,30,0,57915,-0.012846617068154834,-0.011487059251048232,7.0,9.0,0.5405151344237639,0.45835683399135174,0.0011280315848843769,0.5664361121223153,0.3572988714961777,0.14415726246814706,1.0000000000000107,0.01598044745252867,45,55,9,58,2.0
"rsi_daily_pullback_reclaim_surface_v1__all_liquid__trigger.hold_floor=45,trigger.pullback_ceiling=55,trigger.pullback_window=3,trigger.reclaim_level=60,trigger.volume_multiplier=1.0",all_liquid,"{""trigger.hold_floor"": 45, ""trigger.pullback_ceiling"": 55, ""trigger.pullback_window"": 3, ""trigger.reclaim_level"": 60, ""trigger.volume_multiplier"": 1.0}",5,11944,11820,1058,1433,0,33,1,24,0,0.0,67,MISSING_OR_INVALID_RAW_PATH_PRICE=33 (0.002763),544,106,391,56,34,0,32045,-0.00510593575495839,-0.007028505103142945,2.0,3.0,0.5225042301184433,0.4415397631133672,0.03595600676818951,0.32074681848626924,0.13010716677829873,0.030475552578700604,0.7999999999999949,0.029441624365482234,45,55,3,60,1.0
"rsi_daily_pullback_reclaim_surface_v1__all_liquid__trigger.hold_floor=45,trigger.pullback_ceiling=55,trigger.pullback_window=3,trigger.reclaim_level=60,trigger.volume_multiplier=1.0",all_liquid,"{""trigger.hold_floor"": 45, ""trigger.pullback_ceiling"": 55, ""trigger.pullback_window"": 3, ""trigger.reclaim_level"": 60, ""trigger.volume_multiplier"": 1.0}",10,11944,11744,1058,1433,0,58,2,24,0,0.0,118,MISSING_OR_INVALID_RAW_PATH_PRICE=58 (0.004856),897,213,641,105,44,0,63658,-0.010000207856777408,-0.007543587936544079,4.0,5.0,0.5248637602179836,0.46849455040871935,0.006641689373297003,0.4394675150703282,0.21399866041527127,0.06563965170797052,0.9145896656534951,0.021628065395095368,45,55,3,60,1.0
"rsi_daily_pullback_reclaim_surface_v1__all_liquid__trigger.hold_floor=45,trigger.pullback_ceiling=55,trigger.pullback_window=3,trigger.reclaim_level=60,trigger.volume_multiplier=1.0",all_liquid,"{""trigger.hold_floor"": 45, ""trigger.pullback_ceiling"": 55, ""trigger.pullback_window"": 3, ""trigger.reclaim_level"": 60, ""trigger.volume_multiplier"": 1.0}",20,11944,11583,1058,1433,0,109,3,24,0,0.0,228,MISSING_OR_INVALID_RAW_PATH_PRICE=109 (0.009126),1517,443,1096,209,60,0,125604,-0.017508407054919295,-0.009013987537958283,8.0,9.0,0.5243891910558577,0.47440214106880774,0.001208667875334542,0.5540020093770931,0.33037508372404556,0.12918620227729405,1.043478260869567,0.015799015799015798,45,55,3,60,1.0
"rsi_daily_pullback_reclaim_surface_v1__all_liquid__trigger.hold_floor=45,trigger.pullback_ceiling=55,trigger.pullback_window=3,trigger.reclaim_level=60,trigger.volume_multiplier=1.2",all_liquid,"{""trigger.hold_floor"": 45, ""trigger.pullback_ceiling"": 55, ""trigger.pullback_window"": 3, ""trigger.reclaim_level"": 60, ""trigger.volume_multiplier"": 1.2}",5,11068,10954,1054,1432,0,32,1,23,0,0.0,59,MISSING_OR_INVALID_RAW_PATH_PRICE=32 (0.002891),521,101,375,55,34,0,29781,-0.004551631886874701,-0.007514853235967194,2.0,3.0,0.5236443308380501,0.440569654920577,0.03578601424137302,0.32544271774485,0.13209251897361762,0.0305384893386339,0.7999999999999919,0.029304363702756984,45,55,3,60,1.2
"rsi_daily_pullback_reclaim_surface_v1__all_liquid__trigger.hold_floor=45,trigger.pullback_ceiling=55,trigger.pullback_window=3,trigger.reclaim_level=60,trigger.volume_multiplier=1.2",all_liquid,"{""trigger.hold_floor"": 45, ""trigger.pullback_ceiling"": 55, ""trigger.pullback_window"": 3, ""trigger.reclaim_level"": 60, ""trigger.volume_multiplier"": 1.2}",10,11068,10881,1054,1432,0,56,2,23,0,0.0,108,MISSING_OR_INVALID_RAW_PATH_PRICE=56 (0.005060),859,200,615,101,44,0,59139,-0.009463188390983965,-0.008050358001336869,4.0,5.0,0.5258707839353001,0.46732837055417703,0.00680084551052293,0.4425370437296711,0.21657029273581496,0.06631731116732924,0.9166666666666642,0.021137763073246944,45,55,3,60,1.2
"rsi_daily_pullback_reclaim_surface_v1__all_liquid__trigger.hold_floor=45,trigger.pullback_ceiling=55,trigger.pullback_window=3,trigger.reclaim_level=60,trigger.volume_multiplier=1.2",all_liquid,"{""trigger.hold_floor"": 45, ""trigger.pullback_ceiling"": 55, ""trigger.pullback_window"": 3, ""trigger.reclaim_level"": 60, ""trigger.volume_multiplier"": 1.2}",20,11068,10732,1054,1432,0,104,3,23,0,0.0,209,MISSING_OR_INVALID_RAW_PATH_PRICE=104 (0.009396),1451,412,1053,197,60,0,116717,-0.01682930817145707,-0.009629852104882333,8.0,9.0,0.5259038389862095,0.4729780096906448,0.0011181513231457323,0.557282255149982,0.33375496928080955,0.1311890133718829,1.03846153846154,0.015095042862467387,45,55,3,60,1.2
"rsi_daily_pullback_reclaim_surface_v1__all_liquid__trigger.hold_floor=45,trigger.pullback_ceiling=55,trigger.pullback_window=3,trigger.reclaim_level=60,trigger.volume_multiplier=1.5",all_liquid,"{""trigger.hold_floor"": 45, ""trigger.pullback_ceiling"": 55, ""trigger.pullback_window"": 3, ""trigger.reclaim_level"": 60, ""trigger.volume_multiplier"": 1.5}",5,9697,9593,1048,1426,0,27,1,21,0,0.0,56,MISSING_OR_INVALID_RAW_PATH_PRICE=27 (0.002784),486,92,348,50,31,0,25851,-0.003593446941592613,-0.00827459731085032,2.0,3.0,0.5239236943604711,0.44052955279891587,0.03554675284061295,0.33453645457357944,0.13859956687635352,0.03217489945343921,0.8000000000000017,0.028145522777024912,45,55,3,60,1.5
"rsi_daily_pullback_reclaim_surface_v1__all_liquid__trigger.hold_floor=45,trigger.pullback_ceiling=55,trigger.pullback_window=3,trigger.reclaim_level=60,trigger.volume_multiplier=1.5",all_liquid,"{""trigger.hold_floor"": 45, ""trigger.pullback_ceiling"": 55, ""trigger.pullback_window"": 3, ""trigger.reclaim_level"": 60, ""trigger.volume_multiplier"": 1.5}",10,9697,9526,1048,1426,0,48,2,21,0,0.0,102,MISSING_OR_INVALID_RAW_PATH_PRICE=48 (0.004950),790,177,562,87,38,0,51305,-0.00822095088942077,-0.009000815762355419,4.0,5.0,0.527818601721604,0.4652529918118833,0.006928406466512702,0.45013921831494275,0.22367742600804372,0.06909353408270599,0.9117647058823525,0.020680243543984882,45,55,3,60,1.5
"rsi_daily_pullback_reclaim_surface_v1__all_liquid__trigger.hold_floor=45,trigger.pullback_ceiling=55,trigger.pullback_window=3,trigger.reclaim_level=60,trigger.volume_multiplier=1.5",all_liquid,"{""trigger.hold_floor"": 45, ""trigger.pullback_ceiling"": 55, ""trigger.pullback_window"": 3, ""trigger.reclaim_level"": 60, ""trigger.volume_multiplier"": 1.5}",20,9697,9391,1048,1426,0,92,3,21,0,0.0,193,MISSING_OR_INVALID_RAW_PATH_PRICE=92 (0.009487),1323,370,957,171,52,0,101208,-0.01577972454342702,-0.010801707370418669,8.0,9.0,0.5289106591417314,0.46981152166968376,0.0012778191885848152,0.5613076209136847,0.3388676910384655,0.13426833041146746,1.0245629897528643,0.014588435736343308,45,55,3,60,1.5
"rsi_daily_pullback_reclaim_surface_v1__all_liquid__trigger.hold_floor=45,trigger.pullback_ceiling=55,trigger.pullback_window=3,trigger.reclaim_level=60,trigger.volume_multiplier=2.0",all_liquid,"{""trigger.hold_floor"": 45, ""trigger.pullback_ceiling"": 55, ""trigger.pullback_window"": 3, ""trigger.reclaim_level"": 60, ""trigger.volume_multiplier"": 2.0}",5,7713,7624,1032,1391,0,19,1,19,0,0.0,51,MISSING_OR_INVALID_RAW_PATH_PRICE=19 (0.002463),414,75,292,42,30,0,20360,-0.002426246526117448,-0.009264072149872613,2.0,3.0,0.5325288562434418,0.4345487932843652,0.03292235047219307,0.34292752495786333,0.147024504084014,0.034227926876701675,0.7826086956521735,0.029512067156348375,45,55,3,60,2.0
"rsi_daily_pullback_reclaim_surface_v1__all_liquid__trigger.hold_floor=45,trigger.pullback_ceiling=55,trigger.pullback_window=3,trigger.reclaim_level=60,trigger.volume_multiplier=2.0",all_liquid,"{""trigger.hold_floor"": 45, ""trigger.pullback_ceiling"": 55, ""trigger.pullback_window"": 3, ""trigger.reclaim_level"": 60, ""trigger.volume_multiplier"": 2.0}",10,7713,7574,1032,1391,0,33,2,19,0,0.0,87,MISSING_OR_INVALID_RAW_PATH_PRICE=33 (0.004278),680,144,482,74,36,0,40434,-0.006958554601365626,-0.010565661906650588,4.0,5.0,0.532347504621072,0.46157908634803274,0.006073409030895168,0.45611305587968365,0.23064955270322832,0.0724750421366524,0.8888888888888863,0.021785054132558754,45,55,3,60,2.0
"rsi_daily_pullback_reclaim_surface_v1__all_liquid__trigger.hold_floor=45,trigger.pullback_ceiling=55,trigger.pullback_window=3,trigger.reclaim_level=60,trigger.volume_multiplier=2.0",all_liquid,"{""trigger.hold_floor"": 45, ""trigger.pullback_ceiling"": 55, ""trigger.pullback_window"": 3, ""trigger.reclaim_level"": 60, ""trigger.volume_multiplier"": 2.0}",20,7713,7467,1032,1391,0,69,3,19,0,0.0,158,MISSING_OR_INVALID_RAW_PATH_PRICE=69 (0.008946),1133,307,815,149,49,0,79779,-0.014424506032671217,-0.01245980420241595,7.0,9.0,0.5389045131913753,0.46015802865943484,0.0009374581491897683,0.5610009075586672,0.34357578114870996,0.13574484636328277,0.9999999999999958,0.015267175572519083,45,55,3,60,2.0
"rsi_daily_pullback_reclaim_surface_v1__all_liquid__trigger.hold_floor=45,trigger.pullback_ceiling=55,trigger.pullback_window=6,trigger.reclaim_level=60,trigger.volume_multiplier=1.0",all_liquid,"{""trigger.hold_floor"": 45, ""trigger.pullback_ceiling"": 55, ""trigger.pullback_window"": 6, ""trigger.reclaim_level"": 60, ""trigger.volume_multiplier"": 1.0}",5,12379,12241,1042,1420,0,37,3,22,0,0.0,79,MISSING_OR_INVALID_RAW_PATH_PRICE=37 (0.002989),572,114,401,61,35,0,33848,-0.004810228896674946,-0.0067594268636328135,2.0,3.0,0.5209541704109142,0.44538844865615557,0.03365738093293032,0.3262783746667744,0.1334518135552145,0.03150496809112206,0.8181818181818029,0.03022628870190344,45,55,6,60,1.0
"rsi_daily_pullback_reclaim_surface_v1__all_liquid__trigger.hold_floor=45,trigger.pullback_ceiling=55,trigger.pullback_window=6,trigger.reclaim_level=60,trigger.volume_multiplier=1.0",all_liquid,"{""trigger.hold_floor"": 45, ""trigger.pullback_ceiling"": 55, ""trigger.pullback_window"": 6, ""trigger.reclaim_level"": 60, ""trigger.volume_multiplier"": 1.0}",10,12379,12162,1042,1420,0,66,4,22,0,0.0,129,MISSING_OR_INVALID_RAW_PATH_PRICE=66 (0.005332),922,216,653,111,45,0,67285,-0.009522365056059912,-0.007384170246173348,4.0,5.0,0.5242558789672751,0.46924847886860716,0.006495642164117744,0.44365457629857014,0.2193230470958882,0.06850311010582438,0.926829268292681,0.022118072685413583,45,55,6,60,1.0
"rsi_daily_pullback_reclaim_surface_v1__all_liquid__trigger.hold_floor=45,trigger.pullback_ceiling=55,trigger.pullback_window=6,trigger.reclaim_level=60,trigger.volume_multiplier=1.0",all_liquid,"{""trigger.hold_floor"": 45, ""trigger.pullback_ceiling"": 55, ""trigger.pullback_window"": 6, ""trigger.reclaim_level"": 60, ""trigger.volume_multiplier"": 1.0}",20,12379,11988,1042,1420,0,118,5,22,0,0.0,251,MISSING_OR_INVALID_RAW_PATH_PRICE=118 (0.009532),1519,443,1097,207,61,0,132706,-0.01682930817145707,-0.008941323287217577,8.0,9.0,0.5273606940273607,0.47147147147147145,0.0011678345011678344,0.5577994991517893,0.3358914290330398,0.13296712173842798,1.0555555555555547,0.016016016016016016,45,55,6,60,1.0
"rsi_daily_pullback_reclaim_surface_v1__all_liquid__trigger.hold_floor=45,trigger.pullback_ceiling=55,trigger.pullback_window=6,trigger.reclaim_level=60,trigger.volume_multiplier=1.2",all_liquid,"{""trigger.hold_floor"": 45, ""trigger.pullback_ceiling"": 55, ""trigger.pullback_window"": 6, ""trigger.reclaim_level"": 60, ""trigger.volume_multiplier"": 1.2}",5,11285,11164,1038,1418,0,34,3,21,0,0.0,66,MISSING_OR_INVALID_RAW_PATH_PRICE=34 (0.003013),545,108,382,59,35,0,30894,-0.004296531227608952,-0.007204210411732821,2.0,3.0,0.5210498029380151,0.4448226442135435,0.03412755284844142,0.33247673903411606,0.13690739920248116,0.03207797961896323,0.8125000000000014,0.030186313149408815,45,55,6,60,1.2
"rsi_daily_pullback_reclaim_surface_v1__all_liquid__trigger.hold_floor=45,trigger.pullback_ceiling=55,trigger.pullback_window=6,trigger.reclaim_level=60,trigger.volume_multiplier=1.2",all_liquid,"{""trigger.hold_floor"": 45, ""trigger.pullback_ceiling"": 55, ""trigger.pullback_window"": 6, ""trigger.reclaim_level"": 60, ""trigger.volume_multiplier"": 1.2}",10,11285,11088,1038,1418,0,62,4,21,0,0.0,114,MISSING_OR_INVALID_RAW_PATH_PRICE=62 (0.005494),877,202,623,106,45,0,61386,-0.008790556286912837,-0.007909826599263162,4.0,5.0,0.5249819624819625,0.46825396825396826,0.006764069264069264,0.44838280903854677,0.22374833850243686,0.06973859105006645,0.9297924624030987,0.021825396825396824,45,55,6,60,1.2
"rsi_daily_pullback_reclaim_surface_v1__all_liquid__trigger.hold_floor=45,trigger.pullback_ceiling=55,trigger.pullback_window=6,trigger.reclaim_level=60,trigger.volume_multiplier=1.2",all_liquid,"{""trigger.hold_floor"": 45, ""trigger.pullback_ceiling"": 55, ""trigger.pullback_window"": 6, ""trigger.reclaim_level"": 60, ""trigger.volume_multiplier"": 1.2}",20,11285,10932,1038,1418,0,110,5,21,0,0.0,222,MISSING_OR_INVALID_RAW_PATH_PRICE=110 (0.009747),1440,411,1045,194,61,0,121136,-0.01602738855030461,-0.009594048238545212,8.0,9.0,0.5289974387120381,0.4698133918770582,0.0011891694109037688,0.5616304829419584,0.34054054054054056,0.13513513513513514,1.0454545454545394,0.015642151481888036,45,55,6,60,1.2
"rsi_daily_pullback_reclaim_surface_v1__all_liquid__trigger.hold_floor=45,trigger.pullback_ceiling=55,trigger.pullback_window=6,trigger.reclaim_level=60,trigger.volume_multiplier=1.5",all_liquid,"{""trigger.hold_floor"": 45, ""trigger.pullback_ceiling"": 55, ""trigger.pullback_window"": 6, ""trigger.reclaim_level"": 60, ""trigger.volume_multiplier"": 1.5}",5,9639,9533,1031,1412,0,29,3,20,0,0.0,57,MISSING_OR_INVALID_RAW_PATH_PRICE=29 (0.003009),504,95,350,50,32,0,26199,-0.0031227884607041498,-0.008025981406319806,2.0,3.0,0.5208224063778454,0.4447707961816847,0.03440679744046995,0.3427741466957153,0.14441332088390912,0.034339661790642184,0.8285714285714296,0.029056960033567607,45,55,6,60,1.5
"rsi_daily_pullback_reclaim_surface_v1__all_liquid__trigger.hold_floor=45,trigger.pullback_ceiling=55,trigger.pullback_window=6,trigger.reclaim_level=60,trigger.volume_multiplier=1.5",all_liquid,"{""trigger.hold_floor"": 45, ""trigger.pullback_ceiling"": 55, ""trigger.pullback_window"": 6, ""trigger.reclaim_level"": 60, ""trigger.volume_multiplier"": 1.5}",10,9639,9466,1031,1412,0,52,4,20,0,0.0,101,MISSING_OR_INVALID_RAW_PATH_PRICE=52 (0.005395),800,179,565,91,39,0,52032,-0.007501995833608735,-0.00885975312668488,4.0,5.0,0.5289457004014367,0.4637650538770336,0.007289245721529686,0.45647888785143687,0.23093681917211328,0.0736590932669364,0.925925925925926,0.020916965983519966,45,55,6,60,1.5
"rsi_daily_pullback_reclaim_surface_v1__all_liquid__trigger.hold_floor=45,trigger.pullback_ceiling=55,trigger.pullback_window=6,trigger.reclaim_level=60,trigger.volume_multiplier=1.5",all_liquid,"{""trigger.hold_floor"": 45, ""trigger.pullback_ceiling"": 55, ""trigger.pullback_window"": 6, ""trigger.reclaim_level"": 60, ""trigger.volume_multiplier"": 1.5}",20,9639,9327,1031,1412,0,96,5,20,0,0.0,196,MISSING_OR_INVALID_RAW_PATH_PRICE=96 (0.009960),1310,368,947,167,53,0,102640,-0.014872636788891724,-0.010813824363505697,8.0,9.0,0.5346842500268039,0.4639219470354884,0.0013938029377077302,0.5646851333125843,0.3450565411349725,0.13912231559290383,1.0312499999999991,0.014902969872413423,45,55,6,60,1.5
"rsi_daily_pullback_reclaim_surface_v1__all_liquid__trigger.hold_floor=45,trigger.pullback_ceiling=55,trigger.pullback_window=6,trigger.reclaim_level=60,trigger.volume_multiplier=2.0",all_liquid,"{""trigger.hold_floor"": 45, ""trigger.pullback_ceiling"": 55, ""trigger.pullback_window"": 6, ""trigger.reclaim_level"": 60, ""trigger.volume_multiplier"": 2.0}",5,7419,7328,1013,1382,0,21,2,17,0,0.0,53,MISSING_OR_INVALID_RAW_PATH_PRICE=21 (0.002831),427,73,294,39,31,0,19949,-0.0018401239147069152,-0.008864168734178293,2.0,3.0,0.5270196506550219,0.4390010917030568,0.0339792576419214,0.3546300040436717,0.15608572583906186,0.03760614638091387,0.809523809523809,0.030431222707423582,45,55,6,60,2.0
"rsi_daily_pullback_reclaim_surface_v1__all_liquid__trigger.hold_floor=45,trigger.pullback_ceiling=55,trigger.pullback_window=6,trigger.reclaim_level=60,trigger.volume_multiplier=2.0",all_liquid,"{""trigger.hold_floor"": 45, ""trigger.pullback_ceiling"": 55, ""trigger.pullback_window"": 6, ""trigger.reclaim_level"": 60, ""trigger.volume_multiplier"": 2.0}",10,7419,7280,1013,1382,0,35,3,17,0,0.0,87,MISSING_OR_INVALID_RAW_PATH_PRICE=35 (0.004718),675,139,475,71,37,0,39640,-0.005899725892172237,-0.010345430562714497,4.0,5.0,0.529945054945055,0.46332417582417584,0.006730769230769231,0.465157029249225,0.24086804151502897,0.07858201914004583,0.9191836734693866,0.02197802197802198,45,55,6,60,2.0
"rsi_daily_pullback_reclaim_surface_v1__all_liquid__trigger.hold_floor=45,trigger.pullback_ceiling=55,trigger.pullback_window=6,trigger.reclaim_level=60,trigger.volume_multiplier=2.0",all_liquid,"{""trigger.hold_floor"": 45, ""trigger.pullback_ceiling"": 55, ""trigger.pullback_window"": 6, ""trigger.reclaim_level"": 60, ""trigger.volume_multiplier"": 2.0}",20,7419,7179,1013,1382,0,69,4,17,0,0.0,154,MISSING_OR_INVALID_RAW_PATH_PRICE=69 (0.009300),1089,297,783,136,50,0,78316,-0.01308070979957688,-0.012264085483129003,7.0,9.0,0.5417189023540883,0.45730603148070764,0.0009750661652040675,0.5671923439816687,0.3531473244372557,0.14274160938131825,1.0,0.01560105864326508,45,55,6,60,2.0
"rsi_daily_pullback_reclaim_surface_v1__all_liquid__trigger.hold_floor=45,trigger.pullback_ceiling=55,trigger.pullback_window=9,trigger.reclaim_level=60,trigger.volume_multiplier=1.0",all_liquid,"{""trigger.hold_floor"": 45, ""trigger.pullback_ceiling"": 55, ""trigger.pullback_window"": 9, ""trigger.reclaim_level"": 60, ""trigger.volume_multiplier"": 1.0}",5,11392,11267,1029,1411,0,28,3,26,0,0.0,71,MISSING_OR_INVALID_RAW_PATH_PRICE=28 (0.002458),540,109,381,57,27,0,31513,-0.004704313882691335,-0.006728980552305867,2.0,3.0,0.5179728410402059,0.4483891009141741,0.03363805804561995,0.3299683988764045,0.1388693820224719,0.033356741573033706,0.8333333333333351,0.03097541492855241,45,55,9,60,1.0
"rsi_daily_pullback_reclaim_surface_v1__all_liquid__trigger.hold_floor=45,trigger.pullback_ceiling=55,trigger.pullback_window=9,trigger.reclaim_level=60,trigger.volume_multiplier=1.0",all_liquid,"{""trigger.hold_floor"": 45, ""trigger.pullback_ceiling"": 55, ""trigger.pullback_window"": 9, ""trigger.reclaim_level"": 60, ""trigger.volume_multiplier"": 1.0}",10,11392,11193,1029,1411,0,53,4,26,0,0.0,120,MISSING_OR_INVALID_RAW_PATH_PRICE=53 (0.004652),862,196,610,99,34,0,62602,-0.009654873604607928,-0.00755859404792672,4.0,5.0,0.5289019923166265,0.4645760743321719,0.006521933351201644,0.4437324438202247,0.22594803370786518,0.07206811797752809,0.9259259259259267,0.02340748682212097,45,55,9,60,1.0
"rsi_daily_pullback_reclaim_surface_v1__all_liquid__trigger.hold_floor=45,trigger.pullback_ceiling=55,trigger.pullback_window=9,trigger.reclaim_level=60,trigger.volume_multiplier=1.0",all_liquid,"{""trigger.hold_floor"": 45, ""trigger.pullback_ceiling"": 55, ""trigger.pullback_window"": 9, ""trigger.reclaim_level"": 60, ""trigger.volume_multiplier"": 1.0}",20,11392,11037,1029,1411,0,94,6,26,0,0.0,235,MISSING_OR_INVALID_RAW_PATH_PRICE=94 (0.008251),1398,418,1009,197,49,0,123508,-0.01717505394947305,-0.009532961178284144,8.0,9.0,0.535834012865815,0.4629881308326538,0.001177856301531213,0.5553019662921348,0.3376053370786517,0.13509480337078653,1.0160092213114758,0.016580592552324,45,55,9,60,1.0
"rsi_daily_pullback_reclaim_surface_v1__all_liquid__trigger.hold_floor=45,trigger.pullback_ceiling=55,trigger.pullback_window=9,trigger.reclaim_level=60,trigger.volume_multiplier=1.2",all_liquid,"{""trigger.hold_floor"": 45, ""trigger.pullback_ceiling"": 55, ""trigger.pullback_window"": 9, ""trigger.reclaim_level"": 60, ""trigger.volume_multiplier"": 1.2}",5,10244,10134,1024,1405,0,27,3,24,0,0.0,59,MISSING_OR_INVALID_RAW_PATH_PRICE=27 (0.002636),513,102,362,54,27,0,28364,-0.004052169080214486,-0.007242351234180478,2.0,3.0,0.5176633116242353,0.44849023090586143,0.03384645746990329,0.3369777430691136,0.14281530652089028,0.03426395939086294,0.8333333333333325,0.03108348134991119,45,55,9,60,1.2
"rsi_daily_pullback_reclaim_surface_v1__all_liquid__trigger.hold_floor=45,trigger.pullback_ceiling=55,trigger.pullback_window=9,trigger.reclaim_level=60,trigger.volume_multiplier=1.2",all_liquid,"{""trigger.hold_floor"": 45, ""trigger.pullback_ceiling"": 55, ""trigger.pullback_window"": 9, ""trigger.reclaim_level"": 60, ""trigger.volume_multiplier"": 1.2}",10,10244,10063,1024,1405,0,51,4,24,0,0.0,106,MISSING_OR_INVALID_RAW_PATH_PRICE=51 (0.004979),816,181,580,93,34,0,56307,-0.008845724687228627,-0.008003853572815009,4.0,5.0,0.5300606181059326,0.46318195369174203,0.00675742820232535,0.4488481062085123,0.23086684888715345,0.07389691526747365,0.933333333333329,0.02325350293153135,45,55,9,60,1.2
"rsi_daily_pullback_reclaim_surface_v1__all_liquid__trigger.hold_floor=45,trigger.pullback_ceiling=55,trigger.pullback_window=9,trigger.reclaim_level=60,trigger.volume_multiplier=1.2",all_liquid,"{""trigger.hold_floor"": 45, ""trigger.pullback_ceiling"": 55, ""trigger.pullback_window"": 9, ""trigger.reclaim_level"": 60, ""trigger.volume_multiplier"": 1.2}",20,10244,9924,1024,1405,0,90,6,24,0,0.0,206,MISSING_OR_INVALID_RAW_PATH_PRICE=90 (0.008786),1318,386,958,182,49,0,111134,-0.016286034170914072,-0.01010948387864848,8.0,9.0,0.5380894800483675,0.4607013301088271,0.0012091898428053204,0.5587661069894573,0.3423467395548614,0.13812963686060134,1.0000000000000018,0.016223297057638048,45,55,9,60,1.2
"rsi_daily_pullback_reclaim_surface_v1__all_liquid__trigger.hold_floor=45,trigger.pullback_ceiling=55,trigger.pullback_window=9,trigger.reclaim_level=60,trigger.volume_multiplier=1.5",all_liquid,"{""trigger.hold_floor"": 45, ""trigger.pullback_ceiling"": 55, ""trigger.pullback_window"": 9, ""trigger.reclaim_level"": 60, ""trigger.volume_multiplier"": 1.5}",5,8592,8494,1017,1394,0,24,3,23,0,0.0,51,MISSING_OR_INVALID_RAW_PATH_PRICE=24 (0.002793),469,90,329,47,24,0,23659,-0.002832580514927182,-0.008277718713517717,2.0,3.0,0.5178949846950789,0.44784553802684246,0.03425947727807865,0.3475325884543762,0.15130353817504655,0.037011173184357544,0.8387096774193572,0.02907935012950318,45,55,9,60,1.5
"rsi_daily_pullback_reclaim_surface_v1__all_liquid__trigger.hold_floor=45,trigger.pullback_ceiling=55,trigger.pullback_window=9,trigger.reclaim_level=60,trigger.volume_multiplier=1.5",all_liquid,"{""trigger.hold_floor"": 45, ""trigger.pullback_ceiling"": 55, ""trigger.pullback_window"": 9, ""trigger.reclaim_level"": 60, ""trigger.volume_multiplier"": 1.5}",10,8592,8432,1017,1394,0,43,4,23,0,0.0,94,MISSING_OR_INVALID_RAW_PATH_PRICE=43 (0.005005),732,161,518,81,28,0,46929,-0.007585020045962086,-0.00914186782284584,4.0,5.0,0.534629981024668,0.45825426944971537,0.007115749525616698,0.4572858472998138,0.2388268156424581,0.07809590316573557,0.9259259259259273,0.02170303605313093,45,55,9,60,1.5
"rsi_daily_pullback_reclaim_surface_v1__all_liquid__trigger.hold_floor=45,trigger.pullback_ceiling=55,trigger.pullback_window=9,trigger.reclaim_level=60,trigger.volume_multiplier=1.5",all_liquid,"{""trigger.hold_floor"": 45, ""trigger.pullback_ceiling"": 55, ""trigger.pullback_window"": 9, ""trigger.reclaim_level"": 60, ""trigger.volume_multiplier"": 1.5}",20,8592,8313,1017,1394,0,78,6,23,0,0.0,178,MISSING_OR_INVALID_RAW_PATH_PRICE=78 (0.009078),1179,346,854,159,41,0,92626,-0.014732921835351354,-0.011404477767650523,7.0,9.0,0.5437266931312402,0.45482978467460605,0.001443522194153735,0.562965549348231,0.34823091247672255,0.1428072625698324,0.9999999999999986,0.014916396006255262,45,55,9,60,1.5
"rsi_daily_pullback_reclaim_surface_v1__all_liquid__trigger.hold_floor=45,trigger.pullback_ceiling=55,trigger.pullback_window=9,trigger.reclaim_level=60,trigger.volume_multiplier=2.0",all_liquid,"{""trigger.hold_floor"": 45, ""trigger.pullback_ceiling"": 55, ""trigger.pullback_window"": 9, ""trigger.reclaim_level"": 60, ""trigger.volume_multiplier"": 2.0}",5,6471,6390,993,1354,0,17,2,18,0,0.0,46,MISSING_OR_INVALID_RAW_PATH_PRICE=17 (0.002627),393,68,274,36,23,0,17704,-0.0013092413641715653,-0.009113540073292027,2.0,3.0,0.5225352112676056,0.4435054773082942,0.03395931142410016,0.36053160253438415,0.16442590016998918,0.04141554628341833,0.8333333333333335,0.03004694835680751,45,55,9,60,2.0
"rsi_daily_pullback_reclaim_surface_v1__all_liquid__trigger.hold_floor=45,trigger.pullback_ceiling=55,trigger.pullback_window=9,trigger.reclaim_level=60,trigger.volume_multiplier=2.0",all_liquid,"{""trigger.hold_floor"": 45, ""trigger.pullback_ceiling"": 55, ""trigger.pullback_window"": 9, ""trigger.reclaim_level"": 60, ""trigger.volume_multiplier"": 2.0}",10,6471,6347,993,1354,0,29,3,18,0,0.0,77,MISSING_OR_INVALID_RAW_PATH_PRICE=29 (0.004482),605,121,429,61,26,0,35144,-0.005820867960784296,-0.010593954418206982,4.0,5.0,0.5323775011816606,0.46132030880731056,0.006302190011028832,0.4680883943749034,0.2505022407664967,0.0842219131509813,0.935483870967742,0.022372774539152356,45,55,9,60,2.0
"rsi_daily_pullback_reclaim_surface_v1__all_liquid__trigger.hold_floor=45,trigger.pullback_ceiling=55,trigger.pullback_window=9,trigger.reclaim_level=60,trigger.volume_multiplier=2.0",all_liquid,"{""trigger.hold_floor"": 45, ""trigger.pullback_ceiling"": 55, ""trigger.pullback_window"": 9, ""trigger.reclaim_level"": 60, ""trigger.volume_multiplier"": 2.0}",20,6471,6260,993,1354,0,56,3,18,0,0.0,137,MISSING_OR_INVALID_RAW_PATH_PRICE=56 (0.008654),963,273,697,126,38,0,69422,-0.01262464955827284,-0.012743831381247074,7.0,9.0,0.5463258785942492,0.45271565495207666,0.0009584664536741214,0.5685365476742389,0.3579044969865554,0.14819966002163498,0.9761769710720378,0.015335463258785943,45,55,9,60,2.0
"rsi_daily_pullback_reclaim_surface_v1__all_liquid__trigger.hold_floor=45,trigger.pullback_ceiling=55,trigger.pullback_window=3,trigger.reclaim_level=62,trigger.volume_multiplier=1.0",all_liquid,"{""trigger.hold_floor"": 45, ""trigger.pullback_ceiling"": 55, ""trigger.pullback_window"": 3, ""trigger.reclaim_level"": 62, ""trigger.volume_multiplier"": 1.0}",5,9437,9333,1049,1409,0,25,1,18,0,0.0,61,MISSING_OR_INVALID_RAW_PATH_PRICE=25 (0.002649),502,92,365,51,35,0,25637,-0.004207174210107953,-0.008686902584552458,2.0,3.0,0.5324118718525661,0.43287260259294974,0.03471552555448409,0.3301896789233867,0.13627212037723854,0.03433294479177705,0.7692307692307705,0.02925104468016715,45,55,3,62,1.0
"rsi_daily_pullback_reclaim_surface_v1__all_liquid__trigger.hold_floor=45,trigger.pullback_ceiling=55,trigger.pullback_window=3,trigger.reclaim_level=62,trigger.volume_multiplier=1.0",all_liquid,"{""trigger.hold_floor"": 45, ""trigger.pullback_ceiling"": 55, ""trigger.pullback_window"": 3, ""trigger.reclaim_level"": 62, ""trigger.volume_multiplier"": 1.0}",10,9437,9270,1049,1409,0,49,2,18,0,0.0,100,MISSING_OR_INVALID_RAW_PATH_PRICE=49 (0.005192),792,175,571,92,44,0,50954,-0.009958134859882423,-0.009373255654244487,4.0,5.0,0.536353829557713,0.456957928802589,0.00668824163969795,0.441877715375649,0.21871357422909823,0.07131503655822825,0.8556547619047616,0.021574973031283712,45,55,3,62,1.0
"rsi_daily_pullback_reclaim_surface_v1__all_liquid__trigger.hold_floor=45,trigger.pullback_ceiling=55,trigger.pullback_window=3,trigger.reclaim_level=62,trigger.volume_multiplier=1.0",all_liquid,"{""trigger.hold_floor"": 45, ""trigger.pullback_ceiling"": 55, ""trigger.pullback_window"": 3, ""trigger.reclaim_level"": 62, ""trigger.volume_multiplier"": 1.0}",20,9437,9147,1049,1409,0,90,3,18,0,0.0,182,MISSING_OR_INVALID_RAW_PATH_PRICE=90 (0.009537),1318,363,955,178,57,0,100667,-0.018030781544613475,-0.01074948643159885,8.0,9.0,0.5330709522247732,0.4661637695419263,0.0007652782333005357,0.5512345024901981,0.33177916710819116,0.1344707004344601,0.9655172413793093,0.015961517437411175,45,55,3,62,1.0
"rsi_daily_pullback_reclaim_surface_v1__all_liquid__trigger.hold_floor=45,trigger.pullback_ceiling=55,trigger.pullback_window=3,trigger.reclaim_level=62,trigger.volume_multiplier=1.2",all_liquid,"{""trigger.hold_floor"": 45, ""trigger.pullback_ceiling"": 55, ""trigger.pullback_window"": 3, ""trigger.reclaim_level"": 62, ""trigger.volume_multiplier"": 1.2}",5,9013,8914,1046,1407,0,24,1,17,0,0.0,58,MISSING_OR_INVALID_RAW_PATH_PRICE=24 (0.002663),488,87,356,50,35,0,24468,-0.003846051694994598,-0.009037844954330666,2.0,3.0,0.5315234462643034,0.4343728965671977,0.03410365716849899,0.33329634971707534,0.13769000332852546,0.03450571396871186,0.7692307692307685,0.02950415077406327,45,55,3,62,1.2
"rsi_daily_pullback_reclaim_surface_v1__all_liquid__trigger.hold_floor=45,trigger.pullback_ceiling=55,trigger.pullback_window=3,trigger.reclaim_level=62,trigger.volume_multiplier=1.2",all_liquid,"{""trigger.hold_floor"": 45, ""trigger.pullback_ceiling"": 55, ""trigger.pullback_window"": 3, ""trigger.reclaim_level"": 62, ""trigger.volume_multiplier"": 1.2}",10,9013,8854,1046,1407,0,48,2,17,0,0.0,94,MISSING_OR_INVALID_RAW_PATH_PRICE=48 (0.005326),771,170,559,91,44,0,48643,-0.009552347269152607,-0.009773815080996822,4.0,5.0,0.5367065733002033,0.456629771854529,0.006663654845267676,0.44502385443248643,0.22034838566515033,0.07156329745922556,0.8541666666666696,0.021572170770273322,45,55,3,62,1.2
"rsi_daily_pullback_reclaim_surface_v1__all_liquid__trigger.hold_floor=45,trigger.pullback_ceiling=55,trigger.pullback_window=3,trigger.reclaim_level=62,trigger.volume_multiplier=1.2",all_liquid,"{""trigger.hold_floor"": 45, ""trigger.pullback_ceiling"": 55, ""trigger.pullback_window"": 3, ""trigger.reclaim_level"": 62, ""trigger.volume_multiplier"": 1.2}",20,9013,8736,1046,1407,0,88,3,17,0,0.0,172,MISSING_OR_INVALID_RAW_PATH_PRICE=88 (0.009764),1286,349,937,174,57,0,96122,-0.017663588272107195,-0.01131841752909904,8.0,9.0,0.5344551282051282,0.4648580586080586,0.0006868131868131869,0.5530899811383557,0.3337401531121713,0.1356928880505936,0.9607843137254924,0.015682234432234432,45,55,3,62,1.2
"rsi_daily_pullback_reclaim_surface_v1__all_liquid__trigger.hold_floor=45,trigger.pullback_ceiling=55,trigger.pullback_window=3,trigger.reclaim_level=62,trigger.volume_multiplier=1.5",all_liquid,"{""trigger.hold_floor"": 45, ""trigger.pullback_ceiling"": 55, ""trigger.pullback_window"": 3, ""trigger.reclaim_level"": 62, ""trigger.volume_multiplier"": 1.5}",5,8261,8164,1044,1400,0,23,1,17,0,0.0,57,MISSING_OR_INVALID_RAW_PATH_PRICE=23 (0.002784),466,82,336,47,31,0,22218,-0.002996021963075213,-0.009575027443652106,2.0,3.0,0.5325820676139148,0.434468397844194,0.03294953454189123,0.34015252390751727,0.1425977484566033,0.03570996247427672,0.7777777777777768,0.02915237628613425,45,55,3,62,1.5
"rsi_daily_pullback_reclaim_surface_v1__all_liquid__trigger.hold_floor=45,trigger.pullback_ceiling=55,trigger.pullback_window=3,trigger.reclaim_level=62,trigger.volume_multiplier=1.5",all_liquid,"{""trigger.hold_floor"": 45, ""trigger.pullback_ceiling"": 55, ""trigger.pullback_window"": 3, ""trigger.reclaim_level"": 62, ""trigger.volume_multiplier"": 1.5}",10,8261,8108,1044,1400,0,44,2,17,0,0.0,92,MISSING_OR_INVALID_RAW_PATH_PRICE=44 (0.005326),736,157,529,81,37,0,44149,-0.008644568741416,-0.010587689739794121,4.0,5.0,0.5379871731623088,0.4555994079921066,0.006413418845584608,0.4506718314973974,0.22551749182907638,0.07359883791308558,0.8448275862068986,0.0215836211149482,45,55,3,62,1.5
"rsi_daily_pullback_reclaim_surface_v1__all_liquid__trigger.hold_floor=45,trigger.pullback_ceiling=55,trigger.pullback_window=3,trigger.reclaim_level=62,trigger.volume_multiplier=1.5",all_liquid,"{""trigger.hold_floor"": 45, ""trigger.pullback_ceiling"": 55, ""trigger.pullback_window"": 3, ""trigger.reclaim_level"": 62, ""trigger.volume_multiplier"": 1.5}",20,8261,7999,1044,1400,0,82,3,17,0,0.0,163,MISSING_OR_INVALID_RAW_PATH_PRICE=82 (0.009926),1223,323,888,157,48,0,87243,-0.016582803861339382,-0.012199824413223835,7.0,9.0,0.5361920240030004,0.4630578822352794,0.0007500937617202151,0.5563491102772061,0.33906306742525116,0.13920832828955332,0.9506097560975609,0.015876984623077885,45,55,3,62,1.5
"rsi_daily_pullback_reclaim_surface_v1__all_liquid__trigger.hold_floor=45,trigger.pullback_ceiling=55,trigger.pullback_window=3,trigger.reclaim_level=62,trigger.volume_multiplier=2.0",all_liquid,"{""trigger.hold_floor"": 45, ""trigger.pullback_ceiling"": 55, ""trigger.pullback_window"": 3, ""trigger.reclaim_level"": 62, ""trigger.volume_multiplier"": 2.0}",5,6982,6897,1026,1372,0,16,1,15,0,0.0,54,MISSING_OR_INVALID_RAW_PATH_PRICE=16 (0.002292),405,68,290,40,30,0,18652,-0.0017439043257329867,-0.010344979224347753,2.0,3.0,0.5353052051616645,0.4317819341742787,0.03291286066405684,0.3476081352048124,0.14795187625322256,0.036808937267258666,0.7777777777777783,0.029288096273742206,45,55,3,62,2.0
"rsi_daily_pullback_reclaim_surface_v1__all_liquid__trigger.hold_floor=45,trigger.pullback_ceiling=55,trigger.pullback_window=3,trigger.reclaim_level=62,trigger.volume_multiplier=2.0",all_liquid,"{""trigger.hold_floor"": 45, ""trigger.pullback_ceiling"": 55, ""trigger.pullback_window"": 3, ""trigger.reclaim_level"": 62, ""trigger.volume_multiplier"": 2.0}",10,6982,6854,1026,1372,0,30,2,15,0,0.0,83,MISSING_OR_INVALID_RAW_PATH_PRICE=30 (0.004297),643,131,462,71,35,0,37089,-0.007531760633326376,-0.011844026478689415,4.0,5.0,0.5405602567843595,0.45302013422818793,0.006419608987452583,0.4558865654540246,0.22916069894013177,0.07605270696075624,0.833333333333337,0.021739130434782608,45,55,3,62,2.0
"rsi_daily_pullback_reclaim_surface_v1__all_liquid__trigger.hold_floor=45,trigger.pullback_ceiling=55,trigger.pullback_window=3,trigger.reclaim_level=62,trigger.volume_multiplier=2.0",all_liquid,"{""trigger.hold_floor"": 45, ""trigger.pullback_ceiling"": 55, ""trigger.pullback_window"": 3, ""trigger.reclaim_level"": 62, ""trigger.volume_multiplier"": 2.0}",20,6982,6760,1026,1372,0,64,3,15,0,0.0,143,MISSING_OR_INVALID_RAW_PATH_PRICE=64 (0.009166),1076,280,780,141,44,0,73284,-0.015682810206066506,-0.013231020194200905,7.0,9.0,0.5428994082840237,0.45621301775147927,0.0008875739644970414,0.556574047550845,0.3411629905471212,0.1395015754798052,0.9249999999999997,0.015680473372781067,45,55,3,62,2.0
"rsi_daily_pullback_reclaim_surface_v1__all_liquid__trigger.hold_floor=45,trigger.pullback_ceiling=55,trigger.pullback_window=6,trigger.reclaim_level=62,trigger.volume_multiplier=1.0",all_liquid,"{""trigger.hold_floor"": 45, ""trigger.pullback_ceiling"": 55, ""trigger.pullback_window"": 6, ""trigger.reclaim_level"": 62, ""trigger.volume_multiplier"": 1.0}",5,11222,11090,1054,1411,0,34,3,23,0,0.0,75,MISSING_OR_INVALID_RAW_PATH_PRICE=34 (0.003030),580,107,408,59,39,0,30969,-0.004662089708172265,-0.00823940198546262,2.0,3.0,0.5311091073038774,0.433453561767358,0.03543733092876465,0.330689716628052,0.13838887898770272,0.03323828194617715,0.7777777777777788,0.02921550946798918,45,55,6,62,1.0
"rsi_daily_pullback_reclaim_surface_v1__all_liquid__trigger.hold_floor=45,trigger.pullback_ceiling=55,trigger.pullback_window=6,trigger.reclaim_level=62,trigger.volume_multiplier=1.0",all_liquid,"{""trigger.hold_floor"": 45, ""trigger.pullback_ceiling"": 55, ""trigger.pullback_window"": 6, ""trigger.reclaim_level"": 62, ""trigger.volume_multiplier"": 1.0}",10,11222,11014,1054,1411,0,64,4,23,0,0.0,121,MISSING_OR_INVALID_RAW_PATH_PRICE=64 (0.005703),912,200,647,106,50,0,61531,-0.009872893920654876,-0.008786238252490083,4.0,5.0,0.5318685309605956,0.46159433448338477,0.006537134556019611,0.44100873284619496,0.2239351274282659,0.07146676171805383,0.8636363636363641,0.021064100236063192,45,55,6,62,1.0
"rsi_daily_pullback_reclaim_surface_v1__all_liquid__trigger.hold_floor=45,trigger.pullback_ceiling=55,trigger.pullback_window=6,trigger.reclaim_level=62,trigger.volume_multiplier=1.0",all_liquid,"{""trigger.hold_floor"": 45, ""trigger.pullback_ceiling"": 55, ""trigger.pullback_window"": 6, ""trigger.reclaim_level"": 62, ""trigger.volume_multiplier"": 1.0}",20,11222,10862,1054,1411,0,112,6,22,0,0.0,226,MISSING_OR_INVALID_RAW_PATH_PRICE=112 (0.009980),1484,426,1078,208,65,0,121443,-0.016849233230050904,-0.009712882389920258,8.0,9.0,0.5270668385196097,0.47228871294420915,0.0006444485361811821,0.5562288362145785,0.3394225628230262,0.1378542149349492,1.0000000000000075,0.015374700791751059,45,55,6,62,1.0
"rsi_daily_pullback_reclaim_surface_v1__all_liquid__trigger.hold_floor=45,trigger.pullback_ceiling=55,trigger.pullback_window=6,trigger.reclaim_level=62,trigger.volume_multiplier=1.2",all_liquid,"{""trigger.hold_floor"": 45, ""trigger.pullback_ceiling"": 55, ""trigger.pullback_window"": 6, ""trigger.reclaim_level"": 62, ""trigger.volume_multiplier"": 1.2}",5,10483,10361,1051,1409,0,33,3,22,0,0.0,67,MISSING_OR_INVALID_RAW_PATH_PRICE=33 (0.003148),558,100,395,57,38,0,28910,-0.0041544269845121586,-0.00881037678136734,2.0,3.0,0.5316089180581025,0.4328732747804266,0.0355178071614709,0.33616331202899935,0.14146713726986548,0.03395974434799199,0.7777777777777801,0.029726860341665863,45,55,6,62,1.2
"rsi_daily_pullback_reclaim_surface_v1__all_liquid__trigger.hold_floor=45,trigger.pullback_ceiling=55,trigger.pullback_window=6,trigger.reclaim_level=62,trigger.volume_multiplier=1.2",all_liquid,"{""trigger.hold_floor"": 45, ""trigger.pullback_ceiling"": 55, ""trigger.pullback_window"": 6, ""trigger.reclaim_level"": 62, ""trigger.volume_multiplier"": 1.2}",10,10483,10288,1051,1409,0,63,4,22,0,0.0,110,MISSING_OR_INVALID_RAW_PATH_PRICE=63 (0.006010),877,190,627,101,48,0,57439,-0.009256340750597152,-0.009464483952219563,4.0,5.0,0.5330482115085536,0.4602449455676516,0.006706842923794712,0.4466278737002766,0.2268434608413622,0.07259372317084804,0.8636363636363629,0.021384136858475893,45,55,6,62,1.2
"rsi_daily_pullback_reclaim_surface_v1__all_liquid__trigger.hold_floor=45,trigger.pullback_ceiling=55,trigger.pullback_window=6,trigger.reclaim_level=62,trigger.volume_multiplier=1.2",all_liquid,"{""trigger.hold_floor"": 45, ""trigger.pullback_ceiling"": 55, ""trigger.pullback_window"": 6, ""trigger.reclaim_level"": 62, ""trigger.volume_multiplier"": 1.2}",20,10483,10146,1051,1409,0,109,5,21,0,0.0,207,MISSING_OR_INVALID_RAW_PATH_PRICE=109 (0.010398),1430,401,1045,195,63,0,113428,-0.016379114053084988,-0.010642028340108097,8.0,9.0,0.5304553518628031,0.46885472107234377,0.0006899270648531441,0.5585233234761041,0.34188686444720023,0.13975007154440522,1.0000000000000007,0.015474078454563375,45,55,6,62,1.2
"rsi_daily_pullback_reclaim_surface_v1__all_liquid__trigger.hold_floor=45,trigger.pullback_ceiling=55,trigger.pullback_window=6,trigger.reclaim_level=62,trigger.volume_multiplier=1.5",all_liquid,"{""trigger.hold_floor"": 45, ""trigger.pullback_ceiling"": 55, ""trigger.pullback_window"": 6, ""trigger.reclaim_level"": 62, ""trigger.volume_multiplier"": 1.5}",5,9360,9243,1048,1403,0,31,3,21,0,0.0,65,MISSING_OR_INVALID_RAW_PATH_PRICE=31 (0.003312),529,94,370,53,34,0,25575,-0.0031471543897025334,-0.009511677577806101,2.0,3.0,0.5328356594179379,0.4325435464675971,0.034620794114465,0.3433760683760684,0.1469017094017094,0.0360042735042735,0.7826086956521732,0.028886725089256736,45,55,6,62,1.5
"rsi_daily_pullback_reclaim_surface_v1__all_liquid__trigger.hold_floor=45,trigger.pullback_ceiling=55,trigger.pullback_window=6,trigger.reclaim_level=62,trigger.volume_multiplier=1.5",all_liquid,"{""trigger.hold_floor"": 45, ""trigger.pullback_ceiling"": 55, ""trigger.pullback_window"": 6, ""trigger.reclaim_level"": 62, ""trigger.volume_multiplier"": 1.5}",10,9360,9178,1048,1403,0,56,4,21,0,0.0,105,MISSING_OR_INVALID_RAW_PATH_PRICE=56 (0.005983),833,175,591,91,41,0,50802,-0.008264920042350903,-0.010390928532094683,4.0,5.0,0.5365003268685988,0.4567443887557202,0.006755284375680976,0.45235042735042735,0.23205128205128206,0.07564102564102564,0.85,0.021028546524297233,45,55,6,62,1.5
"rsi_daily_pullback_reclaim_surface_v1__all_liquid__trigger.hold_floor=45,trigger.pullback_ceiling=55,trigger.pullback_window=6,trigger.reclaim_level=62,trigger.volume_multiplier=1.5",all_liquid,"{""trigger.hold_floor"": 45, ""trigger.pullback_ceiling"": 55, ""trigger.pullback_window"": 6, ""trigger.reclaim_level"": 62, ""trigger.volume_multiplier"": 1.5}",20,9360,9051,1048,1403,0,101,5,20,0,0.0,188,MISSING_OR_INVALID_RAW_PATH_PRICE=101 (0.010791),1353,367,988,175,54,0,100376,-0.015389650505208581,-0.011600030564574731,8.0,9.0,0.5351894818252126,0.46403712296983757,0.0007733952049497294,0.5605769230769231,0.34636752136752136,0.1438034188034188,0.9999999999999968,0.015467904098994586,45,55,6,62,1.5
"rsi_daily_pullback_reclaim_surface_v1__all_liquid__trigger.hold_floor=45,trigger.pullback_ceiling=55,trigger.pullback_window=6,trigger.reclaim_level=62,trigger.volume_multiplier=2.0",all_liquid,"{""trigger.hold_floor"": 45, ""trigger.pullback_ceiling"": 55, ""trigger.pullback_window"": 6, ""trigger.reclaim_level"": 62, ""trigger.volume_multiplier"": 2.0}",5,7568,7472,1031,1384,0,21,2,16,0,0.0,59,MISSING_OR_INVALID_RAW_PATH_PRICE=21 (0.002775),453,72,318,42,33,0,20515,-0.0016859539600017244,-0.010194365027077837,2.0,3.0,0.5342612419700214,0.4306745182012848,0.03506423982869379,0.35306553911205074,0.15446617336152219,0.03845137420718816,0.7857142857142946,0.02823875802997859,45,55,6,62,2.0
"rsi_daily_pullback_reclaim_surface_v1__all_liquid__trigger.hold_floor=45,trigger.pullback_ceiling=55,trigger.pullback_window=6,trigger.reclaim_level=62,trigger.volume_multiplier=2.0",all_liquid,"{""trigger.hold_floor"": 45, ""trigger.pullback_ceiling"": 55, ""trigger.pullback_window"": 6, ""trigger.reclaim_level"": 62, ""trigger.volume_multiplier"": 2.0}",10,7568,7422,1031,1384,0,39,3,16,0,0.0,91,MISSING_OR_INVALID_RAW_PATH_PRICE=39 (0.005153),710,141,506,75,39,0,40783,-0.007104802871149327,-0.011712272871750681,4.0,5.0,0.5388035569927243,0.4544597143627055,0.006736728644570197,0.45930232558139533,0.23863636363636365,0.07967758985200846,0.8461538461538514,0.020479655079493397,45,55,6,62,2.0
"rsi_daily_pullback_reclaim_surface_v1__all_liquid__trigger.hold_floor=45,trigger.pullback_ceiling=55,trigger.pullback_window=6,trigger.reclaim_level=62,trigger.volume_multiplier=2.0",all_liquid,"{""trigger.hold_floor"": 45, ""trigger.pullback_ceiling"": 55, ""trigger.pullback_window"": 6, ""trigger.reclaim_level"": 62, ""trigger.volume_multiplier"": 2.0}",20,7568,7321,1031,1384,0,76,4,16,0,0.0,155,MISSING_OR_INVALID_RAW_PATH_PRICE=76 (0.010042),1149,303,842,147,50,0,80644,-0.0143950209468088,-0.012689232951285455,7.0,9.0,0.5407731184264445,0.4584073214041798,0.0008195601693757683,0.5623678646934461,0.3514799154334038,0.14600951374207188,0.9607843137254924,0.015025269771889086,45,55,6,62,2.0
"rsi_daily_pullback_reclaim_surface_v1__all_liquid__trigger.hold_floor=45,trigger.pullback_ceiling=55,trigger.pullback_window=9,trigger.reclaim_level=62,trigger.volume_multiplier=1.0",all_liquid,"{""trigger.hold_floor"": 45, ""trigger.pullback_ceiling"": 55, ""trigger.pullback_window"": 9, ""trigger.reclaim_level"": 62, ""trigger.volume_multiplier"": 1.0}",5,10911,10787,1041,1407,0,29,3,28,0,0.0,67,MISSING_OR_INVALID_RAW_PATH_PRICE=29 (0.002658),585,105,417,56,31,0,30513,-0.004487598971331622,-0.008107261323110054,2.0,3.0,0.5273013812922963,0.43765643830536755,0.03504218040233614,0.3334249839611401,0.14215012372834754,0.034918889194390984,0.7894736842105237,0.03031426717344952,45,55,9,62,1.0
"rsi_daily_pullback_reclaim_surface_v1__all_liquid__trigger.hold_floor=45,trigger.pullback_ceiling=55,trigger.pullback_window=9,trigger.reclaim_level=62,trigger.volume_multiplier=1.0",all_liquid,"{""trigger.hold_floor"": 45, ""trigger.pullback_ceiling"": 55, ""trigger.pullback_window"": 9, ""trigger.reclaim_level"": 62, ""trigger.volume_multiplier"": 1.0}",10,10911,10716,1041,1407,0,55,4,28,0,0.0,112,MISSING_OR_INVALID_RAW_PATH_PRICE=55 (0.005041),901,188,643,98,38,0,60600,-0.009899792959814087,-0.00887580744303304,4.0,5.0,0.5340612168719672,0.45987308697275103,0.006065696155281822,0.4418476766565851,0.2281184126111264,0.07322885161763358,0.8750000000000003,0.02267637178051512,45,55,9,62,1.0
"rsi_daily_pullback_reclaim_surface_v1__all_liquid__trigger.hold_floor=45,trigger.pullback_ceiling=55,trigger.pullback_window=9,trigger.reclaim_level=62,trigger.volume_multiplier=1.0",all_liquid,"{""trigger.hold_floor"": 45, ""trigger.pullback_ceiling"": 55, ""trigger.pullback_window"": 9, ""trigger.reclaim_level"": 62, ""trigger.volume_multiplier"": 1.0}",20,10911,10569,1041,1407,0,97,8,27,0,0.0,218,MISSING_OR_INVALID_RAW_PATH_PRICE=97 (0.008890),1432,426,1045,203,53,0,119594,-0.01693570593673406,-0.010271441984426047,8.0,9.0,0.5315545463146939,0.4677831393698552,0.0006623143154508469,0.5574191183209605,0.33855741911832093,0.14040876180001832,0.9999999999999953,0.01655785788627117,45,55,9,62,1.0
"rsi_daily_pullback_reclaim_surface_v1__all_liquid__trigger.hold_floor=45,trigger.pullback_ceiling=55,trigger.pullback_window=9,trigger.reclaim_level=62,trigger.volume_multiplier=1.2",all_liquid,"{""trigger.hold_floor"": 45, ""trigger.pullback_ceiling"": 55, ""trigger.pullback_window"": 9, ""trigger.reclaim_level"": 62, ""trigger.volume_multiplier"": 1.2}",5,10041,9926,1038,1404,0,29,3,27,0,0.0,59,MISSING_OR_INVALID_RAW_PATH_PRICE=29 (0.002888),556,96,398,52,30,0,28080,-0.0038427945223717397,-0.008689996669990725,2.0,3.0,0.5275035260930888,0.4375377795688092,0.034958694338101955,0.33950801712976797,0.1455034359127577,0.0358530026889752,0.7857142857142921,0.030525891597823897,45,55,9,62,1.2
"rsi_daily_pullback_reclaim_surface_v1__all_liquid__trigger.hold_floor=45,trigger.pullback_ceiling=55,trigger.pullback_window=9,trigger.reclaim_level=62,trigger.volume_multiplier=1.2",all_liquid,"{""trigger.hold_floor"": 45, ""trigger.pullback_ceiling"": 55, ""trigger.pullback_window"": 9, ""trigger.reclaim_level"": 62, ""trigger.volume_multiplier"": 1.2}",10,10041,9860,1038,1404,0,55,4,27,0,0.0,99,MISSING_OR_INVALID_RAW_PATH_PRICE=55 (0.005478),857,176,617,92,37,0,55779,-0.00921592220360281,-0.009581330249104798,4.0,5.0,0.5355983772819473,0.458316430020284,0.006085192697768763,0.44746539189323775,0.23194900906284235,0.07469375560203168,0.8723404255319173,0.022616632860040568,45,55,9,62,1.2
"rsi_daily_pullback_reclaim_surface_v1__all_liquid__trigger.hold_floor=45,trigger.pullback_ceiling=55,trigger.pullback_window=9,trigger.reclaim_level=62,trigger.volume_multiplier=1.2",all_liquid,"{""trigger.hold_floor"": 45, ""trigger.pullback_ceiling"": 55, ""trigger.pullback_window"": 9, ""trigger.reclaim_level"": 62, ""trigger.volume_multiplier"": 1.2}",20,10041,9724,1038,1404,0,95,7,26,0,0.0,196,MISSING_OR_INVALID_RAW_PATH_PRICE=95 (0.009461),1366,395,1004,189,52,0,110126,-0.01655259055137247,-0.011056785581005802,8.0,9.0,0.536096256684492,0.4632867132867133,0.0006170300287947347,0.559008066925605,0.34140025893835274,0.1429140523852206,0.9714285714285712,0.016145619086795557,45,55,9,62,1.2
"rsi_daily_pullback_reclaim_surface_v1__all_liquid__trigger.hold_floor=45,trigger.pullback_ceiling=55,trigger.pullback_window=9,trigger.reclaim_level=62,trigger.volume_multiplier=1.5",all_liquid,"{""trigger.hold_floor"": 45, ""trigger.pullback_ceiling"": 55, ""trigger.pullback_window"": 9, ""trigger.reclaim_level"": 62, ""trigger.volume_multiplier"": 1.5}",5,8782,8671,1033,1395,0,28,3,25,0,0.0,58,MISSING_OR_INVALID_RAW_PATH_PRICE=28 (0.003188),517,90,365,49,26,0,24355,-0.002864595032958085,-0.009543049342742187,2.0,3.0,0.5306193057317495,0.43478260869565216,0.03459808557259832,0.34695969027556367,0.15053518560692325,0.03848781598724664,0.7891030392883567,0.028716411025256603,45,55,9,62,1.5
"rsi_daily_pullback_reclaim_surface_v1__all_liquid__trigger.hold_floor=45,trigger.pullback_ceiling=55,trigger.pullback_window=9,trigger.reclaim_level=62,trigger.volume_multiplier=1.5",all_liquid,"{""trigger.hold_floor"": 45, ""trigger.pullback_ceiling"": 55, ""trigger.pullback_window"": 9, ""trigger.reclaim_level"": 62, ""trigger.volume_multiplier"": 1.5}",10,8782,8612,1033,1395,0,50,4,25,0,0.0,95,MISSING_OR_INVALID_RAW_PATH_PRICE=50 (0.005693),798,159,570,82,30,0,48347,-0.00833656842314754,-0.010724681854811551,4.0,5.0,0.5412215513237343,0.45262424523920114,0.006154203437064561,0.45331359599180143,0.23673422910498748,0.0774311090867684,0.8544337606837618,0.021365536460752437,45,55,9,62,1.5
"rsi_daily_pullback_reclaim_surface_v1__all_liquid__trigger.hold_floor=45,trigger.pullback_ceiling=55,trigger.pullback_window=9,trigger.reclaim_level=62,trigger.volume_multiplier=1.5",all_liquid,"{""trigger.hold_floor"": 45, ""trigger.pullback_ceiling"": 55, ""trigger.pullback_window"": 9, ""trigger.reclaim_level"": 62, ""trigger.volume_multiplier"": 1.5}",20,8782,8493,1033,1395,0,89,7,24,0,0.0,176,MISSING_OR_INVALID_RAW_PATH_PRICE=89 (0.010134),1267,354,930,168,43,0,95479,-0.015588581541056086,-0.012122005312454595,7.0,9.0,0.5404450724125751,0.4588484634404804,0.0007064641469445425,0.5611478023229333,0.34650421316328855,0.14700523798679116,0.9565217391304357,0.015542211232779936,45,55,9,62,1.5
"rsi_daily_pullback_reclaim_surface_v1__all_liquid__trigger.hold_floor=45,trigger.pullback_ceiling=55,trigger.pullback_window=9,trigger.reclaim_level=62,trigger.volume_multiplier=2.0",all_liquid,"{""trigger.hold_floor"": 45, ""trigger.pullback_ceiling"": 55, ""trigger.pullback_window"": 9, ""trigger.reclaim_level"": 62, ""trigger.volume_multiplier"": 2.0}",5,6935,6847,1015,1364,0,18,2,18,0,0.0,52,MISSING_OR_INVALID_RAW_PATH_PRICE=18 (0.002596),439,70,310,40,25,0,19135,-0.0014342864855016388,-0.010392382225078399,2.0,3.0,0.5310354899956186,0.43376661311523296,0.03519789688914853,0.35789473684210527,0.15919250180245134,0.041528478731074264,0.7916666666666742,0.027749379290200087,45,55,9,62,2.0
"rsi_daily_pullback_reclaim_surface_v1__all_liquid__trigger.hold_floor=45,trigger.pullback_ceiling=55,trigger.pullback_window=9,trigger.reclaim_level=62,trigger.volume_multiplier=2.0",all_liquid,"{""trigger.hold_floor"": 45, ""trigger.pullback_ceiling"": 55, ""trigger.pullback_window"": 9, ""trigger.reclaim_level"": 62, ""trigger.volume_multiplier"": 2.0}",10,6935,6804,1015,1364,0,33,3,18,0,0.0,80,MISSING_OR_INVALID_RAW_PATH_PRICE=33 (0.004758),668,124,481,65,28,0,38032,-0.007121691425426607,-0.012228692889949235,4.0,5.0,0.5423280423280423,0.4514991181657848,0.006172839506172839,0.4609949531362653,0.2439798125450613,0.08262436914203317,0.8544337606837618,0.0205761316872428,45,55,9,62,2.0
"rsi_daily_pullback_reclaim_surface_v1__all_liquid__trigger.hold_floor=45,trigger.pullback_ceiling=55,trigger.pullback_window=9,trigger.reclaim_level=62,trigger.volume_multiplier=2.0",all_liquid,"{""trigger.hold_floor"": 45, ""trigger.pullback_ceiling"": 55, ""trigger.pullback_window"": 9, ""trigger.reclaim_level"": 62, ""trigger.volume_multiplier"": 2.0}",20,6935,6709,1015,1364,0,66,4,18,0,0.0,142,MISSING_OR_INVALID_RAW_PATH_PRICE=66 (0.009517),1060,289,782,139,39,0,75144,-0.014472750453342079,-0.013343762013407225,7.0,9.0,0.5428528841854225,0.4564018482635266,0.0007452675510508272,0.5643835616438356,0.35299206921413123,0.15111751982696467,0.9375000000000011,0.014905351021016545,45,55,9,62,2.0
"rsi_daily_pullback_reclaim_surface_v1__all_liquid__trigger.hold_floor=45,trigger.pullback_ceiling=55,trigger.pullback_window=3,trigger.reclaim_level=65,trigger.volume_multiplier=1.0",all_liquid,"{""trigger.hold_floor"": 45, ""trigger.pullback_ceiling"": 55, ""trigger.pullback_window"": 3, ""trigger.reclaim_level"": 65, ""trigger.volume_multiplier"": 1.0}",5,5965,5891,1022,1333,0,20,1,11,0,0.0,43,MISSING_OR_INVALID_RAW_PATH_PRICE=20 (0.003353),386,68,276,39,28,0,16073,-0.0014926405486911376,-0.011435664672623802,2.0,3.0,0.5243591919877779,0.4386352062468172,0.03700560176540486,0.3532271584241408,0.15406538139145012,0.04090528080469405,0.7810359589041096,0.030724834493294856,45,55,3,65,1.0
"rsi_daily_pullback_reclaim_surface_v1__all_liquid__trigger.hold_floor=45,trigger.pullback_ceiling=55,trigger.pullback_window=3,trigger.reclaim_level=65,trigger.volume_multiplier=1.0",all_liquid,"{""trigger.hold_floor"": 45, ""trigger.pullback_ceiling"": 55, ""trigger.pullback_window"": 3, ""trigger.reclaim_level"": 65, ""trigger.volume_multiplier"": 1.0}",10,5965,5851,1022,1333,0,29,1,11,0,0.0,74,MISSING_OR_INVALID_RAW_PATH_PRICE=29 (0.004862),609,134,441,76,37,0,31878,-0.00775615396255161,-0.012566623600743919,4.0,5.0,0.5392240642625192,0.4529140317894377,0.00786190394804307,0.45079631181894386,0.23151718357082984,0.08164291701592624,0.8301886792452848,0.02375662279952145,45,55,3,65,1.0
"rsi_daily_pullback_reclaim_surface_v1__all_liquid__trigger.hold_floor=45,trigger.pullback_ceiling=55,trigger.pullback_window=3,trigger.reclaim_level=65,trigger.volume_multiplier=1.0",all_liquid,"{""trigger.hold_floor"": 45, ""trigger.pullback_ceiling"": 55, ""trigger.pullback_window"": 3, ""trigger.reclaim_level"": 65, ""trigger.volume_multiplier"": 1.0}",20,5965,5769,1022,1333,0,61,2,11,0,0.0,124,MISSING_OR_INVALID_RAW_PATH_PRICE=61 (0.010226),993,270,713,143,48,0,62951,-0.01706293842234098,-0.013536175821203061,7.0,9.0,0.5441150979372508,0.4550182007280291,0.0008667013347200555,0.5512154233025985,0.33679798826487845,0.1446772841575859,0.9047619047619031,0.01750736696134512,45,55,3,65,1.0
"rsi_daily_pullback_reclaim_surface_v1__all_liquid__trigger.hold_floor=45,trigger.pullback_ceiling=55,trigger.pullback_window=3,trigger.reclaim_level=65,trigger.volume_multiplier=1.2",all_liquid,"{""trigger.hold_floor"": 45, ""trigger.pullback_ceiling"": 55, ""trigger.pullback_window"": 3, ""trigger.reclaim_level"": 65, ""trigger.volume_multiplier"": 1.2}",5,5856,5782,1021,1331,0,20,1,11,0,0.0,43,MISSING_OR_INVALID_RAW_PATH_PRICE=20 (0.003415),383,66,276,38,28,0,15743,-0.0014148143162895782,-0.011497062457301418,2.0,3.0,0.5242130750605327,0.4384296091317883,0.037357315807679,0.35382513661202186,0.1552254098360656,0.040983606557377046,0.7804109589041093,0.030785195434105846,45,55,3,65,1.2
"rsi_daily_pullback_reclaim_surface_v1__all_liquid__trigger.hold_floor=45,trigger.pullback_ceiling=55,trigger.pullback_window=3,trigger.reclaim_level=65,trigger.volume_multiplier=1.2",all_liquid,"{""trigger.hold_floor"": 45, ""trigger.pullback_ceiling"": 55, ""trigger.pullback_window"": 3, ""trigger.reclaim_level"": 65, ""trigger.volume_multiplier"": 1.2}",10,5856,5744,1021,1331,0,28,1,11,0,0.0,73,MISSING_OR_INVALID_RAW_PATH_PRICE=28 (0.004781),605,132,441,75,37,0,31228,-0.007679252542845964,-0.01270991489002386,4.0,5.0,0.5403899721448467,0.4517757660167131,0.007834261838440111,0.45184426229508196,0.23292349726775957,0.0817964480874317,0.8260869565217384,0.023676880222841225,45,55,3,65,1.2
"rsi_daily_pullback_reclaim_surface_v1__all_liquid__trigger.hold_floor=45,trigger.pullback_ceiling=55,trigger.pullback_window=3,trigger.reclaim_level=65,trigger.volume_multiplier=1.2",all_liquid,"{""trigger.hold_floor"": 45, ""trigger.pullback_ceiling"": 55, ""trigger.pullback_window"": 3, ""trigger.reclaim_level"": 65, ""trigger.volume_multiplier"": 1.2}",20,5856,5663,1021,1331,0,60,2,11,0,0.0,122,MISSING_OR_INVALID_RAW_PATH_PRICE=60 (0.010246),987,265,712,140,48,0,61663,-0.01687920343027554,-0.013706703721049637,7.0,9.0,0.5452940137736182,0.453823061981282,0.0008829242450997704,0.5514002732240437,0.337431693989071,0.14549180327868852,0.8947368421052664,0.0173053152039555,45,55,3,65,1.2
"rsi_daily_pullback_reclaim_surface_v1__all_liquid__trigger.hold_floor=45,trigger.pullback_ceiling=55,trigger.pullback_window=3,trigger.reclaim_level=65,trigger.volume_multiplier=1.5",all_liquid,"{""trigger.hold_floor"": 45, ""trigger.pullback_ceiling"": 55, ""trigger.pullback_window"": 3, ""trigger.reclaim_level"": 65, ""trigger.volume_multiplier"": 1.5}",5,5631,5560,1020,1325,0,19,1,10,0,0.0,42,MISSING_OR_INVALID_RAW_PATH_PRICE=19 (0.003374),376,63,269,36,24,0,15083,-0.0009728553315128778,-0.011763239246189508,2.0,3.0,0.5255395683453238,0.437410071942446,0.03705035971223022,0.35801811401172084,0.15734327828094477,0.041378085597584796,0.7857142857142853,0.030575539568345324,45,55,3,65,1.5
"rsi_daily_pullback_reclaim_surface_v1__all_liquid__trigger.hold_floor=45,trigger.pullback_ceiling=55,trigger.pullback_window=3,trigger.reclaim_level=65,trigger.volume_multiplier=1.5",all_liquid,"{""trigger.hold_floor"": 45, ""trigger.pullback_ceiling"": 55, ""trigger.pullback_window"": 3, ""trigger.reclaim_level"": 65, ""trigger.volume_multiplier"": 1.5}",10,5631,5522,1020,1325,0,27,1,10,0,0.0,72,MISSING_OR_INVALID_RAW_PATH_PRICE=27 (0.004795),592,126,430,70,33,0,29908,-0.0069504822438899265,-0.013030219837431203,4.0,5.0,0.5398406374501992,0.45237232886635276,0.007787033683448026,0.45711241342567926,0.23601491742141714,0.08222340614455692,0.8235294117647047,0.02390438247011952,45,55,3,65,1.5
"rsi_daily_pullback_reclaim_surface_v1__all_liquid__trigger.hold_floor=45,trigger.pullback_ceiling=55,trigger.pullback_window=3,trigger.reclaim_level=65,trigger.volume_multiplier=1.5",all_liquid,"{""trigger.hold_floor"": 45, ""trigger.pullback_ceiling"": 55, ""trigger.pullback_window"": 3, ""trigger.reclaim_level"": 65, ""trigger.volume_multiplier"": 1.5}",20,5631,5443,1020,1325,0,57,2,10,0,0.0,121,MISSING_OR_INVALID_RAW_PATH_PRICE=57 (0.010123),967,252,695,129,43,0,59022,-0.016214865889575915,-0.014204783587800321,7.0,9.0,0.546941025169943,0.4521403637699798,0.0009186110600771634,0.5542532409873913,0.3397265139406855,0.14651038891848694,0.8888888888888902,0.017453610141466104,45,55,3,65,1.5
"rsi_daily_pullback_reclaim_surface_v1__all_liquid__trigger.hold_floor=45,trigger.pullback_ceiling=55,trigger.pullback_window=3,trigger.reclaim_level=65,trigger.volume_multiplier=2.0",all_liquid,"{""trigger.hold_floor"": 45, ""trigger.pullback_ceiling"": 55, ""trigger.pullback_window"": 3, ""trigger.reclaim_level"": 65, ""trigger.volume_multiplier"": 2.0}",5,5124,5059,1011,1310,0,16,1,9,0,0.0,40,MISSING_OR_INVALID_RAW_PATH_PRICE=16 (0.003123),344,54,247,34,23,0,13703,-0.0002969706064225447,-0.012350544880648174,2.0,3.0,0.5291559596758253,0.4346708835738288,0.036173156750345915,0.36104605776736926,0.1602263856362217,0.04274004683840749,0.7777777777777781,0.0308361336232457,45,55,3,65,2.0
"rsi_daily_pullback_reclaim_surface_v1__all_liquid__trigger.hold_floor=45,trigger.pullback_ceiling=55,trigger.pullback_window=3,trigger.reclaim_level=65,trigger.volume_multiplier=2.0",all_liquid,"{""trigger.hold_floor"": 45, ""trigger.pullback_ceiling"": 55, ""trigger.pullback_window"": 3, ""trigger.reclaim_level"": 65, ""trigger.volume_multiplier"": 2.0}",10,5124,5025,1011,1310,0,24,1,9,0,0.0,66,MISSING_OR_INVALID_RAW_PATH_PRICE=24 (0.004684),542,111,397,63,32,0,27184,-0.006251974053578094,-0.014111649684747582,4.0,5.0,0.5418905472636816,0.45034825870646766,0.007761194029850746,0.45862607338017175,0.2392661982825917,0.08528493364558938,0.8055555555555588,0.02407960199004975,45,55,3,65,2.0
"rsi_daily_pullback_reclaim_surface_v1__all_liquid__trigger.hold_floor=45,trigger.pullback_ceiling=55,trigger.pullback_window=3,trigger.reclaim_level=65,trigger.volume_multiplier=2.0",all_liquid,"{""trigger.hold_floor"": 45, ""trigger.pullback_ceiling"": 55, ""trigger.pullback_window"": 3, ""trigger.reclaim_level"": 65, ""trigger.volume_multiplier"": 2.0}",20,5124,4951,1011,1310,0,52,2,9,0,0.0,112,MISSING_OR_INVALID_RAW_PATH_PRICE=52 (0.010148),892,229,640,120,42,0,53599,-0.015375571825662737,-0.014856856214443784,7.0,9.0,0.5489800040395879,0.45001009896990507,0.0010098969905069683,0.5556206088992974,0.34270101483216237,0.1489071038251366,0.8787373454545446,0.017976166431024034,45,55,3,65,2.0
"rsi_daily_pullback_reclaim_surface_v1__all_liquid__trigger.hold_floor=45,trigger.pullback_ceiling=55,trigger.pullback_window=6,trigger.reclaim_level=65,trigger.volume_multiplier=1.0",all_liquid,"{""trigger.hold_floor"": 45, ""trigger.pullback_ceiling"": 55, ""trigger.pullback_window"": 6, ""trigger.reclaim_level"": 65, ""trigger.volume_multiplier"": 1.0}",5,8646,8533,1050,1397,0,35,2,15,0,0.0,63,MISSING_OR_INVALID_RAW_PATH_PRICE=35 (0.004048),502,91,351,53,34,0,23639,-0.003032784119465011,-0.0103767875550842,2.0,3.0,0.5317004570491035,0.4309152701277394,0.03738427282315716,0.3436271108026833,0.14746703678001388,0.03631737219523479,0.7600000000000053,0.030235556076409233,45,55,6,65,1.0
"rsi_daily_pullback_reclaim_surface_v1__all_liquid__trigger.hold_floor=45,trigger.pullback_ceiling=55,trigger.pullback_window=6,trigger.reclaim_level=65,trigger.volume_multiplier=1.0",all_liquid,"{""trigger.hold_floor"": 45, ""trigger.pullback_ceiling"": 55, ""trigger.pullback_window"": 6, ""trigger.reclaim_level"": 65, ""trigger.volume_multiplier"": 1.0}",10,8646,8475,1050,1397,0,56,2,15,0,0.0,100,MISSING_OR_INVALID_RAW_PATH_PRICE=56 (0.006477),791,171,565,91,44,0,46935,-0.009260968302709768,-0.010972716416443484,4.0,5.0,0.5393510324483776,0.4521533923303835,0.008495575221238939,0.4439046958130928,0.22796668979875087,0.07691417996761508,0.8333333333333328,0.02253687315634218,45,55,6,65,1.0
"rsi_daily_pullback_reclaim_surface_v1__all_liquid__trigger.hold_floor=45,trigger.pullback_ceiling=55,trigger.pullback_window=6,trigger.reclaim_level=65,trigger.volume_multiplier=1.0",all_liquid,"{""trigger.hold_floor"": 45, ""trigger.pullback_ceiling"": 55, ""trigger.pullback_window"": 6, ""trigger.reclaim_level"": 65, ""trigger.volume_multiplier"": 1.0}",20,8646,8354,1050,1397,0,96,4,14,0,0.0,182,MISSING_OR_INVALID_RAW_PATH_PRICE=96 (0.011103),1278,368,935,176,54,0,92544,-0.01767606153875275,-0.011923178380435762,7.0,9.0,0.5393823318170936,0.45989944936557337,0.0007182188173330142,0.549618320610687,0.3327550312283137,0.13983344899375433,0.923076923076924,0.016758439071103665,45,55,6,65,1.0
"rsi_daily_pullback_reclaim_surface_v1__all_liquid__trigger.hold_floor=45,trigger.pullback_ceiling=55,trigger.pullback_window=6,trigger.reclaim_level=65,trigger.volume_multiplier=1.2",all_liquid,"{""trigger.hold_floor"": 45, ""trigger.pullback_ceiling"": 55, ""trigger.pullback_window"": 6, ""trigger.reclaim_level"": 65, ""trigger.volume_multiplier"": 1.2}",5,8327,8219,1048,1394,0,32,2,14,0,0.0,62,MISSING_OR_INVALID_RAW_PATH_PRICE=32 (0.003843),495,88,349,51,34,0,22664,-0.0024004513294548398,-0.010545474231601555,2.0,3.0,0.5308431682686459,0.4315610171553717,0.03759581457598248,0.3471838597333974,0.14999399543653177,0.037348384772427044,0.7678571428571404,0.030660664314393477,45,55,6,65,1.2
"rsi_daily_pullback_reclaim_surface_v1__all_liquid__trigger.hold_floor=45,trigger.pullback_ceiling=55,trigger.pullback_window=6,trigger.reclaim_level=65,trigger.volume_multiplier=1.2",all_liquid,"{""trigger.hold_floor"": 45, ""trigger.pullback_ceiling"": 55, ""trigger.pullback_window"": 6, ""trigger.reclaim_level"": 65, ""trigger.volume_multiplier"": 1.2}",10,8327,8163,1048,1394,0,52,2,14,0,0.0,98,MISSING_OR_INVALID_RAW_PATH_PRICE=52 (0.006245),781,168,561,89,44,0,44991,-0.008575345174282711,-0.011413032250833878,4.0,5.0,0.5399975499203724,0.45167217934582876,0.008330270733798849,0.44818061726912456,0.23093551098835113,0.0782995076257956,0.833333333333335,0.02278574053656744,45,55,6,65,1.2
"rsi_daily_pullback_reclaim_surface_v1__all_liquid__trigger.hold_floor=45,trigger.pullback_ceiling=55,trigger.pullback_window=6,trigger.reclaim_level=65,trigger.volume_multiplier=1.2",all_liquid,"{""trigger.hold_floor"": 45, ""trigger.pullback_ceiling"": 55, ""trigger.pullback_window"": 6, ""trigger.reclaim_level"": 65, ""trigger.volume_multiplier"": 1.2}",20,8327,8047,1048,1394,0,90,3,13,0,0.0,177,MISSING_OR_INVALID_RAW_PATH_PRICE=90 (0.010808),1259,361,924,172,54,0,88702,-0.017212611676712564,-0.012196038571072446,7.0,9.0,0.5425624456319125,0.45669193488256493,0.000745619485522555,0.5503782874984988,0.3356550978743845,0.14182778911973098,0.9166666666666672,0.016776438424257488,45,55,6,65,1.2
"rsi_daily_pullback_reclaim_surface_v1__all_liquid__trigger.hold_floor=45,trigger.pullback_ceiling=55,trigger.pullback_window=6,trigger.reclaim_level=65,trigger.volume_multiplier=1.5",all_liquid,"{""trigger.hold_floor"": 45, ""trigger.pullback_ceiling"": 55, ""trigger.pullback_window"": 6, ""trigger.reclaim_level"": 65, ""trigger.volume_multiplier"": 1.5}",5,7755,7655,1045,1381,0,27,2,14,0,0.0,59,MISSING_OR_INVALID_RAW_PATH_PRICE=27 (0.003482),472,82,330,46,28,0,21069,-0.0016696888303973922,-0.011324570398178961,2.0,3.0,0.5329849771391247,0.42926192031352056,0.03775310254735467,0.35306254029658285,0.15319148936170213,0.03842682140554481,0.7685439560439533,0.029653821032005225,45,55,6,65,1.5
"rsi_daily_pullback_reclaim_surface_v1__all_liquid__trigger.hold_floor=45,trigger.pullback_ceiling=55,trigger.pullback_window=6,trigger.reclaim_level=65,trigger.volume_multiplier=1.5",all_liquid,"{""trigger.hold_floor"": 45, ""trigger.pullback_ceiling"": 55, ""trigger.pullback_window"": 6, ""trigger.reclaim_level"": 65, ""trigger.volume_multiplier"": 1.5}",10,7755,7602,1045,1381,0,45,2,14,0,0.0,94,MISSING_OR_INVALID_RAW_PATH_PRICE=45 (0.005803),746,157,534,80,37,0,41821,-0.007592617399899745,-0.012420103621612869,4.0,5.0,0.5395948434622467,0.45185477505919497,0.008550381478558274,0.45570599613152807,0.23584784010315926,0.07994842037395229,0.8303485769107795,0.022625624835569586,45,55,6,65,1.5
"rsi_daily_pullback_reclaim_surface_v1__all_liquid__trigger.hold_floor=45,trigger.pullback_ceiling=55,trigger.pullback_window=6,trigger.reclaim_level=65,trigger.volume_multiplier=1.5",all_liquid,"{""trigger.hold_floor"": 45, ""trigger.pullback_ceiling"": 55, ""trigger.pullback_window"": 6, ""trigger.reclaim_level"": 65, ""trigger.volume_multiplier"": 1.5}",20,7755,7493,1045,1381,0,82,3,13,0,0.0,167,MISSING_OR_INVALID_RAW_PATH_PRICE=82 (0.010574),1209,343,885,159,47,0,82459,-0.016035923186565493,-0.013173240911567317,7.0,9.0,0.5435740024022421,0.4556252502335513,0.0008007473642065928,0.5551257253384912,0.3404255319148936,0.14480980012894906,0.9137931034482761,0.016548778860269585,45,55,6,65,1.5
"rsi_daily_pullback_reclaim_surface_v1__all_liquid__trigger.hold_floor=45,trigger.pullback_ceiling=55,trigger.pullback_window=6,trigger.reclaim_level=65,trigger.volume_multiplier=2.0",all_liquid,"{""trigger.hold_floor"": 45, ""trigger.pullback_ceiling"": 55, ""trigger.pullback_window"": 6, ""trigger.reclaim_level"": 65, ""trigger.volume_multiplier"": 2.0}",5,6688,6606,1031,1367,0,20,2,10,0,0.0,52,MISSING_OR_INVALID_RAW_PATH_PRICE=20 (0.002990),427,70,302,43,27,0,18059,-0.000848221133143567,-0.012119183562447136,2.0,3.0,0.5369361186799879,0.42552225249772935,0.03754162882228277,0.3588516746411483,0.1590909090909091,0.04141746411483253,0.7575757575757605,0.03012412957917045,45,55,6,65,2.0
"rsi_daily_pullback_reclaim_surface_v1__all_liquid__trigger.hold_floor=45,trigger.pullback_ceiling=55,trigger.pullback_window=6,trigger.reclaim_level=65,trigger.volume_multiplier=2.0",all_liquid,"{""trigger.hold_floor"": 45, ""trigger.pullback_ceiling"": 55, ""trigger.pullback_window"": 6, ""trigger.reclaim_level"": 65, ""trigger.volume_multiplier"": 2.0}",10,6688,6561,1031,1367,0,36,2,10,0,0.0,81,MISSING_OR_INVALID_RAW_PATH_PRICE=36 (0.005383),672,137,487,72,36,0,35867,-0.006709226524158743,-0.01349010162640768,4.0,5.0,0.541838134430727,0.44977899710409996,0.008382868465172992,0.4579844497607656,0.24192583732057416,0.08492822966507177,0.8116554054054064,0.02301478433165676,45,55,6,65,2.0
"rsi_daily_pullback_reclaim_surface_v1__all_liquid__trigger.hold_floor=45,trigger.pullback_ceiling=55,trigger.pullback_window=6,trigger.reclaim_level=65,trigger.volume_multiplier=2.0",all_liquid,"{""trigger.hold_floor"": 45, ""trigger.pullback_ceiling"": 55, ""trigger.pullback_window"": 6, ""trigger.reclaim_level"": 65, ""trigger.volume_multiplier"": 2.0}",20,6688,6469,1031,1367,0,68,3,10,0,0.0,141,MISSING_OR_INVALID_RAW_PATH_PRICE=68 (0.010167),1089,299,802,144,46,0,70779,-0.014931421161934619,-0.014012243757384218,7.0,9.0,0.5492348121811718,0.44983768743236974,0.0009275003864584944,0.5551734449760766,0.3446471291866029,0.1499700956937799,0.8947368421052645,0.017158757149482146,45,55,6,65,2.0
"rsi_daily_pullback_reclaim_surface_v1__all_liquid__trigger.hold_floor=45,trigger.pullback_ceiling=55,trigger.pullback_window=9,trigger.reclaim_level=65,trigger.volume_multiplier=1.0",all_liquid,"{""trigger.hold_floor"": 45, ""trigger.pullback_ceiling"": 55, ""trigger.pullback_window"": 9, ""trigger.reclaim_level"": 65, ""trigger.volume_multiplier"": 1.0}",5,9124,9006,1046,1386,0,34,2,19,0,0.0,65,MISSING_OR_INVALID_RAW_PATH_PRICE=34 (0.003726),528,88,370,48,29,0,25338,-0.003029363753512428,-0.010051929819051907,2.0,3.0,0.5270930490783922,0.4353764157228514,0.03753053519875638,0.3449145111793073,0.1464270056992547,0.03671635247698378,0.7777777777777826,0.030202087497224073,45,55,9,65,1.0
"rsi_daily_pullback_reclaim_surface_v1__all_liquid__trigger.hold_floor=45,trigger.pullback_ceiling=55,trigger.pullback_window=9,trigger.reclaim_level=65,trigger.volume_multiplier=1.0",all_liquid,"{""trigger.hold_floor"": 45, ""trigger.pullback_ceiling"": 55, ""trigger.pullback_window"": 9, ""trigger.reclaim_level"": 65, ""trigger.volume_multiplier"": 1.0}",10,9124,8949,1046,1386,0,53,2,19,0,0.0,103,MISSING_OR_INVALID_RAW_PATH_PRICE=53 (0.005809),810,169,577,87,37,0,50287,-0.008570727816216997,-0.010805937153411785,4.0,5.0,0.535031847133758,0.45781651581182253,0.007151637054419489,0.4479395002192021,0.22983340640070143,0.07726874177992109,0.8618179481010504,0.02301933176891273,45,55,9,65,1.0
"rsi_daily_pullback_reclaim_surface_v1__all_liquid__trigger.hold_floor=45,trigger.pullback_ceiling=55,trigger.pullback_window=9,trigger.reclaim_level=65,trigger.volume_multiplier=1.0",all_liquid,"{""trigger.hold_floor"": 45, ""trigger.pullback_ceiling"": 55, ""trigger.pullback_window"": 9, ""trigger.reclaim_level"": 65, ""trigger.volume_multiplier"": 1.0}",20,9124,8822,1046,1386,0,90,4,18,0,0.0,194,MISSING_OR_INVALID_RAW_PATH_PRICE=90 (0.009864),1277,377,936,176,46,0,99056,-0.01695468571504343,-0.01218076190848252,8.0,9.0,0.5381999546588075,0.46123328043527545,0.0005667649059170256,0.5556773345024112,0.33592722490135907,0.14160455940377029,0.9346044191019235,0.017002947177510767,45,55,9,65,1.0
"rsi_daily_pullback_reclaim_surface_v1__all_liquid__trigger.hold_floor=45,trigger.pullback_ceiling=55,trigger.pullback_window=9,trigger.reclaim_level=65,trigger.volume_multiplier=1.2",all_liquid,"{""trigger.hold_floor"": 45, ""trigger.pullback_ceiling"": 55, ""trigger.pullback_window"": 9, ""trigger.reclaim_level"": 65, ""trigger.volume_multiplier"": 1.2}",5,8667,8554,1044,1378,0,31,2,18,0,0.0,64,MISSING_OR_INVALID_RAW_PATH_PRICE=31 (0.003577),516,85,367,46,29,0,24009,-0.0023482351107806543,-0.010384304406683849,2.0,3.0,0.5265372924947394,0.4353518821603928,0.0381108253448679,0.3497173185646706,0.14953271028037382,0.03819083881389177,0.7826086956521745,0.030628945522562543,45,55,9,65,1.2
"rsi_daily_pullback_reclaim_surface_v1__all_liquid__trigger.hold_floor=45,trigger.pullback_ceiling=55,trigger.pullback_window=9,trigger.reclaim_level=65,trigger.volume_multiplier=1.2",all_liquid,"{""trigger.hold_floor"": 45, ""trigger.pullback_ceiling"": 55, ""trigger.pullback_window"": 9, ""trigger.reclaim_level"": 65, ""trigger.volume_multiplier"": 1.2}",10,8667,8500,1044,1378,0,49,2,18,0,0.0,100,MISSING_OR_INVALID_RAW_PATH_PRICE=49 (0.005654),793,164,571,84,37,0,47644,-0.00770390741099106,-0.011427379849088646,4.0,5.0,0.5368235294117647,0.4561176470588235,0.007058823529411765,0.45286719741548404,0.23306795892465673,0.07903542171454944,0.863636363636362,0.023176470588235295,45,55,9,65,1.2
"rsi_daily_pullback_reclaim_surface_v1__all_liquid__trigger.hold_floor=45,trigger.pullback_ceiling=55,trigger.pullback_window=9,trigger.reclaim_level=65,trigger.volume_multiplier=1.2",all_liquid,"{""trigger.hold_floor"": 45, ""trigger.pullback_ceiling"": 55, ""trigger.pullback_window"": 9, ""trigger.reclaim_level"": 65, ""trigger.volume_multiplier"": 1.2}",20,8667,8380,1044,1378,0,84,3,17,0,0.0,186,MISSING_OR_INVALID_RAW_PATH_PRICE=84 (0.009692),1249,365,921,171,46,0,93844,-0.016500388908763448,-0.012523353850539643,7.0,9.0,0.5412887828162292,0.4581145584725537,0.0005966587112171838,0.5571708780431522,0.33864082150686514,0.1439944617514711,0.9239130434782601,0.016825775656324583,45,55,9,65,1.2
"rsi_daily_pullback_reclaim_surface_v1__all_liquid__trigger.hold_floor=45,trigger.pullback_ceiling=55,trigger.pullback_window=9,trigger.reclaim_level=65,trigger.volume_multiplier=1.5",all_liquid,"{""trigger.hold_floor"": 45, ""trigger.pullback_ceiling"": 55, ""trigger.pullback_window"": 9, ""trigger.reclaim_level"": 65, ""trigger.volume_multiplier"": 1.5}",5,7896,7792,1041,1363,0,27,2,17,0,0.0,60,MISSING_OR_INVALID_RAW_PATH_PRICE=27 (0.003419),487,81,345,43,27,0,21839,-0.0016666733593999408,-0.011288747004145198,2.0,3.0,0.5323408624229979,0.42979979466119095,0.03785934291581109,0.3548632218844985,0.15134245187436676,0.03951367781155015,0.7777777777777778,0.029517453798767967,45,55,9,65,1.5
"rsi_daily_pullback_reclaim_surface_v1__all_liquid__trigger.hold_floor=45,trigger.pullback_ceiling=55,trigger.pullback_window=9,trigger.reclaim_level=65,trigger.volume_multiplier=1.5",all_liquid,"{""trigger.hold_floor"": 45, ""trigger.pullback_ceiling"": 55, ""trigger.pullback_window"": 9, ""trigger.reclaim_level"": 65, ""trigger.volume_multiplier"": 1.5}",10,7896,7742,1041,1363,0,42,2,17,0,0.0,95,MISSING_OR_INVALID_RAW_PATH_PRICE=42 (0.005319),751,152,540,76,34,0,43334,-0.0072794421767869814,-0.012498965995516184,4.0,5.0,0.5391371738568845,0.4536295530870576,0.007233273056057866,0.45871327254305977,0.23632218844984804,0.08042046605876393,0.8461538461538448,0.022603978300180832,45,55,9,65,1.5
"rsi_daily_pullback_reclaim_surface_v1__all_liquid__trigger.hold_floor=45,trigger.pullback_ceiling=55,trigger.pullback_window=9,trigger.reclaim_level=65,trigger.volume_multiplier=1.5",all_liquid,"{""trigger.hold_floor"": 45, ""trigger.pullback_ceiling"": 55, ""trigger.pullback_window"": 9, ""trigger.reclaim_level"": 65, ""trigger.volume_multiplier"": 1.5}",20,7896,7629,1041,1363,0,76,3,16,0,0.0,175,MISSING_OR_INVALID_RAW_PATH_PRICE=76 (0.009625),1184,346,872,160,43,0,85299,-0.015588581541056086,-0.013688672941196536,7.0,9.0,0.5437147725783196,0.4556298335299515,0.0006553938917289291,0.5596504559270516,0.34207193515704154,0.14602330293819654,0.9130434782608673,0.01625376851487744,45,55,9,65,1.5
"rsi_daily_pullback_reclaim_surface_v1__all_liquid__trigger.hold_floor=45,trigger.pullback_ceiling=55,trigger.pullback_window=9,trigger.reclaim_level=65,trigger.volume_multiplier=2.0",all_liquid,"{""trigger.hold_floor"": 45, ""trigger.pullback_ceiling"": 55, ""trigger.pullback_window"": 9, ""trigger.reclaim_level"": 65, ""trigger.volume_multiplier"": 2.0}",5,6637,6551,1026,1345,0,22,2,12,0,0.0,52,MISSING_OR_INVALID_RAW_PATH_PRICE=22 (0.003315),434,69,311,41,26,0,18244,-0.0006733677163413762,-0.012224665151491246,2.0,3.0,0.5370172492749199,0.4252785834223783,0.037704167302701874,0.3608558083471448,0.15760132590025613,0.04309175832454422,0.7647058823529413,0.02991909632117234,45,55,9,65,2.0
"rsi_daily_pullback_reclaim_surface_v1__all_liquid__trigger.hold_floor=45,trigger.pullback_ceiling=55,trigger.pullback_window=9,trigger.reclaim_level=65,trigger.volume_multiplier=2.0",all_liquid,"{""trigger.hold_floor"": 45, ""trigger.pullback_ceiling"": 55, ""trigger.pullback_window"": 9, ""trigger.reclaim_level"": 65, ""trigger.volume_multiplier"": 2.0}",10,6637,6511,1026,1345,0,35,2,12,0,0.0,79,MISSING_OR_INVALID_RAW_PATH_PRICE=35 (0.005273),662,129,481,67,33,0,36230,-0.006493004324619196,-0.01416430443515971,4.0,5.0,0.5441560436184918,0.4487789894025495,0.007064966978958686,0.46105167997589275,0.2421274672291698,0.08497815277987042,0.8181818181818178,0.023037935800952234,45,55,9,65,2.0
"rsi_daily_pullback_reclaim_surface_v1__all_liquid__trigger.hold_floor=45,trigger.pullback_ceiling=55,trigger.pullback_window=9,trigger.reclaim_level=65,trigger.volume_multiplier=2.0",all_liquid,"{""trigger.hold_floor"": 45, ""trigger.pullback_ceiling"": 55, ""trigger.pullback_window"": 9, ""trigger.reclaim_level"": 65, ""trigger.volume_multiplier"": 2.0}",20,6637,6418,1026,1345,0,64,3,12,0,0.0,143,MISSING_OR_INVALID_RAW_PATH_PRICE=64 (0.009643),1041,298,769,142,42,0,71379,-0.01470281545455171,-0.015219181476303039,7.0,9.0,0.550015581177937,0.4492053599252103,0.0007790588968526021,0.5600421877354226,0.3468434533674853,0.1526291999397318,0.8888888888888914,0.017139295730757245,45,55,9,65,2.0
"rsi_daily_pullback_reclaim_surface_v1__all_liquid__trigger.hold_floor=45,trigger.pullback_ceiling=58,trigger.pullback_window=3,trigger.reclaim_level=60,trigger.volume_multiplier=1.0",all_liquid,"{""trigger.hold_floor"": 45, ""trigger.pullback_ceiling"": 58, ""trigger.pullback_window"": 3, ""trigger.reclaim_level"": 60, ""trigger.volume_multiplier"": 1.0}",5,16752,16570,1091,1443,0,50,2,36,0,0.0,96,MISSING_OR_INVALID_RAW_PATH_PRICE=50 (0.002985),778,154,546,85,42,0,45176,-0.005047405182408553,-0.006758413659525038,2.0,3.0,0.52021726010863,0.4455642727821364,0.034218467109233555,0.3241404011461318,0.13329751671442217,0.03002626552053486,0.8113207547169856,0.03023536511768256,45,58,3,60,1.0
"rsi_daily_pullback_reclaim_surface_v1__all_liquid__trigger.hold_floor=45,trigger.pullback_ceiling=58,trigger.pullback_window=3,trigger.reclaim_level=60,trigger.volume_multiplier=1.0",all_liquid,"{""trigger.hold_floor"": 45, ""trigger.pullback_ceiling"": 58, ""trigger.pullback_window"": 3, ""trigger.reclaim_level"": 60, ""trigger.volume_multiplier"": 1.0}",10,16752,16460,1091,1443,0,93,3,36,0,0.0,163,MISSING_OR_INVALID_RAW_PATH_PRICE=93 (0.005552),1282,314,899,159,59,0,89785,-0.009522365056059912,-0.007493249061423507,4.0,5.0,0.5236938031591738,0.4698663426488457,0.006439854191980559,0.444603629417383,0.2191977077363897,0.06757402101241643,0.9375000000000013,0.022114216281895506,45,58,3,60,1.0
"rsi_daily_pullback_reclaim_surface_v1__all_liquid__trigger.hold_floor=45,trigger.pullback_ceiling=58,trigger.pullback_window=3,trigger.reclaim_level=60,trigger.volume_multiplier=1.0",all_liquid,"{""trigger.hold_floor"": 45, ""trigger.pullback_ceiling"": 58, ""trigger.pullback_window"": 3, ""trigger.reclaim_level"": 60, ""trigger.volume_multiplier"": 1.0}",20,16752,16238,1091,1443,0,166,5,36,0,0.0,312,MISSING_OR_INVALID_RAW_PATH_PRICE=166 (0.009909),2121,641,1521,306,85,0,177190,-0.01657943662224169,-0.009104944007541433,8.0,9.0,0.521184874984604,0.4776450301761301,0.0011700948392659193,0.559634670487106,0.33673591212989495,0.13287965616045846,1.0625000000000036,0.016196575932996674,45,58,3,60,1.0
"rsi_daily_pullback_reclaim_surface_v1__all_liquid__trigger.hold_floor=45,trigger.pullback_ceiling=58,trigger.pullback_window=3,trigger.reclaim_level=60,trigger.volume_multiplier=1.2",all_liquid,"{""trigger.hold_floor"": 45, ""trigger.pullback_ceiling"": 58, ""trigger.pullback_window"": 3, ""trigger.reclaim_level"": 60, ""trigger.volume_multiplier"": 1.2}",5,15117,14954,1085,1440,0,47,2,32,0,0.0,84,MISSING_OR_INVALID_RAW_PATH_PRICE=47 (0.003109),732,145,518,82,40,0,40742,-0.00461661638158592,-0.007269414001221051,2.0,3.0,0.5222682894208908,0.44376086665775044,0.03397084392135884,0.32837203148772903,0.13534431434808494,0.03062777006019713,0.8,0.03022602648120904,45,58,3,60,1.2
"rsi_daily_pullback_reclaim_surface_v1__all_liquid__trigger.hold_floor=45,trigger.pullback_ceiling=58,trigger.pullback_window=3,trigger.reclaim_level=60,trigger.volume_multiplier=1.2",all_liquid,"{""trigger.hold_floor"": 45, ""trigger.pullback_ceiling"": 58, ""trigger.pullback_window"": 3, ""trigger.reclaim_level"": 60, ""trigger.volume_multiplier"": 1.2}",10,15117,14850,1085,1440,0,89,3,32,0,0.0,146,MISSING_OR_INVALID_RAW_PATH_PRICE=89 (0.005887),1201,291,849,149,55,0,80950,-0.00909640833182079,-0.008045007410989322,4.0,5.0,0.5254545454545455,0.46794612794612794,0.0065993265993266,0.4471125223258583,0.22140636369650063,0.06846596546933915,0.9333333333333311,0.02181818181818182,45,58,3,60,1.2
"rsi_daily_pullback_reclaim_surface_v1__all_liquid__trigger.hold_floor=45,trigger.pullback_ceiling=58,trigger.pullback_window=3,trigger.reclaim_level=60,trigger.volume_multiplier=1.2",all_liquid,"{""trigger.hold_floor"": 45, ""trigger.pullback_ceiling"": 58, ""trigger.pullback_window"": 3, ""trigger.reclaim_level"": 60, ""trigger.volume_multiplier"": 1.2}",20,15117,14652,1085,1440,0,155,5,32,0,0.0,278,MISSING_OR_INVALID_RAW_PATH_PRICE=155 (0.010253),1987,592,1440,285,80,0,159811,-0.0159327469592959,-0.009717018345453885,8.0,9.0,0.5222495222495223,0.4765902265902266,0.0011602511602511602,0.5617516703049547,0.3401468545346299,0.13474895812661242,1.0487804878048776,0.015765765765765764,45,58,3,60,1.2
"rsi_daily_pullback_reclaim_surface_v1__all_liquid__trigger.hold_floor=45,trigger.pullback_ceiling=58,trigger.pullback_window=3,trigger.reclaim_level=60,trigger.volume_multiplier=1.5",all_liquid,"{""trigger.hold_floor"": 45, ""trigger.pullback_ceiling"": 58, ""trigger.pullback_window"": 3, ""trigger.reclaim_level"": 60, ""trigger.volume_multiplier"": 1.5}",5,12843,12699,1079,1438,0,40,2,30,0,0.0,74,MISSING_OR_INVALID_RAW_PATH_PRICE=40 (0.003115),671,123,471,69,36,0,34277,-0.003585917781016794,-0.008150289497968422,2.0,3.0,0.5224820852035593,0.44279077092684466,0.03472714386959603,0.33777154870357395,0.1417893015650549,0.0326247761426458,0.804878048780489,0.02866367430506339,45,58,3,60,1.5
"rsi_daily_pullback_reclaim_surface_v1__all_liquid__trigger.hold_floor=45,trigger.pullback_ceiling=58,trigger.pullback_window=3,trigger.reclaim_level=60,trigger.volume_multiplier=1.5",all_liquid,"{""trigger.hold_floor"": 45, ""trigger.pullback_ceiling"": 58, ""trigger.pullback_window"": 3, ""trigger.reclaim_level"": 60, ""trigger.volume_multiplier"": 1.5}",10,12843,12610,1079,1438,0,74,3,30,0,0.0,129,MISSING_OR_INVALID_RAW_PATH_PRICE=74 (0.005762),1089,250,764,125,46,0,68074,-0.007723804293325209,-0.009059483179247776,4.0,5.0,0.5291038858049167,0.4641554321966693,0.0067406819984139575,0.454644553453243,0.22767266215058787,0.0717122167717823,0.927700348432051,0.02077716098334655,45,58,3,60,1.5
"rsi_daily_pullback_reclaim_surface_v1__all_liquid__trigger.hold_floor=45,trigger.pullback_ceiling=58,trigger.pullback_window=3,trigger.reclaim_level=60,trigger.volume_multiplier=1.5",all_liquid,"{""trigger.hold_floor"": 45, ""trigger.pullback_ceiling"": 58, ""trigger.pullback_window"": 3, ""trigger.reclaim_level"": 60, ""trigger.volume_multiplier"": 1.5}",20,12843,12438,1079,1438,0,133,5,30,0,0.0,242,MISSING_OR_INVALID_RAW_PATH_PRICE=133 (0.010356),1785,518,1289,241,68,0,134383,-0.01476266205248893,-0.010968534400112879,8.0,9.0,0.5283807686123171,0.47025245216272715,0.0013667792249557806,0.5653663474266137,0.34407848633496846,0.1381297204702951,1.033557046979867,0.014873773918636436,45,58,3,60,1.5
"rsi_daily_pullback_reclaim_surface_v1__all_liquid__trigger.hold_floor=45,trigger.pullback_ceiling=58,trigger.pullback_window=3,trigger.reclaim_level=60,trigger.volume_multiplier=2.0",all_liquid,"{""trigger.hold_floor"": 45, ""trigger.pullback_ceiling"": 58, ""trigger.pullback_window"": 3, ""trigger.reclaim_level"": 60, ""trigger.volume_multiplier"": 2.0}",5,9883,9758,1063,1419,0,29,2,27,0,0.0,69,MISSING_OR_INVALID_RAW_PATH_PRICE=29 (0.002934),552,94,383,53,35,0,26134,-0.0025075432517646205,-0.009173034860790146,2.0,3.0,0.5285919245747079,0.4373847099815536,0.03402336544373847,0.3464535060204391,0.15046038652231103,0.035211980167965194,0.7857142857142869,0.029924164787866366,45,58,3,60,2.0
"rsi_daily_pullback_reclaim_surface_v1__all_liquid__trigger.hold_floor=45,trigger.pullback_ceiling=58,trigger.pullback_window=3,trigger.reclaim_level=60,trigger.volume_multiplier=2.0",all_liquid,"{""trigger.hold_floor"": 45, ""trigger.pullback_ceiling"": 58, ""trigger.pullback_window"": 3, ""trigger.reclaim_level"": 60, ""trigger.volume_multiplier"": 2.0}",10,9883,9694,1063,1419,0,53,3,27,0,0.0,109,MISSING_OR_INVALID_RAW_PATH_PRICE=53 (0.005363),892,189,623,95,41,0,51936,-0.006541848299428969,-0.010554382994248008,4.0,5.0,0.5300185681865072,0.4636888797194141,0.0062925520940788114,0.4613983608216129,0.2350500860062734,0.0749772336335121,0.9117647058823525,0.021766040850010316,45,58,3,60,2.0
"rsi_daily_pullback_reclaim_surface_v1__all_liquid__trigger.hold_floor=45,trigger.pullback_ceiling=58,trigger.pullback_window=3,trigger.reclaim_level=60,trigger.volume_multiplier=2.0",all_liquid,"{""trigger.hold_floor"": 45, ""trigger.pullback_ceiling"": 58, ""trigger.pullback_window"": 3, ""trigger.reclaim_level"": 60, ""trigger.volume_multiplier"": 2.0}",20,9883,9562,1063,1419,0,101,4,27,0,0.0,193,MISSING_OR_INVALID_RAW_PATH_PRICE=101 (0.010220),1460,408,1049,194,59,0,102571,-0.013674396543954234,-0.012413690690847717,8.0,9.0,0.534511608450115,0.4644425852332148,0.0010458063166701526,0.5667307497723363,0.34928665385004554,0.14044318526763128,1.0000000000000009,0.015582514118385274,45,58,3,60,2.0
"rsi_daily_pullback_reclaim_surface_v1__all_liquid__trigger.hold_floor=45,trigger.pullback_ceiling=58,trigger.pullback_window=6,trigger.reclaim_level=60,trigger.volume_multiplier=1.0",all_liquid,"{""trigger.hold_floor"": 45, ""trigger.pullback_ceiling"": 58, ""trigger.pullback_window"": 6, ""trigger.reclaim_level"": 60, ""trigger.volume_multiplier"": 1.0}",5,15151,14977,1071,1429,0,52,3,31,0,0.0,91,MISSING_OR_INVALID_RAW_PATH_PRICE=52 (0.003432),715,145,497,76,39,0,41516,-0.004748496619340167,-0.006533278234365319,2.0,3.0,0.5185951792748882,0.4473526073312412,0.0340522133938706,0.3278991485710514,0.13642663850570919,0.03102105471586034,0.8333333333333331,0.030112839687520866,45,58,6,60,1.0
"rsi_daily_pullback_reclaim_surface_v1__all_liquid__trigger.hold_floor=45,trigger.pullback_ceiling=58,trigger.pullback_window=6,trigger.reclaim_level=60,trigger.volume_multiplier=1.0",all_liquid,"{""trigger.hold_floor"": 45, ""trigger.pullback_ceiling"": 58, ""trigger.pullback_window"": 6, ""trigger.reclaim_level"": 60, ""trigger.volume_multiplier"": 1.0}",10,15151,14880,1071,1429,0,90,4,31,0,0.0,150,MISSING_OR_INVALID_RAW_PATH_PRICE=90 (0.005940),1151,279,806,142,56,0,82550,-0.009299672437480668,-0.007540969487786896,4.0,5.0,0.5255376344086021,0.4678763440860215,0.006586021505376344,0.4456471520031681,0.22381360966272854,0.06950036301234241,0.9375000000000002,0.02204301075268817,45,58,6,60,1.0
"rsi_daily_pullback_reclaim_surface_v1__all_liquid__trigger.hold_floor=45,trigger.pullback_ceiling=58,trigger.pullback_window=6,trigger.reclaim_level=60,trigger.volume_multiplier=1.0",all_liquid,"{""trigger.hold_floor"": 45, ""trigger.pullback_ceiling"": 58, ""trigger.pullback_window"": 6, ""trigger.reclaim_level"": 60, ""trigger.volume_multiplier"": 1.0}",20,15151,14677,1071,1429,0,155,6,31,0,0.0,288,MISSING_OR_INVALID_RAW_PATH_PRICE=155 (0.010230),1865,557,1338,264,79,0,163059,-0.01640916615815946,-0.00938114597909237,8.0,9.0,0.5268787899434489,0.47182666757511754,0.0012945424814335355,0.5589730050821728,0.33905352781994585,0.13391855323080984,1.0476190476190481,0.015943312666076175,45,58,6,60,1.0
"rsi_daily_pullback_reclaim_surface_v1__all_liquid__trigger.hold_floor=45,trigger.pullback_ceiling=58,trigger.pullback_window=6,trigger.reclaim_level=60,trigger.volume_multiplier=1.2",all_liquid,"{""trigger.hold_floor"": 45, ""trigger.pullback_ceiling"": 58, ""trigger.pullback_window"": 6, ""trigger.reclaim_level"": 60, ""trigger.volume_multiplier"": 1.2}",5,13490,13340,1065,1425,0,45,3,27,0,0.0,78,MISSING_OR_INVALID_RAW_PATH_PRICE=45 (0.003336),671,134,471,71,37,0,36897,-0.004279861214595825,-0.0070431406732007415,2.0,3.0,0.5195652173913043,0.44632683658170913,0.0341079460269865,0.3337286879169755,0.13943661971830987,0.03172720533728688,0.8214285714285781,0.030359820089955022,45,58,6,60,1.2
"rsi_daily_pullback_reclaim_surface_v1__all_liquid__trigger.hold_floor=45,trigger.pullback_ceiling=58,trigger.pullback_window=6,trigger.reclaim_level=60,trigger.volume_multiplier=1.2",all_liquid,"{""trigger.hold_floor"": 45, ""trigger.pullback_ceiling"": 58, ""trigger.pullback_window"": 6, ""trigger.reclaim_level"": 60, ""trigger.volume_multiplier"": 1.2}",10,13490,13248,1065,1425,0,82,4,27,0,0.0,133,MISSING_OR_INVALID_RAW_PATH_PRICE=82 (0.006079),1074,256,759,131,52,0,73335,-0.00866232146883936,-0.008015438493158378,4.0,5.0,0.5265700483091788,0.4665609903381642,0.006868961352657005,0.44944403261675314,0.22713120830244626,0.07079318013343217,0.936507936507937,0.021965579710144928,45,58,6,60,1.2
"rsi_daily_pullback_reclaim_surface_v1__all_liquid__trigger.hold_floor=45,trigger.pullback_ceiling=58,trigger.pullback_window=6,trigger.reclaim_level=60,trigger.volume_multiplier=1.2",all_liquid,"{""trigger.hold_floor"": 45, ""trigger.pullback_ceiling"": 58, ""trigger.pullback_window"": 6, ""trigger.reclaim_level"": 60, ""trigger.volume_multiplier"": 1.2}",20,13490,13070,1065,1425,0,139,6,27,0,0.0,254,MISSING_OR_INVALID_RAW_PATH_PRICE=139 (0.010304),1732,512,1257,243,74,0,144903,-0.015570029390138185,-0.009993139129088564,8.0,9.0,0.5283091048201989,0.47031369548584545,0.0013771996939556236,0.5613787991104522,0.3433654558932543,0.13617494440326167,1.0377358490566042,0.01568477429227238,45,58,6,60,1.2
"rsi_daily_pullback_reclaim_surface_v1__all_liquid__trigger.hold_floor=45,trigger.pullback_ceiling=58,trigger.pullback_window=6,trigger.reclaim_level=60,trigger.volume_multiplier=1.5",all_liquid,"{""trigger.hold_floor"": 45, ""trigger.pullback_ceiling"": 58, ""trigger.pullback_window"": 6, ""trigger.reclaim_level"": 60, ""trigger.volume_multiplier"": 1.5}",5,11272,11140,1058,1421,0,40,3,26,0,0.0,66,MISSING_OR_INVALID_RAW_PATH_PRICE=40 (0.003549),606,112,420,58,33,0,30647,-0.003069309261551731,-0.007928181553221399,2.0,3.0,0.5197486535008977,0.44542190305206464,0.0348294434470377,0.34483676366217175,0.14691270404542228,0.034155429382540806,0.8333333333333351,0.02872531418312388,45,58,6,60,1.5
"rsi_daily_pullback_reclaim_surface_v1__all_liquid__trigger.hold_floor=45,trigger.pullback_ceiling=58,trigger.pullback_window=6,trigger.reclaim_level=60,trigger.volume_multiplier=1.5",all_liquid,"{""trigger.hold_floor"": 45, ""trigger.pullback_ceiling"": 58, ""trigger.pullback_window"": 6, ""trigger.reclaim_level"": 60, ""trigger.volume_multiplier"": 1.5}",10,11272,11063,1058,1421,0,69,4,26,0,0.0,114,MISSING_OR_INVALID_RAW_PATH_PRICE=69 (0.006121),963,220,674,110,43,0,60893,-0.007296538322770173,-0.009020209140319455,4.0,5.0,0.5304167043297479,0.46244237548585376,0.0071409201843984456,0.45786018452803406,0.23411994322214336,0.07478708303761533,0.9324200913241976,0.02069962939528157,45,58,6,60,1.5
"rsi_daily_pullback_reclaim_surface_v1__all_liquid__trigger.hold_floor=45,trigger.pullback_ceiling=58,trigger.pullback_window=6,trigger.reclaim_level=60,trigger.volume_multiplier=1.5",all_liquid,"{""trigger.hold_floor"": 45, ""trigger.pullback_ceiling"": 58, ""trigger.pullback_window"": 6, ""trigger.reclaim_level"": 60, ""trigger.volume_multiplier"": 1.5}",20,11272,10912,1058,1421,0,119,6,26,0,0.0,215,MISSING_OR_INVALID_RAW_PATH_PRICE=119 (0.010557),1545,446,1114,204,62,0,120330,-0.014516309290037228,-0.011183736042565093,8.0,9.0,0.5354655425219942,0.4629765395894428,0.0015579178885630498,0.5645848119233499,0.3474095102909865,0.1406139105748758,1.000000000000008,0.01466275659824047,45,58,6,60,1.5
"rsi_daily_pullback_reclaim_surface_v1__all_liquid__trigger.hold_floor=45,trigger.pullback_ceiling=58,trigger.pullback_window=6,trigger.reclaim_level=60,trigger.volume_multiplier=2.0",all_liquid,"{""trigger.hold_floor"": 45, ""trigger.pullback_ceiling"": 58, ""trigger.pullback_window"": 6, ""trigger.reclaim_level"": 60, ""trigger.volume_multiplier"": 2.0}",5,8463,8351,1039,1397,0,29,2,22,0,0.0,61,MISSING_OR_INVALID_RAW_PATH_PRICE=29 (0.003427),500,80,344,41,32,0,22795,-0.0019395181012495932,-0.008738861659382688,2.0,3.0,0.523530116153754,0.44114477308106814,0.035325110765177824,0.3554295167198393,0.15786364173460948,0.037575327897908545,0.8260869565217399,0.029936534546760867,45,58,6,60,2.0
"rsi_daily_pullback_reclaim_surface_v1__all_liquid__trigger.hold_floor=45,trigger.pullback_ceiling=58,trigger.pullback_window=6,trigger.reclaim_level=60,trigger.volume_multiplier=2.0",all_liquid,"{""trigger.hold_floor"": 45, ""trigger.pullback_ceiling"": 58, ""trigger.pullback_window"": 6, ""trigger.reclaim_level"": 60, ""trigger.volume_multiplier"": 2.0}",10,8463,8296,1039,1397,0,49,3,22,0,0.0,96,MISSING_OR_INVALID_RAW_PATH_PRICE=49 (0.005790),784,161,549,81,38,0,45316,-0.005946772526490226,-0.010260468843176884,4.0,5.0,0.5289296046287367,0.4641996142719383,0.006870781099324976,0.46638307928630507,0.24293985584308164,0.07881365945882075,0.9324200913241989,0.021697203471552556,45,58,6,60,2.0
"rsi_daily_pullback_reclaim_surface_v1__all_liquid__trigger.hold_floor=45,trigger.pullback_ceiling=58,trigger.pullback_window=6,trigger.reclaim_level=60,trigger.volume_multiplier=2.0",all_liquid,"{""trigger.hold_floor"": 45, ""trigger.pullback_ceiling"": 58, ""trigger.pullback_window"": 6, ""trigger.reclaim_level"": 60, ""trigger.volume_multiplier"": 2.0}",20,8463,8186,1039,1397,0,88,4,22,0,0.0,167,MISSING_OR_INVALID_RAW_PATH_PRICE=88 (0.010398),1245,341,894,158,53,0,89658,-0.012896569117201967,-0.012337604280181642,7.0,9.0,0.5399462496946006,0.45895431224041044,0.0010994380649890056,0.5684745362164717,0.3543660640434834,0.14380243412501478,1.0,0.015392132909846078,45,58,6,60,2.0
"rsi_daily_pullback_reclaim_surface_v1__all_liquid__trigger.hold_floor=45,trigger.pullback_ceiling=58,trigger.pullback_window=9,trigger.reclaim_level=60,trigger.volume_multiplier=1.0",all_liquid,"{""trigger.hold_floor"": 45, ""trigger.pullback_ceiling"": 58, ""trigger.pullback_window"": 9, ""trigger.reclaim_level"": 60, ""trigger.volume_multiplier"": 1.0}",5,13323,13174,1054,1419,0,39,3,31,0,0.0,79,MISSING_OR_INVALID_RAW_PATH_PRICE=39 (0.002927),640,136,446,70,30,0,36956,-0.004655581183486768,-0.006725715431981241,2.0,3.0,0.5184454228024897,0.4483072718991954,0.033247305298314864,0.3316069954214516,0.1405839525632365,0.033175711176161526,0.8333333333333374,0.03097009260664946,45,58,9,60,1.0
"rsi_daily_pullback_reclaim_surface_v1__all_liquid__trigger.hold_floor=45,trigger.pullback_ceiling=58,trigger.pullback_window=9,trigger.reclaim_level=60,trigger.volume_multiplier=1.0",all_liquid,"{""trigger.hold_floor"": 45, ""trigger.pullback_ceiling"": 58, ""trigger.pullback_window"": 9, ""trigger.reclaim_level"": 60, ""trigger.volume_multiplier"": 1.0}",10,13323,13086,1054,1419,0,70,4,31,0,0.0,136,MISSING_OR_INVALID_RAW_PATH_PRICE=70 (0.005254),1009,247,707,122,42,0,73430,-0.009390127132848945,-0.007841136978683515,4.0,5.0,0.5312547760965918,0.4624789851749962,0.006266238728412044,0.4453201230953989,0.2284020115589582,0.07243113412894994,0.923076923076924,0.023078098731468745,45,58,9,60,1.0
"rsi_daily_pullback_reclaim_surface_v1__all_liquid__trigger.hold_floor=45,trigger.pullback_ceiling=58,trigger.pullback_window=9,trigger.reclaim_level=60,trigger.volume_multiplier=1.0",all_liquid,"{""trigger.hold_floor"": 45, ""trigger.pullback_ceiling"": 58, ""trigger.pullback_window"": 9, ""trigger.reclaim_level"": 60, ""trigger.volume_multiplier"": 1.0}",20,13323,12907,1054,1419,0,123,6,31,0,0.0,262,MISSING_OR_INVALID_RAW_PATH_PRICE=123 (0.009232),1629,494,1170,233,62,0,145048,-0.016530802674689343,-0.010023542330537545,8.0,9.0,0.533276516618889,0.4654838459750523,0.001239637406058728,0.5568565638369737,0.34053891766118743,0.136755985889064,1.0000000000000053,0.016502672968156815,45,58,9,60,1.0
"rsi_daily_pullback_reclaim_surface_v1__all_liquid__trigger.hold_floor=45,trigger.pullback_ceiling=58,trigger.pullback_window=9,trigger.reclaim_level=60,trigger.volume_multiplier=1.2",all_liquid,"{""trigger.hold_floor"": 45, ""trigger.pullback_ceiling"": 58, ""trigger.pullback_window"": 9, ""trigger.reclaim_level"": 60, ""trigger.volume_multiplier"": 1.2}",5,11735,11606,1047,1414,0,35,3,27,0,0.0,67,MISSING_OR_INVALID_RAW_PATH_PRICE=35 (0.002983),597,125,421,65,28,0,32522,-0.004052169080214486,-0.007242351234180478,2.0,3.0,0.5190418748922971,0.4476133034637257,0.03334482164397725,0.33770771197273114,0.144013634426928,0.03417128248828291,0.8289198606271795,0.031363088057901084,45,58,9,60,1.2
"rsi_daily_pullback_reclaim_surface_v1__all_liquid__trigger.hold_floor=45,trigger.pullback_ceiling=58,trigger.pullback_window=9,trigger.reclaim_level=60,trigger.volume_multiplier=1.2",all_liquid,"{""trigger.hold_floor"": 45, ""trigger.pullback_ceiling"": 58, ""trigger.pullback_window"": 9, ""trigger.reclaim_level"": 60, ""trigger.volume_multiplier"": 1.2}",10,11735,11523,1047,1414,0,65,4,27,0,0.0,120,MISSING_OR_INVALID_RAW_PATH_PRICE=65 (0.005539),935,224,662,111,38,0,64585,-0.008679338318159327,-0.008390635438533335,4.0,5.0,0.5321530851340797,0.4612514102230322,0.006595504642888137,0.4494247976139753,0.23212611844908393,0.07430762675756285,0.9249999999999987,0.023171049205935955,45,58,9,60,1.2
"rsi_daily_pullback_reclaim_surface_v1__all_liquid__trigger.hold_floor=45,trigger.pullback_ceiling=58,trigger.pullback_window=9,trigger.reclaim_level=60,trigger.volume_multiplier=1.2",all_liquid,"{""trigger.hold_floor"": 45, ""trigger.pullback_ceiling"": 58, ""trigger.pullback_window"": 9, ""trigger.reclaim_level"": 60, ""trigger.volume_multiplier"": 1.2}",20,11735,11366,1047,1414,0,112,6,27,0,0.0,230,MISSING_OR_INVALID_RAW_PATH_PRICE=112 (0.009544),1504,450,1095,211,58,0,127598,-0.015595835426981598,-0.010686150284143384,8.0,9.0,0.5346647897237374,0.46401548477916593,0.001319725497096604,0.5596932253941201,0.34512143161482745,0.13992330634853004,1.0,0.016364596163997887,45,58,9,60,1.2
"rsi_daily_pullback_reclaim_surface_v1__all_liquid__trigger.hold_floor=45,trigger.pullback_ceiling=58,trigger.pullback_window=9,trigger.reclaim_level=60,trigger.volume_multiplier=1.5",all_liquid,"{""trigger.hold_floor"": 45, ""trigger.pullback_ceiling"": 58, ""trigger.pullback_window"": 9, ""trigger.reclaim_level"": 60, ""trigger.volume_multiplier"": 1.5}",5,9675,9561,1040,1404,0,31,3,26,0,0.0,57,MISSING_OR_INVALID_RAW_PATH_PRICE=31 (0.003204),538,105,375,54,24,0,26692,-0.0027881769116288244,-0.008252373667403883,2.0,3.0,0.5194017362200607,0.44639682041627443,0.03420144336366489,0.3484237726098191,0.15214470284237727,0.037002583979328166,0.8333333333333358,0.028867273297772198,45,58,9,60,1.5
"rsi_daily_pullback_reclaim_surface_v1__all_liquid__trigger.hold_floor=45,trigger.pullback_ceiling=58,trigger.pullback_window=9,trigger.reclaim_level=60,trigger.volume_multiplier=1.5",all_liquid,"{""trigger.hold_floor"": 45, ""trigger.pullback_ceiling"": 58, ""trigger.pullback_window"": 9, ""trigger.reclaim_level"": 60, ""trigger.volume_multiplier"": 1.5}",10,9675,9493,1040,1404,0,53,4,26,0,0.0,103,MISSING_OR_INVALID_RAW_PATH_PRICE=53 (0.005478),831,193,583,94,30,0,52981,-0.007260488710985627,-0.009459746441735528,4.0,5.0,0.5366059201516907,0.45654692931633833,0.006847150531970926,0.4577777777777778,0.23968992248062015,0.07855297157622738,0.9166666666666676,0.021278837037817338,45,58,9,60,1.5
"rsi_daily_pullback_reclaim_surface_v1__all_liquid__trigger.hold_floor=45,trigger.pullback_ceiling=58,trigger.pullback_window=9,trigger.reclaim_level=60,trigger.volume_multiplier=1.5",all_liquid,"{""trigger.hold_floor"": 45, ""trigger.pullback_ceiling"": 58, ""trigger.pullback_window"": 9, ""trigger.reclaim_level"": 60, ""trigger.volume_multiplier"": 1.5}",20,9675,9363,1040,1404,0,93,6,26,0,0.0,193,MISSING_OR_INVALID_RAW_PATH_PRICE=93 (0.009612),1329,393,962,179,47,0,104695,-0.014471472319371223,-0.011740747559516922,7.0,9.0,0.5413863078073267,0.4571184449428602,0.0014952472498130942,0.5635142118863049,0.3502842377260982,0.14470284237726097,0.9999999999999957,0.014845669123144292,45,58,9,60,1.5
"rsi_daily_pullback_reclaim_surface_v1__all_liquid__trigger.hold_floor=45,trigger.pullback_ceiling=58,trigger.pullback_window=9,trigger.reclaim_level=60,trigger.volume_multiplier=2.0",all_liquid,"{""trigger.hold_floor"": 45, ""trigger.pullback_ceiling"": 58, ""trigger.pullback_window"": 9, ""trigger.reclaim_level"": 60, ""trigger.volume_multiplier"": 2.0}",5,7151,7056,1014,1368,0,22,2,21,0,0.0,52,MISSING_OR_INVALID_RAW_PATH_PRICE=22 (0.003076),441,73,306,37,23,0,19620,-0.0014175335687399374,-0.009000319767748222,2.0,3.0,0.5226757369614512,0.44246031746031744,0.03486394557823129,0.3603691791357852,0.16459236470423716,0.04125297161236191,0.8333333333333336,0.02962018140589569,45,58,9,60,2.0
"rsi_daily_pullback_reclaim_surface_v1__all_liquid__trigger.hold_floor=45,trigger.pullback_ceiling=58,trigger.pullback_window=9,trigger.reclaim_level=60,trigger.volume_multiplier=2.0",all_liquid,"{""trigger.hold_floor"": 45, ""trigger.pullback_ceiling"": 58, ""trigger.pullback_window"": 9, ""trigger.reclaim_level"": 60, ""trigger.volume_multiplier"": 2.0}",10,7151,7008,1014,1368,0,37,3,21,0,0.0,85,MISSING_OR_INVALID_RAW_PATH_PRICE=37 (0.005174),671,137,471,67,26,0,38964,-0.005806500960265281,-0.01063074238270765,4.0,5.0,0.533533105022831,0.4601883561643836,0.006278538812785388,0.4679065864913998,0.250174800727171,0.08348482729688156,0.9285714285714228,0.021974885844748857,45,58,9,60,2.0
"rsi_daily_pullback_reclaim_surface_v1__all_liquid__trigger.hold_floor=45,trigger.pullback_ceiling=58,trigger.pullback_window=9,trigger.reclaim_level=60,trigger.volume_multiplier=2.0",all_liquid,"{""trigger.hold_floor"": 45, ""trigger.pullback_ceiling"": 58, ""trigger.pullback_window"": 9, ""trigger.reclaim_level"": 60, ""trigger.volume_multiplier"": 2.0}",20,7151,6912,1014,1368,0,69,3,21,0,0.0,149,MISSING_OR_INVALID_RAW_PATH_PRICE=69 (0.009649),1059,297,763,137,40,0,77036,-0.01262464955827284,-0.012638806215968227,7.0,9.0,0.5431134259259259,0.4558738425925926,0.0010127314814814814,0.568731645923647,0.35813172982799607,0.14893021954971333,0.974984365228267,0.015335648148148149,45,58,9,60,2.0
"rsi_daily_pullback_reclaim_surface_v1__all_liquid__trigger.hold_floor=45,trigger.pullback_ceiling=58,trigger.pullback_window=3,trigger.reclaim_level=62,trigger.volume_multiplier=1.0",all_liquid,"{""trigger.hold_floor"": 45, ""trigger.pullback_ceiling"": 58, ""trigger.pullback_window"": 3, ""trigger.reclaim_level"": 62, ""trigger.volume_multiplier"": 1.0}",5,14332,14167,1093,1440,0,44,3,31,0,0.0,90,MISSING_OR_INVALID_RAW_PATH_PRICE=44 (0.003070),757,143,537,82,46,0,39177,-0.004335053692364886,-0.008292482242537008,2.0,3.0,0.5303169337192066,0.43544857768052514,0.03423448860026823,0.33296120569355286,0.13996650851241976,0.03349148758024002,0.7777777777777801,0.030069880708689208,45,58,3,62,1.0
"rsi_daily_pullback_reclaim_surface_v1__all_liquid__trigger.hold_floor=45,trigger.pullback_ceiling=58,trigger.pullback_window=3,trigger.reclaim_level=62,trigger.volume_multiplier=1.0",all_liquid,"{""trigger.hold_floor"": 45, ""trigger.pullback_ceiling"": 58, ""trigger.pullback_window"": 3, ""trigger.reclaim_level"": 62, ""trigger.volume_multiplier"": 1.0}",10,14332,14074,1093,1440,0,85,4,31,0,0.0,142,MISSING_OR_INVALID_RAW_PATH_PRICE=85 (0.005931),1202,275,846,142,61,0,77907,-0.009375175533397263,-0.009134426610884667,4.0,5.0,0.5335370186158874,0.4604234759130311,0.006039505471081427,0.4470415852637455,0.22509070611219648,0.07263466368964555,0.8878406708595324,0.022026431718061675,45,58,3,62,1.0
"rsi_daily_pullback_reclaim_surface_v1__all_liquid__trigger.hold_floor=45,trigger.pullback_ceiling=58,trigger.pullback_window=3,trigger.reclaim_level=62,trigger.volume_multiplier=1.0",all_liquid,"{""trigger.hold_floor"": 45, ""trigger.pullback_ceiling"": 58, ""trigger.pullback_window"": 3, ""trigger.reclaim_level"": 62, ""trigger.volume_multiplier"": 1.0}",20,14332,13892,1093,1440,0,147,7,30,0,0.0,263,MISSING_OR_INVALID_RAW_PATH_PRICE=147 (0.010257),1966,559,1411,270,81,0,153964,-0.016644948243180035,-0.010418638224787235,8.0,9.0,0.5244745177080334,0.47466167578462426,0.0008638065073423554,0.559028746860173,0.34021769466927154,0.13926876918783143,1.0,0.0161243881370573,45,58,3,62,1.0
"rsi_daily_pullback_reclaim_surface_v1__all_liquid__trigger.hold_floor=45,trigger.pullback_ceiling=58,trigger.pullback_window=3,trigger.reclaim_level=62,trigger.volume_multiplier=1.2",all_liquid,"{""trigger.hold_floor"": 45, ""trigger.pullback_ceiling"": 58, ""trigger.pullback_window"": 3, ""trigger.reclaim_level"": 62, ""trigger.volume_multiplier"": 1.2}",5,13364,13211,1088,1437,0,41,3,29,0,0.0,83,MISSING_OR_INVALID_RAW_PATH_PRICE=41 (0.003068),722,131,517,75,43,0,36483,-0.003919221427734591,-0.008825799117340272,2.0,3.0,0.5310725910226326,0.4350162743168572,0.033911134660510184,0.3362017360071835,0.14127506734510625,0.03397186471116432,0.7777777777777702,0.030429187798047083,45,58,3,62,1.2
"rsi_daily_pullback_reclaim_surface_v1__all_liquid__trigger.hold_floor=45,trigger.pullback_ceiling=58,trigger.pullback_window=3,trigger.reclaim_level=62,trigger.volume_multiplier=1.2",all_liquid,"{""trigger.hold_floor"": 45, ""trigger.pullback_ceiling"": 58, ""trigger.pullback_window"": 3, ""trigger.reclaim_level"": 62, ""trigger.volume_multiplier"": 1.2}",10,13364,13124,1088,1437,0,81,4,29,0,0.0,130,MISSING_OR_INVALID_RAW_PATH_PRICE=81 (0.006061),1145,260,814,133,56,0,72565,-0.008921405061802445,-0.009604699289563109,4.0,5.0,0.5338311490399269,0.46007314843035657,0.00609570252971655,0.45023944926668663,0.22605507333133792,0.07303202633941934,0.8809523809523808,0.022020725388601035,45,58,3,62,1.2
"rsi_daily_pullback_reclaim_surface_v1__all_liquid__trigger.hold_floor=45,trigger.pullback_ceiling=58,trigger.pullback_window=3,trigger.reclaim_level=62,trigger.volume_multiplier=1.2",all_liquid,"{""trigger.hold_floor"": 45, ""trigger.pullback_ceiling"": 58, ""trigger.pullback_window"": 3, ""trigger.reclaim_level"": 62, ""trigger.volume_multiplier"": 1.2}",20,13364,12954,1088,1437,0,139,7,28,0,0.0,243,MISSING_OR_INVALID_RAW_PATH_PRICE=139 (0.010401),1877,528,1358,255,76,0,143442,-0.01619302798409904,-0.010890309421811226,8.0,9.0,0.5261695229272811,0.47298131851165665,0.0008491585610622202,0.5609099072134092,0.342187967674349,0.14030230469919186,1.0,0.015979620194534506,45,58,3,62,1.2
"rsi_daily_pullback_reclaim_surface_v1__all_liquid__trigger.hold_floor=45,trigger.pullback_ceiling=58,trigger.pullback_window=3,trigger.reclaim_level=62,trigger.volume_multiplier=1.5",all_liquid,"{""trigger.hold_floor"": 45, ""trigger.pullback_ceiling"": 58, ""trigger.pullback_window"": 3, ""trigger.reclaim_level"": 62, ""trigger.volume_multiplier"": 1.5}",5,11897,11750,1085,1433,0,39,3,28,0,0.0,80,MISSING_OR_INVALID_RAW_PATH_PRICE=39 (0.003278),674,118,478,67,38,0,32201,-0.0030993557608520756,-0.0094877912571448,2.0,3.0,0.532595744680851,0.4340425531914894,0.03336170212765958,0.34277548961923177,0.14549886526014963,0.03580734638984618,0.7777777777777783,0.029191489361702128,45,58,3,62,1.5
"rsi_daily_pullback_reclaim_surface_v1__all_liquid__trigger.hold_floor=45,trigger.pullback_ceiling=58,trigger.pullback_window=3,trigger.reclaim_level=62,trigger.volume_multiplier=1.5",all_liquid,"{""trigger.hold_floor"": 45, ""trigger.pullback_ceiling"": 58, ""trigger.pullback_window"": 3, ""trigger.reclaim_level"": 62, ""trigger.volume_multiplier"": 1.5}",10,11897,11674,1085,1433,0,72,4,28,0,0.0,123,MISSING_OR_INVALID_RAW_PATH_PRICE=72 (0.006052),1070,232,756,116,45,0,64036,-0.008095397050277866,-0.01055245973989945,4.0,5.0,0.536662669179373,0.4571697789960596,0.006167551824567415,0.45482054299403213,0.2303101622257712,0.07531310414390183,0.8666666666666685,0.02150077094397807,45,58,3,62,1.5
"rsi_daily_pullback_reclaim_surface_v1__all_liquid__trigger.hold_floor=45,trigger.pullback_ceiling=58,trigger.pullback_window=3,trigger.reclaim_level=62,trigger.volume_multiplier=1.5",all_liquid,"{""trigger.hold_floor"": 45, ""trigger.pullback_ceiling"": 58, ""trigger.pullback_window"": 3, ""trigger.reclaim_level"": 62, ""trigger.volume_multiplier"": 1.5}",20,11897,11524,1085,1433,0,127,7,27,0,0.0,219,MISSING_OR_INVALID_RAW_PATH_PRICE=127 (0.010675),1743,480,1260,228,63,0,126658,-0.01551987814657211,-0.012111693655557296,8.0,9.0,0.5313259284970496,0.4677195418257549,0.0009545296771954183,0.5621585273598386,0.34529713373119275,0.14373371438177693,0.9800000000000014,0.01570635196112461,45,58,3,62,1.5
"rsi_daily_pullback_reclaim_surface_v1__all_liquid__trigger.hold_floor=45,trigger.pullback_ceiling=58,trigger.pullback_window=3,trigger.reclaim_level=62,trigger.volume_multiplier=2.0",all_liquid,"{""trigger.hold_floor"": 45, ""trigger.pullback_ceiling"": 58, ""trigger.pullback_window"": 3, ""trigger.reclaim_level"": 62, ""trigger.volume_multiplier"": 2.0}",5,9648,9522,1065,1420,0,27,3,24,0,0.0,75,MISSING_OR_INVALID_RAW_PATH_PRICE=27 (0.002799),568,91,400,54,36,0,25878,-0.0019332005305008892,-0.010258845152816772,2.0,3.0,0.531926065952531,0.4336273892039488,0.03444654484352027,0.3497097844112769,0.15080845771144277,0.03731343283582089,0.7777777777777761,0.02930056710775047,45,58,3,62,2.0
"rsi_daily_pullback_reclaim_surface_v1__all_liquid__trigger.hold_floor=45,trigger.pullback_ceiling=58,trigger.pullback_window=3,trigger.reclaim_level=62,trigger.volume_multiplier=2.0",all_liquid,"{""trigger.hold_floor"": 45, ""trigger.pullback_ceiling"": 58, ""trigger.pullback_window"": 3, ""trigger.reclaim_level"": 62, ""trigger.volume_multiplier"": 2.0}",10,9648,9465,1065,1420,0,50,4,24,0,0.0,109,MISSING_OR_INVALID_RAW_PATH_PRICE=50 (0.005182),901,182,635,94,41,0,51491,-0.007129924727623374,-0.011884532025286502,4.0,5.0,0.5361859482303223,0.45736925515055465,0.006444796619123085,0.4607172470978441,0.23434908789386402,0.0775290215588723,0.863636363636362,0.021553090332805072,45,58,3,62,2.0
"rsi_daily_pullback_reclaim_surface_v1__all_liquid__trigger.hold_floor=45,trigger.pullback_ceiling=58,trigger.pullback_window=3,trigger.reclaim_level=62,trigger.volume_multiplier=2.0",all_liquid,"{""trigger.hold_floor"": 45, ""trigger.pullback_ceiling"": 58, ""trigger.pullback_window"": 3, ""trigger.reclaim_level"": 62, ""trigger.volume_multiplier"": 2.0}",20,9648,9342,1065,1420,0,97,5,24,0,0.0,185,MISSING_OR_INVALID_RAW_PATH_PRICE=97 (0.010054),1473,396,1065,192,56,0,101861,-0.01468062763486042,-0.013026432265386398,7.0,9.0,0.5345750374652108,0.464354527938343,0.001070434596446157,0.564262023217247,0.34888059701492535,0.14479684908789386,0.9611613876319764,0.015842432027403125,45,58,3,62,2.0
"rsi_daily_pullback_reclaim_surface_v1__all_liquid__trigger.hold_floor=45,trigger.pullback_ceiling=58,trigger.pullback_window=6,trigger.reclaim_level=62,trigger.volume_multiplier=1.0",all_liquid,"{""trigger.hold_floor"": 45, ""trigger.pullback_ceiling"": 58, ""trigger.pullback_window"": 6, ""trigger.reclaim_level"": 62, ""trigger.volume_multiplier"": 1.0}",5,14474,14303,1082,1426,0,49,4,35,0,0.0,87,MISSING_OR_INVALID_RAW_PATH_PRICE=49 (0.003385),750,145,522,79,43,0,40209,-0.004411067004588796,-0.008036574157541464,2.0,3.0,0.5287002726700692,0.43578270292945537,0.035517024400475425,0.33404725715075306,0.14052784302887936,0.032886555202431944,0.7857142857142946,0.029783961406697895,45,58,6,62,1.0
"rsi_daily_pullback_reclaim_surface_v1__all_liquid__trigger.hold_floor=45,trigger.pullback_ceiling=58,trigger.pullback_window=6,trigger.reclaim_level=62,trigger.volume_multiplier=1.0",all_liquid,"{""trigger.hold_floor"": 45, ""trigger.pullback_ceiling"": 58, ""trigger.pullback_window"": 6, ""trigger.reclaim_level"": 62, ""trigger.volume_multiplier"": 1.0}",10,14474,14213,1082,1426,0,85,5,35,0,0.0,141,MISSING_OR_INVALID_RAW_PATH_PRICE=85 (0.005873),1178,272,825,141,60,0,79965,-0.009383988297296274,-0.009056446161452222,4.0,5.0,0.5319777668331809,0.46183071835643424,0.006191514810384859,0.44673207130026255,0.2280641149647644,0.0728202293768136,0.8823529411764659,0.021811018082037573,45,58,6,62,1.0
"rsi_daily_pullback_reclaim_surface_v1__all_liquid__trigger.hold_floor=45,trigger.pullback_ceiling=58,trigger.pullback_window=6,trigger.reclaim_level=62,trigger.volume_multiplier=1.0",all_liquid,"{""trigger.hold_floor"": 45, ""trigger.pullback_ceiling"": 58, ""trigger.pullback_window"": 6, ""trigger.reclaim_level"": 62, ""trigger.volume_multiplier"": 1.0}",20,14474,14018,1082,1426,0,152,10,34,0,0.0,270,MISSING_OR_INVALID_RAW_PATH_PRICE=152 (0.010502),1901,563,1371,271,80,0,157979,-0.016194174766362018,-0.010496994577643026,8.0,9.0,0.5271080039948638,0.4720359537737195,0.0008560422314167499,0.560038690064944,0.3424761641564184,0.14011330661876467,1.0000000000000018,0.015694107575973747,45,58,6,62,1.0
"rsi_daily_pullback_reclaim_surface_v1__all_liquid__trigger.hold_floor=45,trigger.pullback_ceiling=58,trigger.pullback_window=6,trigger.reclaim_level=62,trigger.volume_multiplier=1.2",all_liquid,"{""trigger.hold_floor"": 45, ""trigger.pullback_ceiling"": 58, ""trigger.pullback_window"": 6, ""trigger.reclaim_level"": 62, ""trigger.volume_multiplier"": 1.2}",5,13233,13077,1077,1423,0,45,4,33,0,0.0,78,MISSING_OR_INVALID_RAW_PATH_PRICE=45 (0.003401),708,129,498,70,40,0,36687,-0.003801725708179486,-0.008620944216665344,2.0,3.0,0.5299380591878872,0.43450332645102085,0.03555861436109199,0.3389254137383813,0.1432025995617018,0.03347691377616565,0.7857142857142867,0.029976294257092605,45,58,6,62,1.2
"rsi_daily_pullback_reclaim_surface_v1__all_liquid__trigger.hold_floor=45,trigger.pullback_ceiling=58,trigger.pullback_window=6,trigger.reclaim_level=62,trigger.volume_multiplier=1.2",all_liquid,"{""trigger.hold_floor"": 45, ""trigger.pullback_ceiling"": 58, ""trigger.pullback_window"": 6, ""trigger.reclaim_level"": 62, ""trigger.volume_multiplier"": 1.2}",10,13233,12992,1077,1423,0,81,5,33,0,0.0,127,MISSING_OR_INVALID_RAW_PATH_PRICE=81 (0.006121),1110,251,785,128,54,0,72965,-0.008683143635889828,-0.009614397467937637,4.0,5.0,0.5324815270935961,0.46120689655172414,0.006311576354679803,0.4513715710723192,0.23025768911055694,0.07360386911509106,0.8750000000000026,0.021782635467980295,45,58,6,62,1.2
"rsi_daily_pullback_reclaim_surface_v1__all_liquid__trigger.hold_floor=45,trigger.pullback_ceiling=58,trigger.pullback_window=6,trigger.reclaim_level=62,trigger.volume_multiplier=1.2",all_liquid,"{""trigger.hold_floor"": 45, ""trigger.pullback_ceiling"": 58, ""trigger.pullback_window"": 6, ""trigger.reclaim_level"": 62, ""trigger.volume_multiplier"": 1.2}",20,13233,12814,1077,1423,0,142,9,32,0,0.0,245,MISSING_OR_INVALID_RAW_PATH_PRICE=142 (0.010731),1789,519,1298,249,74,0,144216,-0.015773047930226117,-0.011104527836215045,8.0,9.0,0.5303574215701576,0.46878414234431093,0.0008584360855314499,0.5616262374367113,0.34497090606816294,0.1414645205168896,1.0,0.015529889183705322,45,58,6,62,1.2
"rsi_daily_pullback_reclaim_surface_v1__all_liquid__trigger.hold_floor=45,trigger.pullback_ceiling=58,trigger.pullback_window=6,trigger.reclaim_level=62,trigger.volume_multiplier=1.5",all_liquid,"{""trigger.hold_floor"": 45, ""trigger.pullback_ceiling"": 58, ""trigger.pullback_window"": 6, ""trigger.reclaim_level"": 62, ""trigger.volume_multiplier"": 1.5}",5,11528,11380,1072,1420,0,43,4,31,0,0.0,74,MISSING_OR_INVALID_RAW_PATH_PRICE=43 (0.003730),654,116,455,62,35,0,31750,-0.0028088078909442923,-0.009294812867252972,2.0,3.0,0.5314586994727593,0.43347978910369067,0.03506151142355009,0.3466342817487856,0.1482477446217904,0.035825815405968076,0.7916666666666672,0.028471001757469243,45,58,6,62,1.5
"rsi_daily_pullback_reclaim_surface_v1__all_liquid__trigger.hold_floor=45,trigger.pullback_ceiling=58,trigger.pullback_window=6,trigger.reclaim_level=62,trigger.volume_multiplier=1.5",all_liquid,"{""trigger.hold_floor"": 45, ""trigger.pullback_ceiling"": 58, ""trigger.pullback_window"": 6, ""trigger.reclaim_level"": 62, ""trigger.volume_multiplier"": 1.5}",10,11528,11306,1072,1420,0,72,5,31,0,0.0,119,MISSING_OR_INVALID_RAW_PATH_PRICE=72 (0.006246),1024,222,719,111,43,0,63126,-0.0077999834134636,-0.010575190367909347,4.0,5.0,0.5364408278790023,0.4571024234919512,0.006456748629046524,0.4568875780707842,0.23490631505898682,0.07633587786259542,0.8596059113300529,0.021050769502918804,45,58,6,62,1.5
"rsi_daily_pullback_reclaim_surface_v1__all_liquid__trigger.hold_floor=45,trigger.pullback_ceiling=58,trigger.pullback_window=6,trigger.reclaim_level=62,trigger.volume_multiplier=1.5",all_liquid,"{""trigger.hold_floor"": 45, ""trigger.pullback_ceiling"": 58, ""trigger.pullback_window"": 6, ""trigger.reclaim_level"": 62, ""trigger.volume_multiplier"": 1.5}",20,11528,11151,1072,1420,0,130,9,30,0,0.0,217,MISSING_OR_INVALID_RAW_PATH_PRICE=130 (0.011277),1643,460,1189,217,61,0,124833,-0.015017181077397843,-0.012136961595795616,8.0,9.0,0.5359160613397902,0.4630974800466326,0.0009864586135772577,0.5628903539208883,0.34819569743233864,0.145558639833449,0.9783993783993798,0.015155591426777868,45,58,6,62,1.5
"rsi_daily_pullback_reclaim_surface_v1__all_liquid__trigger.hold_floor=45,trigger.pullback_ceiling=58,trigger.pullback_window=6,trigger.reclaim_level=62,trigger.volume_multiplier=2.0",all_liquid,"{""trigger.hold_floor"": 45, ""trigger.pullback_ceiling"": 58, ""trigger.pullback_window"": 6, ""trigger.reclaim_level"": 62, ""trigger.volume_multiplier"": 2.0}",5,9049,8926,1055,1406,0,30,3,25,0,0.0,68,MISSING_OR_INVALID_RAW_PATH_PRICE=30 (0.003315),549,83,382,46,34,0,24734,-0.0015742870051907321,-0.010072791126257682,2.0,3.0,0.5300246470983643,0.4336768989468967,0.03629845395473896,0.35440380152503037,0.1553762846723395,0.03834677864957454,0.7999999999999989,0.02789603405780865,45,58,6,62,2.0
"rsi_daily_pullback_reclaim_surface_v1__all_liquid__trigger.hold_floor=45,trigger.pullback_ceiling=58,trigger.pullback_window=6,trigger.reclaim_level=62,trigger.volume_multiplier=2.0",all_liquid,"{""trigger.hold_floor"": 45, ""trigger.pullback_ceiling"": 58, ""trigger.pullback_window"": 6, ""trigger.reclaim_level"": 62, ""trigger.volume_multiplier"": 2.0}",10,9049,8870,1055,1406,0,51,4,25,0,0.0,103,MISSING_OR_INVALID_RAW_PATH_PRICE=51 (0.005636),853,170,602,87,40,0,49203,-0.006735126919730196,-0.01178377957451912,4.0,5.0,0.5359639233370913,0.45738444193912065,0.0066516347237880495,0.4628135705602829,0.24113161675323241,0.07945629351309537,0.8636363636363639,0.020631341600901916,45,58,6,62,2.0
"rsi_daily_pullback_reclaim_surface_v1__all_liquid__trigger.hold_floor=45,trigger.pullback_ceiling=58,trigger.pullback_window=6,trigger.reclaim_level=62,trigger.volume_multiplier=2.0",all_liquid,"{""trigger.hold_floor"": 45, ""trigger.pullback_ceiling"": 58, ""trigger.pullback_window"": 6, ""trigger.reclaim_level"": 62, ""trigger.volume_multiplier"": 2.0}",20,9049,8749,1055,1406,0,98,6,25,0,0.0,177,MISSING_OR_INVALID_RAW_PATH_PRICE=98 (0.010830),1364,365,992,176,55,0,97388,-0.01396577718749327,-0.01301191134553105,7.0,9.0,0.5385758372385415,0.46039547376843065,0.0010286889930277746,0.5653663388219693,0.3538512542822411,0.14808266106752127,0.9603921568627458,0.014973139787404275,45,58,6,62,2.0
"rsi_daily_pullback_reclaim_surface_v1__all_liquid__trigger.hold_floor=45,trigger.pullback_ceiling=58,trigger.pullback_window=9,trigger.reclaim_level=62,trigger.volume_multiplier=1.0",all_liquid,"{""trigger.hold_floor"": 45, ""trigger.pullback_ceiling"": 58, ""trigger.pullback_window"": 9, ""trigger.reclaim_level"": 62, ""trigger.volume_multiplier"": 1.0}",5,13315,13161,1069,1420,0,40,4,38,0,0.0,76,MISSING_OR_INVALID_RAW_PATH_PRICE=40 (0.003004),704,135,495,73,34,0,37494,-0.00411973831126413,-0.008019666000766697,2.0,3.0,0.5273155535293671,0.43796064128865586,0.034723805181977055,0.33706346226060835,0.14359744648892228,0.034247089748404055,0.8,0.030392827292758908,45,58,9,62,1.0
"rsi_daily_pullback_reclaim_surface_v1__all_liquid__trigger.hold_floor=45,trigger.pullback_ceiling=58,trigger.pullback_window=9,trigger.reclaim_level=62,trigger.volume_multiplier=1.0",all_liquid,"{""trigger.hold_floor"": 45, ""trigger.pullback_ceiling"": 58, ""trigger.pullback_window"": 9, ""trigger.reclaim_level"": 62, ""trigger.volume_multiplier"": 1.0}",10,13315,13076,1069,1420,0,70,5,38,0,0.0,131,MISSING_OR_INVALID_RAW_PATH_PRICE=70 (0.005257),1078,245,759,127,46,0,74495,-0.009221653180469448,-0.009262450836824004,4.0,5.0,0.5351789538085041,0.4593147751605996,0.005506271030896299,0.4473150582050319,0.23146826886969582,0.0742771310552009,0.8807746979388764,0.022636892015907004,45,58,9,62,1.0
"rsi_daily_pullback_reclaim_surface_v1__all_liquid__trigger.hold_floor=45,trigger.pullback_ceiling=58,trigger.pullback_window=9,trigger.reclaim_level=62,trigger.volume_multiplier=1.0",all_liquid,"{""trigger.hold_floor"": 45, ""trigger.pullback_ceiling"": 58, ""trigger.pullback_window"": 9, ""trigger.reclaim_level"": 62, ""trigger.volume_multiplier"": 1.0}",20,13315,12896,1069,1420,0,129,11,37,0,0.0,253,MISSING_OR_INVALID_RAW_PATH_PRICE=129 (0.009688),1721,515,1248,248,65,0,147152,-0.016165670028637537,-0.010889268605569678,8.0,9.0,0.5300868486352357,0.46921526054590573,0.0006978908188585608,0.5609463011641006,0.3425460007510327,0.14232069095005634,0.9999999999999967,0.016361662531017368,45,58,9,62,1.0
"rsi_daily_pullback_reclaim_surface_v1__all_liquid__trigger.hold_floor=45,trigger.pullback_ceiling=58,trigger.pullback_window=9,trigger.reclaim_level=62,trigger.volume_multiplier=1.2",all_liquid,"{""trigger.hold_floor"": 45, ""trigger.pullback_ceiling"": 58, ""trigger.pullback_window"": 9, ""trigger.reclaim_level"": 62, ""trigger.volume_multiplier"": 1.2}",5,12011,11870,1064,1416,0,38,4,35,0,0.0,68,MISSING_OR_INVALID_RAW_PATH_PRICE=38 (0.003164),659,120,469,64,31,0,33772,-0.003607906703241969,-0.008650807841765203,2.0,3.0,0.5288121314237574,0.4365627632687447,0.03462510530749789,0.34201981516942803,0.14644908833569228,0.03521771709266506,0.7894736842105289,0.030497051390058972,45,58,9,62,1.2
"rsi_daily_pullback_reclaim_surface_v1__all_liquid__trigger.hold_floor=45,trigger.pullback_ceiling=58,trigger.pullback_window=9,trigger.reclaim_level=62,trigger.volume_multiplier=1.2",all_liquid,"{""trigger.hold_floor"": 45, ""trigger.pullback_ceiling"": 58, ""trigger.pullback_window"": 9, ""trigger.reclaim_level"": 62, ""trigger.volume_multiplier"": 1.2}",10,12011,11792,1064,1416,0,68,5,35,0,0.0,116,MISSING_OR_INVALID_RAW_PATH_PRICE=68 (0.005661),1006,226,718,115,41,0,67113,-0.008505113211624254,-0.00982478302204877,4.0,5.0,0.5368894165535957,0.4575135685210312,0.005597014925373134,0.45166930313878945,0.23386895345932895,0.07551411206394139,0.8723404255319177,0.022472862957937583,45,58,9,62,1.2
"rsi_daily_pullback_reclaim_surface_v1__all_liquid__trigger.hold_floor=45,trigger.pullback_ceiling=58,trigger.pullback_window=9,trigger.reclaim_level=62,trigger.volume_multiplier=1.2",all_liquid,"{""trigger.hold_floor"": 45, ""trigger.pullback_ceiling"": 58, ""trigger.pullback_window"": 9, ""trigger.reclaim_level"": 62, ""trigger.volume_multiplier"": 1.2}",20,12011,11630,1064,1416,0,120,10,34,0,0.0,227,MISSING_OR_INVALID_RAW_PATH_PRICE=120 (0.009991),1608,472,1177,226,60,0,132627,-0.015697989002959913,-0.011504039204776918,8.0,9.0,0.5343938091143594,0.4649183147033534,0.0006878761822871883,0.5619015902089751,0.3450170676879527,0.14420114894679878,0.9767441860465114,0.01599312123817713,45,58,9,62,1.2
"rsi_daily_pullback_reclaim_surface_v1__all_liquid__trigger.hold_floor=45,trigger.pullback_ceiling=58,trigger.pullback_window=9,trigger.reclaim_level=62,trigger.volume_multiplier=1.5",all_liquid,"{""trigger.hold_floor"": 45, ""trigger.pullback_ceiling"": 58, ""trigger.pullback_window"": 9, ""trigger.reclaim_level"": 62, ""trigger.volume_multiplier"": 1.5}",5,10303,10168,1058,1406,0,37,4,33,0,0.0,65,MISSING_OR_INVALID_RAW_PATH_PRICE=37 (0.003591),604,107,425,56,26,0,28760,-0.002525191936155321,-0.009512103126194662,2.0,3.0,0.5317663257277734,0.4337136113296617,0.03452006294256491,0.34989808793555277,0.15102397359992234,0.03785305250897797,0.7916666666666674,0.028225806451612902,45,58,9,62,1.5
"rsi_daily_pullback_reclaim_surface_v1__all_liquid__trigger.hold_floor=45,trigger.pullback_ceiling=58,trigger.pullback_window=9,trigger.reclaim_level=62,trigger.volume_multiplier=1.5",all_liquid,"{""trigger.hold_floor"": 45, ""trigger.pullback_ceiling"": 58, ""trigger.pullback_window"": 9, ""trigger.reclaim_level"": 62, ""trigger.volume_multiplier"": 1.5}",10,10303,10100,1058,1406,0,61,5,33,0,0.0,109,MISSING_OR_INVALID_RAW_PATH_PRICE=61 (0.005921),919,198,651,98,30,0,57118,-0.007733124001557498,-0.011060173942400985,4.0,5.0,0.5428712871287129,0.4513861386138614,0.0057425742574257425,0.45695428515966224,0.23808599437057168,0.07764728719790352,0.8544337606837618,0.02118811881188119,45,58,9,62,1.5
"rsi_daily_pullback_reclaim_surface_v1__all_liquid__trigger.hold_floor=45,trigger.pullback_ceiling=58,trigger.pullback_window=9,trigger.reclaim_level=62,trigger.volume_multiplier=1.5",all_liquid,"{""trigger.hold_floor"": 45, ""trigger.pullback_ceiling"": 58, ""trigger.pullback_window"": 9, ""trigger.reclaim_level"": 62, ""trigger.volume_multiplier"": 1.5}",20,10303,9962,1058,1406,0,110,10,32,0,0.0,199,MISSING_OR_INVALID_RAW_PATH_PRICE=110 (0.010677),1461,414,1067,194,47,0,112938,-0.015235546490234286,-0.01250679642174524,7.0,9.0,0.5402529612527605,0.45894398715117446,0.0008030515960650472,0.5628457730758032,0.34844220130059206,0.14791808211200622,0.9499999999999995,0.015257980325235896,45,58,9,62,1.5
"rsi_daily_pullback_reclaim_surface_v1__all_liquid__trigger.hold_floor=45,trigger.pullback_ceiling=58,trigger.pullback_window=9,trigger.reclaim_level=62,trigger.volume_multiplier=2.0",all_liquid,"{""trigger.hold_floor"": 45, ""trigger.pullback_ceiling"": 58, ""trigger.pullback_window"": 9, ""trigger.reclaim_level"": 62, ""trigger.volume_multiplier"": 2.0}",5,7933,7824,1038,1377,0,25,3,25,0,0.0,59,MISSING_OR_INVALID_RAW_PATH_PRICE=25 (0.003151),502,76,353,41,25,0,22054,-0.0012827127603302294,-0.010310164137479,2.0,3.0,0.5300357873210634,0.43379345603271985,0.036170756646216766,0.3582503466532207,0.15883020294970376,0.040842052187066685,0.799999999999996,0.027607361963190184,45,58,9,62,2.0
"rsi_daily_pullback_reclaim_surface_v1__all_liquid__trigger.hold_floor=45,trigger.pullback_ceiling=58,trigger.pullback_window=9,trigger.reclaim_level=62,trigger.volume_multiplier=2.0",all_liquid,"{""trigger.hold_floor"": 45, ""trigger.pullback_ceiling"": 58, ""trigger.pullback_window"": 9, ""trigger.reclaim_level"": 62, ""trigger.volume_multiplier"": 2.0}",10,7933,7774,1038,1377,0,41,4,25,0,0.0,93,MISSING_OR_INVALID_RAW_PATH_PRICE=41 (0.005168),755,147,538,74,28,0,43832,-0.006728545755257526,-0.012136541160580673,4.0,5.0,0.5410342166195009,0.4529199897092874,0.006045793671211731,0.4630026471700492,0.24467414597251985,0.08117988150762637,0.8571428571428567,0.020710059171597635,45,58,9,62,2.0
"rsi_daily_pullback_reclaim_surface_v1__all_liquid__trigger.hold_floor=45,trigger.pullback_ceiling=58,trigger.pullback_window=9,trigger.reclaim_level=62,trigger.volume_multiplier=2.0",all_liquid,"{""trigger.hold_floor"": 45, ""trigger.pullback_ceiling"": 58, ""trigger.pullback_window"": 9, ""trigger.reclaim_level"": 62, ""trigger.volume_multiplier"": 2.0}",20,7933,7664,1038,1377,0,83,6,25,0,0.0,161,MISSING_OR_INVALID_RAW_PATH_PRICE=83 (0.010463),1195,325,876,155,43,0,86699,-0.014455361936694833,-0.013451250023503357,7.0,9.0,0.5405793319415448,0.4585073068893528,0.0009133611691022964,0.5654859447875961,0.35446867515441827,0.15114080423547208,0.9402985074626861,0.015005219206680584,45,58,9,62,2.0
"rsi_daily_pullback_reclaim_surface_v1__all_liquid__trigger.hold_floor=45,trigger.pullback_ceiling=58,trigger.pullback_window=3,trigger.reclaim_level=65,trigger.volume_multiplier=1.0",all_liquid,"{""trigger.hold_floor"": 45, ""trigger.pullback_ceiling"": 58, ""trigger.pullback_window"": 3, ""trigger.reclaim_level"": 65, ""trigger.volume_multiplier"": 1.0}",5,9711,9589,1083,1408,0,33,3,19,0,0.0,70,MISSING_OR_INVALID_RAW_PATH_PRICE=33 (0.003398),598,104,423,60,36,0,26508,-0.0021215667172859373,-0.01090227406319813,2.0,3.0,0.524976535613724,0.43904473876316613,0.03597872562310981,0.3537225826382453,0.15209556173411595,0.03871897847801462,0.7666666666666675,0.029825842110751902,45,58,3,65,1.0
"rsi_daily_pullback_reclaim_surface_v1__all_liquid__trigger.hold_floor=45,trigger.pullback_ceiling=58,trigger.pullback_window=3,trigger.reclaim_level=65,trigger.volume_multiplier=1.0",all_liquid,"{""trigger.hold_floor"": 45, ""trigger.pullback_ceiling"": 58, ""trigger.pullback_window"": 3, ""trigger.reclaim_level"": 65, ""trigger.volume_multiplier"": 1.0}",10,9711,9524,1083,1408,0,56,3,19,0,0.0,112,MISSING_OR_INVALID_RAW_PATH_PRICE=56 (0.005767),943,205,673,109,50,0,52617,-0.007650804905668031,-0.011917957080723292,4.0,5.0,0.5387442251154977,0.4538009239815204,0.00745485090298194,0.45597775718257644,0.23406446298012562,0.07990938111420039,0.8571428571428564,0.022784544309113818,45,58,3,65,1.0
"rsi_daily_pullback_reclaim_surface_v1__all_liquid__trigger.hold_floor=45,trigger.pullback_ceiling=58,trigger.pullback_window=3,trigger.reclaim_level=65,trigger.volume_multiplier=1.0",all_liquid,"{""trigger.hold_floor"": 45, ""trigger.pullback_ceiling"": 58, ""trigger.pullback_window"": 3, ""trigger.reclaim_level"": 65, ""trigger.volume_multiplier"": 1.0}",20,9711,9391,1083,1408,0,105,5,18,0,0.0,197,MISSING_OR_INVALID_RAW_PATH_PRICE=105 (0.010812),1510,425,1089,216,65,0,103863,-0.016030516612423454,-0.012692632277456553,7.0,9.0,0.5358321797465658,0.46310297092961344,0.0010648493238206793,0.5590567397796313,0.3413654618473896,0.1438574812068788,0.9436507936507916,0.0169311042487488,45,58,3,65,1.0
"rsi_daily_pullback_reclaim_surface_v1__all_liquid__trigger.hold_floor=45,trigger.pullback_ceiling=58,trigger.pullback_window=3,trigger.reclaim_level=65,trigger.volume_multiplier=1.2",all_liquid,"{""trigger.hold_floor"": 45, ""trigger.pullback_ceiling"": 58, ""trigger.pullback_window"": 3, ""trigger.reclaim_level"": 65, ""trigger.volume_multiplier"": 1.2}",5,9407,9285,1082,1405,0,33,3,19,0,0.0,70,MISSING_OR_INVALID_RAW_PATH_PRICE=33 (0.003508),588,101,419,58,36,0,25544,-0.0016931093221666943,-0.011117348529522213,2.0,3.0,0.5246095853527194,0.4386645126548196,0.03672590199246096,0.3555862655469331,0.1533964069310088,0.039119804400977995,0.7692307692307684,0.030156165858912225,45,58,3,65,1.2
"rsi_daily_pullback_reclaim_surface_v1__all_liquid__trigger.hold_floor=45,trigger.pullback_ceiling=58,trigger.pullback_window=3,trigger.reclaim_level=65,trigger.volume_multiplier=1.2",all_liquid,"{""trigger.hold_floor"": 45, ""trigger.pullback_ceiling"": 58, ""trigger.pullback_window"": 3, ""trigger.reclaim_level"": 65, ""trigger.volume_multiplier"": 1.2}",10,9407,9224,1082,1405,0,54,3,19,0,0.0,110,MISSING_OR_INVALID_RAW_PATH_PRICE=54 (0.005740),930,202,667,107,50,0,50708,-0.007269259628110505,-0.01213973201096285,4.0,5.0,0.5391370338248048,0.4532740676496097,0.0075888985255854295,0.4585946635484214,0.23514404167109598,0.08057829276071012,0.8571428571428545,0.02287510841283608,45,58,3,65,1.2
"rsi_daily_pullback_reclaim_surface_v1__all_liquid__trigger.hold_floor=45,trigger.pullback_ceiling=58,trigger.pullback_window=3,trigger.reclaim_level=65,trigger.volume_multiplier=1.2",all_liquid,"{""trigger.hold_floor"": 45, ""trigger.pullback_ceiling"": 58, ""trigger.pullback_window"": 3, ""trigger.reclaim_level"": 65, ""trigger.volume_multiplier"": 1.2}",20,9407,9096,1082,1405,0,100,5,18,0,0.0,193,MISSING_OR_INVALID_RAW_PATH_PRICE=100 (0.010630),1488,418,1078,212,64,0,100083,-0.015782804207473515,-0.013065088387076327,7.0,9.0,0.537598944591029,0.46130167106420406,0.0010993843447669306,0.5595832890400766,0.3425108961411715,0.1452110130753694,0.9356906534325895,0.01693051890941073,45,58,3,65,1.2
"rsi_daily_pullback_reclaim_surface_v1__all_liquid__trigger.hold_floor=45,trigger.pullback_ceiling=58,trigger.pullback_window=3,trigger.reclaim_level=65,trigger.volume_multiplier=1.5",all_liquid,"{""trigger.hold_floor"": 45, ""trigger.pullback_ceiling"": 58, ""trigger.pullback_window"": 3, ""trigger.reclaim_level"": 65, ""trigger.volume_multiplier"": 1.5}",5,8859,8746,1078,1397,0,29,3,17,0,0.0,67,MISSING_OR_INVALID_RAW_PATH_PRICE=29 (0.003274),564,93,399,52,32,0,24004,-0.001320103235722304,-0.011474528719807475,2.0,3.0,0.5260690601417791,0.4372284472901898,0.0367024925680311,0.35974714979117284,0.15622530759679423,0.040298002031832036,0.7777777777777757,0.028813171735650584,45,58,3,65,1.5
"rsi_daily_pullback_reclaim_surface_v1__all_liquid__trigger.hold_floor=45,trigger.pullback_ceiling=58,trigger.pullback_window=3,trigger.reclaim_level=65,trigger.volume_multiplier=1.5",all_liquid,"{""trigger.hold_floor"": 45, ""trigger.pullback_ceiling"": 58, ""trigger.pullback_window"": 3, ""trigger.reclaim_level"": 65, ""trigger.volume_multiplier"": 1.5}",10,8859,8687,1078,1397,0,48,3,17,0,0.0,107,MISSING_OR_INVALID_RAW_PATH_PRICE=48 (0.005418),888,186,634,96,44,0,47638,-0.0066223572202926614,-0.012744620911064722,4.0,5.0,0.539426729595948,0.4527454817543456,0.007827788649706457,0.4629190653572638,0.23862738458065244,0.08183767919629754,0.85,0.022217106020490388,45,58,3,65,1.5
"rsi_daily_pullback_reclaim_surface_v1__all_liquid__trigger.hold_floor=45,trigger.pullback_ceiling=58,trigger.pullback_window=3,trigger.reclaim_level=65,trigger.volume_multiplier=1.5",all_liquid,"{""trigger.hold_floor"": 45, ""trigger.pullback_ceiling"": 58, ""trigger.pullback_window"": 3, ""trigger.reclaim_level"": 65, ""trigger.volume_multiplier"": 1.5}",20,8859,8566,1078,1397,0,91,5,16,0,0.0,186,MISSING_OR_INVALID_RAW_PATH_PRICE=91 (0.010272),1424,392,1027,193,57,0,93993,-0.014886187809763654,-0.013772834558792848,7.0,9.0,0.5396918048097128,0.4591407891664721,0.0011674060238150829,0.5613500395078451,0.345637205102156,0.147646461225872,0.9230769230769231,0.01646042493579267,45,58,3,65,1.5
"rsi_daily_pullback_reclaim_surface_v1__all_liquid__trigger.hold_floor=45,trigger.pullback_ceiling=58,trigger.pullback_window=3,trigger.reclaim_level=65,trigger.volume_multiplier=2.0",all_liquid,"{""trigger.hold_floor"": 45, ""trigger.pullback_ceiling"": 58, ""trigger.pullback_window"": 3, ""trigger.reclaim_level"": 65, ""trigger.volume_multiplier"": 2.0}",5,7759,7657,1065,1387,0,24,3,15,0,0.0,63,MISSING_OR_INVALID_RAW_PATH_PRICE=24 (0.003093),507,77,363,48,30,0,20862,-0.0005647412512776936,-0.012115449847397387,2.0,3.0,0.5267075878281311,0.43659396630534153,0.03669844586652736,0.36370666322979767,0.16007217424925893,0.042015723675731406,0.7647058823529372,0.02977667493796526,45,58,3,65,2.0
"rsi_daily_pullback_reclaim_surface_v1__all_liquid__trigger.hold_floor=45,trigger.pullback_ceiling=58,trigger.pullback_window=3,trigger.reclaim_level=65,trigger.volume_multiplier=2.0",all_liquid,"{""trigger.hold_floor"": 45, ""trigger.pullback_ceiling"": 58, ""trigger.pullback_window"": 3, ""trigger.reclaim_level"": 65, ""trigger.volume_multiplier"": 2.0}",10,7759,7606,1065,1387,0,41,3,15,0,0.0,97,MISSING_OR_INVALID_RAW_PATH_PRICE=41 (0.005284),800,160,578,87,42,0,41409,-0.00604110242889783,-0.013726952627696298,4.0,5.0,0.5395740205101236,0.452537470418091,0.007888509071785432,0.46513725995617994,0.24320144348498518,0.08480474287923702,0.8365269337092045,0.022876676308177753,45,58,3,65,2.0
"rsi_daily_pullback_reclaim_surface_v1__all_liquid__trigger.hold_floor=45,trigger.pullback_ceiling=58,trigger.pullback_window=3,trigger.reclaim_level=65,trigger.volume_multiplier=2.0",all_liquid,"{""trigger.hold_floor"": 45, ""trigger.pullback_ceiling"": 58, ""trigger.pullback_window"": 3, ""trigger.reclaim_level"": 65, ""trigger.volume_multiplier"": 2.0}",20,7759,7502,1065,1387,0,79,4,15,0,0.0,163,MISSING_OR_INVALID_RAW_PATH_PRICE=79 (0.010182),1293,347,938,177,54,0,81724,-0.014197419397547113,-0.014638031628247339,7.0,9.0,0.5422553985603839,0.4565449213543055,0.0011996800853105837,0.5632169093955407,0.34952957855393735,0.15195257120762984,0.9110105580693819,0.017595307917888565,45,58,3,65,2.0
"rsi_daily_pullback_reclaim_surface_v1__all_liquid__trigger.hold_floor=45,trigger.pullback_ceiling=58,trigger.pullback_window=6,trigger.reclaim_level=65,trigger.volume_multiplier=1.0",all_liquid,"{""trigger.hold_floor"": 45, ""trigger.pullback_ceiling"": 58, ""trigger.pullback_window"": 6, ""trigger.reclaim_level"": 65, ""trigger.volume_multiplier"": 1.0}",5,11788,11637,1097,1417,0,47,4,25,0,0.0,79,MISSING_OR_INVALID_RAW_PATH_PRICE=47 (0.003987),671,123,470,67,38,0,32689,-0.002836197989545361,-0.01007998552249828,2.0,3.0,0.5265962017702157,0.4368823579960471,0.03652144023373722,0.34662368510349506,0.1485408890397014,0.03554462164913472,0.7777777777777706,0.030162412993039442,45,58,6,65,1.0
"rsi_daily_pullback_reclaim_surface_v1__all_liquid__trigger.hold_floor=45,trigger.pullback_ceiling=58,trigger.pullback_window=6,trigger.reclaim_level=65,trigger.volume_multiplier=1.0",all_liquid,"{""trigger.hold_floor"": 45, ""trigger.pullback_ceiling"": 58, ""trigger.pullback_window"": 6, ""trigger.reclaim_level"": 65, ""trigger.volume_multiplier"": 1.0}",10,11788,11561,1097,1417,0,74,4,25,0,0.0,128,MISSING_OR_INVALID_RAW_PATH_PRICE=74 (0.006278),1051,233,748,118,53,0,64942,-0.00824754350439691,-0.01088041658844316,4.0,5.0,0.5346423319782025,0.45757287431883054,0.007784793702966871,0.4529182219205972,0.2319307770614184,0.07787580590430947,0.8571428571428577,0.023181385693279127,45,58,6,65,1.0
"rsi_daily_pullback_reclaim_surface_v1__all_liquid__trigger.hold_floor=45,trigger.pullback_ceiling=58,trigger.pullback_window=6,trigger.reclaim_level=65,trigger.volume_multiplier=1.0",all_liquid,"{""trigger.hold_floor"": 45, ""trigger.pullback_ceiling"": 58, ""trigger.pullback_window"": 6, ""trigger.reclaim_level"": 65, ""trigger.volume_multiplier"": 1.0}",20,11788,11399,1097,1417,0,128,8,24,0,0.0,237,MISSING_OR_INVALID_RAW_PATH_PRICE=128 (0.010859),1672,494,1217,235,65,0,128164,-0.016641346678948926,-0.012122005312454595,8.0,9.0,0.5358364768839372,0.46311079919291165,0.0010527239231511536,0.5580251102816424,0.34009161859518156,0.14133016627078385,0.9428571428571431,0.017019036757610316,45,58,6,65,1.0
"rsi_daily_pullback_reclaim_surface_v1__all_liquid__trigger.hold_floor=45,trigger.pullback_ceiling=58,trigger.pullback_window=6,trigger.reclaim_level=65,trigger.volume_multiplier=1.2",all_liquid,"{""trigger.hold_floor"": 45, ""trigger.pullback_ceiling"": 58, ""trigger.pullback_window"": 6, ""trigger.reclaim_level"": 65, ""trigger.volume_multiplier"": 1.2}",5,11188,11044,1096,1415,0,43,4,24,0,0.0,77,MISSING_OR_INVALID_RAW_PATH_PRICE=43 (0.003843),653,118,459,64,38,0,30865,-0.002203777790167177,-0.010412723792977426,2.0,3.0,0.526349148859109,0.4362549800796813,0.03739587106120971,0.35082230961744726,0.15060779406506972,0.036467643904183056,0.7777777777777809,0.03060485331401666,45,58,6,65,1.2
"rsi_daily_pullback_reclaim_surface_v1__all_liquid__trigger.hold_floor=45,trigger.pullback_ceiling=58,trigger.pullback_window=6,trigger.reclaim_level=65,trigger.volume_multiplier=1.2",all_liquid,"{""trigger.hold_floor"": 45, ""trigger.pullback_ceiling"": 58, ""trigger.pullback_window"": 6, ""trigger.reclaim_level"": 65, ""trigger.volume_multiplier"": 1.2}",10,11188,10972,1096,1415,0,69,4,24,0,0.0,123,MISSING_OR_INVALID_RAW_PATH_PRICE=69 (0.006167),1028,227,733,115,53,0,61314,-0.007455347550809524,-0.011436843509580928,4.0,5.0,0.535362741523879,0.4567991250455705,0.007838133430550492,0.45808008580622095,0.23462638541294245,0.07946013585984985,0.86206896551724,0.023332118118847976,45,58,6,65,1.2
"rsi_daily_pullback_reclaim_surface_v1__all_liquid__trigger.hold_floor=45,trigger.pullback_ceiling=58,trigger.pullback_window=6,trigger.reclaim_level=65,trigger.volume_multiplier=1.2",all_liquid,"{""trigger.hold_floor"": 45, ""trigger.pullback_ceiling"": 58, ""trigger.pullback_window"": 6, ""trigger.reclaim_level"": 65, ""trigger.volume_multiplier"": 1.2}",20,11188,10819,1096,1415,0,120,7,23,0,0.0,226,MISSING_OR_INVALID_RAW_PATH_PRICE=120 (0.010726),1630,480,1189,229,64,0,121015,-0.015868222267693355,-0.012376758029853566,7.0,9.0,0.5390516683612164,0.4598391718273408,0.001109159811442832,0.5598855917053986,0.3427779764032892,0.1434572756524848,0.9375000000000011,0.01700711710879009,45,58,6,65,1.2
"rsi_daily_pullback_reclaim_surface_v1__all_liquid__trigger.hold_floor=45,trigger.pullback_ceiling=58,trigger.pullback_window=6,trigger.reclaim_level=65,trigger.volume_multiplier=1.5",all_liquid,"{""trigger.hold_floor"": 45, ""trigger.pullback_ceiling"": 58, ""trigger.pullback_window"": 6, ""trigger.reclaim_level"": 65, ""trigger.volume_multiplier"": 1.5}",5,10222,10089,1092,1407,0,37,4,23,0,0.0,73,MISSING_OR_INVALID_RAW_PATH_PRICE=37 (0.003620),614,110,428,58,32,0,28095,-0.0014576973880159605,-0.011042518489632575,2.0,3.0,0.528199028645059,0.4338388343740708,0.037962136980870254,0.3566816669927607,0.15319898258657796,0.03785951868518881,0.7808219178082203,0.028744176826246408,45,58,6,65,1.5
"rsi_daily_pullback_reclaim_surface_v1__all_liquid__trigger.hold_floor=45,trigger.pullback_ceiling=58,trigger.pullback_window=6,trigger.reclaim_level=65,trigger.volume_multiplier=1.5",all_liquid,"{""trigger.hold_floor"": 45, ""trigger.pullback_ceiling"": 58, ""trigger.pullback_window"": 6, ""trigger.reclaim_level"": 65, ""trigger.volume_multiplier"": 1.5}",10,10222,10021,1092,1407,0,61,4,23,0,0.0,117,MISSING_OR_INVALID_RAW_PATH_PRICE=61 (0.005968),965,210,684,103,44,0,55802,-0.006948760609353351,-0.012311014551512883,4.0,5.0,0.5360742440874164,0.4556431493862888,0.008282606526294782,0.4636079045196635,0.23850518489532382,0.08168655840344355,0.8571428571428559,0.022253268136912484,45,58,6,65,1.5
"rsi_daily_pullback_reclaim_surface_v1__all_liquid__trigger.hold_floor=45,trigger.pullback_ceiling=58,trigger.pullback_window=6,trigger.reclaim_level=65,trigger.volume_multiplier=1.5",all_liquid,"{""trigger.hold_floor"": 45, ""trigger.pullback_ceiling"": 58, ""trigger.pullback_window"": 6, ""trigger.reclaim_level"": 65, ""trigger.volume_multiplier"": 1.5}",20,10222,9881,1092,1407,0,109,7,22,0,0.0,210,MISSING_OR_INVALID_RAW_PATH_PRICE=109 (0.010663),1533,448,1113,208,55,0,110151,-0.014768982545532924,-0.013255749596740876,7.0,9.0,0.5404311304523833,0.45835441756907197,0.0012144519785446818,0.5626100567403639,0.3467031891997652,0.14684014869888476,0.9354838709677421,0.016192693047262424,45,58,6,65,1.5
"rsi_daily_pullback_reclaim_surface_v1__all_liquid__trigger.hold_floor=45,trigger.pullback_ceiling=58,trigger.pullback_window=6,trigger.reclaim_level=65,trigger.volume_multiplier=2.0",all_liquid,"{""trigger.hold_floor"": 45, ""trigger.pullback_ceiling"": 58, ""trigger.pullback_window"": 6, ""trigger.reclaim_level"": 65, ""trigger.volume_multiplier"": 2.0}",5,8540,8428,1077,1391,0,28,3,19,0,0.0,65,MISSING_OR_INVALID_RAW_PATH_PRICE=28 (0.003279),544,89,382,51,30,0,23264,-0.0006677471817335481,-0.011849193410776422,2.0,3.0,0.5312055054579972,0.4303512102515425,0.03844328429046037,0.36124121779859486,0.15843091334894613,0.040515222482435595,0.7777777777777778,0.029307071665875654,45,58,6,65,2.0
"rsi_daily_pullback_reclaim_surface_v1__all_liquid__trigger.hold_floor=45,trigger.pullback_ceiling=58,trigger.pullback_window=6,trigger.reclaim_level=65,trigger.volume_multiplier=2.0",all_liquid,"{""trigger.hold_floor"": 45, ""trigger.pullback_ceiling"": 58, ""trigger.pullback_window"": 6, ""trigger.reclaim_level"": 65, ""trigger.volume_multiplier"": 2.0}",10,8540,8372,1077,1391,0,49,3,19,0,0.0,100,MISSING_OR_INVALID_RAW_PATH_PRICE=49 (0.005738),852,176,610,90,42,0,46224,-0.006051602222944815,-0.013465761308167273,4.0,5.0,0.53786430960344,0.4540133779264214,0.008122312470138558,0.4665105386416862,0.24402810304449649,0.08559718969555036,0.8400000000000026,0.022694696607740088,45,58,6,65,2.0
"rsi_daily_pullback_reclaim_surface_v1__all_liquid__trigger.hold_floor=45,trigger.pullback_ceiling=58,trigger.pullback_window=6,trigger.reclaim_level=65,trigger.volume_multiplier=2.0",all_liquid,"{""trigger.hold_floor"": 45, ""trigger.pullback_ceiling"": 58, ""trigger.pullback_window"": 6, ""trigger.reclaim_level"": 65, ""trigger.volume_multiplier"": 2.0}",20,8540,8257,1077,1391,0,89,5,19,0,0.0,175,MISSING_OR_INVALID_RAW_PATH_PRICE=89 (0.010422),1359,379,993,183,53,0,91305,-0.01406063110714914,-0.01435100686079567,7.0,9.0,0.545718784062008,0.45319123168220904,0.001089984255782972,0.5637002341920375,0.3516393442622951,0.15292740046838407,0.9130434782608673,0.017197529369020224,45,58,6,65,2.0
"rsi_daily_pullback_reclaim_surface_v1__all_liquid__trigger.hold_floor=45,trigger.pullback_ceiling=58,trigger.pullback_window=9,trigger.reclaim_level=65,trigger.volume_multiplier=1.0",all_liquid,"{""trigger.hold_floor"": 45, ""trigger.pullback_ceiling"": 58, ""trigger.pullback_window"": 9, ""trigger.reclaim_level"": 65, ""trigger.volume_multiplier"": 1.0}",5,11630,11484,1084,1404,0,39,4,28,0,0.0,79,MISSING_OR_INVALID_RAW_PATH_PRICE=39 (0.003353),653,121,458,65,31,0,32724,-0.002835906197877519,-0.0098549968219424,2.0,3.0,0.5260362243120864,0.4384360849878091,0.035527690700104496,0.3466895958727429,0.14797936371453138,0.0354256233877902,0.7826086956521746,0.030041797283176592,45,58,9,65,1.0
"rsi_daily_pullback_reclaim_surface_v1__all_liquid__trigger.hold_floor=45,trigger.pullback_ceiling=58,trigger.pullback_window=9,trigger.reclaim_level=65,trigger.volume_multiplier=1.0",all_liquid,"{""trigger.hold_floor"": 45, ""trigger.pullback_ceiling"": 58, ""trigger.pullback_window"": 9, ""trigger.reclaim_level"": 65, ""trigger.volume_multiplier"": 1.0}",10,11630,11409,1084,1404,0,62,4,28,0,0.0,131,MISSING_OR_INVALID_RAW_PATH_PRICE=62 (0.005331),992,226,704,114,43,0,64943,-0.00795201312841793,-0.010851113308458171,4.0,5.0,0.5358927162766237,0.4576211762643527,0.0064861074590235775,0.4533104041272571,0.23224419604471194,0.0766981943250215,0.8709677419354875,0.0231396266105706,45,58,9,65,1.0
"rsi_daily_pullback_reclaim_surface_v1__all_liquid__trigger.hold_floor=45,trigger.pullback_ceiling=58,trigger.pullback_window=9,trigger.reclaim_level=65,trigger.volume_multiplier=1.0",all_liquid,"{""trigger.hold_floor"": 45, ""trigger.pullback_ceiling"": 58, ""trigger.pullback_window"": 9, ""trigger.reclaim_level"": 65, ""trigger.volume_multiplier"": 1.0}",20,11630,11247,1084,1404,0,113,8,27,0,0.0,243,MISSING_OR_INVALID_RAW_PATH_PRICE=113 (0.009716),1566,473,1143,225,55,0,128071,-0.016288693096987578,-0.012285620658651176,8.0,9.0,0.5360540588601405,0.46314572774962215,0.0008002133902373967,0.55932932072227,0.3404987102321582,0.14239036973344799,0.9444444444444433,0.016982306392815862,45,58,9,65,1.0
"rsi_daily_pullback_reclaim_surface_v1__all_liquid__trigger.hold_floor=45,trigger.pullback_ceiling=58,trigger.pullback_window=9,trigger.reclaim_level=65,trigger.volume_multiplier=1.2",all_liquid,"{""trigger.hold_floor"": 45, ""trigger.pullback_ceiling"": 58, ""trigger.pullback_window"": 9, ""trigger.reclaim_level"": 65, ""trigger.volume_multiplier"": 1.2}",5,10906,10766,1083,1399,0,36,4,27,0,0.0,77,MISSING_OR_INVALID_RAW_PATH_PRICE=36 (0.003301),631,117,446,62,31,0,30580,-0.0021816522512987328,-0.010186348716434396,2.0,3.0,0.5263793423741409,0.4370239643321568,0.036596693293702395,0.35109114249037227,0.15074271043462315,0.036585365853658534,0.7857142857142878,0.030466282741965448,45,58,9,65,1.2
"rsi_daily_pullback_reclaim_surface_v1__all_liquid__trigger.hold_floor=45,trigger.pullback_ceiling=58,trigger.pullback_window=9,trigger.reclaim_level=65,trigger.volume_multiplier=1.2",all_liquid,"{""trigger.hold_floor"": 45, ""trigger.pullback_ceiling"": 58, ""trigger.pullback_window"": 9, ""trigger.reclaim_level"": 65, ""trigger.volume_multiplier"": 1.2}",10,10906,10695,1083,1399,0,58,4,27,0,0.0,126,MISSING_OR_INVALID_RAW_PATH_PRICE=58 (0.005318),963,219,687,110,43,0,60675,-0.007267200831256891,-0.01154402399348256,4.0,5.0,0.5379149135109864,0.4555399719495091,0.0065451145395044414,0.45818815331010454,0.23528333027691178,0.07830551989730423,0.8749999999999997,0.02318840579710145,45,58,9,65,1.2
"rsi_daily_pullback_reclaim_surface_v1__all_liquid__trigger.hold_floor=45,trigger.pullback_ceiling=58,trigger.pullback_window=9,trigger.reclaim_level=65,trigger.volume_multiplier=1.2",all_liquid,"{""trigger.hold_floor"": 45, ""trigger.pullback_ceiling"": 58, ""trigger.pullback_window"": 9, ""trigger.reclaim_level"": 65, ""trigger.volume_multiplier"": 1.2}",20,10906,10544,1083,1399,0,105,7,26,0,0.0,231,MISSING_OR_INVALID_RAW_PATH_PRICE=105 (0.009628),1514,456,1110,217,54,0,119651,-0.015652564299605987,-0.012727194777017052,7.0,9.0,0.5392640364188164,0.4598823975720789,0.0008535660091047041,0.5611589950485971,0.3428388043278929,0.1443242251971392,0.9374999999999987,0.01678679817905918,45,58,9,65,1.2
"rsi_daily_pullback_reclaim_surface_v1__all_liquid__trigger.hold_floor=45,trigger.pullback_ceiling=58,trigger.pullback_window=9,trigger.reclaim_level=65,trigger.volume_multiplier=1.5",all_liquid,"{""trigger.hold_floor"": 45, ""trigger.pullback_ceiling"": 58, ""trigger.pullback_window"": 9, ""trigger.reclaim_level"": 65, ""trigger.volume_multiplier"": 1.5}",5,9751,9624,1079,1385,0,31,4,26,0,0.0,70,MISSING_OR_INVALID_RAW_PATH_PRICE=31 (0.003179),591,109,415,57,29,0,27175,-0.0014755341832862843,-0.01111297458125089,2.0,3.0,0.5306525353283458,0.432356608478803,0.0369908561928512,0.3565788124294944,0.1528048405291765,0.03825248692441801,0.7812500000000006,0.02836658354114713,45,58,9,65,1.5
"rsi_daily_pullback_reclaim_surface_v1__all_liquid__trigger.hold_floor=45,trigger.pullback_ceiling=58,trigger.pullback_window=9,trigger.reclaim_level=65,trigger.volume_multiplier=1.5",all_liquid,"{""trigger.hold_floor"": 45, ""trigger.pullback_ceiling"": 58, ""trigger.pullback_window"": 9, ""trigger.reclaim_level"": 65, ""trigger.volume_multiplier"": 1.5}",10,9751,9559,1079,1385,0,49,4,26,0,0.0,117,MISSING_OR_INVALID_RAW_PATH_PRICE=49 (0.005025),899,201,638,99,38,0,53915,-0.007060672688043265,-0.012587353629504888,4.0,5.0,0.5418976880426822,0.45119782404017156,0.006904487917146145,0.4623115577889447,0.23761665470208185,0.08029945646600349,0.8571428571428433,0.021759598284339366,45,58,9,65,1.5
"rsi_daily_pullback_reclaim_surface_v1__all_liquid__trigger.hold_floor=45,trigger.pullback_ceiling=58,trigger.pullback_window=9,trigger.reclaim_level=65,trigger.volume_multiplier=1.5",all_liquid,"{""trigger.hold_floor"": 45, ""trigger.pullback_ceiling"": 58, ""trigger.pullback_window"": 9, ""trigger.reclaim_level"": 65, ""trigger.volume_multiplier"": 1.5}",20,9751,9423,1079,1385,0,93,7,25,0,0.0,210,MISSING_OR_INVALID_RAW_PATH_PRICE=93 (0.009537),1412,424,1031,198,48,0,106319,-0.015192138764835314,-0.013849746491999902,7.0,9.0,0.5428207577204712,0.45622413244189747,0.0009551098376313276,0.5618910880935288,0.3454004717464875,0.14665162547431032,0.9203960396039607,0.015600127347978351,45,58,9,65,1.5
"rsi_daily_pullback_reclaim_surface_v1__all_liquid__trigger.hold_floor=45,trigger.pullback_ceiling=58,trigger.pullback_window=9,trigger.reclaim_level=65,trigger.volume_multiplier=2.0",all_liquid,"{""trigger.hold_floor"": 45, ""trigger.pullback_ceiling"": 58, ""trigger.pullback_window"": 9, ""trigger.reclaim_level"": 65, ""trigger.volume_multiplier"": 2.0}",5,7976,7869,1062,1366,0,26,3,20,0,0.0,61,MISSING_OR_INVALID_RAW_PATH_PRICE=26 (0.003260),515,88,364,50,27,0,22089,-0.0004914926071205201,-0.01206091080793911,2.0,3.0,0.534756639979667,0.4273732367518109,0.03787012326852205,0.36133400200601806,0.15722166499498497,0.04099799398194584,0.7727272727272709,0.028974456728936334,45,58,9,65,2.0
"rsi_daily_pullback_reclaim_surface_v1__all_liquid__trigger.hold_floor=45,trigger.pullback_ceiling=58,trigger.pullback_window=9,trigger.reclaim_level=65,trigger.volume_multiplier=2.0",all_liquid,"{""trigger.hold_floor"": 45, ""trigger.pullback_ceiling"": 58, ""trigger.pullback_window"": 9, ""trigger.reclaim_level"": 65, ""trigger.volume_multiplier"": 2.0}",10,7976,7818,1062,1366,0,41,3,20,0,0.0,97,MISSING_OR_INVALID_RAW_PATH_PRICE=41 (0.005140),775,166,556,85,36,0,43847,-0.006197035571095428,-0.01402830898788472,4.0,5.0,0.5452801227935533,0.4478127398311589,0.006907137375287797,0.46439317953861586,0.24235205616850553,0.08324974924774323,0.8333333333333302,0.022128421591199796,45,58,9,65,2.0
"rsi_daily_pullback_reclaim_surface_v1__all_liquid__trigger.hold_floor=45,trigger.pullback_ceiling=58,trigger.pullback_window=9,trigger.reclaim_level=65,trigger.volume_multiplier=2.0",all_liquid,"{""trigger.hold_floor"": 45, ""trigger.pullback_ceiling"": 58, ""trigger.pullback_window"": 9, ""trigger.reclaim_level"": 65, ""trigger.volume_multiplier"": 2.0}",20,7976,7708,1062,1366,0,78,5,20,0,0.0,170,MISSING_OR_INVALID_RAW_PATH_PRICE=78 (0.009779),1216,356,892,171,46,0,86509,-0.014558201689890502,-0.01525043493435765,7.0,9.0,0.5486507524649714,0.4504411001556824,0.0009081473793461339,0.5621865596790371,0.35005015045135407,0.1525827482447342,0.8999999999999966,0.016476388168137,45,58,9,65,2.0
"rsi_daily_pullback_reclaim_surface_v1__all_liquid__trigger.hold_floor=45,trigger.pullback_ceiling=60,trigger.pullback_window=3,trigger.reclaim_level=62,trigger.volume_multiplier=1.0",all_liquid,"{""trigger.hold_floor"": 45, ""trigger.pullback_ceiling"": 60, ""trigger.pullback_window"": 3, ""trigger.reclaim_level"": 62, ""trigger.volume_multiplier"": 1.0}",5,17119,16922,1104,1444,0,53,4,38,0,0.0,106,MISSING_OR_INVALID_RAW_PATH_PRICE=53 (0.003096),882,177,628,101,49,0,46853,-0.004697091976578329,-0.008092172001889459,2.0,3.0,0.5303746602056495,0.4345822006854982,0.03504313910885238,0.32928325252643265,0.13803376365441908,0.03247853262456919,0.7777777777777779,0.030965606902257418,45,60,3,62,1.0
"rsi_daily_pullback_reclaim_surface_v1__all_liquid__trigger.hold_floor=45,trigger.pullback_ceiling=60,trigger.pullback_window=3,trigger.reclaim_level=62,trigger.volume_multiplier=1.0",all_liquid,"{""trigger.hold_floor"": 45, ""trigger.pullback_ceiling"": 60, ""trigger.pullback_window"": 3, ""trigger.reclaim_level"": 62, ""trigger.volume_multiplier"": 1.0}",10,17119,16812,1104,1444,0,100,5,38,0,0.0,169,MISSING_OR_INVALID_RAW_PATH_PRICE=100 (0.005841),1401,330,995,171,66,0,93179,-0.009696541957933517,-0.009159091607554907,4.0,5.0,0.5318819890554366,0.46211039733523673,0.006007613609326672,0.4449442140311934,0.22308546059933407,0.07103218645948946,0.8800000000000006,0.022900309302878896,45,60,3,62,1.0
"rsi_daily_pullback_reclaim_surface_v1__all_liquid__trigger.hold_floor=45,trigger.pullback_ceiling=60,trigger.pullback_window=3,trigger.reclaim_level=62,trigger.volume_multiplier=1.0",all_liquid,"{""trigger.hold_floor"": 45, ""trigger.pullback_ceiling"": 60, ""trigger.pullback_window"": 3, ""trigger.reclaim_level"": 62, ""trigger.volume_multiplier"": 1.0}",20,17119,16595,1104,1444,0,176,10,37,0,0.0,311,MISSING_OR_INVALID_RAW_PATH_PRICE=176 (0.010281),2286,675,1652,330,90,0,184297,-0.016541700429069973,-0.010521702937533295,8.0,9.0,0.5244953299186502,0.4746007833684845,0.0009038867128653209,0.5590279806063438,0.3388048367311175,0.13791693440037386,1.0,0.01639047905995782,45,60,3,62,1.0
"rsi_daily_pullback_reclaim_surface_v1__all_liquid__trigger.hold_floor=45,trigger.pullback_ceiling=60,trigger.pullback_window=3,trigger.reclaim_level=62,trigger.volume_multiplier=1.2",all_liquid,"{""trigger.hold_floor"": 45, ""trigger.pullback_ceiling"": 60, ""trigger.pullback_window"": 3, ""trigger.reclaim_level"": 62, ""trigger.volume_multiplier"": 1.2}",5,15687,15508,1099,1440,0,48,4,35,0,0.0,96,MISSING_OR_INVALID_RAW_PATH_PRICE=48 (0.003060),831,155,597,88,46,0,42885,-0.004182471494146009,-0.00865685679270428,2.0,3.0,0.5308228011348981,0.43435646118132576,0.034820737683776117,0.33377956269522535,0.13979728437559763,0.03302097278000892,0.7777777777777753,0.0313386639153985,45,60,3,62,1.2
"rsi_daily_pullback_reclaim_surface_v1__all_liquid__trigger.hold_floor=45,trigger.pullback_ceiling=60,trigger.pullback_window=3,trigger.reclaim_level=62,trigger.volume_multiplier=1.2",all_liquid,"{""trigger.hold_floor"": 45, ""trigger.pullback_ceiling"": 60, ""trigger.pullback_window"": 3, ""trigger.reclaim_level"": 62, ""trigger.volume_multiplier"": 1.2}",10,15687,15406,1099,1440,0,94,5,35,0,0.0,152,MISSING_OR_INVALID_RAW_PATH_PRICE=94 (0.005992),1324,300,950,154,60,0,85306,-0.009231550446950513,-0.009647169960666635,4.0,5.0,0.5325847072569129,0.4612488640789303,0.006166428664156822,0.4490342321667623,0.2248995983935743,0.0720341684197106,0.8750000000000014,0.023042970271322863,45,60,3,62,1.2
"rsi_daily_pullback_reclaim_surface_v1__all_liquid__trigger.hold_floor=45,trigger.pullback_ceiling=60,trigger.pullback_window=3,trigger.reclaim_level=62,trigger.volume_multiplier=1.2",all_liquid,"{""trigger.hold_floor"": 45, ""trigger.pullback_ceiling"": 60, ""trigger.pullback_window"": 3, ""trigger.reclaim_level"": 62, ""trigger.volume_multiplier"": 1.2}",20,15687,15209,1099,1440,0,161,10,34,0,0.0,283,MISSING_OR_INVALID_RAW_PATH_PRICE=161 (0.010263),2164,622,1577,304,84,0,168796,-0.015994602486161275,-0.011052930916019936,8.0,9.0,0.5269905976724308,0.47208889473338156,0.0009205075941876521,0.5611015490533563,0.3413017147956907,0.13992477847899534,1.0,0.01637188506805181,45,60,3,62,1.2
"rsi_daily_pullback_reclaim_surface_v1__all_liquid__trigger.hold_floor=45,trigger.pullback_ceiling=60,trigger.pullback_window=3,trigger.reclaim_level=62,trigger.volume_multiplier=1.5",all_liquid,"{""trigger.hold_floor"": 45, ""trigger.pullback_ceiling"": 60, ""trigger.pullback_window"": 3, ""trigger.reclaim_level"": 62, ""trigger.volume_multiplier"": 1.5}",5,13702,13534,1096,1439,0,45,4,33,0,0.0,90,MISSING_OR_INVALID_RAW_PATH_PRICE=45 (0.003284),772,139,548,79,41,0,37178,-0.003211291856066589,-0.009304304913256563,2.0,3.0,0.5335451455593321,0.4320230530515738,0.03443180138909413,0.34177492336885124,0.1445044519048314,0.034812436140709384,0.7777777777777772,0.029850746268656716,45,60,3,62,1.5
"rsi_daily_pullback_reclaim_surface_v1__all_liquid__trigger.hold_floor=45,trigger.pullback_ceiling=60,trigger.pullback_window=3,trigger.reclaim_level=62,trigger.volume_multiplier=1.5",all_liquid,"{""trigger.hold_floor"": 45, ""trigger.pullback_ceiling"": 60, ""trigger.pullback_window"": 3, ""trigger.reclaim_level"": 62, ""trigger.volume_multiplier"": 1.5}",10,13702,13445,1096,1439,0,83,5,33,0,0.0,141,MISSING_OR_INVALID_RAW_PATH_PRICE=83 (0.006058),1226,267,871,135,49,0,73927,-0.008344533742359661,-0.010628564876992045,4.0,5.0,0.535961323912235,0.45764224618817406,0.006396429899590926,0.4549700773609692,0.2298934462122318,0.07429572325207999,0.8636363636363629,0.02238750464856824,45,60,3,62,1.5
"rsi_daily_pullback_reclaim_surface_v1__all_liquid__trigger.hold_floor=45,trigger.pullback_ceiling=60,trigger.pullback_window=3,trigger.reclaim_level=62,trigger.volume_multiplier=1.5",all_liquid,"{""trigger.hold_floor"": 45, ""trigger.pullback_ceiling"": 60, ""trigger.pullback_window"": 3, ""trigger.reclaim_level"": 62, ""trigger.volume_multiplier"": 1.5}",20,13702,13275,1096,1439,0,146,10,32,0,0.0,249,MISSING_OR_INVALID_RAW_PATH_PRICE=146 (0.010655),1990,556,1447,268,71,0,146350,-0.015394416306821465,-0.012152202476505548,8.0,9.0,0.5316760828625235,0.4672693032015066,0.0010546139359698683,0.5629105240110933,0.34564297182893006,0.14362866734783244,0.9811320754716999,0.015894538606403014,45,60,3,62,1.5
"rsi_daily_pullback_reclaim_surface_v1__all_liquid__trigger.hold_floor=45,trigger.pullback_ceiling=60,trigger.pullback_window=3,trigger.reclaim_level=62,trigger.volume_multiplier=2.0",all_liquid,"{""trigger.hold_floor"": 45, ""trigger.pullback_ceiling"": 60, ""trigger.pullback_window"": 3, ""trigger.reclaim_level"": 62, ""trigger.volume_multiplier"": 2.0}",5,10838,10701,1078,1428,0,31,3,26,0,0.0,80,MISSING_OR_INVALID_RAW_PATH_PRICE=31 (0.002860),638,102,453,60,38,0,29230,-0.002041053754160537,-0.010092407915572713,2.0,3.0,0.5325670498084292,0.43154845341556863,0.03588449677600224,0.3497877837239343,0.15095035984498986,0.03663037460786123,0.7777777777777787,0.029529950471918514,45,60,3,62,2.0
"rsi_daily_pullback_reclaim_surface_v1__all_liquid__trigger.hold_floor=45,trigger.pullback_ceiling=60,trigger.pullback_window=3,trigger.reclaim_level=62,trigger.volume_multiplier=2.0",all_liquid,"{""trigger.hold_floor"": 45, ""trigger.pullback_ceiling"": 60, ""trigger.pullback_window"": 3, ""trigger.reclaim_level"": 62, ""trigger.volume_multiplier"": 2.0}",10,10838,10631,1078,1428,0,59,4,26,0,0.0,122,MISSING_OR_INVALID_RAW_PATH_PRICE=59 (0.005444),1012,204,720,106,44,0,58125,-0.0070863669169353785,-0.011825858988849886,4.0,5.0,0.5354152948922961,0.4580942526573229,0.0064904524503809615,0.46244694593098357,0.2350987267023436,0.07685919911422771,0.865276577355228,0.022105164142601826,45,60,3,62,2.0
"rsi_daily_pullback_reclaim_surface_v1__all_liquid__trigger.hold_floor=45,trigger.pullback_ceiling=60,trigger.pullback_window=3,trigger.reclaim_level=62,trigger.volume_multiplier=2.0",all_liquid,"{""trigger.hold_floor"": 45, ""trigger.pullback_ceiling"": 60, ""trigger.pullback_window"": 3, ""trigger.reclaim_level"": 62, ""trigger.volume_multiplier"": 2.0}",20,10838,10493,1078,1428,0,112,6,26,0,0.0,207,MISSING_OR_INVALID_RAW_PATH_PRICE=112 (0.010334),1645,447,1197,220,63,0,115040,-0.0143950209468088,-0.012786077410326113,8.0,9.0,0.5340703326026875,0.46488134947107596,0.0010483179262365386,0.5661561173648274,0.3508949990773205,0.1455065510241742,0.9677419354838711,0.015629467263890213,45,60,3,62,2.0
"rsi_daily_pullback_reclaim_surface_v1__all_liquid__trigger.hold_floor=45,trigger.pullback_ceiling=60,trigger.pullback_window=6,trigger.reclaim_level=62,trigger.volume_multiplier=1.0",all_liquid,"{""trigger.hold_floor"": 45, ""trigger.pullback_ceiling"": 60, ""trigger.pullback_window"": 6, ""trigger.reclaim_level"": 62, ""trigger.volume_multiplier"": 1.0}",5,15929,15739,1091,1433,0,52,4,41,0,0.0,97,MISSING_OR_INVALID_RAW_PATH_PRICE=52 (0.003264),812,166,572,93,45,0,44237,-0.004407280324884237,-0.007837367542357594,2.0,3.0,0.5268441451172248,0.4375119130821526,0.03564394180062266,0.3329775880469584,0.14012179044510012,0.032770418733128255,0.7999999999999919,0.03075163606328229,45,60,6,62,1.0
"rsi_daily_pullback_reclaim_surface_v1__all_liquid__trigger.hold_floor=45,trigger.pullback_ceiling=60,trigger.pullback_window=6,trigger.reclaim_level=62,trigger.volume_multiplier=1.0",all_liquid,"{""trigger.hold_floor"": 45, ""trigger.pullback_ceiling"": 60, ""trigger.pullback_window"": 6, ""trigger.reclaim_level"": 62, ""trigger.volume_multiplier"": 1.0}",10,15929,15640,1091,1433,0,90,5,41,0,0.0,158,MISSING_OR_INVALID_RAW_PATH_PRICE=90 (0.005650),1277,306,901,160,62,0,87974,-0.009431637652263979,-0.00912202908651059,4.0,5.0,0.5317135549872123,0.46214833759590795,0.006138107416879796,0.4461673676941428,0.22581455207483206,0.07169313830121163,0.8823529411764686,0.022634271099744245,45,60,6,62,1.0
"rsi_daily_pullback_reclaim_surface_v1__all_liquid__trigger.hold_floor=45,trigger.pullback_ceiling=60,trigger.pullback_window=6,trigger.reclaim_level=62,trigger.volume_multiplier=1.0",all_liquid,"{""trigger.hold_floor"": 45, ""trigger.pullback_ceiling"": 60, ""trigger.pullback_window"": 6, ""trigger.reclaim_level"": 62, ""trigger.volume_multiplier"": 1.0}",20,15929,15434,1091,1433,0,163,12,40,0,0.0,292,MISSING_OR_INVALID_RAW_PATH_PRICE=163 (0.010233),2059,619,1494,303,83,0,174020,-0.0160288259940546,-0.010496994577643026,8.0,9.0,0.5277309835428275,0.4713619282104445,0.0009070882467280031,0.5603616046205034,0.34132713918011176,0.13936844748571786,1.0,0.016198004405857197,45,60,6,62,1.0
"rsi_daily_pullback_reclaim_surface_v1__all_liquid__trigger.hold_floor=45,trigger.pullback_ceiling=60,trigger.pullback_window=6,trigger.reclaim_level=62,trigger.volume_multiplier=1.2",all_liquid,"{""trigger.hold_floor"": 45, ""trigger.pullback_ceiling"": 60, ""trigger.pullback_window"": 6, ""trigger.reclaim_level"": 62, ""trigger.volume_multiplier"": 1.2}",5,14407,14235,1086,1430,0,48,4,38,0,0.0,86,MISSING_OR_INVALID_RAW_PATH_PRICE=48 (0.003332),759,143,539,80,42,0,39975,-0.0037954837169677166,-0.008505463571908959,2.0,3.0,0.5283456269757639,0.4361081840533895,0.03554618897084651,0.3383771777608107,0.14284722704240993,0.03345595890886375,0.7916666666666674,0.030909729539866527,45,60,6,62,1.2
"rsi_daily_pullback_reclaim_surface_v1__all_liquid__trigger.hold_floor=45,trigger.pullback_ceiling=60,trigger.pullback_window=6,trigger.reclaim_level=62,trigger.volume_multiplier=1.2",all_liquid,"{""trigger.hold_floor"": 45, ""trigger.pullback_ceiling"": 60, ""trigger.pullback_window"": 6, ""trigger.reclaim_level"": 62, ""trigger.volume_multiplier"": 1.2}",10,14407,14143,1086,1430,0,86,5,38,0,0.0,140,MISSING_OR_INVALID_RAW_PATH_PRICE=86 (0.005969),1193,275,850,143,56,0,79512,-0.00875792023526259,-0.009645577743560747,4.0,5.0,0.5329138089514247,0.46079332531994627,0.006292865728629003,0.4511001596446172,0.22836121329909073,0.07288123828694384,0.8750000000000029,0.022626034080463833,45,60,6,62,1.2
"rsi_daily_pullback_reclaim_surface_v1__all_liquid__trigger.hold_floor=45,trigger.pullback_ceiling=60,trigger.pullback_window=6,trigger.reclaim_level=62,trigger.volume_multiplier=1.2",all_liquid,"{""trigger.hold_floor"": 45, ""trigger.pullback_ceiling"": 60, ""trigger.pullback_window"": 6, ""trigger.reclaim_level"": 62, ""trigger.volume_multiplier"": 1.2}",20,14407,13959,1086,1430,0,150,11,37,0,0.0,261,MISSING_OR_INVALID_RAW_PATH_PRICE=150 (0.010412),1923,563,1406,276,77,0,157381,-0.015497322459892153,-0.011093628105426509,8.0,9.0,0.5316283401389784,0.46744036105738235,0.0009312988036392292,0.5620878739501631,0.34372180190185325,0.14138960227667105,0.9999999999999978,0.015975356400888315,45,60,6,62,1.2
"rsi_daily_pullback_reclaim_surface_v1__all_liquid__trigger.hold_floor=45,trigger.pullback_ceiling=60,trigger.pullback_window=6,trigger.reclaim_level=62,trigger.volume_multiplier=1.5",all_liquid,"{""trigger.hold_floor"": 45, ""trigger.pullback_ceiling"": 60, ""trigger.pullback_window"": 6, ""trigger.reclaim_level"": 62, ""trigger.volume_multiplier"": 1.5}",5,12374,12214,1081,1427,0,46,4,34,0,0.0,80,MISSING_OR_INVALID_RAW_PATH_PRICE=46 (0.003717),696,126,487,70,37,0,34092,-0.002791432271235253,-0.00924045349207637,2.0,3.0,0.5314393319141968,0.4333551662027182,0.03520550188308499,0.34629060934216904,0.1478099240342654,0.035639243575238407,0.7999999999999894,0.029146880628786637,45,60,6,62,1.5
"rsi_daily_pullback_reclaim_surface_v1__all_liquid__trigger.hold_floor=45,trigger.pullback_ceiling=60,trigger.pullback_window=6,trigger.reclaim_level=62,trigger.volume_multiplier=1.5",all_liquid,"{""trigger.hold_floor"": 45, ""trigger.pullback_ceiling"": 60, ""trigger.pullback_window"": 6, ""trigger.reclaim_level"": 62, ""trigger.volume_multiplier"": 1.5}",10,12374,12134,1081,1427,0,77,5,34,0,0.0,129,MISSING_OR_INVALID_RAW_PATH_PRICE=77 (0.006223),1093,242,771,124,45,0,67777,-0.007817299272377613,-0.010723277996494675,4.0,5.0,0.5373331135651888,0.4560738420965881,0.0065930443382231745,0.4568449975755617,0.23331178277032488,0.07540003232584451,0.8580586080586137,0.021757046316136477,45,60,6,62,1.5
"rsi_daily_pullback_reclaim_surface_v1__all_liquid__trigger.hold_floor=45,trigger.pullback_ceiling=60,trigger.pullback_window=6,trigger.reclaim_level=62,trigger.volume_multiplier=1.5",all_liquid,"{""trigger.hold_floor"": 45, ""trigger.pullback_ceiling"": 60, ""trigger.pullback_window"": 6, ""trigger.reclaim_level"": 62, ""trigger.volume_multiplier"": 1.5}",20,12374,11976,1081,1427,0,137,11,33,0,0.0,228,MISSING_OR_INVALID_RAW_PATH_PRICE=137 (0.011072),1752,498,1277,241,64,0,134199,-0.015100725929605402,-0.012192798878272267,8.0,9.0,0.5372411489645958,0.4616733466933868,0.0010855043420173681,0.5627121383546145,0.34734119928883145,0.14506222725068693,0.9714285714285711,0.015364061456245824,45,60,6,62,1.5
"rsi_daily_pullback_reclaim_surface_v1__all_liquid__trigger.hold_floor=45,trigger.pullback_ceiling=60,trigger.pullback_window=6,trigger.reclaim_level=62,trigger.volume_multiplier=2.0",all_liquid,"{""trigger.hold_floor"": 45, ""trigger.pullback_ceiling"": 60, ""trigger.pullback_window"": 6, ""trigger.reclaim_level"": 62, ""trigger.volume_multiplier"": 2.0}",5,9553,9427,1064,1411,0,31,3,25,0,0.0,70,MISSING_OR_INVALID_RAW_PATH_PRICE=31 (0.003245),576,87,404,49,35,0,26219,-0.0014793573725806683,-0.009946555984888986,2.0,3.0,0.5298610374456348,0.43332979739047417,0.036809165163890954,0.35528106354024913,0.15565790851041558,0.03820789280854182,0.7999999999999996,0.028535058873448604,45,60,6,62,2.0
"rsi_daily_pullback_reclaim_surface_v1__all_liquid__trigger.hold_floor=45,trigger.pullback_ceiling=60,trigger.pullback_window=6,trigger.reclaim_level=62,trigger.volume_multiplier=2.0",all_liquid,"{""trigger.hold_floor"": 45, ""trigger.pullback_ceiling"": 60, ""trigger.pullback_window"": 6, ""trigger.reclaim_level"": 62, ""trigger.volume_multiplier"": 2.0}",10,9553,9366,1064,1411,0,53,4,25,0,0.0,109,MISSING_OR_INVALID_RAW_PATH_PRICE=53 (0.005548),896,180,636,94,41,0,52140,-0.006717309744537277,-0.011804655648095977,4.0,5.0,0.5363015161221439,0.4568652573136878,0.006833226564168268,0.4639380299382393,0.24023866848110542,0.07861404794305454,0.8666666666666659,0.02124706384796071,45,60,6,62,2.0
"rsi_daily_pullback_reclaim_surface_v1__all_liquid__trigger.hold_floor=45,trigger.pullback_ceiling=60,trigger.pullback_window=6,trigger.reclaim_level=62,trigger.volume_multiplier=2.0",all_liquid,"{""trigger.hold_floor"": 45, ""trigger.pullback_ceiling"": 60, ""trigger.pullback_window"": 6, ""trigger.reclaim_level"": 62, ""trigger.volume_multiplier"": 2.0}",20,9553,9243,1064,1411,0,101,7,25,0,0.0,184,MISSING_OR_INVALID_RAW_PATH_PRICE=101 (0.010573),1430,386,1047,190,57,0,103282,-0.01396577718749327,-0.012823682540895793,7.0,9.0,0.539002488369577,0.459915611814346,0.0010818998160770314,0.5663142468334554,0.3538155553229352,0.14791165079032764,0.961538461538461,0.015038407443470734,45,60,6,62,2.0
"rsi_daily_pullback_reclaim_surface_v1__all_liquid__trigger.hold_floor=45,trigger.pullback_ceiling=60,trigger.pullback_window=9,trigger.reclaim_level=62,trigger.volume_multiplier=1.0",all_liquid,"{""trigger.hold_floor"": 45, ""trigger.pullback_ceiling"": 60, ""trigger.pullback_window"": 9, ""trigger.reclaim_level"": 62, ""trigger.volume_multiplier"": 1.0}",5,14242,14075,1076,1423,0,42,4,41,0,0.0,84,MISSING_OR_INVALID_RAW_PATH_PRICE=42 (0.002949),751,154,531,85,36,0,39997,-0.0041544269845121586,-0.007925335552767528,2.0,3.0,0.5269626998223801,0.43822380106571934,0.034813499111900535,0.3366802415391097,0.143800028085943,0.03433506529981744,0.8000000000000007,0.03126110124333925,45,60,9,62,1.0
"rsi_daily_pullback_reclaim_surface_v1__all_liquid__trigger.hold_floor=45,trigger.pullback_ceiling=60,trigger.pullback_window=9,trigger.reclaim_level=62,trigger.volume_multiplier=1.0",all_liquid,"{""trigger.hold_floor"": 45, ""trigger.pullback_ceiling"": 60, ""trigger.pullback_window"": 9, ""trigger.reclaim_level"": 62, ""trigger.volume_multiplier"": 1.0}",10,14242,13984,1076,1423,0,73,5,41,0,0.0,144,MISSING_OR_INVALID_RAW_PATH_PRICE=73 (0.005126),1154,274,818,142,48,0,79472,-0.009331128901068363,-0.00939337132431714,4.0,5.0,0.5358266590389016,0.45838100686498856,0.00579233409610984,0.4468473528998736,0.22995365819407387,0.07393624490942284,0.8749999999999998,0.023383867276887873,45,60,9,62,1.0
"rsi_daily_pullback_reclaim_surface_v1__all_liquid__trigger.hold_floor=45,trigger.pullback_ceiling=60,trigger.pullback_window=9,trigger.reclaim_level=62,trigger.volume_multiplier=1.0",all_liquid,"{""trigger.hold_floor"": 45, ""trigger.pullback_ceiling"": 60, ""trigger.pullback_window"": 9, ""trigger.reclaim_level"": 62, ""trigger.volume_multiplier"": 1.0}",20,14242,13798,1076,1423,0,137,12,40,0,0.0,267,MISSING_OR_INVALID_RAW_PATH_PRICE=137 (0.009619),1840,558,1339,270,68,0,157176,-0.015973497166922347,-0.010957189198170285,8.0,9.0,0.531018988259168,0.46818379475286276,0.000797216987969271,0.5605954219912933,0.3420867855638253,0.14162336750456397,0.9811320754717002,0.01681403101898826,45,60,9,62,1.0
"rsi_daily_pullback_reclaim_surface_v1__all_liquid__trigger.hold_floor=45,trigger.pullback_ceiling=60,trigger.pullback_window=9,trigger.reclaim_level=62,trigger.volume_multiplier=1.2",all_liquid,"{""trigger.hold_floor"": 45, ""trigger.pullback_ceiling"": 60, ""trigger.pullback_window"": 9, ""trigger.reclaim_level"": 62, ""trigger.volume_multiplier"": 1.2}",5,12751,12598,1071,1419,0,40,4,38,0,0.0,75,MISSING_OR_INVALID_RAW_PATH_PRICE=40 (0.003137),694,132,495,72,33,0,35815,-0.0036037534177302197,-0.008593039881385742,2.0,3.0,0.5284172090808065,0.4369741228766471,0.034608668042546434,0.3418555407419026,0.14634146341463414,0.03521292447651165,0.7916666666666742,0.03135418320368313,45,60,9,62,1.2
"rsi_daily_pullback_reclaim_surface_v1__all_liquid__trigger.hold_floor=45,trigger.pullback_ceiling=60,trigger.pullback_window=9,trigger.reclaim_level=62,trigger.volume_multiplier=1.2",all_liquid,"{""trigger.hold_floor"": 45, ""trigger.pullback_ceiling"": 60, ""trigger.pullback_window"": 9, ""trigger.reclaim_level"": 62, ""trigger.volume_multiplier"": 1.2}",10,12751,12516,1071,1419,0,71,5,38,0,0.0,126,MISSING_OR_INVALID_RAW_PATH_PRICE=71 (0.005568),1068,244,766,126,43,0,71190,-0.00861865427940815,-0.009912915447923713,4.0,5.0,0.5377117289868968,0.4563758389261745,0.005912432086928731,0.4509450239196926,0.23253078189945886,0.07544506313230336,0.8666666666666659,0.023250239693192714,45,60,9,62,1.2
"rsi_daily_pullback_reclaim_surface_v1__all_liquid__trigger.hold_floor=45,trigger.pullback_ceiling=60,trigger.pullback_window=9,trigger.reclaim_level=62,trigger.volume_multiplier=1.2",all_liquid,"{""trigger.hold_floor"": 45, ""trigger.pullback_ceiling"": 60, ""trigger.pullback_window"": 9, ""trigger.reclaim_level"": 62, ""trigger.volume_multiplier"": 1.2}",20,12751,12352,1071,1419,0,125,11,37,0,0.0,237,MISSING_OR_INVALID_RAW_PATH_PRICE=125 (0.009803),1706,502,1254,244,63,0,140891,-0.015544642656167253,-0.011599867746103616,8.0,9.0,0.5353788860103627,0.4638115284974093,0.0008095854922279792,0.5615245863069563,0.3442867226099914,0.14375343110344288,0.9687500000000003,0.01643458549222798,45,60,9,62,1.2
"rsi_daily_pullback_reclaim_surface_v1__all_liquid__trigger.hold_floor=45,trigger.pullback_ceiling=60,trigger.pullback_window=9,trigger.reclaim_level=62,trigger.volume_multiplier=1.5",all_liquid,"{""trigger.hold_floor"": 45, ""trigger.pullback_ceiling"": 60, ""trigger.pullback_window"": 9, ""trigger.reclaim_level"": 62, ""trigger.volume_multiplier"": 1.5}",5,10833,10690,1065,1410,0,39,4,34,0,0.0,70,MISSING_OR_INVALID_RAW_PATH_PRICE=39 (0.003600),631,115,443,62,28,0,30252,-0.0024545903334842953,-0.009519832120038237,2.0,3.0,0.5319925163704396,0.4333021515434986,0.03470533208606174,0.3499492292070525,0.15111234191821288,0.03775500784639527,0.791666666666661,0.029279700654817588,45,60,9,62,1.5
"rsi_daily_pullback_reclaim_surface_v1__all_liquid__trigger.hold_floor=45,trigger.pullback_ceiling=60,trigger.pullback_window=9,trigger.reclaim_level=62,trigger.volume_multiplier=1.5",all_liquid,"{""trigger.hold_floor"": 45, ""trigger.pullback_ceiling"": 60, ""trigger.pullback_window"": 9, ""trigger.reclaim_level"": 62, ""trigger.volume_multiplier"": 1.5}",10,10833,10619,1065,1410,0,64,5,34,0,0.0,116,MISSING_OR_INVALID_RAW_PATH_PRICE=64 (0.005908),969,212,687,107,32,0,60095,-0.007716406691891019,-0.011218230687260092,4.0,5.0,0.5427064695357379,0.45107825595630474,0.006215274507957435,0.4571217575925413,0.23751500046155266,0.07781777900858489,0.8500000000000019,0.022130144081363594,45,60,9,62,1.5
"rsi_daily_pullback_reclaim_surface_v1__all_liquid__trigger.hold_floor=45,trigger.pullback_ceiling=60,trigger.pullback_window=9,trigger.reclaim_level=62,trigger.volume_multiplier=1.5",all_liquid,"{""trigger.hold_floor"": 45, ""trigger.pullback_ceiling"": 60, ""trigger.pullback_window"": 9, ""trigger.reclaim_level"": 62, ""trigger.volume_multiplier"": 1.5}",20,10833,10480,1065,1410,0,114,11,33,0,0.0,206,MISSING_OR_INVALID_RAW_PATH_PRICE=114 (0.010523),1538,439,1126,210,50,0,118969,-0.015194682813187643,-0.012641512261416727,7.0,9.0,0.5407442748091603,0.45830152671755725,0.0009541984732824427,0.56272500692329,0.3486568817502077,0.14769685221083725,0.9473684210526343,0.015648854961832062,45,60,9,62,1.5
"rsi_daily_pullback_reclaim_surface_v1__all_liquid__trigger.hold_floor=45,trigger.pullback_ceiling=60,trigger.pullback_window=9,trigger.reclaim_level=62,trigger.volume_multiplier=2.0",all_liquid,"{""trigger.hold_floor"": 45, ""trigger.pullback_ceiling"": 60, ""trigger.pullback_window"": 9, ""trigger.reclaim_level"": 62, ""trigger.volume_multiplier"": 2.0}",5,8239,8127,1044,1381,0,26,3,25,0,0.0,61,MISSING_OR_INVALID_RAW_PATH_PRICE=26 (0.003156),516,79,362,43,26,0,22979,-0.0012721579220331541,-0.010217706653417657,2.0,3.0,0.5298388089085764,0.43349329395841024,0.03666789713301341,0.3589027794635271,0.15936400048549582,0.040660274305134116,0.799999999999994,0.028423772609819122,45,60,9,62,2.0
"rsi_daily_pullback_reclaim_surface_v1__all_liquid__trigger.hold_floor=45,trigger.pullback_ceiling=60,trigger.pullback_window=9,trigger.reclaim_level=62,trigger.volume_multiplier=2.0",all_liquid,"{""trigger.hold_floor"": 45, ""trigger.pullback_ceiling"": 60, ""trigger.pullback_window"": 9, ""trigger.reclaim_level"": 62, ""trigger.volume_multiplier"": 2.0}",10,8239,8074,1044,1381,0,43,4,25,0,0.0,97,MISSING_OR_INVALID_RAW_PATH_PRICE=43 (0.005219),782,153,558,78,29,0,45665,-0.0068186955197168594,-0.012191843314455409,4.0,5.0,0.5417389150359178,0.45169680455784,0.006564280406242259,0.46316300521908,0.2439616458308047,0.08107780070396893,0.8571428571428539,0.021426802080753034,45,60,9,62,2.0
"rsi_daily_pullback_reclaim_surface_v1__all_liquid__trigger.hold_floor=45,trigger.pullback_ceiling=60,trigger.pullback_window=9,trigger.reclaim_level=62,trigger.volume_multiplier=2.0",all_liquid,"{""trigger.hold_floor"": 45, ""trigger.pullback_ceiling"": 60, ""trigger.pullback_window"": 9, ""trigger.reclaim_level"": 62, ""trigger.volume_multiplier"": 2.0}",20,8239,7964,1044,1381,0,85,7,25,0,0.0,165,MISSING_OR_INVALID_RAW_PATH_PRICE=85 (0.010317),1238,337,910,163,45,0,90406,-0.01447211138635665,-0.013478581108937411,7.0,9.0,0.5410597689603215,0.45793571069814165,0.0010045203415369162,0.565238499817939,0.3542905692438403,0.15050370190557105,0.9411764705882332,0.015193370165745856,45,60,9,62,2.0
"rsi_daily_pullback_reclaim_surface_v1__all_liquid__trigger.hold_floor=45,trigger.pullback_ceiling=60,trigger.pullback_window=3,trigger.reclaim_level=65,trigger.volume_multiplier=1.0",all_liquid,"{""trigger.hold_floor"": 45, ""trigger.pullback_ceiling"": 60, ""trigger.pullback_window"": 3, ""trigger.reclaim_level"": 65, ""trigger.volume_multiplier"": 1.0}",5,12503,12353,1105,1423,0,43,3,24,0,0.0,83,MISSING_OR_INVALID_RAW_PATH_PRICE=43 (0.003439),724,137,516,77,40,0,34140,-0.0026530275656632893,-0.010344979224347753,2.0,3.0,0.5282927224156075,0.4355217356107828,0.03618554197360965,0.34727665360313525,0.1486043349596097,0.03583140046388867,0.7720779220779198,0.030518902290941473,45,60,3,65,1.0
"rsi_daily_pullback_reclaim_surface_v1__all_liquid__trigger.hold_floor=45,trigger.pullback_ceiling=60,trigger.pullback_window=3,trigger.reclaim_level=65,trigger.volume_multiplier=1.0",all_liquid,"{""trigger.hold_floor"": 45, ""trigger.pullback_ceiling"": 60, ""trigger.pullback_window"": 3, ""trigger.reclaim_level"": 65, ""trigger.volume_multiplier"": 1.0}",10,12503,12271,1105,1423,0,74,3,24,0,0.0,134,MISSING_OR_INVALID_RAW_PATH_PRICE=74 (0.005919),1143,255,821,132,55,0,67821,-0.008225171979170276,-0.011652959099933542,4.0,5.0,0.539890799445848,0.452937820878494,0.007171379675658056,0.4537311045349116,0.22986483244021436,0.07646164920419099,0.8571428571428585,0.02338847689674843,45,60,3,65,1.0
"rsi_daily_pullback_reclaim_surface_v1__all_liquid__trigger.hold_floor=45,trigger.pullback_ceiling=60,trigger.pullback_window=3,trigger.reclaim_level=65,trigger.volume_multiplier=1.0",all_liquid,"{""trigger.hold_floor"": 45, ""trigger.pullback_ceiling"": 60, ""trigger.pullback_window"": 3, ""trigger.reclaim_level"": 65, ""trigger.volume_multiplier"": 1.0}",20,12503,12106,1105,1423,0,132,6,23,0,0.0,242,MISSING_OR_INVALID_RAW_PATH_PRICE=132 (0.010557),1853,541,1343,274,73,0,134002,-0.016264649906601807,-0.012662857650010774,7.0,9.0,0.5351891623988105,0.4638195935899554,0.0009912440112340988,0.5582660161561225,0.33863872670559064,0.14068623530352714,0.9375000000000029,0.016520733520568313,45,60,3,65,1.0
"rsi_daily_pullback_reclaim_surface_v1__all_liquid__trigger.hold_floor=45,trigger.pullback_ceiling=60,trigger.pullback_window=3,trigger.reclaim_level=65,trigger.volume_multiplier=1.2",all_liquid,"{""trigger.hold_floor"": 45, ""trigger.pullback_ceiling"": 60, ""trigger.pullback_window"": 3, ""trigger.reclaim_level"": 65, ""trigger.volume_multiplier"": 1.2}",5,11952,11804,1102,1423,0,41,3,24,0,0.0,83,MISSING_OR_INVALID_RAW_PATH_PRICE=41 (0.003430),706,129,506,74,40,0,32516,-0.0020855501203554897,-0.010539239379513062,2.0,3.0,0.5277871907827855,0.4355303287021349,0.036682480515079635,0.35081994645247655,0.15035140562248997,0.03631191432396252,0.7777777777777787,0.031006438495425278,45,60,3,65,1.2
"rsi_daily_pullback_reclaim_surface_v1__all_liquid__trigger.hold_floor=45,trigger.pullback_ceiling=60,trigger.pullback_window=3,trigger.reclaim_level=65,trigger.volume_multiplier=1.2",all_liquid,"{""trigger.hold_floor"": 45, ""trigger.pullback_ceiling"": 60, ""trigger.pullback_window"": 3, ""trigger.reclaim_level"": 65, ""trigger.volume_multiplier"": 1.2}",10,11952,11727,1102,1423,0,70,3,24,0,0.0,131,MISSING_OR_INVALID_RAW_PATH_PRICE=70 (0.005857),1117,247,804,129,55,0,64593,-0.007361224886091908,-0.011914921336337855,4.0,5.0,0.5392683550780251,0.45348341434296924,0.007248230579005714,0.4583333333333333,0.2322623828647925,0.07747657295850068,0.8599999999999982,0.023705977658395157,45,60,3,65,1.2
"rsi_daily_pullback_reclaim_surface_v1__all_liquid__trigger.hold_floor=45,trigger.pullback_ceiling=60,trigger.pullback_window=3,trigger.reclaim_level=65,trigger.volume_multiplier=1.2",all_liquid,"{""trigger.hold_floor"": 45, ""trigger.pullback_ceiling"": 60, ""trigger.pullback_window"": 3, ""trigger.reclaim_level"": 65, ""trigger.volume_multiplier"": 1.2}",20,11952,11568,1102,1423,0,125,6,23,0,0.0,236,MISSING_OR_INVALID_RAW_PATH_PRICE=125 (0.010459),1811,525,1318,266,72,0,127589,-0.015641052736730054,-0.013029540368922458,7.0,9.0,0.5369986168741355,0.46196403872752423,0.001037344398340249,0.5604919678714859,0.3411981258366801,0.14248661311914324,0.935133239831698,0.01677040110650069,45,60,3,65,1.2
"rsi_daily_pullback_reclaim_surface_v1__all_liquid__trigger.hold_floor=45,trigger.pullback_ceiling=60,trigger.pullback_window=3,trigger.reclaim_level=65,trigger.volume_multiplier=1.5",all_liquid,"{""trigger.hold_floor"": 45, ""trigger.pullback_ceiling"": 60, ""trigger.pullback_window"": 3, ""trigger.reclaim_level"": 65, ""trigger.volume_multiplier"": 1.5}",5,11009,10872,1099,1413,0,35,3,22,0,0.0,80,MISSING_OR_INVALID_RAW_PATH_PRICE=35 (0.003179),671,117,479,66,35,0,29876,-0.0014628542493631113,-0.011288898555565495,2.0,3.0,0.5300772626931567,0.43285504047093454,0.037067696835908756,0.3556181306204015,0.15296575529112544,0.03769643019347806,0.7777777777777781,0.0297093451066961,45,60,3,65,1.5
"rsi_daily_pullback_reclaim_surface_v1__all_liquid__trigger.hold_floor=45,trigger.pullback_ceiling=60,trigger.pullback_window=3,trigger.reclaim_level=65,trigger.volume_multiplier=1.5",all_liquid,"{""trigger.hold_floor"": 45, ""trigger.pullback_ceiling"": 60, ""trigger.pullback_window"": 3, ""trigger.reclaim_level"": 65, ""trigger.volume_multiplier"": 1.5}",10,11009,10797,1099,1413,0,62,3,22,0,0.0,128,MISSING_OR_INVALID_RAW_PATH_PRICE=62 (0.005632),1059,225,761,115,48,0,59317,-0.006945331430338084,-0.012783925620294623,4.0,5.0,0.5405205149578587,0.4519774011299435,0.0075020839121978326,0.461985648106095,0.23508038877282222,0.07893541647742756,0.8500000000000026,0.023154579975919236,45,60,3,65,1.5
"rsi_daily_pullback_reclaim_surface_v1__all_liquid__trigger.hold_floor=45,trigger.pullback_ceiling=60,trigger.pullback_window=3,trigger.reclaim_level=65,trigger.volume_multiplier=1.5",all_liquid,"{""trigger.hold_floor"": 45, ""trigger.pullback_ceiling"": 60, ""trigger.pullback_window"": 3, ""trigger.reclaim_level"": 65, ""trigger.volume_multiplier"": 1.5}",20,11009,10649,1099,1413,0,113,6,21,0,0.0,226,MISSING_OR_INVALID_RAW_PATH_PRICE=113 (0.010264),1711,486,1245,241,64,0,117120,-0.015102026167957847,-0.013903323187581348,7.0,9.0,0.5402385200488309,0.4586346135787398,0.001126866372429336,0.5619038968116995,0.34362794077572895,0.14469979108002543,0.9230769230769241,0.016339562400225372,45,60,3,65,1.5
"rsi_daily_pullback_reclaim_surface_v1__all_liquid__trigger.hold_floor=45,trigger.pullback_ceiling=60,trigger.pullback_window=3,trigger.reclaim_level=65,trigger.volume_multiplier=2.0",all_liquid,"{""trigger.hold_floor"": 45, ""trigger.pullback_ceiling"": 60, ""trigger.pullback_window"": 3, ""trigger.reclaim_level"": 65, ""trigger.volume_multiplier"": 2.0}",5,9342,9225,1085,1403,0,29,3,17,0,0.0,71,MISSING_OR_INVALID_RAW_PATH_PRICE=29 (0.003104),596,96,430,58,31,0,25139,-0.0006621266471257201,-0.011949239386360236,2.0,3.0,0.5309485094850949,0.4314363143631436,0.03761517615176152,0.3616998501391565,0.15756797259687433,0.0394990366088632,0.7738892270237402,0.03002710027100271,45,60,3,65,2.0
"rsi_daily_pullback_reclaim_surface_v1__all_liquid__trigger.hold_floor=45,trigger.pullback_ceiling=60,trigger.pullback_window=3,trigger.reclaim_level=65,trigger.volume_multiplier=2.0",all_liquid,"{""trigger.hold_floor"": 45, ""trigger.pullback_ceiling"": 60, ""trigger.pullback_window"": 3, ""trigger.reclaim_level"": 65, ""trigger.volume_multiplier"": 2.0}",10,9342,9160,1085,1403,0,54,3,17,0,0.0,111,MISSING_OR_INVALID_RAW_PATH_PRICE=54 (0.005780),939,191,681,102,44,0,49916,-0.00604110242889783,-0.013694843709883602,4.0,5.0,0.5422489082969433,0.4502183406113537,0.0075327510917030565,0.46585313637336756,0.24009847998287304,0.0817812031684864,0.8409090909090897,0.023253275109170305,45,60,3,65,2.0
"rsi_daily_pullback_reclaim_surface_v1__all_liquid__trigger.hold_floor=45,trigger.pullback_ceiling=60,trigger.pullback_window=3,trigger.reclaim_level=65,trigger.volume_multiplier=2.0",all_liquid,"{""trigger.hold_floor"": 45, ""trigger.pullback_ceiling"": 60, ""trigger.pullback_window"": 3, ""trigger.reclaim_level"": 65, ""trigger.volume_multiplier"": 2.0}",20,9342,9035,1085,1403,0,99,5,17,0,0.0,191,MISSING_OR_INVALID_RAW_PATH_PRICE=99 (0.010597),1524,420,1113,216,59,0,98553,-0.014156381353322513,-0.014822581413364951,7.0,9.0,0.5425567238516878,0.45633646928610955,0.0011068068622025456,0.5644401627060587,0.348747591522158,0.14932562620423892,0.9166666666666624,0.016934144991698947,45,60,3,65,2.0
"rsi_daily_pullback_reclaim_surface_v1__all_liquid__trigger.hold_floor=45,trigger.pullback_ceiling=60,trigger.pullback_window=6,trigger.reclaim_level=65,trigger.volume_multiplier=1.0",all_liquid,"{""trigger.hold_floor"": 45, ""trigger.pullback_ceiling"": 60, ""trigger.pullback_window"": 6, ""trigger.reclaim_level"": 65, ""trigger.volume_multiplier"": 1.0}",5,13509,13338,1110,1423,0,51,4,30,0,0.0,90,MISSING_OR_INVALID_RAW_PATH_PRICE=51 (0.003775),741,143,522,78,40,0,37511,-0.0030605986503424373,-0.009716964709226034,2.0,3.0,0.5259409206777628,0.4380716749137802,0.03598740440845704,0.34391886890221335,0.14745725072174107,0.03493966984972981,0.7799999999999983,0.030514319988004197,45,60,6,65,1.0
"rsi_daily_pullback_reclaim_surface_v1__all_liquid__trigger.hold_floor=45,trigger.pullback_ceiling=60,trigger.pullback_window=6,trigger.reclaim_level=65,trigger.volume_multiplier=1.0",all_liquid,"{""trigger.hold_floor"": 45, ""trigger.pullback_ceiling"": 60, ""trigger.pullback_window"": 6, ""trigger.reclaim_level"": 65, ""trigger.volume_multiplier"": 1.0}",10,13509,13255,1110,1423,0,79,4,30,0,0.0,145,MISSING_OR_INVALID_RAW_PATH_PRICE=79 (0.005848),1164,265,832,135,55,0,74545,-0.008627830765263009,-0.0107304508795317,4.0,5.0,0.5346661637118069,0.45794039984911356,0.007393436439079593,0.45236508994004,0.23043896661484936,0.07646754015841291,0.8666666666666667,0.023462844209732176,45,60,6,65,1.0
"rsi_daily_pullback_reclaim_surface_v1__all_liquid__trigger.hold_floor=45,trigger.pullback_ceiling=60,trigger.pullback_window=6,trigger.reclaim_level=65,trigger.volume_multiplier=1.0",all_liquid,"{""trigger.hold_floor"": 45, ""trigger.pullback_ceiling"": 60, ""trigger.pullback_window"": 6, ""trigger.reclaim_level"": 65, ""trigger.volume_multiplier"": 1.0}",20,13509,13073,1110,1423,0,140,10,29,0,0.0,267,MISSING_OR_INVALID_RAW_PATH_PRICE=140 (0.010363),1860,559,1361,269,68,0,147199,-0.016325677245096704,-0.011934881545706856,8.0,9.0,0.5331599479843954,0.4656926489711619,0.0011474030444427446,0.5594788659412244,0.3401436079650603,0.1417573469538826,0.950000000000004,0.016905071521456438,45,60,6,65,1.0
"rsi_daily_pullback_reclaim_surface_v1__all_liquid__trigger.hold_floor=45,trigger.pullback_ceiling=60,trigger.pullback_window=6,trigger.reclaim_level=65,trigger.volume_multiplier=1.2",all_liquid,"{""trigger.hold_floor"": 45, ""trigger.pullback_ceiling"": 60, ""trigger.pullback_window"": 6, ""trigger.reclaim_level"": 65, ""trigger.volume_multiplier"": 1.2}",5,12707,12543,1107,1421,0,47,4,29,0,0.0,88,MISSING_OR_INVALID_RAW_PATH_PRICE=47 (0.003699),717,135,506,75,40,0,35092,-0.0023060725010810718,-0.010004757326362357,2.0,3.0,0.5257912780036674,0.4374551542693136,0.03675356772701906,0.3487841347288896,0.14999606516093492,0.03564964192964508,0.7857142857142797,0.03085386271226979,45,60,6,65,1.2
"rsi_daily_pullback_reclaim_surface_v1__all_liquid__trigger.hold_floor=45,trigger.pullback_ceiling=60,trigger.pullback_window=6,trigger.reclaim_level=65,trigger.volume_multiplier=1.2",all_liquid,"{""trigger.hold_floor"": 45, ""trigger.pullback_ceiling"": 60, ""trigger.pullback_window"": 6, ""trigger.reclaim_level"": 65, ""trigger.volume_multiplier"": 1.2}",10,12707,12465,1107,1421,0,74,4,29,0,0.0,139,MISSING_OR_INVALID_RAW_PATH_PRICE=74 (0.005824),1131,255,808,132,55,0,69737,-0.0076249760899996105,-0.011218230687260092,4.0,5.0,0.5351784997994384,0.457280385078219,0.007541115122342559,0.45785787361296926,0.23357204690328165,0.0780672070512316,0.8749999999999969,0.02358604091456077,45,60,6,65,1.2
"rsi_daily_pullback_reclaim_surface_v1__all_liquid__trigger.hold_floor=45,trigger.pullback_ceiling=60,trigger.pullback_window=6,trigger.reclaim_level=65,trigger.volume_multiplier=1.2",all_liquid,"{""trigger.hold_floor"": 45, ""trigger.pullback_ceiling"": 60, ""trigger.pullback_window"": 6, ""trigger.reclaim_level"": 65, ""trigger.volume_multiplier"": 1.2}",20,12707,12296,1107,1421,0,132,9,28,0,0.0,251,MISSING_OR_INVALID_RAW_PATH_PRICE=132 (0.010388),1801,538,1320,260,67,0,137766,-0.015512624290212083,-0.012281305059849904,8.0,9.0,0.5369225764476252,0.46185751463890695,0.0012199089134677945,0.5617376249311403,0.34280317934996457,0.14377901943810498,0.9473684210526319,0.016916070266753416,45,60,6,65,1.2
"rsi_daily_pullback_reclaim_surface_v1__all_liquid__trigger.hold_floor=45,trigger.pullback_ceiling=60,trigger.pullback_window=6,trigger.reclaim_level=65,trigger.volume_multiplier=1.5",all_liquid,"{""trigger.hold_floor"": 45, ""trigger.pullback_ceiling"": 60, ""trigger.pullback_window"": 6, ""trigger.reclaim_level"": 65, ""trigger.volume_multiplier"": 1.5}",5,11419,11270,1105,1413,0,41,4,27,0,0.0,81,MISSING_OR_INVALID_RAW_PATH_PRICE=41 (0.003591),671,123,470,67,34,0,31406,-0.0015087460171014332,-0.010816771978885613,2.0,3.0,0.5287488908606921,0.43380656610470275,0.03744454303460515,0.3549347578597075,0.1523776162536124,0.036955950608634734,0.7826086956521714,0.029103815439219166,45,60,6,65,1.5
"rsi_daily_pullback_reclaim_surface_v1__all_liquid__trigger.hold_floor=45,trigger.pullback_ceiling=60,trigger.pullback_window=6,trigger.reclaim_level=65,trigger.volume_multiplier=1.5",all_liquid,"{""trigger.hold_floor"": 45, ""trigger.pullback_ceiling"": 60, ""trigger.pullback_window"": 6, ""trigger.reclaim_level"": 65, ""trigger.volume_multiplier"": 1.5}",10,11419,11196,1105,1413,0,66,4,27,0,0.0,130,MISSING_OR_INVALID_RAW_PATH_PRICE=66 (0.005780),1058,231,752,116,46,0,62385,-0.007086914067565623,-0.01231552511683832,4.0,5.0,0.5376027152554483,0.4543586995355484,0.008038585209003215,0.46256239600665555,0.23644802522112268,0.07977931517646028,0.8571428571428567,0.022597356198642372,45,60,6,65,1.5
"rsi_daily_pullback_reclaim_surface_v1__all_liquid__trigger.hold_floor=45,trigger.pullback_ceiling=60,trigger.pullback_window=6,trigger.reclaim_level=65,trigger.volume_multiplier=1.5",all_liquid,"{""trigger.hold_floor"": 45, ""trigger.pullback_ceiling"": 60, ""trigger.pullback_window"": 6, ""trigger.reclaim_level"": 65, ""trigger.volume_multiplier"": 1.5}",20,11419,11043,1105,1413,0,120,9,26,0,0.0,230,MISSING_OR_INVALID_RAW_PATH_PRICE=120 (0.010509),1683,495,1231,233,58,0,123239,-0.014879866721908858,-0.0132398565141644,7.0,9.0,0.5402517431857286,0.45838993027257086,0.0013583265417006249,0.5635344601103424,0.3457395568788861,0.1464226289517471,0.9375000000000029,0.01602825319206737,45,60,6,65,1.5
"rsi_daily_pullback_reclaim_surface_v1__all_liquid__trigger.hold_floor=45,trigger.pullback_ceiling=60,trigger.pullback_window=6,trigger.reclaim_level=65,trigger.volume_multiplier=2.0",all_liquid,"{""trigger.hold_floor"": 45, ""trigger.pullback_ceiling"": 60, ""trigger.pullback_window"": 6, ""trigger.reclaim_level"": 65, ""trigger.volume_multiplier"": 2.0}",5,9351,9231,1092,1398,0,31,3,20,0,0.0,69,MISSING_OR_INVALID_RAW_PATH_PRICE=31 (0.003315),590,95,415,55,30,0,25559,-0.0005647412512776936,-0.011584289849119508,2.0,3.0,0.5306034015816271,0.4308308958942693,0.038565702524103566,0.36145866752219014,0.15859266388621537,0.03956796064592022,0.7777777777777826,0.029574260643483914,45,60,6,65,2.0
"rsi_daily_pullback_reclaim_surface_v1__all_liquid__trigger.hold_floor=45,trigger.pullback_ceiling=60,trigger.pullback_window=6,trigger.reclaim_level=65,trigger.volume_multiplier=2.0",all_liquid,"{""trigger.hold_floor"": 45, ""trigger.pullback_ceiling"": 60, ""trigger.pullback_window"": 6, ""trigger.reclaim_level"": 65, ""trigger.volume_multiplier"": 2.0}",10,9351,9170,1092,1398,0,53,3,20,0,0.0,108,MISSING_OR_INVALID_RAW_PATH_PRICE=53 (0.005668),921,188,660,98,42,0,50779,-0.006147064776955943,-0.013462760799298954,4.0,5.0,0.5396946564885496,0.4523446019629226,0.007960741548527809,0.46722275692439313,0.24286172601860764,0.08362741952732328,0.8461538461538437,0.022791712104689204,45,60,6,65,2.0
"rsi_daily_pullback_reclaim_surface_v1__all_liquid__trigger.hold_floor=45,trigger.pullback_ceiling=60,trigger.pullback_window=6,trigger.reclaim_level=65,trigger.volume_multiplier=2.0",all_liquid,"{""trigger.hold_floor"": 45, ""trigger.pullback_ceiling"": 60, ""trigger.pullback_window"": 6, ""trigger.reclaim_level"": 65, ""trigger.volume_multiplier"": 2.0}",20,9351,9046,1092,1398,0,96,6,20,0,0.0,189,MISSING_OR_INVALID_RAW_PATH_PRICE=96 (0.010266),1466,410,1076,200,54,0,100337,-0.014061840055656416,-0.01428837117318435,7.0,9.0,0.5449922617731594,0.45379173115189037,0.0012160070749502542,0.5648593733290557,0.35215484974869,0.15281788044059458,0.9230769230769241,0.01669246075613531,45,60,6,65,2.0
"rsi_daily_pullback_reclaim_surface_v1__all_liquid__trigger.hold_floor=45,trigger.pullback_ceiling=60,trigger.pullback_window=9,trigger.reclaim_level=65,trigger.volume_multiplier=1.0",all_liquid,"{""trigger.hold_floor"": 45, ""trigger.pullback_ceiling"": 60, ""trigger.pullback_window"": 9, ""trigger.reclaim_level"": 65, ""trigger.volume_multiplier"": 1.0}",5,12870,12713,1095,1408,0,40,4,32,0,0.0,85,MISSING_OR_INVALID_RAW_PATH_PRICE=40 (0.003108),699,139,491,75,33,0,36251,-0.0030126199040465505,-0.009756122643302521,2.0,3.0,0.5268622669708173,0.43844883190434986,0.03468890112483285,0.34475524475524477,0.1477078477078477,0.03550893550893551,0.7826086956521721,0.03028396129945725,45,60,9,65,1.0
"rsi_daily_pullback_reclaim_surface_v1__all_liquid__trigger.hold_floor=45,trigger.pullback_ceiling=60,trigger.pullback_window=9,trigger.reclaim_level=65,trigger.volume_multiplier=1.0",all_liquid,"{""trigger.hold_floor"": 45, ""trigger.pullback_ceiling"": 60, ""trigger.pullback_window"": 9, ""trigger.reclaim_level"": 65, ""trigger.volume_multiplier"": 1.0}",10,12870,12632,1095,1408,0,64,4,32,0,0.0,142,MISSING_OR_INVALID_RAW_PATH_PRICE=64 (0.004973),1069,252,762,128,45,0,71957,-0.008341525868430635,-0.011108367838401688,4.0,5.0,0.5375237492083598,0.455905636478784,0.006570614312856238,0.4518259518259518,0.2313131313131313,0.07676767676767676,0.863636363636362,0.023353388220392655,45,60,9,65,1.0
"rsi_daily_pullback_reclaim_surface_v1__all_liquid__trigger.hold_floor=45,trigger.pullback_ceiling=60,trigger.pullback_window=9,trigger.reclaim_level=65,trigger.volume_multiplier=1.0",all_liquid,"{""trigger.hold_floor"": 45, ""trigger.pullback_ceiling"": 60, ""trigger.pullback_window"": 9, ""trigger.reclaim_level"": 65, ""trigger.volume_multiplier"": 1.0}",20,12870,12459,1095,1408,0,120,10,31,0,0.0,260,MISSING_OR_INVALID_RAW_PATH_PRICE=120 (0.009324),1701,527,1246,253,58,0,142063,-0.016035923186565493,-0.012413261571137785,8.0,9.0,0.5354362308371459,0.4636808732643069,0.000882895898547235,0.559052059052059,0.34001554001554,0.14343434343434344,0.9375000000000018,0.01685528533590176,45,60,9,65,1.0
"rsi_daily_pullback_reclaim_surface_v1__all_liquid__trigger.hold_floor=45,trigger.pullback_ceiling=60,trigger.pullback_window=9,trigger.reclaim_level=65,trigger.volume_multiplier=1.2",all_liquid,"{""trigger.hold_floor"": 45, ""trigger.pullback_ceiling"": 60, ""trigger.pullback_window"": 9, ""trigger.reclaim_level"": 65, ""trigger.volume_multiplier"": 1.2}",5,11979,11829,1092,1404,0,37,4,31,0,0.0,82,MISSING_OR_INVALID_RAW_PATH_PRICE=37 (0.003089),671,131,474,71,33,0,33637,-0.0023070652461243644,-0.01010603294353352,2.0,3.0,0.5274325809451348,0.43697692112604614,0.03559049792881901,0.34911094415226646,0.15059687786960516,0.03648050755488772,0.7857142857142836,0.03068729393862541,45,60,9,65,1.2
"rsi_daily_pullback_reclaim_surface_v1__all_liquid__trigger.hold_floor=45,trigger.pullback_ceiling=60,trigger.pullback_window=9,trigger.reclaim_level=65,trigger.volume_multiplier=1.2",all_liquid,"{""trigger.hold_floor"": 45, ""trigger.pullback_ceiling"": 60, ""trigger.pullback_window"": 9, ""trigger.reclaim_level"": 65, ""trigger.volume_multiplier"": 1.2}",10,11979,11753,1092,1404,0,60,4,31,0,0.0,135,MISSING_OR_INVALID_RAW_PATH_PRICE=60 (0.005009),1030,241,736,123,45,0,66759,-0.007519517381558288,-0.01174965509665311,4.0,5.0,0.5396919935335659,0.45358631838679486,0.006721688079639241,0.4562150429919025,0.23432673845896987,0.07830369813840889,0.8636363636363621,0.023398281289883433,45,60,9,65,1.2
"rsi_daily_pullback_reclaim_surface_v1__all_liquid__trigger.hold_floor=45,trigger.pullback_ceiling=60,trigger.pullback_window=9,trigger.reclaim_level=65,trigger.volume_multiplier=1.2",all_liquid,"{""trigger.hold_floor"": 45, ""trigger.pullback_ceiling"": 60, ""trigger.pullback_window"": 9, ""trigger.reclaim_level"": 65, ""trigger.volume_multiplier"": 1.2}",20,11979,11594,1092,1404,0,112,9,30,0,0.0,243,MISSING_OR_INVALID_RAW_PATH_PRICE=112 (0.009350),1626,501,1194,240,57,0,131843,-0.015592179462100755,-0.013020183689591729,7.0,9.0,0.5395031913058479,0.4595480420907366,0.0009487666034155598,0.560480841472577,0.3420151932548627,0.1449202771516821,0.9302325581395361,0.016732792823874416,45,60,9,65,1.2
"rsi_daily_pullback_reclaim_surface_v1__all_liquid__trigger.hold_floor=45,trigger.pullback_ceiling=60,trigger.pullback_window=9,trigger.reclaim_level=65,trigger.volume_multiplier=1.5",all_liquid,"{""trigger.hold_floor"": 45, ""trigger.pullback_ceiling"": 60, ""trigger.pullback_window"": 9, ""trigger.reclaim_level"": 65, ""trigger.volume_multiplier"": 1.5}",5,10582,10446,1090,1393,0,32,4,29,0,0.0,75,MISSING_OR_INVALID_RAW_PATH_PRICE=32 (0.003024),625,119,439,64,31,0,29566,-0.0015464078062396667,-0.011037358152718214,2.0,3.0,0.5317825004786522,0.4321271300019146,0.03609036951943328,0.35465885465885466,0.15290115290115291,0.03817803817803818,0.7777777777777826,0.02910204863105495,45,60,9,65,1.5
"rsi_daily_pullback_reclaim_surface_v1__all_liquid__trigger.hold_floor=45,trigger.pullback_ceiling=60,trigger.pullback_window=9,trigger.reclaim_level=65,trigger.volume_multiplier=1.5",all_liquid,"{""trigger.hold_floor"": 45, ""trigger.pullback_ceiling"": 60, ""trigger.pullback_window"": 9, ""trigger.reclaim_level"": 65, ""trigger.volume_multiplier"": 1.5}",10,10582,10376,1090,1393,0,51,4,29,0,0.0,126,MISSING_OR_INVALID_RAW_PATH_PRICE=51 (0.004820),959,216,682,108,40,0,58663,-0.007186749840677093,-0.012735507119823007,4.0,5.0,0.5438511950655358,0.44901696222050885,0.007131842713955281,0.4602154602154602,0.23700623700623702,0.08032508032508033,0.8421052631578949,0.02235929067077872,45,60,9,65,1.5
"rsi_daily_pullback_reclaim_surface_v1__all_liquid__trigger.hold_floor=45,trigger.pullback_ceiling=60,trigger.pullback_window=9,trigger.reclaim_level=65,trigger.volume_multiplier=1.5",all_liquid,"{""trigger.hold_floor"": 45, ""trigger.pullback_ceiling"": 60, ""trigger.pullback_window"": 9, ""trigger.reclaim_level"": 65, ""trigger.volume_multiplier"": 1.5}",20,10582,10234,1090,1393,0,99,9,28,0,0.0,221,MISSING_OR_INVALID_RAW_PATH_PRICE=99 (0.009356),1507,459,1104,216,51,0,115842,-0.015339599396641285,-0.014044911402043326,7.0,9.0,0.5439710768028142,0.45495407465311705,0.0010748485440687902,0.5606690606690606,0.3448308448308448,0.14742014742014742,0.9152542372881383,0.01573187414500684,45,60,9,65,1.5
"rsi_daily_pullback_reclaim_surface_v1__all_liquid__trigger.hold_floor=45,trigger.pullback_ceiling=60,trigger.pullback_window=9,trigger.reclaim_level=65,trigger.volume_multiplier=2.0",all_liquid,"{""trigger.hold_floor"": 45, ""trigger.pullback_ceiling"": 60, ""trigger.pullback_window"": 9, ""trigger.reclaim_level"": 65, ""trigger.volume_multiplier"": 2.0}",5,8513,8400,1074,1373,0,27,3,22,0,0.0,64,MISSING_OR_INVALID_RAW_PATH_PRICE=27 (0.003172),536,91,379,52,27,0,23669,-0.0006024927748881827,-0.011965427438793261,2.0,3.0,0.5354761904761904,0.4269047619047619,0.03761904761904762,0.3603899917772818,0.15740631974627042,0.04052625396452485,0.7647058823529413,0.029404761904761906,45,60,9,65,2.0
"rsi_daily_pullback_reclaim_surface_v1__all_liquid__trigger.hold_floor=45,trigger.pullback_ceiling=60,trigger.pullback_window=9,trigger.reclaim_level=65,trigger.volume_multiplier=2.0",all_liquid,"{""trigger.hold_floor"": 45, ""trigger.pullback_ceiling"": 60, ""trigger.pullback_window"": 9, ""trigger.reclaim_level"": 65, ""trigger.volume_multiplier"": 2.0}",10,8513,8345,1074,1373,0,43,3,22,0,0.0,103,MISSING_OR_INVALID_RAW_PATH_PRICE=43 (0.005051),813,172,585,89,36,0,46977,-0.006493004324619196,-0.014191891392925787,4.0,5.0,0.5473936488915518,0.44541641701617735,0.007189934092270821,0.46305650182074476,0.2418653823563961,0.08281451897098555,0.8218166383701182,0.022408627920910727,45,60,9,65,2.0
"rsi_daily_pullback_reclaim_surface_v1__all_liquid__trigger.hold_floor=45,trigger.pullback_ceiling=60,trigger.pullback_window=9,trigger.reclaim_level=65,trigger.volume_multiplier=2.0",all_liquid,"{""trigger.hold_floor"": 45, ""trigger.pullback_ceiling"": 60, ""trigger.pullback_window"": 9, ""trigger.reclaim_level"": 65, ""trigger.volume_multiplier"": 2.0}",20,8513,8233,1074,1373,0,81,6,22,0,0.0,177,MISSING_OR_INVALID_RAW_PATH_PRICE=81 (0.009515),1277,375,940,181,47,0,92796,-0.01463131813289574,-0.01564140967232186,7.0,9.0,0.5491315437871979,0.44989675695372283,0.000971699259079315,0.5612592505579702,0.35028779513684954,0.15317749324562435,0.8999999999999966,0.016275962589578526,45,60,9,65,2.0
"rsi_daily_pullback_reclaim_surface_v1__all_liquid__trigger.hold_floor=50,trigger.pullback_ceiling=55,trigger.pullback_window=3,trigger.reclaim_level=58,trigger.volume_multiplier=1.0",all_liquid,"{""trigger.hold_floor"": 50, ""trigger.pullback_ceiling"": 55, ""trigger.pullback_window"": 3, ""trigger.reclaim_level"": 58, ""trigger.volume_multiplier"": 1.0}",5,8439,8361,963,1396,0,23,2,12,0,0.0,43,MISSING_OR_INVALID_RAW_PATH_PRICE=23 (0.002725),347,77,254,40,15,0,22676,-0.005574011334368342,-0.005271051318677847,2.0,3.0,0.524578399712953,0.4434876210979548,0.031933979189092215,0.31923213650906507,0.12999170517833866,0.029268870719279534,0.817254174397029,0.02906350914962325,50,55,3,58,1.0
"rsi_daily_pullback_reclaim_surface_v1__all_liquid__trigger.hold_floor=50,trigger.pullback_ceiling=55,trigger.pullback_window=3,trigger.reclaim_level=58,trigger.volume_multiplier=1.0",all_liquid,"{""trigger.hold_floor"": 50, ""trigger.pullback_ceiling"": 55, ""trigger.pullback_window"": 3, ""trigger.reclaim_level"": 58, ""trigger.volume_multiplier"": 1.0}",10,8439,8310,963,1396,0,43,2,12,0,0.0,74,MISSING_OR_INVALID_RAW_PATH_PRICE=43 (0.005095),578,166,423,82,26,0,45098,-0.009337288692173235,-0.0060240177402649114,4.0,5.0,0.5161251504211793,0.4780986762936221,0.005776173285198556,0.4456689181182605,0.21602085555160563,0.06398862424457874,0.96490147783251,0.020697954271961493,50,55,3,58,1.0
"rsi_daily_pullback_reclaim_surface_v1__all_liquid__trigger.hold_floor=50,trigger.pullback_ceiling=55,trigger.pullback_window=3,trigger.reclaim_level=58,trigger.volume_multiplier=1.0",all_liquid,"{""trigger.hold_floor"": 50, ""trigger.pullback_ceiling"": 55, ""trigger.pullback_window"": 3, ""trigger.reclaim_level"": 58, ""trigger.volume_multiplier"": 1.0}",20,8439,8178,963,1396,0,80,3,12,0,0.0,169,MISSING_OR_INVALID_RAW_PATH_PRICE=80 (0.009480),997,354,722,167,36,0,88657,-0.01559078148693787,-0.007586593131556131,8.0,9.0,0.5198092443140132,0.47909024211298606,0.0011005135730007337,0.5596634672354545,0.33771773906861,0.13307263893826282,1.0857142857142859,0.014551235020787479,50,55,3,58,1.0
"rsi_daily_pullback_reclaim_surface_v1__all_liquid__trigger.hold_floor=50,trigger.pullback_ceiling=55,trigger.pullback_window=3,trigger.reclaim_level=58,trigger.volume_multiplier=1.2",all_liquid,"{""trigger.hold_floor"": 50, ""trigger.pullback_ceiling"": 55, ""trigger.pullback_window"": 3, ""trigger.reclaim_level"": 58, ""trigger.volume_multiplier"": 1.2}",5,7282,7213,952,1377,0,21,1,11,0,0.0,37,MISSING_OR_INVALID_RAW_PATH_PRICE=21 (0.002884),326,67,236,37,15,0,19588,-0.004652477991308645,-0.0061701313392584604,2.0,3.0,0.5258560931651185,0.44142520449188966,0.03271870234299182,0.3275199121120571,0.1351277121669871,0.031035429826970613,0.8218253968253965,0.027866352419243033,50,55,3,58,1.2
"rsi_daily_pullback_reclaim_surface_v1__all_liquid__trigger.hold_floor=50,trigger.pullback_ceiling=55,trigger.pullback_window=3,trigger.reclaim_level=58,trigger.volume_multiplier=1.2",all_liquid,"{""trigger.hold_floor"": 50, ""trigger.pullback_ceiling"": 55, ""trigger.pullback_window"": 3, ""trigger.reclaim_level"": 58, ""trigger.volume_multiplier"": 1.2}",10,7282,7169,952,1377,0,39,1,11,0,0.0,63,MISSING_OR_INVALID_RAW_PATH_PRICE=39 (0.005356),541,141,392,70,26,0,38957,-0.008679338318159327,-0.006831097082748899,4.0,5.0,0.5190403124564096,0.4745431719905147,0.0064165155530757426,0.4498764075803351,0.22136775611095852,0.06619060697610546,0.9603921568627436,0.019946994001952854,50,55,3,58,1.2
"rsi_daily_pullback_reclaim_surface_v1__all_liquid__trigger.hold_floor=50,trigger.pullback_ceiling=55,trigger.pullback_window=3,trigger.reclaim_level=58,trigger.volume_multiplier=1.2",all_liquid,"{""trigger.hold_floor"": 50, ""trigger.pullback_ceiling"": 55, ""trigger.pullback_window"": 3, ""trigger.reclaim_level"": 58, ""trigger.volume_multiplier"": 1.2}",20,7282,7054,952,1377,0,71,2,11,0,0.0,146,MISSING_OR_INVALID_RAW_PATH_PRICE=71 (0.009750),927,299,673,144,36,0,76564,-0.014860078672381496,-0.008641571879803626,8.0,9.0,0.522682166146867,0.4763254890842075,0.0009923447689254325,0.5627574842076353,0.34152705300741554,0.13801153529250207,1.0750000000000004,0.013751063226538135,50,55,3,58,1.2
"rsi_daily_pullback_reclaim_surface_v1__all_liquid__trigger.hold_floor=50,trigger.pullback_ceiling=55,trigger.pullback_window=3,trigger.reclaim_level=58,trigger.volume_multiplier=1.5",all_liquid,"{""trigger.hold_floor"": 50, ""trigger.pullback_ceiling"": 55, ""trigger.pullback_window"": 3, ""trigger.reclaim_level"": 58, ""trigger.volume_multiplier"": 1.5}",5,5841,5783,938,1341,0,18,1,9,0,0.0,31,MISSING_OR_INVALID_RAW_PATH_PRICE=18 (0.003082),280,54,198,30,14,0,15446,-0.0038958759821667993,-0.006827849009560547,2.0,3.0,0.5244682690644994,0.44267681134359327,0.03285491959190731,0.3352165725047081,0.1410717342920733,0.03321349084060948,0.8333333333333331,0.02576517378523258,50,55,3,58,1.5
"rsi_daily_pullback_reclaim_surface_v1__all_liquid__trigger.hold_floor=50,trigger.pullback_ceiling=55,trigger.pullback_window=3,trigger.reclaim_level=58,trigger.volume_multiplier=1.5",all_liquid,"{""trigger.hold_floor"": 50, ""trigger.pullback_ceiling"": 55, ""trigger.pullback_window"": 3, ""trigger.reclaim_level"": 58, ""trigger.volume_multiplier"": 1.5}",10,5841,5748,938,1341,0,32,1,9,0,0.0,52,MISSING_OR_INVALID_RAW_PATH_PRICE=32 (0.005479),459,112,326,53,21,0,30719,-0.0075425153956032685,-0.007589737207499314,4.0,5.0,0.5203549060542797,0.4733820459290188,0.006263048016701462,0.45677110083889744,0.2263311076870399,0.06865262797466187,0.9565217391304375,0.018789144050104383,50,55,3,58,1.5
"rsi_daily_pullback_reclaim_surface_v1__all_liquid__trigger.hold_floor=50,trigger.pullback_ceiling=55,trigger.pullback_window=3,trigger.reclaim_level=58,trigger.volume_multiplier=1.5",all_liquid,"{""trigger.hold_floor"": 50, ""trigger.pullback_ceiling"": 55, ""trigger.pullback_window"": 3, ""trigger.reclaim_level"": 58, ""trigger.volume_multiplier"": 1.5}",20,5841,5654,938,1341,0,58,2,9,0,0.0,120,MISSING_OR_INVALID_RAW_PATH_PRICE=58 (0.009930),788,240,564,110,30,0,60340,-0.013894193227773625,-0.009360716722938,8.0,9.0,0.5244074991156703,0.4745313052706049,0.0010611956137247967,0.5656565656565656,0.3470296182160589,0.1414141414141414,1.0714285714285727,0.013088079235939158,50,55,3,58,1.5
"rsi_daily_pullback_reclaim_surface_v1__all_liquid__trigger.hold_floor=50,trigger.pullback_ceiling=55,trigger.pullback_window=3,trigger.reclaim_level=58,trigger.volume_multiplier=2.0",all_liquid,"{""trigger.hold_floor"": 50, ""trigger.pullback_ceiling"": 55, ""trigger.pullback_window"": 3, ""trigger.reclaim_level"": 58, ""trigger.volume_multiplier"": 2.0}",5,4168,4124,911,1263,0,11,1,7,0,0.0,26,MISSING_OR_INVALID_RAW_PATH_PRICE=11 (0.002639),213,34,148,18,13,0,10886,-0.0023372127893052323,-0.007814494817468067,2.0,3.0,0.5257032007759457,0.4435014548981571,0.030795344325897187,0.34764875239923226,0.15043186180422266,0.035268714011516315,0.8333333333333278,0.028855480116391854,50,55,3,58,2.0
"rsi_daily_pullback_reclaim_surface_v1__all_liquid__trigger.hold_floor=50,trigger.pullback_ceiling=55,trigger.pullback_window=3,trigger.reclaim_level=58,trigger.volume_multiplier=2.0",all_liquid,"{""trigger.hold_floor"": 50, ""trigger.pullback_ceiling"": 55, ""trigger.pullback_window"": 3, ""trigger.reclaim_level"": 58, ""trigger.volume_multiplier"": 2.0}",10,4168,4101,911,1263,0,20,1,7,0,0.0,40,MISSING_OR_INVALID_RAW_PATH_PRICE=20 (0.004798),356,77,254,34,18,0,21672,-0.005868231300794148,-0.009155217728871411,4.0,5.0,0.526213118751524,0.46842233601560596,0.0053645452328700315,0.46569097888675626,0.23416506717850288,0.07365642994241843,0.9452054794520567,0.020482809070958303,50,55,3,58,2.0
"rsi_daily_pullback_reclaim_surface_v1__all_liquid__trigger.hold_floor=50,trigger.pullback_ceiling=55,trigger.pullback_window=3,trigger.reclaim_level=58,trigger.volume_multiplier=2.0",all_liquid,"{""trigger.hold_floor"": 50, ""trigger.pullback_ceiling"": 55, ""trigger.pullback_window"": 3, ""trigger.reclaim_level"": 58, ""trigger.volume_multiplier"": 2.0}",20,4168,4035,911,1263,0,39,2,7,0,0.0,87,MISSING_OR_INVALID_RAW_PATH_PRICE=39 (0.009357),604,172,431,77,25,0,42575,-0.012421247313022875,-0.011003390053711398,8.0,9.0,0.5353159851301115,0.4639405204460966,0.0007434944237918215,0.5683781190019194,0.3517274472168906,0.14563339731285987,1.0298573975044547,0.014622057001239157,50,55,3,58,2.0
"rsi_daily_pullback_reclaim_surface_v1__all_liquid__trigger.hold_floor=50,trigger.pullback_ceiling=55,trigger.pullback_window=6,trigger.reclaim_level=58,trigger.volume_multiplier=1.0",all_liquid,"{""trigger.hold_floor"": 50, ""trigger.pullback_ceiling"": 55, ""trigger.pullback_window"": 6, ""trigger.reclaim_level"": 58, ""trigger.volume_multiplier"": 1.0}",5,6226,6166,913,1338,0,21,3,11,0,0.0,28,MISSING_OR_INVALID_RAW_PATH_PRICE=21 (0.003373),267,67,187,33,8,0,17121,-0.005185313796438171,-0.005438162154069264,2.0,3.0,0.523353876094713,0.44875121634771326,0.027894907557573793,0.3283006745904272,0.13074204946996468,0.030838419530999035,0.8421052631578964,0.03032760298410639,50,55,6,58,1.0
"rsi_daily_pullback_reclaim_surface_v1__all_liquid__trigger.hold_floor=50,trigger.pullback_ceiling=55,trigger.pullback_window=6,trigger.reclaim_level=58,trigger.volume_multiplier=1.0",all_liquid,"{""trigger.hold_floor"": 50, ""trigger.pullback_ceiling"": 55, ""trigger.pullback_window"": 6, ""trigger.reclaim_level"": 58, ""trigger.volume_multiplier"": 1.0}",10,6226,6134,913,1338,0,31,3,11,0,0.0,50,MISSING_OR_INVALID_RAW_PATH_PRICE=31 (0.004979),448,130,323,61,16,0,34091,-0.008725885866936647,-0.006429944065323916,4.0,5.0,0.5223345288555592,0.47163351809585913,0.006031953048581676,0.4508512688724703,0.22277545775778992,0.06778027626084163,0.9545454545454554,0.02200847733941963,50,55,6,58,1.0
"rsi_daily_pullback_reclaim_surface_v1__all_liquid__trigger.hold_floor=50,trigger.pullback_ceiling=55,trigger.pullback_window=6,trigger.reclaim_level=58,trigger.volume_multiplier=1.0",all_liquid,"{""trigger.hold_floor"": 50, ""trigger.pullback_ceiling"": 55, ""trigger.pullback_window"": 6, ""trigger.reclaim_level"": 58, ""trigger.volume_multiplier"": 1.0}",20,6226,6041,913,1338,0,59,3,11,0,0.0,115,MISSING_OR_INVALID_RAW_PATH_PRICE=59 (0.009476),749,267,541,120,26,0,67170,-0.015617104168007184,-0.008762460099735882,8.0,9.0,0.5298791590796226,0.4681344148319815,0.001986426088395961,0.5607131384516544,0.33938323160938,0.13539993575329265,1.0555555555555567,0.015394802185068697,50,55,6,58,1.0
"rsi_daily_pullback_reclaim_surface_v1__all_liquid__trigger.hold_floor=50,trigger.pullback_ceiling=55,trigger.pullback_window=6,trigger.reclaim_level=58,trigger.volume_multiplier=1.2",all_liquid,"{""trigger.hold_floor"": 50, ""trigger.pullback_ceiling"": 55, ""trigger.pullback_window"": 6, ""trigger.reclaim_level"": 58, ""trigger.volume_multiplier"": 1.2}",5,5258,5205,897,1305,0,19,2,10,0,0.0,24,MISSING_OR_INVALID_RAW_PATH_PRICE=19 (0.003614),245,59,170,30,8,0,14482,-0.004279730280171229,-0.006590663125045922,2.0,3.0,0.5246878001921229,0.44610951008645533,0.02920268972142171,0.3372004564473184,0.13674400912894638,0.03214149866869532,0.8365384615384616,0.02920268972142171,50,55,6,58,1.2
"rsi_daily_pullback_reclaim_surface_v1__all_liquid__trigger.hold_floor=50,trigger.pullback_ceiling=55,trigger.pullback_window=6,trigger.reclaim_level=58,trigger.volume_multiplier=1.2",all_liquid,"{""trigger.hold_floor"": 50, ""trigger.pullback_ceiling"": 55, ""trigger.pullback_window"": 6, ""trigger.reclaim_level"": 58, ""trigger.volume_multiplier"": 1.2}",10,5258,5179,897,1305,0,28,2,10,0,0.0,41,MISSING_OR_INVALID_RAW_PATH_PRICE=28 (0.005325),408,110,292,53,16,0,28849,-0.007907188570652243,-0.007316533891917165,4.0,5.0,0.5251979146553388,0.4682371114114694,0.006564973933191736,0.4570178775199696,0.2295549638645873,0.0699885888170407,0.9440313111545988,0.02104653407993821,50,55,6,58,1.2
"rsi_daily_pullback_reclaim_surface_v1__all_liquid__trigger.hold_floor=50,trigger.pullback_ceiling=55,trigger.pullback_window=6,trigger.reclaim_level=58,trigger.volume_multiplier=1.2",all_liquid,"{""trigger.hold_floor"": 50, ""trigger.pullback_ceiling"": 55, ""trigger.pullback_window"": 6, ""trigger.reclaim_level"": 58, ""trigger.volume_multiplier"": 1.2}",20,5258,5100,897,1305,0,50,2,10,0,0.0,98,MISSING_OR_INVALID_RAW_PATH_PRICE=50 (0.009509),679,220,492,103,26,0,56824,-0.014744016277142419,-0.009869716828768044,8.0,9.0,0.532156862745098,0.466078431372549,0.0017647058823529412,0.5659946747812856,0.34442753898820844,0.1397869912514264,1.0434782608695687,0.014705882352941176,50,55,6,58,1.2
"rsi_daily_pullback_reclaim_surface_v1__all_liquid__trigger.hold_floor=50,trigger.pullback_ceiling=55,trigger.pullback_window=6,trigger.reclaim_level=58,trigger.volume_multiplier=1.5",all_liquid,"{""trigger.hold_floor"": 50, ""trigger.pullback_ceiling"": 55, ""trigger.pullback_window"": 6, ""trigger.reclaim_level"": 58, ""trigger.volume_multiplier"": 1.5}",5,4082,4041,877,1243,0,13,2,9,0,0.0,19,MISSING_OR_INVALID_RAW_PATH_PRICE=13 (0.003185),205,46,137,23,7,0,11105,-0.0037270858143429245,-0.007293351137861899,2.0,3.0,0.5236327641672853,0.4461766889383816,0.030190546894333085,0.34296913277804997,0.14380205781479666,0.035276825085742286,0.833333333333338,0.025241276911655532,50,55,6,58,1.5
"rsi_daily_pullback_reclaim_surface_v1__all_liquid__trigger.hold_floor=50,trigger.pullback_ceiling=55,trigger.pullback_window=6,trigger.reclaim_level=58,trigger.volume_multiplier=1.5",all_liquid,"{""trigger.hold_floor"": 50, ""trigger.pullback_ceiling"": 55, ""trigger.pullback_window"": 6, ""trigger.reclaim_level"": 58, ""trigger.volume_multiplier"": 1.5}",10,4082,4022,877,1243,0,18,2,9,0,0.0,33,MISSING_OR_INVALID_RAW_PATH_PRICE=18 (0.004410),338,89,237,43,12,0,22120,-0.006680023874078313,-0.008684852223073176,4.0,5.0,0.5295872700149179,0.46394828443560415,0.006464445549477871,0.46496815286624205,0.23297403233708966,0.07398334149926507,0.9285714285714295,0.018647439085032323,50,55,6,58,1.5
"rsi_daily_pullback_reclaim_surface_v1__all_liquid__trigger.hold_floor=50,trigger.pullback_ceiling=55,trigger.pullback_window=6,trigger.reclaim_level=58,trigger.volume_multiplier=1.5",all_liquid,"{""trigger.hold_floor"": 50, ""trigger.pullback_ceiling"": 55, ""trigger.pullback_window"": 6, ""trigger.reclaim_level"": 58, ""trigger.volume_multiplier"": 1.5}",20,4082,3960,877,1243,0,37,2,9,0,0.0,76,MISSING_OR_INVALID_RAW_PATH_PRICE=37 (0.009064),562,175,400,79,19,0,43586,-0.014358919442627308,-0.011170500652667493,7.0,9.0,0.5373737373737374,0.46085858585858586,0.0017676767676767678,0.5688388045075943,0.349093581577658,0.14331210191082802,1.03125,0.012878787878787878,50,55,6,58,1.5
"rsi_daily_pullback_reclaim_surface_v1__all_liquid__trigger.hold_floor=50,trigger.pullback_ceiling=55,trigger.pullback_window=6,trigger.reclaim_level=58,trigger.volume_multiplier=2.0",all_liquid,"{""trigger.hold_floor"": 50, ""trigger.pullback_ceiling"": 55, ""trigger.pullback_window"": 6, ""trigger.reclaim_level"": 58, ""trigger.volume_multiplier"": 2.0}",5,2804,2774,828,1115,0,7,2,6,0,0.0,17,MISSING_OR_INVALID_RAW_PATH_PRICE=7 (0.002496),151,28,97,13,6,0,7625,-0.0015373934633765522,-0.00806176480262796,2.0,3.0,0.5180245133381399,0.45061283345349673,0.03136265320836337,0.3644793152639087,0.16048502139800286,0.039229671897289584,0.85714285714285,0.0277577505407354,50,55,6,58,2.0
"rsi_daily_pullback_reclaim_surface_v1__all_liquid__trigger.hold_floor=50,trigger.pullback_ceiling=55,trigger.pullback_window=6,trigger.reclaim_level=58,trigger.volume_multiplier=2.0",all_liquid,"{""trigger.hold_floor"": 50, ""trigger.pullback_ceiling"": 55, ""trigger.pullback_window"": 6, ""trigger.reclaim_level"": 58, ""trigger.volume_multiplier"": 2.0}",10,2804,2764,828,1115,0,8,2,6,0,0.0,26,MISSING_OR_INVALID_RAW_PATH_PRICE=8 (0.002853),248,55,171,25,10,0,15204,-0.004264432642952849,-0.00996050727301634,4.0,5.0,0.5271345875542692,0.46635311143270625,0.006512301013024602,0.48323823109843084,0.24821683309557774,0.08059914407988587,0.9545454545454554,0.019898697539797394,50,55,6,58,2.0
"rsi_daily_pullback_reclaim_surface_v1__all_liquid__trigger.hold_floor=50,trigger.pullback_ceiling=55,trigger.pullback_window=6,trigger.reclaim_level=58,trigger.volume_multiplier=2.0",all_liquid,"{""trigger.hold_floor"": 50, ""trigger.pullback_ceiling"": 55, ""trigger.pullback_window"": 6, ""trigger.reclaim_level"": 58, ""trigger.volume_multiplier"": 2.0}",20,2804,2724,828,1115,0,22,2,6,0,0.0,52,MISSING_OR_INVALID_RAW_PATH_PRICE=22 (0.007846),404,116,280,50,15,0,30005,-0.011655643922646383,-0.011789567315781038,7.0,9.0,0.5425844346549192,0.45594713656387664,0.0014684287812041115,0.5805991440798859,0.36269614835948644,0.15263908701854492,1.0294117647058774,0.013582966226138032,50,55,6,58,2.0
"rsi_daily_pullback_reclaim_surface_v1__all_liquid__trigger.hold_floor=50,trigger.pullback_ceiling=55,trigger.pullback_window=9,trigger.reclaim_level=58,trigger.volume_multiplier=1.0",all_liquid,"{""trigger.hold_floor"": 50, ""trigger.pullback_ceiling"": 55, ""trigger.pullback_window"": 9, ""trigger.reclaim_level"": 58, ""trigger.volume_multiplier"": 1.0}",5,4808,4760,878,1269,0,16,3,12,0,0.0,20,MISSING_OR_INVALID_RAW_PATH_PRICE=16 (0.003328),228,56,161,26,6,0,13316,-0.005038377007907206,-0.005608217667403473,2.0,3.0,0.5216386554621849,0.4495798319327731,0.028781512605042015,0.3352745424292845,0.1447587354409318,0.03473377703826955,0.8571428571428571,0.03214285714285714,50,55,9,58,1.0
"rsi_daily_pullback_reclaim_surface_v1__all_liquid__trigger.hold_floor=50,trigger.pullback_ceiling=55,trigger.pullback_window=9,trigger.reclaim_level=58,trigger.volume_multiplier=1.0",all_liquid,"{""trigger.hold_floor"": 50, ""trigger.pullback_ceiling"": 55, ""trigger.pullback_window"": 9, ""trigger.reclaim_level"": 58, ""trigger.volume_multiplier"": 1.0}",10,4808,4733,878,1269,0,24,3,12,0,0.0,39,MISSING_OR_INVALID_RAW_PATH_PRICE=24 (0.004992),381,103,273,44,11,0,26499,-0.008458346897601832,-0.006994153234453224,4.0,5.0,0.5356010986689204,0.4582717092753011,0.006127192055778576,0.4490432612312812,0.23668885191347755,0.07445923460898503,0.9230769230769227,0.022607225860976125,50,55,9,58,1.0
"rsi_daily_pullback_reclaim_surface_v1__all_liquid__trigger.hold_floor=50,trigger.pullback_ceiling=55,trigger.pullback_window=9,trigger.reclaim_level=58,trigger.volume_multiplier=1.0",all_liquid,"{""trigger.hold_floor"": 50, ""trigger.pullback_ceiling"": 55, ""trigger.pullback_window"": 9, ""trigger.reclaim_level"": 58, ""trigger.volume_multiplier"": 1.0}",20,4808,4660,878,1269,0,44,4,12,0,0.0,92,MISSING_OR_INVALID_RAW_PATH_PRICE=44 (0.009151),617,217,444,88,20,0,52196,-0.015374355867962021,-0.009653774451363086,7.0,9.0,0.5390557939914163,0.4590128755364807,0.0019313304721030042,0.5567803660565723,0.34234608985024956,0.13789517470881862,1.0163934426229504,0.01652360515021459,50,55,9,58,1.0
"rsi_daily_pullback_reclaim_surface_v1__all_liquid__trigger.hold_floor=50,trigger.pullback_ceiling=55,trigger.pullback_window=9,trigger.reclaim_level=58,trigger.volume_multiplier=1.2",all_liquid,"{""trigger.hold_floor"": 50, ""trigger.pullback_ceiling"": 55, ""trigger.pullback_window"": 9, ""trigger.reclaim_level"": 58, ""trigger.volume_multiplier"": 1.2}",5,3989,3946,859,1215,0,15,2,10,0,0.0,18,MISSING_OR_INVALID_RAW_PATH_PRICE=15 (0.003760),205,48,144,23,6,0,11107,-0.004229614293290376,-0.006819589406951557,2.0,3.0,0.5223010643689813,0.447795235681703,0.029903699949315764,0.3454499874655302,0.15216846327400352,0.03685134118826774,0.8571428571428571,0.03167764825139382,50,55,9,58,1.2
"rsi_daily_pullback_reclaim_surface_v1__all_liquid__trigger.hold_floor=50,trigger.pullback_ceiling=55,trigger.pullback_window=9,trigger.reclaim_level=58,trigger.volume_multiplier=1.2",all_liquid,"{""trigger.hold_floor"": 50, ""trigger.pullback_ceiling"": 55, ""trigger.pullback_window"": 9, ""trigger.reclaim_level"": 58, ""trigger.volume_multiplier"": 1.2}",10,3989,3922,859,1215,0,22,2,10,0,0.0,35,MISSING_OR_INVALID_RAW_PATH_PRICE=22 (0.005515),340,84,242,36,11,0,22087,-0.007513815299096255,-0.007834787198412607,4.0,5.0,0.539775624681285,0.45359510453850077,0.006629270780214177,0.45500125344697917,0.2446728503384307,0.07821509150162947,0.9148550724637692,0.021927587965323816,50,55,9,58,1.2
"rsi_daily_pullback_reclaim_surface_v1__all_liquid__trigger.hold_floor=50,trigger.pullback_ceiling=55,trigger.pullback_window=9,trigger.reclaim_level=58,trigger.volume_multiplier=1.2",all_liquid,"{""trigger.hold_floor"": 50, ""trigger.pullback_ceiling"": 55, ""trigger.pullback_window"": 9, ""trigger.reclaim_level"": 58, ""trigger.volume_multiplier"": 1.2}",20,3989,3861,859,1215,0,38,3,10,0,0.0,80,MISSING_OR_INVALID_RAW_PATH_PRICE=38 (0.009526),546,176,394,72,20,0,43487,-0.014558955407422483,-0.011060640245991668,7.0,9.0,0.5441595441595442,0.45376845376845376,0.002072002072002072,0.5607921784908498,0.34770619202807723,0.14539984958636248,1.0,0.01528101528101528,50,55,9,58,1.2
"rsi_daily_pullback_reclaim_surface_v1__all_liquid__trigger.hold_floor=50,trigger.pullback_ceiling=55,trigger.pullback_window=9,trigger.reclaim_level=58,trigger.volume_multiplier=1.5",all_liquid,"{""trigger.hold_floor"": 50, ""trigger.pullback_ceiling"": 55, ""trigger.pullback_window"": 9, ""trigger.reclaim_level"": 58, ""trigger.volume_multiplier"": 1.5}",5,3020,2985,832,1119,0,11,2,9,0,0.0,15,MISSING_OR_INVALID_RAW_PATH_PRICE=11 (0.003642),171,36,116,17,5,0,8315,-0.003056719315225963,-0.007510198026745039,2.0,3.0,0.5199329983249581,0.4495812395309883,0.030485762144053602,0.35827814569536426,0.16225165562913907,0.04072847682119205,0.864583333333332,0.0288107202680067,50,55,9,58,1.5
"rsi_daily_pullback_reclaim_surface_v1__all_liquid__trigger.hold_floor=50,trigger.pullback_ceiling=55,trigger.pullback_window=9,trigger.reclaim_level=58,trigger.volume_multiplier=1.5",all_liquid,"{""trigger.hold_floor"": 50, ""trigger.pullback_ceiling"": 55, ""trigger.pullback_window"": 9, ""trigger.reclaim_level"": 58, ""trigger.volume_multiplier"": 1.5}",10,3020,2966,832,1119,0,16,2,9,0,0.0,29,MISSING_OR_INVALID_RAW_PATH_PRICE=16 (0.005298),281,67,196,29,8,0,16529,-0.005991225979545451,-0.009297640215156715,4.0,5.0,0.5438300741739717,0.44942683749157114,0.006743088334457181,0.46688741721854304,0.2509933774834437,0.08410596026490066,0.9120227038183697,0.020903573836817263,50,55,9,58,1.5
"rsi_daily_pullback_reclaim_surface_v1__all_liquid__trigger.hold_floor=50,trigger.pullback_ceiling=55,trigger.pullback_window=9,trigger.reclaim_level=58,trigger.volume_multiplier=1.5",all_liquid,"{""trigger.hold_floor"": 50, ""trigger.pullback_ceiling"": 55, ""trigger.pullback_window"": 9, ""trigger.reclaim_level"": 58, ""trigger.volume_multiplier"": 1.5}",20,3020,2920,832,1119,0,30,3,9,0,0.0,61,MISSING_OR_INVALID_RAW_PATH_PRICE=30 (0.009934),445,141,316,57,15,0,32583,-0.014043273720257762,-0.012645681697704816,7.0,10.0,0.55,0.44794520547945205,0.002054794520547945,0.5658940397350993,0.3526490066225166,0.15033112582781458,0.9999999999999982,0.014383561643835616,50,55,9,58,1.5
"rsi_daily_pullback_reclaim_surface_v1__all_liquid__trigger.hold_floor=50,trigger.pullback_ceiling=55,trigger.pullback_window=9,trigger.reclaim_level=58,trigger.volume_multiplier=2.0",all_liquid,"{""trigger.hold_floor"": 50, ""trigger.pullback_ceiling"": 55, ""trigger.pullback_window"": 9, ""trigger.reclaim_level"": 58, ""trigger.volume_multiplier"": 2.0}",5,2021,1995,767,969,0,7,2,6,0,0.0,13,MISSING_OR_INVALID_RAW_PATH_PRICE=7 (0.003464),119,20,76,8,4,0,5575,-0.0011705846752112815,-0.008504634871085107,2.0,3.0,0.5132832080200501,0.45513784461152884,0.031578947368421054,0.37506185056902525,0.18109846610588817,0.046511627906976744,0.875000000000005,0.031578947368421054,50,55,9,58,2.0
"rsi_daily_pullback_reclaim_surface_v1__all_liquid__trigger.hold_floor=50,trigger.pullback_ceiling=55,trigger.pullback_window=9,trigger.reclaim_level=58,trigger.volume_multiplier=2.0",all_liquid,"{""trigger.hold_floor"": 50, ""trigger.pullback_ceiling"": 55, ""trigger.pullback_window"": 9, ""trigger.reclaim_level"": 58, ""trigger.volume_multiplier"": 2.0}",10,2021,1986,767,969,0,9,2,6,0,0.0,20,MISSING_OR_INVALID_RAW_PATH_PRICE=9 (0.004453),192,38,134,15,6,0,11103,-0.003770787886594122,-0.01064718127747077,4.0,5.0,0.5357502517623364,0.45720040281973817,0.007049345417925478,0.4839188520534389,0.26669965363681347,0.09203364670954972,0.9411764705882317,0.0216515609264854,50,55,9,58,2.0
"rsi_daily_pullback_reclaim_surface_v1__all_liquid__trigger.hold_floor=50,trigger.pullback_ceiling=55,trigger.pullback_window=9,trigger.reclaim_level=58,trigger.volume_multiplier=2.0",all_liquid,"{""trigger.hold_floor"": 50, ""trigger.pullback_ceiling"": 55, ""trigger.pullback_window"": 9, ""trigger.reclaim_level"": 58, ""trigger.volume_multiplier"": 2.0}",20,2021,1958,767,969,0,19,2,6,0,0.0,38,MISSING_OR_INVALID_RAW_PATH_PRICE=19 (0.009401),298,87,210,32,11,0,21956,-0.01100679010070682,-0.013603714745647897,7.0,10.0,0.5572012257405515,0.44126659856996936,0.0015321756894790602,0.5779317169717961,0.3661553686293914,0.15883226125680355,1.0000000000000018,0.01481103166496425,50,55,9,58,2.0
"rsi_daily_pullback_reclaim_surface_v1__all_liquid__trigger.hold_floor=50,trigger.pullback_ceiling=55,trigger.pullback_window=3,trigger.reclaim_level=60,trigger.volume_multiplier=1.0",all_liquid,"{""trigger.hold_floor"": 50, ""trigger.pullback_ceiling"": 55, ""trigger.pullback_window"": 3, ""trigger.reclaim_level"": 60, ""trigger.volume_multiplier"": 1.0}",5,7775,7691,981,1387,0,22,1,12,0,0.0,50,MISSING_OR_INVALID_RAW_PATH_PRICE=22 (0.002830),345,67,243,34,18,0,21265,-0.004981415379199425,-0.00686429658784167,2.0,3.0,0.5230789234169809,0.44233519698348717,0.03458587959953192,0.3260450160771704,0.1340192926045016,0.031254019292604504,0.804878048780489,0.02808477441164998,50,55,3,60,1.0
"rsi_daily_pullback_reclaim_surface_v1__all_liquid__trigger.hold_floor=50,trigger.pullback_ceiling=55,trigger.pullback_window=3,trigger.reclaim_level=60,trigger.volume_multiplier=1.0",all_liquid,"{""trigger.hold_floor"": 50, ""trigger.pullback_ceiling"": 55, ""trigger.pullback_window"": 3, ""trigger.reclaim_level"": 60, ""trigger.volume_multiplier"": 1.0}",10,7775,7641,981,1387,0,40,1,12,0,0.0,82,MISSING_OR_INVALID_RAW_PATH_PRICE=40 (0.005145),559,137,400,65,27,0,42257,-0.009600034359815837,-0.007383534525717821,4.0,5.0,0.5223138332678968,0.4711425206124853,0.006543646119617851,0.44617363344051447,0.21929260450160773,0.06868167202572348,0.9178082191780823,0.020416175893207697,50,55,3,60,1.0
"rsi_daily_pullback_reclaim_surface_v1__all_liquid__trigger.hold_floor=50,trigger.pullback_ceiling=55,trigger.pullback_window=3,trigger.reclaim_level=60,trigger.volume_multiplier=1.0",all_liquid,"{""trigger.hold_floor"": 50, ""trigger.pullback_ceiling"": 55, ""trigger.pullback_window"": 3, ""trigger.reclaim_level"": 60, ""trigger.volume_multiplier"": 1.0}",20,7775,7526,981,1387,0,73,2,12,0,0.0,164,MISSING_OR_INVALID_RAW_PATH_PRICE=73 (0.009389),933,291,669,133,39,0,83237,-0.01647508885161003,-0.009059877439124162,8.0,9.0,0.5261759234653203,0.4726282221631677,0.0011958543715120914,0.5601286173633441,0.3367202572347267,0.13633440514469453,1.0638297872340432,0.015280361413765613,50,55,3,60,1.0
"rsi_daily_pullback_reclaim_surface_v1__all_liquid__trigger.hold_floor=50,trigger.pullback_ceiling=55,trigger.pullback_window=3,trigger.reclaim_level=60,trigger.volume_multiplier=1.2",all_liquid,"{""trigger.hold_floor"": 50, ""trigger.pullback_ceiling"": 55, ""trigger.pullback_window"": 3, ""trigger.reclaim_level"": 60, ""trigger.volume_multiplier"": 1.2}",5,7082,7005,976,1380,0,22,1,11,0,0.0,44,MISSING_OR_INVALID_RAW_PATH_PRICE=22 (0.003106),325,62,229,33,18,0,19486,-0.004413619182031778,-0.007333094682482246,2.0,3.0,0.5246252676659529,0.4412562455389008,0.03411848679514633,0.330979949166902,0.13626094323637392,0.031629483196837054,0.8055555555555585,0.027837259100642397,50,55,3,60,1.2
"rsi_daily_pullback_reclaim_surface_v1__all_liquid__trigger.hold_floor=50,trigger.pullback_ceiling=55,trigger.pullback_window=3,trigger.reclaim_level=60,trigger.volume_multiplier=1.2",all_liquid,"{""trigger.hold_floor"": 50, ""trigger.pullback_ceiling"": 55, ""trigger.pullback_window"": 3, ""trigger.reclaim_level"": 60, ""trigger.volume_multiplier"": 1.2}",10,7082,6958,976,1380,0,39,1,11,0,0.0,74,MISSING_OR_INVALID_RAW_PATH_PRICE=39 (0.005507),527,126,377,61,27,0,38708,-0.009055261227236922,-0.007921341010584074,4.0,5.0,0.5240011497556769,0.46938775510204084,0.006611095142282265,0.44973171420502683,0.22225360067777464,0.06989550974301045,0.917237442922375,0.019833285426846797,50,55,3,60,1.2
"rsi_daily_pullback_reclaim_surface_v1__all_liquid__trigger.hold_floor=50,trigger.pullback_ceiling=55,trigger.pullback_window=3,trigger.reclaim_level=60,trigger.volume_multiplier=1.2",all_liquid,"{""trigger.hold_floor"": 50, ""trigger.pullback_ceiling"": 55, ""trigger.pullback_window"": 3, ""trigger.reclaim_level"": 60, ""trigger.volume_multiplier"": 1.2}",20,7082,6854,976,1380,0,69,2,11,0,0.0,148,MISSING_OR_INVALID_RAW_PATH_PRICE=69 (0.009743),878,265,631,123,39,0,76270,-0.015555655142475498,-0.009836370672025467,8.0,9.0,0.5281587394222352,0.47081995914794283,0.0010213014298220018,0.5641061846935894,0.3412877718158712,0.13922620728607737,1.0555555555555547,0.014590020426028597,50,55,3,60,1.2
"rsi_daily_pullback_reclaim_surface_v1__all_liquid__trigger.hold_floor=50,trigger.pullback_ceiling=55,trigger.pullback_window=3,trigger.reclaim_level=60,trigger.volume_multiplier=1.5",all_liquid,"{""trigger.hold_floor"": 50, ""trigger.pullback_ceiling"": 55, ""trigger.pullback_window"": 3, ""trigger.reclaim_level"": 60, ""trigger.volume_multiplier"": 1.5}",5,6022,5952,970,1366,0,19,1,10,0,0.0,41,MISSING_OR_INVALID_RAW_PATH_PRICE=19 (0.003155),297,54,207,28,15,0,16376,-0.0032451789553300005,-0.008091265963531893,2.0,3.0,0.5221774193548387,0.4437163978494624,0.03410618279569892,0.3430753902358021,0.144304217867818,0.03370973098638326,0.8260869565217392,0.02637768817204301,50,55,3,60,1.5
"rsi_daily_pullback_reclaim_surface_v1__all_liquid__trigger.hold_floor=50,trigger.pullback_ceiling=55,trigger.pullback_window=3,trigger.reclaim_level=60,trigger.volume_multiplier=1.5",all_liquid,"{""trigger.hold_floor"": 50, ""trigger.pullback_ceiling"": 55, ""trigger.pullback_window"": 3, ""trigger.reclaim_level"": 60, ""trigger.volume_multiplier"": 1.5}",10,6022,5910,970,1366,0,34,1,10,0,0.0,68,MISSING_OR_INVALID_RAW_PATH_PRICE=34 (0.005646),472,106,336,49,21,0,32514,-0.007314216946789413,-0.008921647102939724,4.0,5.0,0.5250423011844332,0.4681895093062606,0.00676818950930626,0.459481899701096,0.23065426768515443,0.07339754234473597,0.9259259259259267,0.019289340101522844,50,55,3,60,1.5
"rsi_daily_pullback_reclaim_surface_v1__all_liquid__trigger.hold_floor=50,trigger.pullback_ceiling=55,trigger.pullback_window=3,trigger.reclaim_level=60,trigger.volume_multiplier=1.5",all_liquid,"{""trigger.hold_floor"": 50, ""trigger.pullback_ceiling"": 55, ""trigger.pullback_window"": 3, ""trigger.reclaim_level"": 60, ""trigger.volume_multiplier"": 1.5}",20,6022,5817,970,1366,0,62,2,10,0,0.0,133,MISSING_OR_INVALID_RAW_PATH_PRICE=62 (0.010296),783,229,560,101,31,0,64032,-0.014135303115652677,-0.010894824829752826,8.0,9.0,0.5312016503352244,0.4675949802303593,0.0012033694344163659,0.5679176353370973,0.34755895051477914,0.144304217867818,1.0506410256410241,0.013924703455389376,50,55,3,60,1.5
"rsi_daily_pullback_reclaim_surface_v1__all_liquid__trigger.hold_floor=50,trigger.pullback_ceiling=55,trigger.pullback_window=3,trigger.reclaim_level=60,trigger.volume_multiplier=2.0",all_liquid,"{""trigger.hold_floor"": 50, ""trigger.pullback_ceiling"": 55, ""trigger.pullback_window"": 3, ""trigger.reclaim_level"": 60, ""trigger.volume_multiplier"": 2.0}",5,4592,4534,944,1296,0,12,1,9,0,0.0,37,MISSING_OR_INVALID_RAW_PATH_PRICE=12 (0.002613),244,38,167,20,14,0,12381,-0.001829775843569234,-0.008933622787953701,2.0,3.0,0.52977503308337,0.4391265990295545,0.03109836788707543,0.35256968641114983,0.15461672473867596,0.03593205574912892,0.8095238095238091,0.028010586678429643,50,55,3,60,2.0
"rsi_daily_pullback_reclaim_surface_v1__all_liquid__trigger.hold_floor=50,trigger.pullback_ceiling=55,trigger.pullback_window=3,trigger.reclaim_level=60,trigger.volume_multiplier=2.0",all_liquid,"{""trigger.hold_floor"": 50, ""trigger.pullback_ceiling"": 55, ""trigger.pullback_window"": 3, ""trigger.reclaim_level"": 60, ""trigger.volume_multiplier"": 2.0}",10,4592,4505,944,1296,0,21,1,9,0,0.0,57,MISSING_OR_INVALID_RAW_PATH_PRICE=21 (0.004573),389,78,277,37,19,0,24609,-0.0060272490707435206,-0.010068224463477042,4.0,5.0,0.5276359600443952,0.4665926748057714,0.0057713651498335185,0.46602787456445993,0.23867595818815332,0.07774390243902439,0.9111111111111081,0.02042175360710322,50,55,3,60,2.0
"rsi_daily_pullback_reclaim_surface_v1__all_liquid__trigger.hold_floor=50,trigger.pullback_ceiling=55,trigger.pullback_window=3,trigger.reclaim_level=60,trigger.volume_multiplier=2.0",all_liquid,"{""trigger.hold_floor"": 50, ""trigger.pullback_ceiling"": 55, ""trigger.pullback_window"": 3, ""trigger.reclaim_level"": 60, ""trigger.volume_multiplier"": 2.0}",20,4592,4436,944,1296,0,42,2,9,0,0.0,105,MISSING_OR_INVALID_RAW_PATH_PRICE=42 (0.009146),640,178,456,82,28,0,48504,-0.012979438588871947,-0.012609483183590179,7.0,9.0,0.5421550946798918,0.4571686203787196,0.0006762849413886385,0.5677264808362369,0.3530052264808362,0.14677700348432055,1.0000000000000018,0.014427412082957619,50,55,3,60,2.0
"rsi_daily_pullback_reclaim_surface_v1__all_liquid__trigger.hold_floor=50,trigger.pullback_ceiling=55,trigger.pullback_window=6,trigger.reclaim_level=60,trigger.volume_multiplier=1.0",all_liquid,"{""trigger.hold_floor"": 50, ""trigger.pullback_ceiling"": 55, ""trigger.pullback_window"": 6, ""trigger.reclaim_level"": 60, ""trigger.volume_multiplier"": 1.0}",5,6647,6577,934,1353,0,21,3,11,0,0.0,38,MISSING_OR_INVALID_RAW_PATH_PRICE=21 (0.003159),315,70,211,36,13,0,18717,-0.004179498306409523,-0.006767024938718464,2.0,3.0,0.522882773300897,0.4453398205868937,0.031777406112209215,0.33699413269143974,0.13705431021513464,0.033398525650669475,0.8333333333333273,0.031625361106887635,50,55,6,60,1.0
"rsi_daily_pullback_reclaim_surface_v1__all_liquid__trigger.hold_floor=50,trigger.pullback_ceiling=55,trigger.pullback_window=6,trigger.reclaim_level=60,trigger.volume_multiplier=1.0",all_liquid,"{""trigger.hold_floor"": 50, ""trigger.pullback_ceiling"": 55, ""trigger.pullback_window"": 6, ""trigger.reclaim_level"": 60, ""trigger.volume_multiplier"": 1.0}",10,6647,6538,934,1353,0,35,3,11,0,0.0,63,MISSING_OR_INVALID_RAW_PATH_PRICE=35 (0.005266),492,129,341,66,21,0,37237,-0.008385809717701132,-0.007603504621340797,4.0,5.0,0.5247782196390334,0.4689507494646681,0.006271030896298563,0.45554385437039263,0.22325861290807883,0.0732661350985407,0.9230769230769231,0.023248699908228816,50,55,6,60,1.0
"rsi_daily_pullback_reclaim_surface_v1__all_liquid__trigger.hold_floor=50,trigger.pullback_ceiling=55,trigger.pullback_window=6,trigger.reclaim_level=60,trigger.volume_multiplier=1.0",all_liquid,"{""trigger.hold_floor"": 50, ""trigger.pullback_ceiling"": 55, ""trigger.pullback_window"": 6, ""trigger.reclaim_level"": 60, ""trigger.volume_multiplier"": 1.0}",20,6647,6439,934,1353,0,63,3,11,0,0.0,134,MISSING_OR_INVALID_RAW_PATH_PRICE=63 (0.009478),790,261,560,120,31,0,73412,-0.014755110718933484,-0.009616139290586287,8.0,9.0,0.5297406429569809,0.4688616244758503,0.001397732567168815,0.5692793741537536,0.34331277267940424,0.14066496163682865,1.0675675675675664,0.017083398043174405,50,55,6,60,1.0
"rsi_daily_pullback_reclaim_surface_v1__all_liquid__trigger.hold_floor=50,trigger.pullback_ceiling=55,trigger.pullback_window=6,trigger.reclaim_level=60,trigger.volume_multiplier=1.2",all_liquid,"{""trigger.hold_floor"": 50, ""trigger.pullback_ceiling"": 55, ""trigger.pullback_window"": 6, ""trigger.reclaim_level"": 60, ""trigger.volume_multiplier"": 1.2}",5,5930,5867,925,1341,0,19,3,11,0,0.0,33,MISSING_OR_INVALID_RAW_PATH_PRICE=19 (0.003204),296,64,198,34,13,0,16737,-0.0034360683937409466,-0.007439826440581786,2.0,3.0,0.523947502982785,0.44366797341060166,0.03238452360661326,0.3440134907251265,0.14114671163575043,0.034401349072512646,0.8260869565217392,0.03187318902335095,50,55,6,60,1.2
"rsi_daily_pullback_reclaim_surface_v1__all_liquid__trigger.hold_floor=50,trigger.pullback_ceiling=55,trigger.pullback_window=6,trigger.reclaim_level=60,trigger.volume_multiplier=1.2",all_liquid,"{""trigger.hold_floor"": 50, ""trigger.pullback_ceiling"": 55, ""trigger.pullback_window"": 6, ""trigger.reclaim_level"": 60, ""trigger.volume_multiplier"": 1.2}",10,5930,5830,925,1341,0,32,3,11,0,0.0,57,MISSING_OR_INVALID_RAW_PATH_PRICE=32 (0.005396),462,117,321,61,21,0,33277,-0.0073444281317278474,-0.008114501345240853,4.0,5.0,0.5250428816466552,0.4684391080617496,0.006518010291595197,0.46188870151770656,0.22765598650927488,0.07521079258010117,0.927248677248679,0.022984562607204117,50,55,6,60,1.2
"rsi_daily_pullback_reclaim_surface_v1__all_liquid__trigger.hold_floor=50,trigger.pullback_ceiling=55,trigger.pullback_window=6,trigger.reclaim_level=60,trigger.volume_multiplier=1.2",all_liquid,"{""trigger.hold_floor"": 50, ""trigger.pullback_ceiling"": 55, ""trigger.pullback_window"": 6, ""trigger.reclaim_level"": 60, ""trigger.volume_multiplier"": 1.2}",20,5930,5744,925,1341,0,56,3,11,0,0.0,119,MISSING_OR_INVALID_RAW_PATH_PRICE=56 (0.009444),740,234,525,108,31,0,65639,-0.013932264022274807,-0.0103098756159862,8.0,9.0,0.5302924791086351,0.46831476323119775,0.001392757660167131,0.5750421585160203,0.3494097807757167,0.14367622259696458,1.061728395061729,0.01688718662952646,50,55,6,60,1.2
"rsi_daily_pullback_reclaim_surface_v1__all_liquid__trigger.hold_floor=50,trigger.pullback_ceiling=55,trigger.pullback_window=6,trigger.reclaim_level=60,trigger.volume_multiplier=1.5",all_liquid,"{""trigger.hold_floor"": 50, ""trigger.pullback_ceiling"": 55, ""trigger.pullback_window"": 6, ""trigger.reclaim_level"": 60, ""trigger.volume_multiplier"": 1.5}",5,4900,4846,915,1301,0,15,3,10,0,0.0,29,MISSING_OR_INVALID_RAW_PATH_PRICE=15 (0.003061),267,53,175,27,10,0,13742,-0.0025415344415062185,-0.008487125393367262,2.0,3.0,0.5224927775484935,0.4440775897647544,0.03342963268675196,0.35428571428571426,0.1493877551020408,0.037551020408163265,0.8333333333333334,0.029096161782913743,50,55,6,60,1.5
"rsi_daily_pullback_reclaim_surface_v1__all_liquid__trigger.hold_floor=50,trigger.pullback_ceiling=55,trigger.pullback_window=6,trigger.reclaim_level=60,trigger.volume_multiplier=1.5",all_liquid,"{""trigger.hold_floor"": 50, ""trigger.pullback_ceiling"": 55, ""trigger.pullback_window"": 6, ""trigger.reclaim_level"": 60, ""trigger.volume_multiplier"": 1.5}",10,4900,4814,915,1301,0,25,3,10,0,0.0,51,MISSING_OR_INVALID_RAW_PATH_PRICE=25 (0.005102),409,99,281,50,15,0,27303,-0.00624795826109472,-0.009293642595497838,4.0,5.0,0.5305359368508517,0.4624013294557541,0.007062733693394266,0.47020408163265304,0.2336734693877551,0.08020408163265307,0.9172374429223759,0.0211882010801828,50,55,6,60,1.5
"rsi_daily_pullback_reclaim_surface_v1__all_liquid__trigger.hold_floor=50,trigger.pullback_ceiling=55,trigger.pullback_window=6,trigger.reclaim_level=60,trigger.volume_multiplier=1.5",all_liquid,"{""trigger.hold_floor"": 50, ""trigger.pullback_ceiling"": 55, ""trigger.pullback_window"": 6, ""trigger.reclaim_level"": 60, ""trigger.volume_multiplier"": 1.5}",20,4900,4740,915,1301,0,49,3,10,0,0.0,101,MISSING_OR_INVALID_RAW_PATH_PRICE=49 (0.010000),651,202,455,89,24,0,53894,-0.013000280658086269,-0.01158462358008228,7.0,9.0,0.5371308016877637,0.4611814345991561,0.0016877637130801688,0.5773469387755102,0.3536734693877551,0.1489795918367347,1.0428571428571427,0.014978902953586498,50,55,6,60,1.5
"rsi_daily_pullback_reclaim_surface_v1__all_liquid__trigger.hold_floor=50,trigger.pullback_ceiling=55,trigger.pullback_window=6,trigger.reclaim_level=60,trigger.volume_multiplier=2.0",all_liquid,"{""trigger.hold_floor"": 50, ""trigger.pullback_ceiling"": 55, ""trigger.pullback_window"": 6, ""trigger.reclaim_level"": 60, ""trigger.volume_multiplier"": 2.0}",5,3598,3553,878,1205,0,9,2,9,0,0.0,27,MISSING_OR_INVALID_RAW_PATH_PRICE=9 (0.002501),210,36,133,19,9,0,10018,-0.0009974572764678453,-0.008974371949164527,2.0,3.0,0.5251899802983394,0.4404728398536448,0.034337179848015764,0.3688160088938299,0.16453585325180656,0.042523624235686494,0.8333333333333329,0.030678300028145228,50,55,6,60,2.0
"rsi_daily_pullback_reclaim_surface_v1__all_liquid__trigger.hold_floor=50,trigger.pullback_ceiling=55,trigger.pullback_window=6,trigger.reclaim_level=60,trigger.volume_multiplier=2.0",all_liquid,"{""trigger.hold_floor"": 50, ""trigger.pullback_ceiling"": 55, ""trigger.pullback_window"": 6, ""trigger.reclaim_level"": 60, ""trigger.volume_multiplier"": 2.0}",10,3598,3531,878,1205,0,15,2,9,0,0.0,43,MISSING_OR_INVALID_RAW_PATH_PRICE=15 (0.004169),322,67,218,35,13,0,19918,-0.0038692512809055807,-0.010593954418206982,4.0,5.0,0.5293118096856415,0.46445766071934297,0.006230529595015576,0.48249027237354086,0.24680377987770985,0.0867148415786548,0.9317829457364349,0.021806853582554516,50,55,6,60,2.0
"rsi_daily_pullback_reclaim_surface_v1__all_liquid__trigger.hold_floor=50,trigger.pullback_ceiling=55,trigger.pullback_window=6,trigger.reclaim_level=60,trigger.volume_multiplier=2.0",all_liquid,"{""trigger.hold_floor"": 50, ""trigger.pullback_ceiling"": 55, ""trigger.pullback_window"": 6, ""trigger.reclaim_level"": 60, ""trigger.volume_multiplier"": 2.0}",20,3598,3483,878,1205,0,32,2,9,0,0.0,74,MISSING_OR_INVALID_RAW_PATH_PRICE=32 (0.008894),500,150,345,66,21,0,39445,-0.010241494696019815,-0.01302825975861318,7.0,9.0,0.5414872236577662,0.4573643410852713,0.0011484352569623888,0.5842134519177321,0.36520289049471927,0.1564758198999444,1.0177882723337275,0.015216767154751652,50,55,6,60,2.0
"rsi_daily_pullback_reclaim_surface_v1__all_liquid__trigger.hold_floor=50,trigger.pullback_ceiling=55,trigger.pullback_window=9,trigger.reclaim_level=60,trigger.volume_multiplier=1.0",all_liquid,"{""trigger.hold_floor"": 50, ""trigger.pullback_ceiling"": 55, ""trigger.pullback_window"": 9, ""trigger.reclaim_level"": 60, ""trigger.volume_multiplier"": 1.0}",5,5467,5408,909,1307,0,17,3,14,0,0.0,28,MISSING_OR_INVALID_RAW_PATH_PRICE=17 (0.003110),274,59,189,28,10,0,15562,-0.004468491390405895,-0.0065938758364128495,2.0,3.0,0.5166420118343196,0.4495192307692308,0.033838757396449703,0.3413206511798061,0.14907627583683922,0.036948966526431315,0.8571428571428519,0.032914201183431954,50,55,9,60,1.0
"rsi_daily_pullback_reclaim_surface_v1__all_liquid__trigger.hold_floor=50,trigger.pullback_ceiling=55,trigger.pullback_window=9,trigger.reclaim_level=60,trigger.volume_multiplier=1.0",all_liquid,"{""trigger.hold_floor"": 50, ""trigger.pullback_ceiling"": 55, ""trigger.pullback_window"": 9, ""trigger.reclaim_level"": 60, ""trigger.volume_multiplier"": 1.0}",10,5467,5372,909,1307,0,27,3,14,0,0.0,54,MISSING_OR_INVALID_RAW_PATH_PRICE=27 (0.004939),425,108,300,52,15,0,30907,-0.00824690382439807,-0.008016723399630539,4.0,5.0,0.5323901712583767,0.4612807148175726,0.006329113924050633,0.45289921346259376,0.23449789646972746,0.07700749954271081,0.9000000000000057,0.024385703648548026,50,55,9,60,1.0
"rsi_daily_pullback_reclaim_surface_v1__all_liquid__trigger.hold_floor=50,trigger.pullback_ceiling=55,trigger.pullback_window=9,trigger.reclaim_level=60,trigger.volume_multiplier=1.0",all_liquid,"{""trigger.hold_floor"": 50, ""trigger.pullback_ceiling"": 55, ""trigger.pullback_window"": 9, ""trigger.reclaim_level"": 60, ""trigger.volume_multiplier"": 1.0}",20,5467,5293,909,1307,0,47,5,14,0,0.0,113,MISSING_OR_INVALID_RAW_PATH_PRICE=47 (0.008597),670,228,485,99,23,0,60995,-0.01491557121565247,-0.010884104469749467,7.0,9.0,0.5382580767050822,0.4606083506518043,0.0011335726431135461,0.5620998719590269,0.34680812145600876,0.14084507042253522,1.0272222222222231,0.01794823351596448,50,55,9,60,1.0
"rsi_daily_pullback_reclaim_surface_v1__all_liquid__trigger.hold_floor=50,trigger.pullback_ceiling=55,trigger.pullback_window=9,trigger.reclaim_level=60,trigger.volume_multiplier=1.2",all_liquid,"{""trigger.hold_floor"": 50, ""trigger.pullback_ceiling"": 55, ""trigger.pullback_window"": 9, ""trigger.reclaim_level"": 60, ""trigger.volume_multiplier"": 1.2}",5,4783,4729,898,1279,0,16,3,13,0,0.0,25,MISSING_OR_INVALID_RAW_PATH_PRICE=16 (0.003345),255,52,175,25,10,0,13677,-0.0035005669876239723,-0.00732166394116825,2.0,3.0,0.5170226263480652,0.4489321209558046,0.03404525269613026,0.35040769391595233,0.15387831904662347,0.03867865356470834,0.8541033434650425,0.03277648551490801,50,55,9,60,1.2
"rsi_daily_pullback_reclaim_surface_v1__all_liquid__trigger.hold_floor=50,trigger.pullback_ceiling=55,trigger.pullback_window=9,trigger.reclaim_level=60,trigger.volume_multiplier=1.2",all_liquid,"{""trigger.hold_floor"": 50, ""trigger.pullback_ceiling"": 55, ""trigger.pullback_window"": 9, ""trigger.reclaim_level"": 60, ""trigger.volume_multiplier"": 1.2}",10,4783,4696,898,1279,0,25,3,13,0,0.0,49,MISSING_OR_INVALID_RAW_PATH_PRICE=25 (0.005227),396,95,280,46,15,0,27144,-0.007196484717925677,-0.008687581975005399,4.0,5.0,0.5359880749574105,0.45762350936967633,0.006388415672913117,0.4595442191093456,0.23980765210119173,0.07986619276604641,0.9111111111111112,0.02385008517887564,50,55,9,60,1.2
"rsi_daily_pullback_reclaim_surface_v1__all_liquid__trigger.hold_floor=50,trigger.pullback_ceiling=55,trigger.pullback_window=9,trigger.reclaim_level=60,trigger.volume_multiplier=1.2",all_liquid,"{""trigger.hold_floor"": 50, ""trigger.pullback_ceiling"": 55, ""trigger.pullback_window"": 9, ""trigger.reclaim_level"": 60, ""trigger.volume_multiplier"": 1.2}",20,4783,4629,898,1279,0,44,5,13,0,0.0,97,MISSING_OR_INVALID_RAW_PATH_PRICE=44 (0.009199),620,202,449,86,23,0,53625,-0.013874249262138247,-0.011566593889857826,7.0,9.0,0.5400734499891985,0.4586303737308274,0.0012961762799740765,0.5665900062722141,0.35375287476479195,0.1459335145306293,1.0,0.017282350399654353,50,55,9,60,1.2
"rsi_daily_pullback_reclaim_surface_v1__all_liquid__trigger.hold_floor=50,trigger.pullback_ceiling=55,trigger.pullback_window=9,trigger.reclaim_level=60,trigger.volume_multiplier=1.5",all_liquid,"{""trigger.hold_floor"": 50, ""trigger.pullback_ceiling"": 55, ""trigger.pullback_window"": 9, ""trigger.reclaim_level"": 60, ""trigger.volume_multiplier"": 1.5}",5,3846,3798,882,1215,0,14,3,12,0,0.0,22,MISSING_OR_INVALID_RAW_PATH_PRICE=14 (0.003640),225,44,152,20,7,0,10912,-0.002442306088926682,-0.008536855346070722,2.0,3.0,0.5168509741969458,0.4486571879936809,0.03449183780937336,0.3619344773790952,0.16328653146125846,0.04316172646905876,0.8571428571428552,0.030015797788309637,50,55,9,60,1.5
"rsi_daily_pullback_reclaim_surface_v1__all_liquid__trigger.hold_floor=50,trigger.pullback_ceiling=55,trigger.pullback_window=9,trigger.reclaim_level=60,trigger.volume_multiplier=1.5",all_liquid,"{""trigger.hold_floor"": 50, ""trigger.pullback_ceiling"": 55, ""trigger.pullback_window"": 9, ""trigger.reclaim_level"": 60, ""trigger.volume_multiplier"": 1.5}",10,3846,3768,882,1215,0,22,3,12,0,0.0,44,MISSING_OR_INVALID_RAW_PATH_PRICE=22 (0.005720),342,83,239,39,10,0,21628,-0.006034836481969383,-0.009811676240613349,4.0,5.0,0.5424628450106157,0.45063694267515925,0.006900212314225053,0.46827873114924595,0.24570982839313574,0.08528341133645345,0.8888888888888873,0.022292993630573247,50,55,9,60,1.5
"rsi_daily_pullback_reclaim_surface_v1__all_liquid__trigger.hold_floor=50,trigger.pullback_ceiling=55,trigger.pullback_window=9,trigger.reclaim_level=60,trigger.volume_multiplier=1.5",all_liquid,"{""trigger.hold_floor"": 50, ""trigger.pullback_ceiling"": 55, ""trigger.pullback_window"": 9, ""trigger.reclaim_level"": 60, ""trigger.volume_multiplier"": 1.5}",20,3846,3716,882,1215,0,41,5,12,0,0.0,77,MISSING_OR_INVALID_RAW_PATH_PRICE=41 (0.010660),533,180,380,75,18,0,42850,-0.01286900249327861,-0.013151172989287942,7.0,9.0,0.5465554359526372,0.4518299246501615,0.0016146393972012918,0.5704628185127405,0.35595423816952676,0.15210608424336974,0.9866623292127527,0.015608180839612486,50,55,9,60,1.5
"rsi_daily_pullback_reclaim_surface_v1__all_liquid__trigger.hold_floor=50,trigger.pullback_ceiling=55,trigger.pullback_window=9,trigger.reclaim_level=60,trigger.volume_multiplier=2.0",all_liquid,"{""trigger.hold_floor"": 50, ""trigger.pullback_ceiling"": 55, ""trigger.pullback_window"": 9, ""trigger.reclaim_level"": 60, ""trigger.volume_multiplier"": 2.0}",5,2733,2696,833,1090,0,8,2,10,0,0.0,19,MISSING_OR_INVALID_RAW_PATH_PRICE=8 (0.002927),172,28,113,13,6,0,7743,-0.0005065686139032015,-0.00909384474530713,2.0,3.0,0.5159495548961425,0.4491839762611276,0.034866468842729974,0.3801683132089279,0.18258324185876326,0.050128064398097326,0.874999999999999,0.0322700296735905,50,55,9,60,2.0
"rsi_daily_pullback_reclaim_surface_v1__all_liquid__trigger.hold_floor=50,trigger.pullback_ceiling=55,trigger.pullback_window=9,trigger.reclaim_level=60,trigger.volume_multiplier=2.0",all_liquid,"{""trigger.hold_floor"": 50, ""trigger.pullback_ceiling"": 55, ""trigger.pullback_window"": 9, ""trigger.reclaim_level"": 60, ""trigger.volume_multiplier"": 2.0}",10,2733,2676,833,1090,0,14,2,10,0,0.0,33,MISSING_OR_INVALID_RAW_PATH_PRICE=14 (0.005123),260,52,183,25,8,0,15362,-0.002685893113752315,-0.011071723794893584,4.0,5.0,0.5355007473841554,0.4585201793721973,0.005979073243647235,0.48664471276985,0.2623490669593853,0.0951335528723015,0.9374999999999991,0.022795216741405083,50,55,9,60,2.0
"rsi_daily_pullback_reclaim_surface_v1__all_liquid__trigger.hold_floor=50,trigger.pullback_ceiling=55,trigger.pullback_window=9,trigger.reclaim_level=60,trigger.volume_multiplier=2.0",all_liquid,"{""trigger.hold_floor"": 50, ""trigger.pullback_ceiling"": 55, ""trigger.pullback_window"": 9, ""trigger.reclaim_level"": 60, ""trigger.volume_multiplier"": 2.0}",20,2733,2645,833,1090,0,27,2,10,0,0.0,51,MISSING_OR_INVALID_RAW_PATH_PRICE=27 (0.009879),388,127,278,52,15,0,30563,-0.009492161196613502,-0.013749367709346899,7.0,9.0,0.5485822306238185,0.4502835538752363,0.0011342155009451795,0.5850713501646543,0.3695572630808635,0.16099524332235637,0.9999999999999977,0.01625708884688091,50,55,9,60,2.0
"rsi_daily_pullback_reclaim_surface_v1__all_liquid__trigger.hold_floor=50,trigger.pullback_ceiling=55,trigger.pullback_window=3,trigger.reclaim_level=62,trigger.volume_multiplier=1.0",all_liquid,"{""trigger.hold_floor"": 50, ""trigger.pullback_ceiling"": 55, ""trigger.pullback_window"": 3, ""trigger.reclaim_level"": 62, ""trigger.volume_multiplier"": 1.0}",5,6388,6316,981,1352,0,18,1,10,0,0.0,44,MISSING_OR_INVALID_RAW_PATH_PRICE=18 (0.002818),323,57,229,30,18,0,17922,-0.004296531227608952,-0.008274674532857,2.0,3.0,0.5315072830905636,0.4342938568714376,0.034198860037998734,0.3298371947401378,0.13494051346274263,0.034439574201628055,0.7878787878787924,0.02707409753008233,50,55,3,62,1.0
"rsi_daily_pullback_reclaim_surface_v1__all_liquid__trigger.hold_floor=50,trigger.pullback_ceiling=55,trigger.pullback_window=3,trigger.reclaim_level=62,trigger.volume_multiplier=1.0",all_liquid,"{""trigger.hold_floor"": 50, ""trigger.pullback_ceiling"": 55, ""trigger.pullback_window"": 3, ""trigger.reclaim_level"": 62, ""trigger.volume_multiplier"": 1.0}",10,6388,6275,981,1352,0,36,1,10,0,0.0,67,MISSING_OR_INVALID_RAW_PATH_PRICE=36 (0.005636),509,110,365,55,27,0,35648,-0.009963362552109292,-0.00907046977172292,4.0,5.0,0.5368924302788844,0.45705179282868524,0.006055776892430279,0.4444270507201002,0.22025673137132123,0.07263619286161553,0.8666666666666651,0.020239043824701194,50,55,3,62,1.0
"rsi_daily_pullback_reclaim_surface_v1__all_liquid__trigger.hold_floor=50,trigger.pullback_ceiling=55,trigger.pullback_window=3,trigger.reclaim_level=62,trigger.volume_multiplier=1.0",all_liquid,"{""trigger.hold_floor"": 50, ""trigger.pullback_ceiling"": 55, ""trigger.pullback_window"": 3, ""trigger.reclaim_level"": 62, ""trigger.volume_multiplier"": 1.0}",20,6388,6186,981,1352,0,64,2,10,0,0.0,128,MISSING_OR_INVALID_RAW_PATH_PRICE=64 (0.010019),838,240,598,113,38,0,70361,-0.017974129222691596,-0.010922288390790444,7.0,9.0,0.5368574199806013,0.4624959586162302,0.0006466214031684449,0.5529117094552286,0.3339073262366938,0.13994990607388855,0.972556390977442,0.015518913676042677,50,55,3,62,1.0
"rsi_daily_pullback_reclaim_surface_v1__all_liquid__trigger.hold_floor=50,trigger.pullback_ceiling=55,trigger.pullback_window=3,trigger.reclaim_level=62,trigger.volume_multiplier=1.2",all_liquid,"{""trigger.hold_floor"": 50, ""trigger.pullback_ceiling"": 55, ""trigger.pullback_window"": 3, ""trigger.reclaim_level"": 62, ""trigger.volume_multiplier"": 1.2}",5,6055,5985,977,1349,0,18,1,9,0,0.0,43,MISSING_OR_INVALID_RAW_PATH_PRICE=18 (0.002973),309,52,220,29,18,0,16993,-0.003972525214445931,-0.008738861659382688,2.0,3.0,0.5311612364243943,0.4355889724310777,0.03324979114452799,0.33278282411230387,0.13641618497109825,0.03451692815854666,0.7826086956521743,0.027736006683375104,50,55,3,62,1.2
"rsi_daily_pullback_reclaim_surface_v1__all_liquid__trigger.hold_floor=50,trigger.pullback_ceiling=55,trigger.pullback_window=3,trigger.reclaim_level=62,trigger.volume_multiplier=1.2",all_liquid,"{""trigger.hold_floor"": 50, ""trigger.pullback_ceiling"": 55, ""trigger.pullback_window"": 3, ""trigger.reclaim_level"": 62, ""trigger.volume_multiplier"": 1.2}",10,6055,5947,977,1349,0,36,1,9,0,0.0,63,MISSING_OR_INVALID_RAW_PATH_PRICE=36 (0.005945),489,105,353,54,27,0,33817,-0.009600034359815837,-0.009547830108096456,4.0,5.0,0.5377501261140071,0.456364553556415,0.005885320329577938,0.4475639966969447,0.22163501238645747,0.07283236994219654,0.8596059113300529,0.02068269715823104,50,55,3,62,1.2
"rsi_daily_pullback_reclaim_surface_v1__all_liquid__trigger.hold_floor=50,trigger.pullback_ceiling=55,trigger.pullback_window=3,trigger.reclaim_level=62,trigger.volume_multiplier=1.2",all_liquid,"{""trigger.hold_floor"": 50, ""trigger.pullback_ceiling"": 55, ""trigger.pullback_window"": 3, ""trigger.reclaim_level"": 62, ""trigger.volume_multiplier"": 1.2}",20,6055,5863,977,1349,0,63,2,9,0,0.0,120,MISSING_OR_INVALID_RAW_PATH_PRICE=63 (0.010405),808,226,580,109,38,0,66776,-0.017649417459730102,-0.011599704927632501,7.0,9.0,0.5388026607538803,0.460685655807607,0.0005116834385127068,0.5550784475639967,0.33559042113955406,0.14153592072667218,0.9677419354838694,0.01569162544772301,50,55,3,62,1.2
"rsi_daily_pullback_reclaim_surface_v1__all_liquid__trigger.hold_floor=50,trigger.pullback_ceiling=55,trigger.pullback_window=3,trigger.reclaim_level=62,trigger.volume_multiplier=1.5",all_liquid,"{""trigger.hold_floor"": 50, ""trigger.pullback_ceiling"": 55, ""trigger.pullback_window"": 3, ""trigger.reclaim_level"": 62, ""trigger.volume_multiplier"": 1.5}",5,5452,5384,973,1333,0,17,1,9,0,0.0,42,MISSING_OR_INVALID_RAW_PATH_PRICE=17 (0.003118),292,48,204,26,15,0,15143,-0.0030031040523506025,-0.009379607779353387,2.0,3.0,0.5315750371471025,0.4361069836552749,0.03231797919762259,0.34115920763022745,0.1417828319882612,0.03539985326485693,0.7916666666666685,0.027303120356612184,50,55,3,62,1.5
"rsi_daily_pullback_reclaim_surface_v1__all_liquid__trigger.hold_floor=50,trigger.pullback_ceiling=55,trigger.pullback_window=3,trigger.reclaim_level=62,trigger.volume_multiplier=1.5",all_liquid,"{""trigger.hold_floor"": 50, ""trigger.pullback_ceiling"": 55, ""trigger.pullback_window"": 3, ""trigger.reclaim_level"": 62, ""trigger.volume_multiplier"": 1.5}",10,5452,5350,973,1333,0,32,1,9,0,0.0,61,MISSING_OR_INVALID_RAW_PATH_PRICE=32 (0.005869),462,96,330,47,21,0,30123,-0.00834280513063531,-0.010367284842069066,4.0,5.0,0.5388785046728972,0.4557009345794393,0.005420560747663551,0.45487894350696995,0.22762289068231842,0.07501834189288334,0.85,0.020747663551401868,50,55,3,62,1.5
"rsi_daily_pullback_reclaim_surface_v1__all_liquid__trigger.hold_floor=50,trigger.pullback_ceiling=55,trigger.pullback_window=3,trigger.reclaim_level=62,trigger.volume_multiplier=1.5",all_liquid,"{""trigger.hold_floor"": 50, ""trigger.pullback_ceiling"": 55, ""trigger.pullback_window"": 3, ""trigger.reclaim_level"": 62, ""trigger.volume_multiplier"": 1.5}",20,5452,5274,973,1333,0,57,2,9,0,0.0,112,MISSING_OR_INVALID_RAW_PATH_PRICE=57 (0.010455),761,207,543,96,30,0,59477,-0.016173186503231848,-0.012500923606301145,7.0,9.0,0.5415244596131968,0.4579067121729238,0.0005688282138794084,0.5586940572267058,0.3422597212032282,0.14618488628026413,0.9534632034632042,0.015927189988623434,50,55,3,62,1.5
"rsi_daily_pullback_reclaim_surface_v1__all_liquid__trigger.hold_floor=50,trigger.pullback_ceiling=55,trigger.pullback_window=3,trigger.reclaim_level=62,trigger.volume_multiplier=2.0",all_liquid,"{""trigger.hold_floor"": 50, ""trigger.pullback_ceiling"": 55, ""trigger.pullback_window"": 3, ""trigger.reclaim_level"": 62, ""trigger.volume_multiplier"": 2.0}",5,4456,4398,952,1274,0,11,1,8,0,0.0,39,MISSING_OR_INVALID_RAW_PATH_PRICE=11 (0.002469),245,36,171,20,14,0,12273,-0.0015879887894960955,-0.010003706513245733,2.0,3.0,0.5343337880854934,0.4331514324693042,0.03251477944520236,0.3485188509874327,0.14766606822262118,0.03590664272890485,0.8,0.026830377444292862,50,55,3,62,2.0
"rsi_daily_pullback_reclaim_surface_v1__all_liquid__trigger.hold_floor=50,trigger.pullback_ceiling=55,trigger.pullback_window=3,trigger.reclaim_level=62,trigger.volume_multiplier=2.0",all_liquid,"{""trigger.hold_floor"": 50, ""trigger.pullback_ceiling"": 55, ""trigger.pullback_window"": 3, ""trigger.reclaim_level"": 62, ""trigger.volume_multiplier"": 2.0}",10,4456,4374,952,1274,0,21,1,8,0,0.0,53,MISSING_OR_INVALID_RAW_PATH_PRICE=21 (0.004713),388,75,279,38,19,0,24449,-0.007525320289996737,-0.011551959013360636,4.0,5.0,0.5432098765432098,0.4510745313214449,0.005715592135345221,0.45803411131059246,0.23070017953321365,0.07719928186714542,0.833333333333335,0.02034750800182899,50,55,3,62,2.0
"rsi_daily_pullback_reclaim_surface_v1__all_liquid__trigger.hold_floor=50,trigger.pullback_ceiling=55,trigger.pullback_window=3,trigger.reclaim_level=62,trigger.volume_multiplier=2.0",all_liquid,"{""trigger.hold_floor"": 50, ""trigger.pullback_ceiling"": 55, ""trigger.pullback_window"": 3, ""trigger.reclaim_level"": 62, ""trigger.volume_multiplier"": 2.0}",20,4456,4311,952,1274,0,42,2,8,0,0.0,95,MISSING_OR_INVALID_RAW_PATH_PRICE=42 (0.009425),643,171,461,82,26,0,48262,-0.0154828147471721,-0.013410063051380094,7.0,9.0,0.5511482254697286,0.44815588030619347,0.0006958942240779402,0.5578994614003591,0.34313285457809695,0.14587073608617596,0.9230769230769234,0.015309672929714684,50,55,3,62,2.0
"rsi_daily_pullback_reclaim_surface_v1__all_liquid__trigger.hold_floor=50,trigger.pullback_ceiling=55,trigger.pullback_window=6,trigger.reclaim_level=62,trigger.volume_multiplier=1.0",all_liquid,"{""trigger.hold_floor"": 50, ""trigger.pullback_ceiling"": 55, ""trigger.pullback_window"": 6, ""trigger.reclaim_level"": 62, ""trigger.volume_multiplier"": 1.0}",5,6380,6303,951,1339,0,22,3,13,0,0.0,42,MISSING_OR_INVALID_RAW_PATH_PRICE=22 (0.003448),324,66,219,36,16,0,18237,-0.004411202574929853,-0.008136150275040322,2.0,3.0,0.5340314136125655,0.43027129938124703,0.03569728700618753,0.33369905956112855,0.13855799373040753,0.03369905956112853,0.7857142857142778,0.028557829604950024,50,55,6,62,1.0
"rsi_daily_pullback_reclaim_surface_v1__all_liquid__trigger.hold_floor=50,trigger.pullback_ceiling=55,trigger.pullback_window=6,trigger.reclaim_level=62,trigger.volume_multiplier=1.0",all_liquid,"{""trigger.hold_floor"": 50, ""trigger.pullback_ceiling"": 55, ""trigger.pullback_window"": 6, ""trigger.reclaim_level"": 62, ""trigger.volume_multiplier"": 1.0}",10,6380,6262,951,1339,0,38,3,13,0,0.0,67,MISSING_OR_INVALID_RAW_PATH_PRICE=38 (0.005956),499,117,349,61,25,0,36256,-0.009430247357614163,-0.008662477984392075,4.0,5.0,0.5352922389013095,0.4586394123283296,0.006068348770360907,0.4449843260188088,0.22351097178683385,0.07351097178683386,0.8571428571428561,0.020281060364100927,50,55,6,62,1.0
"rsi_daily_pullback_reclaim_surface_v1__all_liquid__trigger.hold_floor=50,trigger.pullback_ceiling=55,trigger.pullback_window=6,trigger.reclaim_level=62,trigger.volume_multiplier=1.0",all_liquid,"{""trigger.hold_floor"": 50, ""trigger.pullback_ceiling"": 55, ""trigger.pullback_window"": 6, ""trigger.reclaim_level"": 62, ""trigger.volume_multiplier"": 1.0}",20,6380,6165,951,1339,0,69,4,12,0,0.0,134,MISSING_OR_INVALID_RAW_PATH_PRICE=69 (0.010815),809,262,578,123,37,0,71458,-0.015954824311764294,-0.010207047843020622,8.0,9.0,0.5252230332522303,0.47396593673965937,0.0008110300081103001,0.5609717868338558,0.345141065830721,0.1427899686520376,1.0119047619047603,0.01492295214922952,50,55,6,62,1.0
"rsi_daily_pullback_reclaim_surface_v1__all_liquid__trigger.hold_floor=50,trigger.pullback_ceiling=55,trigger.pullback_window=6,trigger.reclaim_level=62,trigger.volume_multiplier=1.2",all_liquid,"{""trigger.hold_floor"": 50, ""trigger.pullback_ceiling"": 55, ""trigger.pullback_window"": 6, ""trigger.reclaim_level"": 62, ""trigger.volume_multiplier"": 1.2}",5,5885,5814,949,1330,0,21,3,13,0,0.0,37,MISSING_OR_INVALID_RAW_PATH_PRICE=21 (0.003568),310,60,211,34,15,0,16772,-0.003826572906229408,-0.008787365253993651,2.0,3.0,0.5352597179222566,0.42879256965944273,0.03594771241830065,0.33984706881903143,0.14222599830076466,0.03449447748513169,0.7812500000000053,0.029411764705882353,50,55,6,62,1.2
"rsi_daily_pullback_reclaim_surface_v1__all_liquid__trigger.hold_floor=50,trigger.pullback_ceiling=55,trigger.pullback_window=6,trigger.reclaim_level=62,trigger.volume_multiplier=1.2",all_liquid,"{""trigger.hold_floor"": 50, ""trigger.pullback_ceiling"": 55, ""trigger.pullback_window"": 6, ""trigger.reclaim_level"": 62, ""trigger.volume_multiplier"": 1.2}",10,5885,5775,949,1330,0,37,3,13,0,0.0,60,MISSING_OR_INVALID_RAW_PATH_PRICE=37 (0.006287),479,109,337,57,23,0,33344,-0.008877145895971918,-0.00933850556886396,4.0,5.0,0.5378354978354979,0.4561038961038961,0.006060606060606061,0.4518266779949023,0.2268479184367035,0.07476635514018691,0.8544337606837618,0.02095238095238095,50,55,6,62,1.2
"rsi_daily_pullback_reclaim_surface_v1__all_liquid__trigger.hold_floor=50,trigger.pullback_ceiling=55,trigger.pullback_window=6,trigger.reclaim_level=62,trigger.volume_multiplier=1.2",all_liquid,"{""trigger.hold_floor"": 50, ""trigger.pullback_ceiling"": 55, ""trigger.pullback_window"": 6, ""trigger.reclaim_level"": 62, ""trigger.volume_multiplier"": 1.2}",20,5885,5686,949,1330,0,66,3,12,0,0.0,121,MISSING_OR_INVALID_RAW_PATH_PRICE=66 (0.011215),777,241,559,111,35,0,65773,-0.015220962424272816,-0.011083810325781328,8.0,9.0,0.5298979950756243,0.46922265212803377,0.0008793527963418924,0.5639762107051827,0.34868309260832625,0.14562446898895498,1.000000000000002,0.015476609215617306,50,55,6,62,1.2
"rsi_daily_pullback_reclaim_surface_v1__all_liquid__trigger.hold_floor=50,trigger.pullback_ceiling=55,trigger.pullback_window=6,trigger.reclaim_level=62,trigger.volume_multiplier=1.5",all_liquid,"{""trigger.hold_floor"": 50, ""trigger.pullback_ceiling"": 55, ""trigger.pullback_window"": 6, ""trigger.reclaim_level"": 62, ""trigger.volume_multiplier"": 1.5}",5,5144,5076,941,1307,0,20,3,12,0,0.0,36,MISSING_OR_INVALID_RAW_PATH_PRICE=20 (0.003888),288,54,192,30,12,0,14507,-0.0027627932598777785,-0.009587999778170953,2.0,3.0,0.5360520094562647,0.42828999211977936,0.035657998423955874,0.3475894245723173,0.14852255054432348,0.03693623639191291,0.7857142857142901,0.028565799842395587,50,55,6,62,1.5
"rsi_daily_pullback_reclaim_surface_v1__all_liquid__trigger.hold_floor=50,trigger.pullback_ceiling=55,trigger.pullback_window=6,trigger.reclaim_level=62,trigger.volume_multiplier=1.5",all_liquid,"{""trigger.hold_floor"": 50, ""trigger.pullback_ceiling"": 55, ""trigger.pullback_window"": 6, ""trigger.reclaim_level"": 62, ""trigger.volume_multiplier"": 1.5}",10,5144,5042,941,1307,0,33,3,12,0,0.0,57,MISSING_OR_INVALID_RAW_PATH_PRICE=33 (0.006415),450,98,313,50,17,0,28837,-0.007818534725151573,-0.010717708645775592,4.0,5.0,0.5410551368504561,0.45299484331614437,0.005950019833399445,0.4593701399688958,0.23192068429237947,0.07834370139968896,0.8421052631578949,0.021221737405791353,50,55,6,62,1.5
"rsi_daily_pullback_reclaim_surface_v1__all_liquid__trigger.hold_floor=50,trigger.pullback_ceiling=55,trigger.pullback_window=6,trigger.reclaim_level=62,trigger.volume_multiplier=1.5",all_liquid,"{""trigger.hold_floor"": 50, ""trigger.pullback_ceiling"": 55, ""trigger.pullback_window"": 6, ""trigger.reclaim_level"": 62, ""trigger.volume_multiplier"": 1.5}",20,5144,4967,941,1307,0,61,3,11,0,0.0,105,MISSING_OR_INVALID_RAW_PATH_PRICE=61 (0.011858),728,217,522,97,28,0,56968,-0.014424506032671217,-0.012193903165042597,7.0,9.0,0.5351318703442722,0.46386148580632175,0.0010066438494060802,0.5670684292379471,0.3534214618973561,0.15027216174183514,0.999999999999997,0.015502315280853635,50,55,6,62,1.5
"rsi_daily_pullback_reclaim_surface_v1__all_liquid__trigger.hold_floor=50,trigger.pullback_ceiling=55,trigger.pullback_window=6,trigger.reclaim_level=62,trigger.volume_multiplier=2.0",all_liquid,"{""trigger.hold_floor"": 50, ""trigger.pullback_ceiling"": 55, ""trigger.pullback_window"": 6, ""trigger.reclaim_level"": 62, ""trigger.volume_multiplier"": 2.0}",5,4019,3967,909,1234,0,12,2,9,0,0.0,31,MISSING_OR_INVALID_RAW_PATH_PRICE=12 (0.002986),231,37,152,21,11,0,11298,-0.0014639678486616202,-0.010282850177298117,2.0,3.0,0.5379379884043358,0.42551046130577264,0.036551550289891606,0.35730281164468775,0.1565065936800199,0.03956208011943269,0.7916666666666742,0.026720443660196623,50,55,6,62,2.0
"rsi_daily_pullback_reclaim_surface_v1__all_liquid__trigger.hold_floor=50,trigger.pullback_ceiling=55,trigger.pullback_window=6,trigger.reclaim_level=62,trigger.volume_multiplier=2.0",all_liquid,"{""trigger.hold_floor"": 50, ""trigger.pullback_ceiling"": 55, ""trigger.pullback_window"": 6, ""trigger.reclaim_level"": 62, ""trigger.volume_multiplier"": 2.0}",10,4019,3941,909,1234,0,22,2,9,0,0.0,47,MISSING_OR_INVALID_RAW_PATH_PRICE=22 (0.005474),363,70,252,36,15,0,22474,-0.006774362002657595,-0.012077497924397464,4.0,5.0,0.5452930728241563,0.4488708449632073,0.005836082212636387,0.46703159990047277,0.23787011694451357,0.08310525006220452,0.8424317617865995,0.019538188277087035,50,55,6,62,2.0
"rsi_daily_pullback_reclaim_surface_v1__all_liquid__trigger.hold_floor=50,trigger.pullback_ceiling=55,trigger.pullback_window=6,trigger.reclaim_level=62,trigger.volume_multiplier=2.0",all_liquid,"{""trigger.hold_floor"": 50, ""trigger.pullback_ceiling"": 55, ""trigger.pullback_window"": 6, ""trigger.reclaim_level"": 62, ""trigger.volume_multiplier"": 2.0}",20,4019,3884,909,1234,0,45,2,9,0,0.0,81,MISSING_OR_INVALID_RAW_PATH_PRICE=45 (0.011197),582,164,417,74,24,0,44456,-0.01319988635987688,-0.013243203618120529,7.0,9.0,0.5406797116374872,0.45829042224510813,0.0010298661174047373,0.570788753421249,0.3578004478726051,0.15352077631251554,0.9583333333333324,0.01416065911431514,50,55,6,62,2.0
"rsi_daily_pullback_reclaim_surface_v1__all_liquid__trigger.hold_floor=50,trigger.pullback_ceiling=55,trigger.pullback_window=9,trigger.reclaim_level=62,trigger.volume_multiplier=1.0",all_liquid,"{""trigger.hold_floor"": 50, ""trigger.pullback_ceiling"": 55, ""trigger.pullback_window"": 9, ""trigger.reclaim_level"": 62, ""trigger.volume_multiplier"": 1.0}",5,5539,5477,926,1297,0,21,3,16,0,0.0,25,MISSING_OR_INVALID_RAW_PATH_PRICE=21 (0.003791),316,59,218,29,11,0,16026,-0.004179498306409523,-0.008117507156162326,2.0,3.0,0.5258353113018076,0.4369180208143144,0.03724666788387804,0.3408557501354035,0.1518324607329843,0.03899620870193175,0.8275862068965548,0.030491144787292312,50,55,9,62,1.0
"rsi_daily_pullback_reclaim_surface_v1__all_liquid__trigger.hold_floor=50,trigger.pullback_ceiling=55,trigger.pullback_window=9,trigger.reclaim_level=62,trigger.volume_multiplier=1.0",all_liquid,"{""trigger.hold_floor"": 50, ""trigger.pullback_ceiling"": 55, ""trigger.pullback_window"": 9, ""trigger.reclaim_level"": 62, ""trigger.volume_multiplier"": 1.0}",10,5539,5443,926,1297,0,32,3,16,0,0.0,48,MISSING_OR_INVALID_RAW_PATH_PRICE=32 (0.005777),477,105,337,50,16,0,31848,-0.009105252270689132,-0.009382750913586212,4.0,5.0,0.5394084144773104,0.45416130810214955,0.006430277420540143,0.44683155804296804,0.2345188662213396,0.0792561834266113,0.8651685393258406,0.022414109865882784,50,55,9,62,1.0
"rsi_daily_pullback_reclaim_surface_v1__all_liquid__trigger.hold_floor=50,trigger.pullback_ceiling=55,trigger.pullback_window=9,trigger.reclaim_level=62,trigger.volume_multiplier=1.0",all_liquid,"{""trigger.hold_floor"": 50, ""trigger.pullback_ceiling"": 55, ""trigger.pullback_window"": 9, ""trigger.reclaim_level"": 62, ""trigger.volume_multiplier"": 1.0}",20,5539,5363,926,1297,0,57,7,15,0,0.0,104,MISSING_OR_INVALID_RAW_PATH_PRICE=57 (0.010291),747,246,537,106,27,0,62878,-0.015868222267693355,-0.011509030292366232,7.0,9.0,0.5351482379265337,0.4641059108707813,0.0007458512026850643,0.561112114100018,0.34681350424264307,0.1471384726484925,0.9688470496894428,0.01771396606377028,50,55,9,62,1.0
"rsi_daily_pullback_reclaim_surface_v1__all_liquid__trigger.hold_floor=50,trigger.pullback_ceiling=55,trigger.pullback_window=9,trigger.reclaim_level=62,trigger.volume_multiplier=1.2",all_liquid,"{""trigger.hold_floor"": 50, ""trigger.pullback_ceiling"": 55, ""trigger.pullback_window"": 9, ""trigger.reclaim_level"": 62, ""trigger.volume_multiplier"": 1.2}",5,5018,4960,921,1273,0,21,3,16,0,0.0,21,MISSING_OR_INVALID_RAW_PATH_PRICE=21 (0.004185),298,52,205,26,11,0,14487,-0.0032927402079111698,-0.00878656311375893,2.0,3.0,0.526008064516129,0.43629032258064515,0.03770161290322581,0.3485452371462734,0.15583897967317656,0.040055799123156634,0.8205128205128221,0.030443548387096776,50,55,9,62,1.2
"rsi_daily_pullback_reclaim_surface_v1__all_liquid__trigger.hold_floor=50,trigger.pullback_ceiling=55,trigger.pullback_window=9,trigger.reclaim_level=62,trigger.volume_multiplier=1.2",all_liquid,"{""trigger.hold_floor"": 50, ""trigger.pullback_ceiling"": 55, ""trigger.pullback_window"": 9, ""trigger.reclaim_level"": 62, ""trigger.volume_multiplier"": 1.2}",10,5018,4930,921,1273,0,32,3,16,0,0.0,40,MISSING_OR_INVALID_RAW_PATH_PRICE=32 (0.006377),451,96,320,46,16,0,28807,-0.008027306519555511,-0.010392609388911149,4.0,5.0,0.5421906693711968,0.4513184584178499,0.006490872210953347,0.45396572339577523,0.23893981666002392,0.08090872857712236,0.8571428571428577,0.022109533468559837,50,55,9,62,1.2
"rsi_daily_pullback_reclaim_surface_v1__all_liquid__trigger.hold_floor=50,trigger.pullback_ceiling=55,trigger.pullback_window=9,trigger.reclaim_level=62,trigger.volume_multiplier=1.2",all_liquid,"{""trigger.hold_floor"": 50, ""trigger.pullback_ceiling"": 55, ""trigger.pullback_window"": 9, ""trigger.reclaim_level"": 62, ""trigger.volume_multiplier"": 1.2}",20,5018,4858,921,1273,0,55,6,15,0,0.0,90,MISSING_OR_INVALID_RAW_PATH_PRICE=55 (0.010961),704,222,508,94,27,0,56926,-0.015111312731229846,-0.012485240292377926,7.0,9.0,0.5411692054343351,0.4580074104569782,0.0008233841086867024,0.5629732961339179,0.3501394978078916,0.1500597847748107,0.957427536231884,0.01729106628242075,50,55,9,62,1.2
"rsi_daily_pullback_reclaim_surface_v1__all_liquid__trigger.hold_floor=50,trigger.pullback_ceiling=55,trigger.pullback_window=9,trigger.reclaim_level=62,trigger.volume_multiplier=1.5",all_liquid,"{""trigger.hold_floor"": 50, ""trigger.pullback_ceiling"": 55, ""trigger.pullback_window"": 9, ""trigger.reclaim_level"": 62, ""trigger.volume_multiplier"": 1.5}",5,4281,4225,909,1229,0,20,3,15,0,0.0,21,MISSING_OR_INVALID_RAW_PATH_PRICE=20 (0.004672),272,48,182,23,8,0,12247,-0.002225594680796892,-0.00983676990803457,2.0,3.0,0.5294674556213018,0.4336094674556213,0.036923076923076927,0.3576267227283345,0.1614108853071712,0.042980612006540526,0.8124999999999957,0.02911242603550296,50,55,9,62,1.5
"rsi_daily_pullback_reclaim_surface_v1__all_liquid__trigger.hold_floor=50,trigger.pullback_ceiling=55,trigger.pullback_window=9,trigger.reclaim_level=62,trigger.volume_multiplier=1.5",all_liquid,"{""trigger.hold_floor"": 50, ""trigger.pullback_ceiling"": 55, ""trigger.pullback_window"": 9, ""trigger.reclaim_level"": 62, ""trigger.volume_multiplier"": 1.5}",10,4281,4199,909,1229,0,29,3,15,0,0.0,38,MISSING_OR_INVALID_RAW_PATH_PRICE=29 (0.006774),412,86,287,41,11,0,24347,-0.007464857373066652,-0.011884532025286502,4.0,5.0,0.5484639199809478,0.44510597761371756,0.006430102405334604,0.4611072179397337,0.2429338939500117,0.08315814062135016,0.836302017654477,0.021671826625386997,50,55,9,62,1.5
"rsi_daily_pullback_reclaim_surface_v1__all_liquid__trigger.hold_floor=50,trigger.pullback_ceiling=55,trigger.pullback_window=9,trigger.reclaim_level=62,trigger.volume_multiplier=1.5",all_liquid,"{""trigger.hold_floor"": 50, ""trigger.pullback_ceiling"": 55, ""trigger.pullback_window"": 9, ""trigger.reclaim_level"": 62, ""trigger.volume_multiplier"": 1.5}",20,4281,4142,909,1229,0,51,6,14,0,0.0,74,MISSING_OR_INVALID_RAW_PATH_PRICE=51 (0.011913),647,201,463,84,22,0,48228,-0.014455361936694833,-0.013842977178131561,7.0,9.0,0.5475615644616127,0.4514727184934814,0.0009657170449058426,0.5659892548469984,0.3534220976407381,0.15416958654519972,0.9285714285714282,0.016658619024625784,50,55,9,62,1.5
"rsi_daily_pullback_reclaim_surface_v1__all_liquid__trigger.hold_floor=50,trigger.pullback_ceiling=55,trigger.pullback_window=9,trigger.reclaim_level=62,trigger.volume_multiplier=2.0",all_liquid,"{""trigger.hold_floor"": 50, ""trigger.pullback_ceiling"": 55, ""trigger.pullback_window"": 9, ""trigger.reclaim_level"": 62, ""trigger.volume_multiplier"": 2.0}",5,3232,3190,873,1133,0,11,2,12,0,0.0,19,MISSING_OR_INVALID_RAW_PATH_PRICE=11 (0.003403),212,34,140,17,7,0,9223,-0.0006440872588273049,-0.01045392853986292,2.0,3.0,0.529153605015674,0.43322884012539187,0.03761755485893417,0.3712871287128713,0.17233910891089108,0.04672029702970297,0.8333333333333367,0.027899686520376176,50,55,9,62,2.0
"rsi_daily_pullback_reclaim_surface_v1__all_liquid__trigger.hold_floor=50,trigger.pullback_ceiling=55,trigger.pullback_window=9,trigger.reclaim_level=62,trigger.volume_multiplier=2.0",all_liquid,"{""trigger.hold_floor"": 50, ""trigger.pullback_ceiling"": 55, ""trigger.pullback_window"": 9, ""trigger.reclaim_level"": 62, ""trigger.volume_multiplier"": 2.0}",10,3232,3170,873,1133,0,20,2,12,0,0.0,30,MISSING_OR_INVALID_RAW_PATH_PRICE=20 (0.006188),320,60,226,28,9,0,18348,-0.005982095219825952,-0.013228788293469415,4.0,5.0,0.5488958990536278,0.4451104100946372,0.005993690851735016,0.47215346534653463,0.25123762376237624,0.09034653465346534,0.8571428571428558,0.02018927444794953,50,55,9,62,2.0
"rsi_daily_pullback_reclaim_surface_v1__all_liquid__trigger.hold_floor=50,trigger.pullback_ceiling=55,trigger.pullback_window=9,trigger.reclaim_level=62,trigger.volume_multiplier=2.0",all_liquid,"{""trigger.hold_floor"": 50, ""trigger.pullback_ceiling"": 55, ""trigger.pullback_window"": 9, ""trigger.reclaim_level"": 62, ""trigger.volume_multiplier"": 2.0}",20,3232,3130,873,1133,0,38,3,12,0,0.0,52,MISSING_OR_INVALID_RAW_PATH_PRICE=38 (0.011757),493,150,356,62,18,0,36436,-0.012647659089034424,-0.014397336864089151,7.0,10.0,0.549520766773163,0.44952076677316294,0.0009584664536741214,0.5739480198019802,0.3604579207920792,0.16120049504950495,0.9240384615384619,0.01597444089456869,50,55,9,62,2.0
"rsi_daily_pullback_reclaim_surface_v1__all_liquid__trigger.hold_floor=50,trigger.pullback_ceiling=55,trigger.pullback_window=3,trigger.reclaim_level=65,trigger.volume_multiplier=1.0",all_liquid,"{""trigger.hold_floor"": 50, ""trigger.pullback_ceiling"": 55, ""trigger.pullback_window"": 3, ""trigger.reclaim_level"": 65, ""trigger.volume_multiplier"": 1.0}",5,4174,4122,939,1239,0,13,1,6,0,0.0,33,MISSING_OR_INVALID_RAW_PATH_PRICE=13 (0.003115),261,46,184,23,14,0,11551,-0.0017677642558227777,-0.010992602947405719,2.0,3.0,0.519893255701116,0.44492964580300826,0.03517709849587579,0.35098227120268327,0.15500718735026353,0.04048873981792046,0.8000000000000017,0.028626880155264434,50,55,3,65,1.0
"rsi_daily_pullback_reclaim_surface_v1__all_liquid__trigger.hold_floor=50,trigger.pullback_ceiling=55,trigger.pullback_window=3,trigger.reclaim_level=65,trigger.volume_multiplier=1.0",all_liquid,"{""trigger.hold_floor"": 50, ""trigger.pullback_ceiling"": 55, ""trigger.pullback_window"": 3, ""trigger.reclaim_level"": 65, ""trigger.volume_multiplier"": 1.0}",10,4174,4098,939,1239,0,18,1,6,0,0.0,52,MISSING_OR_INVALID_RAW_PATH_PRICE=18 (0.004312),410,89,299,47,23,0,22933,-0.008011064906782994,-0.011680992188113902,4.0,5.0,0.5395314787701317,0.4536359199609566,0.006832601268911664,0.45208433157642547,0.2319118351701006,0.0819357930043124,0.833333333333337,0.021473889702293802,50,55,3,65,1.0
"rsi_daily_pullback_reclaim_surface_v1__all_liquid__trigger.hold_floor=50,trigger.pullback_ceiling=55,trigger.pullback_window=3,trigger.reclaim_level=65,trigger.volume_multiplier=1.0",all_liquid,"{""trigger.hold_floor"": 50, ""trigger.pullback_ceiling"": 55, ""trigger.pullback_window"": 3, ""trigger.reclaim_level"": 65, ""trigger.volume_multiplier"": 1.0}",20,4174,4039,939,1239,0,38,2,6,0,0.0,91,MISSING_OR_INVALID_RAW_PATH_PRICE=38 (0.009104),672,187,482,94,31,0,45233,-0.01717350469598894,-0.012943350802024578,7.0,9.0,0.549641000247586,0.44986382768011884,0.0004951720722951226,0.5517489218974605,0.33948251078102537,0.14710110206037375,0.9207920792079208,0.015845506313443922,50,55,3,65,1.0
"rsi_daily_pullback_reclaim_surface_v1__all_liquid__trigger.hold_floor=50,trigger.pullback_ceiling=55,trigger.pullback_window=3,trigger.reclaim_level=65,trigger.volume_multiplier=1.2",all_liquid,"{""trigger.hold_floor"": 50, ""trigger.pullback_ceiling"": 55, ""trigger.pullback_window"": 3, ""trigger.reclaim_level"": 65, ""trigger.volume_multiplier"": 1.2}",5,4082,4030,938,1235,0,13,1,6,0,0.0,33,MISSING_OR_INVALID_RAW_PATH_PRICE=13 (0.003185),258,44,184,22,14,0,11266,-0.0016598754903035078,-0.011132401839789228,2.0,3.0,0.5198511166253101,0.4446650124069479,0.035483870967741936,0.3520333170014699,0.15629593336599706,0.040666340029397355,0.8027777777777816,0.028784119106699754,50,55,3,65,1.2
"rsi_daily_pullback_reclaim_surface_v1__all_liquid__trigger.hold_floor=50,trigger.pullback_ceiling=55,trigger.pullback_window=3,trigger.reclaim_level=65,trigger.volume_multiplier=1.2",all_liquid,"{""trigger.hold_floor"": 50, ""trigger.pullback_ceiling"": 55, ""trigger.pullback_window"": 3, ""trigger.reclaim_level"": 65, ""trigger.volume_multiplier"": 1.2}",10,4082,4007,938,1235,0,18,1,6,0,0.0,51,MISSING_OR_INVALID_RAW_PATH_PRICE=18 (0.004410),406,87,299,46,23,0,22373,-0.007816458739655766,-0.011884532025286502,4.0,5.0,0.5408035937110057,0.45245819815323185,0.006738208135762416,0.4534541891229789,0.2334639882410583,0.08206761391474768,0.8333333333333329,0.021462440728724733,50,55,3,65,1.2
"rsi_daily_pullback_reclaim_surface_v1__all_liquid__trigger.hold_floor=50,trigger.pullback_ceiling=55,trigger.pullback_window=3,trigger.reclaim_level=65,trigger.volume_multiplier=1.2",all_liquid,"{""trigger.hold_floor"": 50, ""trigger.pullback_ceiling"": 55, ""trigger.pullback_window"": 3, ""trigger.reclaim_level"": 65, ""trigger.volume_multiplier"": 1.2}",20,4082,3949,938,1235,0,38,2,6,0,0.0,89,MISSING_OR_INVALID_RAW_PATH_PRICE=38 (0.009309),666,182,481,91,31,0,44125,-0.01687920343027554,-0.013185673764801027,7.0,9.0,0.5512788047606989,0.4482147379083312,0.0005064573309698658,0.5519353258206762,0.3397844194022538,0.14821166095051444,0.911764705882353,0.01570017726006584,50,55,3,65,1.2
"rsi_daily_pullback_reclaim_surface_v1__all_liquid__trigger.hold_floor=50,trigger.pullback_ceiling=55,trigger.pullback_window=3,trigger.reclaim_level=65,trigger.volume_multiplier=1.5",all_liquid,"{""trigger.hold_floor"": 50, ""trigger.pullback_ceiling"": 55, ""trigger.pullback_window"": 3, ""trigger.reclaim_level"": 65, ""trigger.volume_multiplier"": 1.5}",5,3888,3838,937,1225,0,12,1,6,0,0.0,32,MISSING_OR_INVALID_RAW_PATH_PRICE=12 (0.003086),251,42,177,21,10,0,10716,-0.0012176419164346922,-0.011470962729289522,2.0,3.0,0.5216258467952058,0.44346013548723295,0.03491401771756123,0.3575102880658436,0.15869341563786007,0.04089506172839506,0.8085106382978696,0.02840020844189682,50,55,3,65,1.5
"rsi_daily_pullback_reclaim_surface_v1__all_liquid__trigger.hold_floor=50,trigger.pullback_ceiling=55,trigger.pullback_window=3,trigger.reclaim_level=65,trigger.volume_multiplier=1.5",all_liquid,"{""trigger.hold_floor"": 50, ""trigger.pullback_ceiling"": 55, ""trigger.pullback_window"": 3, ""trigger.reclaim_level"": 65, ""trigger.volume_multiplier"": 1.5}",10,3888,3815,937,1225,0,17,1,6,0,0.0,50,MISSING_OR_INVALID_RAW_PATH_PRICE=17 (0.004372),394,83,289,43,19,0,21273,-0.006995068901387937,-0.012490725898802964,4.0,5.0,0.5399737876802096,0.4534731323722149,0.00655307994757536,0.46039094650205764,0.23713991769547324,0.0823045267489712,0.8333333333333306,0.021756225425950196,50,55,3,65,1.5
"rsi_daily_pullback_reclaim_surface_v1__all_liquid__trigger.hold_floor=50,trigger.pullback_ceiling=55,trigger.pullback_window=3,trigger.reclaim_level=65,trigger.volume_multiplier=1.5",all_liquid,"{""trigger.hold_floor"": 50, ""trigger.pullback_ceiling"": 55, ""trigger.pullback_window"": 3, ""trigger.reclaim_level"": 65, ""trigger.volume_multiplier"": 1.5}",20,3888,3759,937,1225,0,35,2,6,0,0.0,88,MISSING_OR_INVALID_RAW_PATH_PRICE=35 (0.009002),647,171,465,82,26,0,41924,-0.0158485212052729,-0.013811740062424548,7.0,9.0,0.5525405693003458,0.44692737430167595,0.0005320563979781857,0.5563271604938271,0.3425925925925926,0.14969135802469136,0.9047619047619051,0.01596169193934557,50,55,3,65,1.5
"rsi_daily_pullback_reclaim_surface_v1__all_liquid__trigger.hold_floor=50,trigger.pullback_ceiling=55,trigger.pullback_window=3,trigger.reclaim_level=65,trigger.volume_multiplier=2.0",all_liquid,"{""trigger.hold_floor"": 50, ""trigger.pullback_ceiling"": 55, ""trigger.pullback_window"": 3, ""trigger.reclaim_level"": 65, ""trigger.volume_multiplier"": 2.0}",5,3456,3412,922,1185,0,9,1,5,0,0.0,30,MISSING_OR_INVALID_RAW_PATH_PRICE=9 (0.002604),222,34,158,20,9,0,9516,-0.0005200305698096373,-0.012107303022561964,2.0,3.0,0.5263774912075029,0.4405041031652989,0.03311840562719812,0.3602430555555556,0.16261574074074073,0.04224537037037037,0.8,0.028429073856975382,50,55,3,65,2.0
"rsi_daily_pullback_reclaim_surface_v1__all_liquid__trigger.hold_floor=50,trigger.pullback_ceiling=55,trigger.pullback_window=3,trigger.reclaim_level=65,trigger.volume_multiplier=2.0",all_liquid,"{""trigger.hold_floor"": 50, ""trigger.pullback_ceiling"": 55, ""trigger.pullback_window"": 3, ""trigger.reclaim_level"": 65, ""trigger.volume_multiplier"": 2.0}",10,3456,3392,922,1185,0,14,1,5,0,0.0,45,MISSING_OR_INVALID_RAW_PATH_PRICE=14 (0.004051),348,69,260,37,18,0,18899,-0.006294161962198282,-0.013632514170699446,4.0,5.0,0.5433372641509434,0.45047169811320753,0.006191037735849057,0.4603587962962963,0.23987268518518517,0.08564814814814815,0.8110119047619067,0.021816037735849055,50,55,3,65,2.0
"rsi_daily_pullback_reclaim_surface_v1__all_liquid__trigger.hold_floor=50,trigger.pullback_ceiling=55,trigger.pullback_window=3,trigger.reclaim_level=65,trigger.volume_multiplier=2.0",all_liquid,"{""trigger.hold_floor"": 50, ""trigger.pullback_ceiling"": 55, ""trigger.pullback_window"": 3, ""trigger.reclaim_level"": 65, ""trigger.volume_multiplier"": 2.0}",20,3456,3341,922,1185,0,30,2,5,0,0.0,80,MISSING_OR_INVALID_RAW_PATH_PRICE=30 (0.008681),579,149,417,74,25,0,37209,-0.015203822058777683,-0.014457654523392552,7.0,9.0,0.5561209218796768,0.4432804549536067,0.000598623166716552,0.5570023148148148,0.3449074074074074,0.15219907407407407,0.8823529411764706,0.01646213708470518,50,55,3,65,2.0
"rsi_daily_pullback_reclaim_surface_v1__all_liquid__trigger.hold_floor=50,trigger.pullback_ceiling=55,trigger.pullback_window=6,trigger.reclaim_level=65,trigger.volume_multiplier=1.0",all_liquid,"{""trigger.hold_floor"": 50, ""trigger.pullback_ceiling"": 55, ""trigger.pullback_window"": 6, ""trigger.reclaim_level"": 65, ""trigger.volume_multiplier"": 1.0}",5,5180,5111,947,1303,0,21,2,11,0,0.0,37,MISSING_OR_INVALID_RAW_PATH_PRICE=21 (0.004054),283,58,196,34,12,0,14737,-0.0029316612923843965,-0.01014284208111492,2.0,3.0,0.5312072001565251,0.4324007043631383,0.03639209548033653,0.34922779922779923,0.14787644787644788,0.036293436293436294,0.7674418604651163,0.02915280766973195,50,55,6,65,1.0
"rsi_daily_pullback_reclaim_surface_v1__all_liquid__trigger.hold_floor=50,trigger.pullback_ceiling=55,trigger.pullback_window=6,trigger.reclaim_level=65,trigger.volume_multiplier=1.0",all_liquid,"{""trigger.hold_floor"": 50, ""trigger.pullback_ceiling"": 55, ""trigger.pullback_window"": 6, ""trigger.reclaim_level"": 65, ""trigger.volume_multiplier"": 1.0}",10,5180,5080,947,1303,0,31,2,11,0,0.0,58,MISSING_OR_INVALID_RAW_PATH_PRICE=31 (0.005985),441,106,314,55,19,0,29278,-0.009390006220958154,-0.010618401752315477,4.0,5.0,0.5433070866141733,0.4496062992125984,0.007086614173228346,0.45115830115830113,0.2281853281853282,0.08011583011583012,0.84615384615384,0.02047244094488189,50,55,6,65,1.0
"rsi_daily_pullback_reclaim_surface_v1__all_liquid__trigger.hold_floor=50,trigger.pullback_ceiling=55,trigger.pullback_window=6,trigger.reclaim_level=65,trigger.volume_multiplier=1.0",all_liquid,"{""trigger.hold_floor"": 50, ""trigger.pullback_ceiling"": 55, ""trigger.pullback_window"": 6, ""trigger.reclaim_level"": 65, ""trigger.volume_multiplier"": 1.0}",20,5180,5004,947,1303,0,56,3,10,0,0.0,110,MISSING_OR_INVALID_RAW_PATH_PRICE=56 (0.010811),703,235,512,108,27,0,57713,-0.017357021401222673,-0.01199334803622492,7.0,9.0,0.5365707434052758,0.4628297362110312,0.0005995203836930455,0.5544401544401545,0.3370656370656371,0.14305019305019304,0.9175257731958757,0.01498800959232614,50,55,6,65,1.0
"rsi_daily_pullback_reclaim_surface_v1__all_liquid__trigger.hold_floor=50,trigger.pullback_ceiling=55,trigger.pullback_window=6,trigger.reclaim_level=65,trigger.volume_multiplier=1.2",all_liquid,"{""trigger.hold_floor"": 50, ""trigger.pullback_ceiling"": 55, ""trigger.pullback_window"": 6, ""trigger.reclaim_level"": 65, ""trigger.volume_multiplier"": 1.2}",5,4946,4879,942,1293,0,20,2,10,0,0.0,37,MISSING_OR_INVALID_RAW_PATH_PRICE=20 (0.004044),277,56,194,32,12,0,13987,-0.0023060725010810718,-0.010440832782617357,2.0,3.0,0.5304365648698504,0.43308054929288786,0.03648288583726173,0.3534169025475131,0.15103113627173473,0.03760614638091387,0.7777777777777751,0.029514244722279155,50,55,6,65,1.2
"rsi_daily_pullback_reclaim_surface_v1__all_liquid__trigger.hold_floor=50,trigger.pullback_ceiling=55,trigger.pullback_window=6,trigger.reclaim_level=65,trigger.volume_multiplier=1.2",all_liquid,"{""trigger.hold_floor"": 50, ""trigger.pullback_ceiling"": 55, ""trigger.pullback_window"": 6, ""trigger.reclaim_level"": 65, ""trigger.volume_multiplier"": 1.2}",10,4946,4849,942,1293,0,30,2,10,0,0.0,57,MISSING_OR_INVALID_RAW_PATH_PRICE=30 (0.006066),433,104,311,53,19,0,27784,-0.008670750430206695,-0.011386839461572124,4.0,5.0,0.5446483811095071,0.44875232006599297,0.006599298824499897,0.4561261625556005,0.2315002021835827,0.08147998382531338,0.8461538461538516,0.02062280882656218,50,55,6,65,1.2
"rsi_daily_pullback_reclaim_surface_v1__all_liquid__trigger.hold_floor=50,trigger.pullback_ceiling=55,trigger.pullback_window=6,trigger.reclaim_level=65,trigger.volume_multiplier=1.2",all_liquid,"{""trigger.hold_floor"": 50, ""trigger.pullback_ceiling"": 55, ""trigger.pullback_window"": 6, ""trigger.reclaim_level"": 65, ""trigger.volume_multiplier"": 1.2}",20,4946,4777,942,1293,0,53,2,9,0,0.0,107,MISSING_OR_INVALID_RAW_PATH_PRICE=53 (0.010716),688,229,504,104,27,0,54751,-0.01693570593673406,-0.012478278939579139,7.0,9.0,0.5417626125183169,0.45760937827088133,0.0006280092108017584,0.554589567327133,0.3396684189243833,0.14516781237363527,0.9126620900076274,0.014862884655641615,50,55,6,65,1.2
"rsi_daily_pullback_reclaim_surface_v1__all_liquid__trigger.hold_floor=50,trigger.pullback_ceiling=55,trigger.pullback_window=6,trigger.reclaim_level=65,trigger.volume_multiplier=1.5",all_liquid,"{""trigger.hold_floor"": 50, ""trigger.pullback_ceiling"": 55, ""trigger.pullback_window"": 6, ""trigger.reclaim_level"": 65, ""trigger.volume_multiplier"": 1.5}",5,4530,4468,938,1266,0,17,2,10,0,0.0,35,MISSING_OR_INVALID_RAW_PATH_PRICE=17 (0.003753),263,51,183,28,11,0,12837,-0.0015644676799784225,-0.011311112382228587,2.0,3.0,0.5353625783348255,0.42837958818263205,0.03625783348254252,0.35916114790286974,0.15408388520971303,0.038852097130242826,0.7692307692307673,0.02820053715308863,50,55,6,65,1.5
"rsi_daily_pullback_reclaim_surface_v1__all_liquid__trigger.hold_floor=50,trigger.pullback_ceiling=55,trigger.pullback_window=6,trigger.reclaim_level=65,trigger.volume_multiplier=1.5",all_liquid,"{""trigger.hold_floor"": 50, ""trigger.pullback_ceiling"": 55, ""trigger.pullback_window"": 6, ""trigger.reclaim_level"": 65, ""trigger.volume_multiplier"": 1.5}",10,4530,4440,938,1266,0,26,2,10,0,0.0,54,MISSING_OR_INVALID_RAW_PATH_PRICE=26 (0.005740),409,95,293,46,17,0,25504,-0.00760933920458607,-0.012569240832519485,4.0,5.0,0.5445945945945946,0.4486486486486487,0.006756756756756757,0.46445916114790287,0.23686534216335542,0.08300220750551876,0.8333333333333355,0.02072072072072072,50,55,6,65,1.5
"rsi_daily_pullback_reclaim_surface_v1__all_liquid__trigger.hold_floor=50,trigger.pullback_ceiling=55,trigger.pullback_window=6,trigger.reclaim_level=65,trigger.volume_multiplier=1.5",all_liquid,"{""trigger.hold_floor"": 50, ""trigger.pullback_ceiling"": 55, ""trigger.pullback_window"": 6, ""trigger.reclaim_level"": 65, ""trigger.volume_multiplier"": 1.5}",20,4530,4373,938,1266,0,48,2,9,0,0.0,100,MISSING_OR_INVALID_RAW_PATH_PRICE=48 (0.010596),654,215,478,95,25,0,50248,-0.01554685147908244,-0.013722582864592006,7.0,9.0,0.5415046878573062,0.45780928424422596,0.000686027898467871,0.5600441501103752,0.3448123620309051,0.14812362030905077,0.9084615384615382,0.014863937800137205,50,55,6,65,1.5
"rsi_daily_pullback_reclaim_surface_v1__all_liquid__trigger.hold_floor=50,trigger.pullback_ceiling=55,trigger.pullback_window=6,trigger.reclaim_level=65,trigger.volume_multiplier=2.0",all_liquid,"{""trigger.hold_floor"": 50, ""trigger.pullback_ceiling"": 55, ""trigger.pullback_window"": 6, ""trigger.reclaim_level"": 65, ""trigger.volume_multiplier"": 2.0}",5,3805,3758,914,1219,0,12,2,6,0,0.0,29,MISSING_OR_INVALID_RAW_PATH_PRICE=12 (0.003154),226,42,160,26,10,0,10732,-0.0007534833416458966,-0.012109616314371642,2.0,3.0,0.5415114422565194,0.4228312932410857,0.03565726450239489,0.3650459921156373,0.16057818659658343,0.04231274638633377,0.7600000000000053,0.028472591804151143,50,55,6,65,2.0
"rsi_daily_pullback_reclaim_surface_v1__all_liquid__trigger.hold_floor=50,trigger.pullback_ceiling=55,trigger.pullback_window=6,trigger.reclaim_level=65,trigger.volume_multiplier=2.0",all_liquid,"{""trigger.hold_floor"": 50, ""trigger.pullback_ceiling"": 55, ""trigger.pullback_window"": 6, ""trigger.reclaim_level"": 65, ""trigger.volume_multiplier"": 2.0}",10,3805,3734,914,1219,0,21,2,6,0,0.0,44,MISSING_OR_INVALID_RAW_PATH_PRICE=21 (0.005519),352,79,257,40,16,0,21330,-0.007227438026307459,-0.013823577885121827,4.0,5.0,0.5511515800749867,0.4421531869309052,0.006695232994108195,0.4646517739816032,0.24099868593955323,0.0888304862023653,0.8095238095238141,0.02062131762185324,50,55,6,65,2.0
"rsi_daily_pullback_reclaim_surface_v1__all_liquid__trigger.hold_floor=50,trigger.pullback_ceiling=55,trigger.pullback_window=6,trigger.reclaim_level=65,trigger.volume_multiplier=2.0",all_liquid,"{""trigger.hold_floor"": 50, ""trigger.pullback_ceiling"": 55, ""trigger.pullback_window"": 6, ""trigger.reclaim_level"": 65, ""trigger.volume_multiplier"": 2.0}",20,3805,3681,914,1219,0,40,2,6,0,0.0,78,MISSING_OR_INVALID_RAW_PATH_PRICE=40 (0.010512),556,179,410,82,24,0,42118,-0.015220729255475948,-0.014393753081898816,7.0,9.0,0.549850584080413,0.4493344199945667,0.0008149959250203749,0.5584756898817346,0.34586070959264126,0.15427069645203678,0.8873239436619719,0.014669926650366748,50,55,6,65,2.0
"rsi_daily_pullback_reclaim_surface_v1__all_liquid__trigger.hold_floor=50,trigger.pullback_ceiling=55,trigger.pullback_window=9,trigger.reclaim_level=65,trigger.volume_multiplier=1.0",all_liquid,"{""trigger.hold_floor"": 50, ""trigger.pullback_ceiling"": 55, ""trigger.pullback_window"": 9, ""trigger.reclaim_level"": 65, ""trigger.volume_multiplier"": 1.0}",5,4924,4863,922,1287,0,24,2,10,0,0.0,27,MISSING_OR_INVALID_RAW_PATH_PRICE=24 (0.004874),289,46,198,22,10,0,14241,-0.002960811619038127,-0.010065477336372544,2.0,3.0,0.522928233600658,0.4384125025704298,0.038659263828912195,0.3539805036555646,0.1510966693744923,0.039805036555645816,0.7974358974358841,0.028994447871684145,50,55,9,65,1.0
"rsi_daily_pullback_reclaim_surface_v1__all_liquid__trigger.hold_floor=50,trigger.pullback_ceiling=55,trigger.pullback_window=9,trigger.reclaim_level=65,trigger.volume_multiplier=1.0",all_liquid,"{""trigger.hold_floor"": 50, ""trigger.pullback_ceiling"": 55, ""trigger.pullback_window"": 9, ""trigger.reclaim_level"": 65, ""trigger.volume_multiplier"": 1.0}",10,4924,4834,922,1287,0,35,2,10,0,0.0,45,MISSING_OR_INVALID_RAW_PATH_PRICE=35 (0.007108),438,92,315,42,14,0,28293,-0.008264920042350903,-0.011145128866070643,4.0,5.0,0.5430285477865122,0.45076541166735623,0.006206040546131568,0.4575548334687246,0.23253452477660438,0.08346872461413485,0.862852664576801,0.021100537856847332,50,55,9,65,1.0
"rsi_daily_pullback_reclaim_surface_v1__all_liquid__trigger.hold_floor=50,trigger.pullback_ceiling=55,trigger.pullback_window=9,trigger.reclaim_level=65,trigger.volume_multiplier=1.0",all_liquid,"{""trigger.hold_floor"": 50, ""trigger.pullback_ceiling"": 55, ""trigger.pullback_window"": 9, ""trigger.reclaim_level"": 65, ""trigger.volume_multiplier"": 1.0}",20,4924,4769,922,1287,0,53,4,9,0,0.0,93,MISSING_OR_INVALID_RAW_PATH_PRICE=53 (0.010764),687,214,506,88,22,0,55821,-0.016507892411897207,-0.01284774909270589,7.0,9.0,0.534283916963724,0.46508702033969385,0.0006290626965820927,0.5655970755483347,0.3411860276198213,0.14500406173842403,0.9200000000000005,0.017194380373243865,50,55,9,65,1.0
"rsi_daily_pullback_reclaim_surface_v1__all_liquid__trigger.hold_floor=50,trigger.pullback_ceiling=55,trigger.pullback_window=9,trigger.reclaim_level=65,trigger.volume_multiplier=1.2",all_liquid,"{""trigger.hold_floor"": 50, ""trigger.pullback_ceiling"": 55, ""trigger.pullback_window"": 9, ""trigger.reclaim_level"": 65, ""trigger.volume_multiplier"": 1.2}",5,4623,4563,915,1267,0,23,2,10,0,0.0,27,MISSING_OR_INVALID_RAW_PATH_PRICE=23 (0.004975),281,44,195,20,10,0,13312,-0.0021215667172859373,-0.010392382225078399,2.0,3.0,0.5229015998246768,0.4378698224852071,0.03922857769011615,0.35972312351287045,0.15487778498810295,0.04174778282500541,0.8039215686274501,0.029147490685952224,50,55,9,65,1.2
"rsi_daily_pullback_reclaim_surface_v1__all_liquid__trigger.hold_floor=50,trigger.pullback_ceiling=55,trigger.pullback_window=9,trigger.reclaim_level=65,trigger.volume_multiplier=1.2",all_liquid,"{""trigger.hold_floor"": 50, ""trigger.pullback_ceiling"": 55, ""trigger.pullback_window"": 9, ""trigger.reclaim_level"": 65, ""trigger.volume_multiplier"": 1.2}",10,4623,4536,915,1267,0,34,2,10,0,0.0,43,MISSING_OR_INVALID_RAW_PATH_PRICE=34 (0.007355),427,89,310,40,14,0,26450,-0.007288747175110183,-0.011848348424684988,4.0,5.0,0.5456349206349206,0.44841269841269843,0.005952380952380952,0.463551806186459,0.23599394332684404,0.08500973393900065,0.8651685393258406,0.020943562610229276,50,55,9,65,1.2
"rsi_daily_pullback_reclaim_surface_v1__all_liquid__trigger.hold_floor=50,trigger.pullback_ceiling=55,trigger.pullback_window=9,trigger.reclaim_level=65,trigger.volume_multiplier=1.2",all_liquid,"{""trigger.hold_floor"": 50, ""trigger.pullback_ceiling"": 55, ""trigger.pullback_window"": 9, ""trigger.reclaim_level"": 65, ""trigger.volume_multiplier"": 1.2}",20,4623,4476,915,1267,0,51,3,9,0,0.0,87,MISSING_OR_INVALID_RAW_PATH_PRICE=51 (0.011032),669,205,496,84,22,0,52189,-0.015875055118403508,-0.013598541718010088,7.0,9.0,0.540437890974084,0.4588918677390527,0.0006702412868632708,0.5660826303266278,0.3428509625784123,0.1473069435431538,0.9117647058823515,0.01675603217158177,50,55,9,65,1.2
"rsi_daily_pullback_reclaim_surface_v1__all_liquid__trigger.hold_floor=50,trigger.pullback_ceiling=55,trigger.pullback_window=9,trigger.reclaim_level=65,trigger.volume_multiplier=1.5",all_liquid,"{""trigger.hold_floor"": 50, ""trigger.pullback_ceiling"": 55, ""trigger.pullback_window"": 9, ""trigger.reclaim_level"": 65, ""trigger.volume_multiplier"": 1.5}",5,4144,4090,906,1232,0,20,2,10,0,0.0,24,MISSING_OR_INVALID_RAW_PATH_PRICE=20 (0.004826),266,41,185,18,9,0,11947,-0.0016392787002854972,-0.011383629214008477,2.0,3.0,0.530562347188264,0.42982885085574574,0.03960880195599022,0.3641409266409266,0.15588803088803088,0.04295366795366795,0.7812499999999951,0.028361858190709046,50,55,9,65,1.5
"rsi_daily_pullback_reclaim_surface_v1__all_liquid__trigger.hold_floor=50,trigger.pullback_ceiling=55,trigger.pullback_window=9,trigger.reclaim_level=65,trigger.volume_multiplier=1.5",all_liquid,"{""trigger.hold_floor"": 50, ""trigger.pullback_ceiling"": 55, ""trigger.pullback_window"": 9, ""trigger.reclaim_level"": 65, ""trigger.volume_multiplier"": 1.5}",10,4144,4066,906,1232,0,29,2,10,0,0.0,39,MISSING_OR_INVALID_RAW_PATH_PRICE=29 (0.006998),408,81,296,36,12,0,23744,-0.007098179135979009,-0.012810004099699351,4.0,5.0,0.5484505656665027,0.4454008853910477,0.006148548942449582,0.4688706563706564,0.2384169884169884,0.08542471042471042,0.8333333333333343,0.020905066404328577,50,55,9,65,1.5
"rsi_daily_pullback_reclaim_surface_v1__all_liquid__trigger.hold_floor=50,trigger.pullback_ceiling=55,trigger.pullback_window=9,trigger.reclaim_level=65,trigger.volume_multiplier=1.5",all_liquid,"{""trigger.hold_floor"": 50, ""trigger.pullback_ceiling"": 55, ""trigger.pullback_window"": 9, ""trigger.reclaim_level"": 65, ""trigger.volume_multiplier"": 1.5}",20,4144,4011,906,1232,0,45,3,9,0,0.0,79,MISSING_OR_INVALID_RAW_PATH_PRICE=45 (0.010859),637,192,472,78,20,0,46823,-0.014931421161934619,-0.014567209247045333,7.0,9.0,0.543754674644727,0.45549738219895286,0.0007479431563201197,0.5685328185328186,0.3450772200772201,0.1484073359073359,0.8888888888888913,0.016454749439042633,50,55,9,65,1.5
"rsi_daily_pullback_reclaim_surface_v1__all_liquid__trigger.hold_floor=50,trigger.pullback_ceiling=55,trigger.pullback_window=9,trigger.reclaim_level=65,trigger.volume_multiplier=2.0",all_liquid,"{""trigger.hold_floor"": 50, ""trigger.pullback_ceiling"": 55, ""trigger.pullback_window"": 9, ""trigger.reclaim_level"": 65, ""trigger.volume_multiplier"": 2.0}",5,3367,3323,877,1162,0,16,2,7,0,0.0,21,MISSING_OR_INVALID_RAW_PATH_PRICE=16 (0.004752),222,33,158,17,8,0,9597,-0.0006552173000376263,-0.012140712653690197,2.0,3.0,0.5356605476978634,0.4252181763466747,0.03912127595546193,0.37125037125037125,0.16364716364716364,0.04752004752004752,0.7777777777777781,0.02828769184471863,50,55,9,65,2.0
"rsi_daily_pullback_reclaim_surface_v1__all_liquid__trigger.hold_floor=50,trigger.pullback_ceiling=55,trigger.pullback_window=9,trigger.reclaim_level=65,trigger.volume_multiplier=2.0",all_liquid,"{""trigger.hold_floor"": 50, ""trigger.pullback_ceiling"": 55, ""trigger.pullback_window"": 9, ""trigger.reclaim_level"": 65, ""trigger.volume_multiplier"": 2.0}",10,3367,3302,877,1162,0,25,2,7,0,0.0,33,MISSING_OR_INVALID_RAW_PATH_PRICE=25 (0.007425),338,65,250,29,11,0,19070,-0.006333369652276693,-0.014601303191713006,4.0,5.0,0.5545124167171411,0.4394306480920654,0.0060569351907934586,0.47074547074547074,0.24383724383724384,0.09117909117909118,0.8060035842293923,0.02059357964869776,50,55,9,65,2.0
"rsi_daily_pullback_reclaim_surface_v1__all_liquid__trigger.hold_floor=50,trigger.pullback_ceiling=55,trigger.pullback_window=9,trigger.reclaim_level=65,trigger.volume_multiplier=2.0",all_liquid,"{""trigger.hold_floor"": 50, ""trigger.pullback_ceiling"": 55, ""trigger.pullback_window"": 9, ""trigger.reclaim_level"": 65, ""trigger.volume_multiplier"": 2.0}",20,3367,3261,877,1162,0,39,3,7,0,0.0,60,MISSING_OR_INVALID_RAW_PATH_PRICE=39 (0.011583),525,158,392,64,19,0,37715,-0.014568274140822887,-0.016115740886226373,7.0,10.0,0.5510579576816927,0.44802207911683534,0.0009199632014719411,0.5672705672705672,0.3486783486783487,0.15592515592515593,0.8701298701298703,0.01655933762649494,50,55,9,65,2.0
"rsi_daily_pullback_reclaim_surface_v1__all_liquid__trigger.hold_floor=50,trigger.pullback_ceiling=58,trigger.pullback_window=3,trigger.reclaim_level=60,trigger.volume_multiplier=1.0",all_liquid,"{""trigger.hold_floor"": 50, ""trigger.pullback_ceiling"": 58, ""trigger.pullback_window"": 3, ""trigger.reclaim_level"": 60, ""trigger.volume_multiplier"": 1.0}",5,12583,12441,1037,1425,0,39,2,24,0,0.0,79,MISSING_OR_INVALID_RAW_PATH_PRICE=39 (0.003099),579,115,398,63,26,0,34396,-0.005007806270565615,-0.006460868157713677,2.0,3.0,0.5198135198135199,0.4473916887709991,0.03279479141548107,0.32853850433124054,0.1367718350154971,0.030358420090598425,0.8313008130081272,0.029659995177236557,50,58,3,60,1.0
"rsi_daily_pullback_reclaim_surface_v1__all_liquid__trigger.hold_floor=50,trigger.pullback_ceiling=58,trigger.pullback_window=3,trigger.reclaim_level=60,trigger.volume_multiplier=1.0",all_liquid,"{""trigger.hold_floor"": 50, ""trigger.pullback_ceiling"": 58, ""trigger.pullback_window"": 3, ""trigger.reclaim_level"": 60, ""trigger.volume_multiplier"": 1.0}",10,12583,12357,1037,1425,0,75,2,24,0,0.0,127,MISSING_OR_INVALID_RAW_PATH_PRICE=75 (0.005960),944,238,658,119,42,0,68384,-0.009210334608160564,-0.007378857103656655,4.0,5.0,0.5217285748968196,0.471959213401311,0.006312211701869385,0.45044901851704683,0.22419136930779623,0.07009457204164349,0.9500000000000078,0.021526260419195597,50,58,3,60,1.0
"rsi_daily_pullback_reclaim_surface_v1__all_liquid__trigger.hold_floor=50,trigger.pullback_ceiling=58,trigger.pullback_window=3,trigger.reclaim_level=60,trigger.volume_multiplier=1.0",all_liquid,"{""trigger.hold_floor"": 50, ""trigger.pullback_ceiling"": 58, ""trigger.pullback_window"": 3, ""trigger.reclaim_level"": 60, ""trigger.volume_multiplier"": 1.0}",20,12583,12181,1037,1425,0,130,4,24,0,0.0,248,MISSING_OR_INVALID_RAW_PATH_PRICE=130 (0.010331),1537,489,1094,230,64,0,134823,-0.015452311576017862,-0.009167397537840377,8.0,9.0,0.5212215745833675,0.47762909449142105,0.0011493309252113948,0.565286497655567,0.3427640467297147,0.1385202257013431,1.0833333333333335,0.016008537886873,50,58,3,60,1.0
"rsi_daily_pullback_reclaim_surface_v1__all_liquid__trigger.hold_floor=50,trigger.pullback_ceiling=58,trigger.pullback_window=3,trigger.reclaim_level=60,trigger.volume_multiplier=1.2",all_liquid,"{""trigger.hold_floor"": 50, ""trigger.pullback_ceiling"": 58, ""trigger.pullback_window"": 3, ""trigger.reclaim_level"": 60, ""trigger.volume_multiplier"": 1.2}",5,11131,11005,1030,1419,0,37,2,20,0,0.0,69,MISSING_OR_INVALID_RAW_PATH_PRICE=37 (0.003324),536,106,372,60,24,0,30447,-0.004574165197348157,-0.00707622579270531,2.0,3.0,0.5223989095865516,0.4453430258973194,0.03225806451612903,0.33294403018596713,0.13916090198544606,0.03135387656095589,0.8113207547169856,0.029622898682417083,50,58,3,60,1.2
"rsi_daily_pullback_reclaim_surface_v1__all_liquid__trigger.hold_floor=50,trigger.pullback_ceiling=58,trigger.pullback_window=3,trigger.reclaim_level=60,trigger.volume_multiplier=1.2",all_liquid,"{""trigger.hold_floor"": 50, ""trigger.pullback_ceiling"": 58, ""trigger.pullback_window"": 3, ""trigger.reclaim_level"": 60, ""trigger.volume_multiplier"": 1.2}",10,11131,10927,1030,1419,0,72,2,20,0,0.0,112,MISSING_OR_INVALID_RAW_PATH_PRICE=72 (0.006468),869,217,611,109,38,0,60519,-0.008543479668895994,-0.007993681009022726,4.0,5.0,0.5241145785668527,0.4694792715292395,0.0064061499039077515,0.4533285419099811,0.2267541101428443,0.07151199353157847,0.9411764705882343,0.021231811110094263,50,58,3,60,1.2
"rsi_daily_pullback_reclaim_surface_v1__all_liquid__trigger.hold_floor=50,trigger.pullback_ceiling=58,trigger.pullback_window=3,trigger.reclaim_level=60,trigger.volume_multiplier=1.2",all_liquid,"{""trigger.hold_floor"": 50, ""trigger.pullback_ceiling"": 58, ""trigger.pullback_window"": 3, ""trigger.reclaim_level"": 60, ""trigger.volume_multiplier"": 1.2}",20,11131,10774,1030,1419,0,120,4,20,0,0.0,217,MISSING_OR_INVALID_RAW_PATH_PRICE=120 (0.010781),1414,445,1018,211,59,0,119364,-0.014573037022960977,-0.009864489554902297,8.0,9.0,0.5223686653053647,0.47651754223129755,0.0011137924633376648,0.5676938280477944,0.34722846105471206,0.14113736411822836,1.0638297872340412,0.01568591052533878,50,58,3,60,1.2
"rsi_daily_pullback_reclaim_surface_v1__all_liquid__trigger.hold_floor=50,trigger.pullback_ceiling=58,trigger.pullback_window=3,trigger.reclaim_level=60,trigger.volume_multiplier=1.5",all_liquid,"{""trigger.hold_floor"": 50, ""trigger.pullback_ceiling"": 58, ""trigger.pullback_window"": 3, ""trigger.reclaim_level"": 60, ""trigger.volume_multiplier"": 1.5}",5,9168,9058,1020,1412,0,32,2,19,0,0.0,59,MISSING_OR_INVALID_RAW_PATH_PRICE=32 (0.003490),482,85,330,47,20,0,24802,-0.0033850311265017034,-0.007965984990848739,2.0,3.0,0.5207551335835725,0.44579377345992494,0.03345109295650254,0.34467713787085513,0.1468150087260035,0.03381326352530541,0.8285714285714291,0.027710311327003755,50,58,3,60,1.5
"rsi_daily_pullback_reclaim_surface_v1__all_liquid__trigger.hold_floor=50,trigger.pullback_ceiling=58,trigger.pullback_window=3,trigger.reclaim_level=60,trigger.volume_multiplier=1.5",all_liquid,"{""trigger.hold_floor"": 50, ""trigger.pullback_ceiling"": 58, ""trigger.pullback_window"": 3, ""trigger.reclaim_level"": 60, ""trigger.volume_multiplier"": 1.5}",10,9168,8994,1020,1412,0,60,2,19,0,0.0,95,MISSING_OR_INVALID_RAW_PATH_PRICE=60 (0.006545),771,179,538,87,29,0,49283,-0.00678411285192115,-0.009002652977723765,4.0,5.0,0.5277963086502112,0.4656437625083389,0.0065599288414498556,0.462587260034904,0.2338568935427574,0.0755890052356021,0.9411764705882363,0.019902156993551256,50,58,3,60,1.5
"rsi_daily_pullback_reclaim_surface_v1__all_liquid__trigger.hold_floor=50,trigger.pullback_ceiling=58,trigger.pullback_window=3,trigger.reclaim_level=60,trigger.volume_multiplier=1.5",all_liquid,"{""trigger.hold_floor"": 50, ""trigger.pullback_ceiling"": 58, ""trigger.pullback_window"": 3, ""trigger.reclaim_level"": 60, ""trigger.volume_multiplier"": 1.5}",20,9168,8864,1020,1412,0,103,4,19,0,0.0,182,MISSING_OR_INVALID_RAW_PATH_PRICE=103 (0.011235),1245,377,892,171,47,0,97207,-0.013700065853690602,-0.011070478105106224,8.0,9.0,0.5296705776173285,0.46897563176895307,0.0013537906137184115,0.5713350785340314,0.3518760907504363,0.1462696335078534,1.0526315789473684,0.014553249097472925,50,58,3,60,1.5
"rsi_daily_pullback_reclaim_surface_v1__all_liquid__trigger.hold_floor=50,trigger.pullback_ceiling=58,trigger.pullback_window=3,trigger.reclaim_level=60,trigger.volume_multiplier=2.0",all_liquid,"{""trigger.hold_floor"": 50, ""trigger.pullback_ceiling"": 58, ""trigger.pullback_window"": 3, ""trigger.reclaim_level"": 60, ""trigger.volume_multiplier"": 2.0}",5,6762,6668,1000,1372,0,22,2,17,0,0.0,55,MISSING_OR_INVALID_RAW_PATH_PRICE=22 (0.003253),382,57,258,31,19,0,18155,-0.0022114403812768645,-0.008881350845081622,2.0,3.0,0.5248950209958009,0.4418116376724655,0.03329334133173365,0.3546288080449571,0.15720201123927832,0.03682342502218278,0.8081014729950879,0.029094181163767247,50,58,3,60,2.0
"rsi_daily_pullback_reclaim_surface_v1__all_liquid__trigger.hold_floor=50,trigger.pullback_ceiling=58,trigger.pullback_window=3,trigger.reclaim_level=60,trigger.volume_multiplier=2.0",all_liquid,"{""trigger.hold_floor"": 50, ""trigger.pullback_ceiling"": 58, ""trigger.pullback_window"": 3, ""trigger.reclaim_level"": 60, ""trigger.volume_multiplier"": 2.0}",10,6762,6625,1000,1372,0,41,2,17,0,0.0,79,MISSING_OR_INVALID_RAW_PATH_PRICE=41 (0.006063),601,123,418,58,24,0,36111,-0.005842108840953164,-0.010204500341590032,4.0,5.0,0.5257358490566038,0.4680754716981132,0.006188679245283019,0.4705708370304644,0.2425317953268264,0.07971014492753623,0.9374999999999991,0.020830188679245284,50,58,3,60,2.0
"rsi_daily_pullback_reclaim_surface_v1__all_liquid__trigger.hold_floor=50,trigger.pullback_ceiling=58,trigger.pullback_window=3,trigger.reclaim_level=60,trigger.volume_multiplier=2.0",all_liquid,"{""trigger.hold_floor"": 50, ""trigger.pullback_ceiling"": 58, ""trigger.pullback_window"": 3, ""trigger.reclaim_level"": 60, ""trigger.volume_multiplier"": 2.0}",20,6762,6531,1000,1372,0,74,3,17,0,0.0,140,MISSING_OR_INVALID_RAW_PATH_PRICE=74 (0.010944),967,279,690,127,38,0,71296,-0.012352213576679372,-0.01245980420241595,7.0,9.0,0.534680753330271,0.4644005512172715,0.0009186954524575103,0.5739426205264715,0.3583259390712807,0.15010351966873706,1.0312499999999991,0.01515847496554892,50,58,3,60,2.0
"rsi_daily_pullback_reclaim_surface_v1__all_liquid__trigger.hold_floor=50,trigger.pullback_ceiling=58,trigger.pullback_window=6,trigger.reclaim_level=60,trigger.volume_multiplier=1.0",all_liquid,"{""trigger.hold_floor"": 50, ""trigger.pullback_ceiling"": 58, ""trigger.pullback_window"": 6, ""trigger.reclaim_level"": 60, ""trigger.volume_multiplier"": 1.0}",5,9419,9313,994,1396,0,36,3,20,0,0.0,50,MISSING_OR_INVALID_RAW_PATH_PRICE=36 (0.003822),458,101,307,51,17,0,26385,-0.004279730280171229,-0.006440071840900705,2.0,3.0,0.5185224954364867,0.4485128315258241,0.032964673037689254,0.3364476059029621,0.14077927593162756,0.03206285168276887,0.8461538461538476,0.0310318909051863,50,58,6,60,1.0
"rsi_daily_pullback_reclaim_surface_v1__all_liquid__trigger.hold_floor=50,trigger.pullback_ceiling=58,trigger.pullback_window=6,trigger.reclaim_level=60,trigger.volume_multiplier=1.0",all_liquid,"{""trigger.hold_floor"": 50, ""trigger.pullback_ceiling"": 58, ""trigger.pullback_window"": 6, ""trigger.reclaim_level"": 60, ""trigger.volume_multiplier"": 1.0}",10,9419,9256,994,1396,0,59,3,20,0,0.0,84,MISSING_OR_INVALID_RAW_PATH_PRICE=59 (0.006264),721,192,494,97,32,0,52502,-0.008264562955895966,-0.007799459928560605,4.0,5.0,0.526685393258427,0.4668323249783924,0.00648228176318064,0.4552500265420958,0.2293237073999363,0.07346852107442403,0.9411764705882301,0.022796024200518582,50,58,6,60,1.0
"rsi_daily_pullback_reclaim_surface_v1__all_liquid__trigger.hold_floor=50,trigger.pullback_ceiling=58,trigger.pullback_window=6,trigger.reclaim_level=60,trigger.volume_multiplier=1.0",all_liquid,"{""trigger.hold_floor"": 50, ""trigger.pullback_ceiling"": 58, ""trigger.pullback_window"": 6, ""trigger.reclaim_level"": 60, ""trigger.volume_multiplier"": 1.0}",20,9419,9128,994,1396,0,100,4,20,0,0.0,171,MISSING_OR_INVALID_RAW_PATH_PRICE=100 (0.010617),1136,375,801,177,49,0,103765,-0.014549496532945305,-0.010248703167290523,8.0,9.0,0.5282646801051709,0.47020157756354075,0.0015337423312883436,0.5677885125809534,0.3462150971440705,0.13992992886718336,1.0526315789473695,0.016652059596844872,50,58,6,60,1.0
"rsi_daily_pullback_reclaim_surface_v1__all_liquid__trigger.hold_floor=50,trigger.pullback_ceiling=58,trigger.pullback_window=6,trigger.reclaim_level=60,trigger.volume_multiplier=1.2",all_liquid,"{""trigger.hold_floor"": 50, ""trigger.pullback_ceiling"": 58, ""trigger.pullback_window"": 6, ""trigger.reclaim_level"": 60, ""trigger.volume_multiplier"": 1.2}",5,8135,8043,982,1381,0,30,3,17,0,0.0,45,MISSING_OR_INVALID_RAW_PATH_PRICE=30 (0.003688),422,90,287,46,15,0,22740,-0.0036201861186532097,-0.007059659752771591,2.0,3.0,0.5207012308839986,0.4464751958224543,0.03282357329354718,0.34296250768285186,0.1441917639827904,0.03318992009834051,0.8333333333333351,0.031704587840358074,50,58,6,60,1.2
"rsi_daily_pullback_reclaim_surface_v1__all_liquid__trigger.hold_floor=50,trigger.pullback_ceiling=58,trigger.pullback_window=6,trigger.reclaim_level=60,trigger.volume_multiplier=1.2",all_liquid,"{""trigger.hold_floor"": 50, ""trigger.pullback_ceiling"": 58, ""trigger.pullback_window"": 6, ""trigger.reclaim_level"": 60, ""trigger.volume_multiplier"": 1.2}",10,8135,7990,982,1381,0,52,3,17,0,0.0,76,MISSING_OR_INVALID_RAW_PATH_PRICE=52 (0.006392),659,171,457,86,28,0,45226,-0.0075016354544505046,-0.008366804973925177,4.0,5.0,0.5276595744680851,0.4655819774718398,0.006758448060075094,0.4599877074370006,0.23220651505838968,0.07547633681622619,0.9374999999999982,0.02290362953692115,50,58,6,60,1.2
"rsi_daily_pullback_reclaim_surface_v1__all_liquid__trigger.hold_floor=50,trigger.pullback_ceiling=58,trigger.pullback_window=6,trigger.reclaim_level=60,trigger.volume_multiplier=1.2",all_liquid,"{""trigger.hold_floor"": 50, ""trigger.pullback_ceiling"": 58, ""trigger.pullback_window"": 6, ""trigger.reclaim_level"": 60, ""trigger.volume_multiplier"": 1.2}",20,8135,7882,982,1381,0,85,4,17,0,0.0,151,MISSING_OR_INVALID_RAW_PATH_PRICE=85 (0.010449),1032,335,737,157,44,0,89406,-0.013761089887105865,-0.010793193469759647,8.0,9.0,0.5287997970058361,0.46955087541233187,0.0016493275818320224,0.5709895513214506,0.3516902274124155,0.14308543331284573,1.0400000000000007,0.016620147170768842,50,58,6,60,1.2
"rsi_daily_pullback_reclaim_surface_v1__all_liquid__trigger.hold_floor=50,trigger.pullback_ceiling=58,trigger.pullback_window=6,trigger.reclaim_level=60,trigger.volume_multiplier=1.5",all_liquid,"{""trigger.hold_floor"": 50, ""trigger.pullback_ceiling"": 58, ""trigger.pullback_window"": 6, ""trigger.reclaim_level"": 60, ""trigger.volume_multiplier"": 1.5}",5,6533,6453,970,1357,0,26,3,16,0,0.0,38,MISSING_OR_INVALID_RAW_PATH_PRICE=26 (0.003980),369,70,245,35,11,0,18190,-0.002534792473008949,-0.008125054653304938,2.0,3.0,0.5202231520223152,0.44537424453742447,0.034402603440260346,0.3549670901576611,0.15245675799785705,0.03643043012398592,0.8400000000000007,0.028513869518053618,50,58,6,60,1.5
"rsi_daily_pullback_reclaim_surface_v1__all_liquid__trigger.hold_floor=50,trigger.pullback_ceiling=58,trigger.pullback_window=6,trigger.reclaim_level=60,trigger.volume_multiplier=1.5",all_liquid,"{""trigger.hold_floor"": 50, ""trigger.pullback_ceiling"": 58, ""trigger.pullback_window"": 6, ""trigger.reclaim_level"": 60, ""trigger.volume_multiplier"": 1.5}",10,6533,6411,970,1357,0,42,3,16,0,0.0,64,MISSING_OR_INVALID_RAW_PATH_PRICE=42 (0.006429),572,140,390,69,19,0,36164,-0.006165160766662944,-0.009512282884323806,4.0,5.0,0.532678209327718,0.46045858680393076,0.006863203868351271,0.4691565896219195,0.2384815551813868,0.08051431195469157,0.9308697037273019,0.020745593511152707,50,58,6,60,1.5
"rsi_daily_pullback_reclaim_surface_v1__all_liquid__trigger.hold_floor=50,trigger.pullback_ceiling=58,trigger.pullback_window=6,trigger.reclaim_level=60,trigger.volume_multiplier=1.5",all_liquid,"{""trigger.hold_floor"": 50, ""trigger.pullback_ceiling"": 58, ""trigger.pullback_window"": 6, ""trigger.reclaim_level"": 60, ""trigger.volume_multiplier"": 1.5}",20,6533,6325,970,1357,0,72,4,16,0,0.0,120,MISSING_OR_INVALID_RAW_PATH_PRICE=72 (0.011021),886,280,622,126,33,0,71584,-0.012846617068154834,-0.012125025842693198,7.0,9.0,0.5378656126482213,0.4602371541501976,0.0018972332015810276,0.5740088780039798,0.3555793662941987,0.14908923924690035,1.0158730158730156,0.014545454545454545,50,58,6,60,1.5
"rsi_daily_pullback_reclaim_surface_v1__all_liquid__trigger.hold_floor=50,trigger.pullback_ceiling=58,trigger.pullback_window=6,trigger.reclaim_level=60,trigger.volume_multiplier=2.0",all_liquid,"{""trigger.hold_floor"": 50, ""trigger.pullback_ceiling"": 58, ""trigger.pullback_window"": 6, ""trigger.reclaim_level"": 60, ""trigger.volume_multiplier"": 2.0}",5,4642,4576,936,1275,0,17,2,14,0,0.0,35,MISSING_OR_INVALID_RAW_PATH_PRICE=17 (0.003662),283,43,183,21,10,0,12864,-0.0012792824747139102,-0.008658700697394241,2.0,3.0,0.5192307692307693,0.44405594405594406,0.03671328671328671,0.36708315381301165,0.16587677725118483,0.04136148211977596,0.8505319148936171,0.02972027972027972,50,58,6,60,2.0
"rsi_daily_pullback_reclaim_surface_v1__all_liquid__trigger.hold_floor=50,trigger.pullback_ceiling=58,trigger.pullback_window=6,trigger.reclaim_level=60,trigger.volume_multiplier=2.0",all_liquid,"{""trigger.hold_floor"": 50, ""trigger.pullback_ceiling"": 58, ""trigger.pullback_window"": 6, ""trigger.reclaim_level"": 60, ""trigger.volume_multiplier"": 2.0}",10,4642,4547,936,1275,0,29,2,14,0,0.0,52,MISSING_OR_INVALID_RAW_PATH_PRICE=29 (0.006247),431,89,292,45,14,0,25594,-0.004691587968117986,-0.010366341538526926,4.0,5.0,0.5276006157906312,0.46580162744666814,0.006597756762700682,0.4808272296423955,0.24924601464885826,0.08530805687203792,0.9440313111545988,0.02133274686606554,50,58,6,60,2.0
"rsi_daily_pullback_reclaim_surface_v1__all_liquid__trigger.hold_floor=50,trigger.pullback_ceiling=58,trigger.pullback_window=6,trigger.reclaim_level=60,trigger.volume_multiplier=2.0",all_liquid,"{""trigger.hold_floor"": 50, ""trigger.pullback_ceiling"": 58, ""trigger.pullback_window"": 6, ""trigger.reclaim_level"": 60, ""trigger.volume_multiplier"": 2.0}",20,4642,4490,936,1275,0,51,2,14,0,0.0,87,MISSING_OR_INVALID_RAW_PATH_PRICE=51 (0.010987),656,194,456,88,24,0,50787,-0.010432911842448336,-0.012729956716934613,7.0,9.0,0.5383073496659243,0.4603563474387528,0.0013363028953229399,0.5827229642395519,0.36471348556656613,0.15532098233520034,1.0000000000000018,0.014922048997772828,50,58,6,60,2.0
"rsi_daily_pullback_reclaim_surface_v1__all_liquid__trigger.hold_floor=50,trigger.pullback_ceiling=58,trigger.pullback_window=9,trigger.reclaim_level=60,trigger.volume_multiplier=1.0",all_liquid,"{""trigger.hold_floor"": 50, ""trigger.pullback_ceiling"": 58, ""trigger.pullback_window"": 9, ""trigger.reclaim_level"": 60, ""trigger.volume_multiplier"": 1.0}",5,7398,7315,966,1355,0,28,3,19,0,0.0,36,MISSING_OR_INVALID_RAW_PATH_PRICE=28 (0.003785),374,86,254,41,13,0,21005,-0.004413619182031778,-0.006620938479457796,2.0,3.0,0.51784005468216,0.44907723855092274,0.03308270676691729,0.34130846174641793,0.14949986482833197,0.035685320356853206,0.8571428571428499,0.03239917976760082,50,58,9,60,1.0
"rsi_daily_pullback_reclaim_surface_v1__all_liquid__trigger.hold_floor=50,trigger.pullback_ceiling=58,trigger.pullback_window=9,trigger.reclaim_level=60,trigger.volume_multiplier=1.0",all_liquid,"{""trigger.hold_floor"": 50, ""trigger.pullback_ceiling"": 58, ""trigger.pullback_window"": 9, ""trigger.reclaim_level"": 60, ""trigger.volume_multiplier"": 1.0}",10,7398,7265,966,1355,0,44,3,19,0,0.0,70,MISSING_OR_INVALID_RAW_PATH_PRICE=44 (0.005948),572,159,397,75,23,0,41735,-0.008022034889430658,-0.008614152068019451,4.0,5.0,0.535719201651755,0.45836200963523743,0.005918788713007571,0.45336577453365773,0.23668559070018924,0.07637199243038659,0.8982758620689686,0.023537508602890573,50,58,9,60,1.0
"rsi_daily_pullback_reclaim_surface_v1__all_liquid__trigger.hold_floor=50,trigger.pullback_ceiling=58,trigger.pullback_window=9,trigger.reclaim_level=60,trigger.volume_multiplier=1.0",all_liquid,"{""trigger.hold_floor"": 50, ""trigger.pullback_ceiling"": 58, ""trigger.pullback_window"": 9, ""trigger.reclaim_level"": 60, ""trigger.volume_multiplier"": 1.0}",20,7398,7163,966,1355,0,76,5,19,0,0.0,140,MISSING_OR_INVALID_RAW_PATH_PRICE=76 (0.010273),901,304,646,135,36,0,82535,-0.014320481439108447,-0.011469644059308094,8.0,9.0,0.5330168923635348,0.4657266508446182,0.0012564567918469914,0.563125168964585,0.3496891051635577,0.14233576642335766,1.0000000000000024,0.01745078877565266,50,58,9,60,1.0
"rsi_daily_pullback_reclaim_surface_v1__all_liquid__trigger.hold_floor=50,trigger.pullback_ceiling=58,trigger.pullback_window=9,trigger.reclaim_level=60,trigger.volume_multiplier=1.2",all_liquid,"{""trigger.hold_floor"": 50, ""trigger.pullback_ceiling"": 58, ""trigger.pullback_window"": 9, ""trigger.reclaim_level"": 60, ""trigger.volume_multiplier"": 1.2}",5,6274,6201,952,1331,0,24,3,16,0,0.0,33,MISSING_OR_INVALID_RAW_PATH_PRICE=24 (0.003825),339,75,234,36,11,0,17835,-0.0036201861186532097,-0.0072929581386947245,2.0,3.0,0.5197548782454443,0.4471859377519755,0.033059184002580226,0.34858144724258844,0.15349059611093402,0.037456168313675486,0.8400000000000031,0.03289791969037252,50,58,9,60,1.2
"rsi_daily_pullback_reclaim_surface_v1__all_liquid__trigger.hold_floor=50,trigger.pullback_ceiling=58,trigger.pullback_window=9,trigger.reclaim_level=60,trigger.volume_multiplier=1.2",all_liquid,"{""trigger.hold_floor"": 50, ""trigger.pullback_ceiling"": 58, ""trigger.pullback_window"": 9, ""trigger.reclaim_level"": 60, ""trigger.volume_multiplier"": 1.2}",10,6274,6156,952,1331,0,39,3,16,0,0.0,63,MISSING_OR_INVALID_RAW_PATH_PRICE=39 (0.006216),515,138,362,64,19,0,35422,-0.007161370578214102,-0.009304892052194078,4.0,5.0,0.5384990253411306,0.45532813515269654,0.006172839506172839,0.45808096907873763,0.24003825310806504,0.07921581128466688,0.8947368421052525,0.02355425601039636,50,58,9,60,1.2
"rsi_daily_pullback_reclaim_surface_v1__all_liquid__trigger.hold_floor=50,trigger.pullback_ceiling=58,trigger.pullback_window=9,trigger.reclaim_level=60,trigger.volume_multiplier=1.2",all_liquid,"{""trigger.hold_floor"": 50, ""trigger.pullback_ceiling"": 58, ""trigger.pullback_window"": 9, ""trigger.reclaim_level"": 60, ""trigger.volume_multiplier"": 1.2}",20,6274,6071,952,1331,0,66,5,16,0,0.0,121,MISSING_OR_INVALID_RAW_PATH_PRICE=66 (0.010520),806,266,586,115,32,0,70089,-0.01327769665368013,-0.01210093627583625,8.0,9.0,0.5331905781584583,0.46532696425630043,0.001482457585241311,0.5664647752629901,0.3562320688555945,0.14743385400063755,1.0,0.017295338494481963,50,58,9,60,1.2
"rsi_daily_pullback_reclaim_surface_v1__all_liquid__trigger.hold_floor=50,trigger.pullback_ceiling=58,trigger.pullback_window=9,trigger.reclaim_level=60,trigger.volume_multiplier=1.5",all_liquid,"{""trigger.hold_floor"": 50, ""trigger.pullback_ceiling"": 58, ""trigger.pullback_window"": 9, ""trigger.reclaim_level"": 60, ""trigger.volume_multiplier"": 1.5}",5,4929,4865,933,1284,0,21,3,15,0,0.0,28,MISSING_OR_INVALID_RAW_PATH_PRICE=21 (0.004260),294,59,198,27,7,0,13945,-0.0022709829891021036,-0.008414208219706395,2.0,3.0,0.5200411099691675,0.44563206577595066,0.03432682425488181,0.36051937512680055,0.16230472712517752,0.04179346723473321,0.8426212590299388,0.029393627954779036,50,58,9,60,1.5
"rsi_daily_pullback_reclaim_surface_v1__all_liquid__trigger.hold_floor=50,trigger.pullback_ceiling=58,trigger.pullback_window=9,trigger.reclaim_level=60,trigger.volume_multiplier=1.5",all_liquid,"{""trigger.hold_floor"": 50, ""trigger.pullback_ceiling"": 58, ""trigger.pullback_window"": 9, ""trigger.reclaim_level"": 60, ""trigger.volume_multiplier"": 1.5}",10,4929,4829,933,1284,0,32,3,15,0,0.0,53,MISSING_OR_INVALID_RAW_PATH_PRICE=32 (0.006492),441,115,304,52,12,0,27680,-0.005864605594514814,-0.010272955991419863,4.0,5.0,0.5446262166079934,0.448954234831228,0.006419548560778629,0.46682897139379187,0.24589166159464396,0.08460133901399879,0.8799999999999983,0.02132946779871609,50,58,9,60,1.5
"rsi_daily_pullback_reclaim_surface_v1__all_liquid__trigger.hold_floor=50,trigger.pullback_ceiling=58,trigger.pullback_window=9,trigger.reclaim_level=60,trigger.volume_multiplier=1.5",all_liquid,"{""trigger.hold_floor"": 50, ""trigger.pullback_ceiling"": 58, ""trigger.pullback_window"": 9, ""trigger.reclaim_level"": 60, ""trigger.volume_multiplier"": 1.5}",20,4929,4766,933,1284,0,56,5,15,0,0.0,92,MISSING_OR_INVALID_RAW_PATH_PRICE=56 (0.011361),683,227,488,95,24,0,54919,-0.01272943794205756,-0.013294699843167578,7.0,9.0,0.541334452370961,0.4569869911875787,0.001678556441460344,0.5698924731182796,0.35828768512882936,0.1537837289511057,0.9743589743589721,0.01531682752832564,50,58,9,60,1.5
"rsi_daily_pullback_reclaim_surface_v1__all_liquid__trigger.hold_floor=50,trigger.pullback_ceiling=58,trigger.pullback_window=9,trigger.reclaim_level=60,trigger.volume_multiplier=2.0",all_liquid,"{""trigger.hold_floor"": 50, ""trigger.pullback_ceiling"": 58, ""trigger.pullback_window"": 9, ""trigger.reclaim_level"": 60, ""trigger.volume_multiplier"": 2.0}",5,3413,3362,883,1174,0,13,2,13,0,0.0,25,MISSING_OR_INVALID_RAW_PATH_PRICE=13 (0.003809),220,33,145,14,6,0,9659,-0.0007291719039902601,-0.008869465911904247,2.0,3.0,0.5175490779298036,0.4458655562165378,0.036585365853658534,0.3759156167594492,0.17931438617052448,0.048051567535892174,0.8656249999999992,0.030933967876264127,50,58,9,60,2.0
"rsi_daily_pullback_reclaim_surface_v1__all_liquid__trigger.hold_floor=50,trigger.pullback_ceiling=58,trigger.pullback_window=9,trigger.reclaim_level=60,trigger.volume_multiplier=2.0",all_liquid,"{""trigger.hold_floor"": 50, ""trigger.pullback_ceiling"": 58, ""trigger.pullback_window"": 9, ""trigger.reclaim_level"": 60, ""trigger.volume_multiplier"": 2.0}",10,3413,3337,883,1174,0,22,2,13,0,0.0,41,MISSING_OR_INVALID_RAW_PATH_PRICE=22 (0.006446),326,68,225,31,8,0,19182,-0.0034128180796906687,-0.010902125941922969,4.0,5.0,0.5373089601438418,0.45669763260413543,0.005993407252022775,0.4825666569000879,0.2593026662760035,0.09141517726340463,0.9175170068027225,0.021875936469883128,50,58,9,60,2.0
"rsi_daily_pullback_reclaim_surface_v1__all_liquid__trigger.hold_floor=50,trigger.pullback_ceiling=58,trigger.pullback_window=9,trigger.reclaim_level=60,trigger.volume_multiplier=2.0",all_liquid,"{""trigger.hold_floor"": 50, ""trigger.pullback_ceiling"": 58, ""trigger.pullback_window"": 9, ""trigger.reclaim_level"": 60, ""trigger.volume_multiplier"": 2.0}",20,3413,3297,883,1174,0,40,2,13,0,0.0,63,MISSING_OR_INVALID_RAW_PATH_PRICE=40 (0.011720),484,151,344,63,17,0,38177,-0.010013046416089993,-0.013501196436524324,7.0,9.0,0.5414012738853503,0.45738550197148925,0.001213224143160449,0.582185760328157,0.36771169059478465,0.1599765602109581,0.9786409242930999,0.016075219896875947,50,58,9,60,2.0
"rsi_daily_pullback_reclaim_surface_v1__all_liquid__trigger.hold_floor=50,trigger.pullback_ceiling=58,trigger.pullback_window=3,trigger.reclaim_level=62,trigger.volume_multiplier=1.0",all_liquid,"{""trigger.hold_floor"": 50, ""trigger.pullback_ceiling"": 58, ""trigger.pullback_window"": 3, ""trigger.reclaim_level"": 62, ""trigger.volume_multiplier"": 1.0}",5,11283,11150,1051,1420,0,37,3,23,0,0.0,73,MISSING_OR_INVALID_RAW_PATH_PRICE=37 (0.003279),578,108,401,61,29,0,31462,-0.0044789938244465186,-0.00793716212342648,2.0,3.0,0.529237668161435,0.4369506726457399,0.03381165919282511,0.3335105911548347,0.14021093680758664,0.03332447044225827,0.798550724637668,0.029058295964125562,50,58,3,62,1.0
"rsi_daily_pullback_reclaim_surface_v1__all_liquid__trigger.hold_floor=50,trigger.pullback_ceiling=58,trigger.pullback_window=3,trigger.reclaim_level=62,trigger.volume_multiplier=1.0",all_liquid,"{""trigger.hold_floor"": 50, ""trigger.pullback_ceiling"": 58, ""trigger.pullback_window"": 3, ""trigger.reclaim_level"": 62, ""trigger.volume_multiplier"": 1.0}",10,11283,11079,1051,1420,0,72,3,23,0,0.0,109,MISSING_OR_INVALID_RAW_PATH_PRICE=72 (0.006381),919,210,640,105,44,0,62601,-0.009229502050337436,-0.008896805460457975,4.0,5.0,0.5330806029425038,0.4614134849715678,0.005505912085928333,0.44988035097048656,0.2276876717185146,0.07373925374457148,0.8999999999999997,0.021391822366639588,50,58,3,62,1.0
"rsi_daily_pullback_reclaim_surface_v1__all_liquid__trigger.hold_floor=50,trigger.pullback_ceiling=58,trigger.pullback_window=3,trigger.reclaim_level=62,trigger.volume_multiplier=1.0",all_liquid,"{""trigger.hold_floor"": 50, ""trigger.pullback_ceiling"": 58, ""trigger.pullback_window"": 3, ""trigger.reclaim_level"": 62, ""trigger.volume_multiplier"": 1.0}",20,11283,10931,1051,1420,0,121,6,22,0,0.0,209,MISSING_OR_INVALID_RAW_PATH_PRICE=121 (0.010724),1486,436,1054,205,62,0,123658,-0.01606575269044201,-0.010420593318648877,8.0,9.0,0.5242887201536913,0.47488793340042085,0.0008233464458878419,0.5620845519808562,0.3437029158911637,0.14366746432686342,1.0227272727272736,0.015918031287164944,50,58,3,62,1.0
"rsi_daily_pullback_reclaim_surface_v1__all_liquid__trigger.hold_floor=50,trigger.pullback_ceiling=58,trigger.pullback_window=3,trigger.reclaim_level=62,trigger.volume_multiplier=1.2",all_liquid,"{""trigger.hold_floor"": 50, ""trigger.pullback_ceiling"": 58, ""trigger.pullback_window"": 3, ""trigger.reclaim_level"": 62, ""trigger.volume_multiplier"": 1.2}",5,10406,10282,1044,1417,0,35,3,21,0,0.0,68,MISSING_OR_INVALID_RAW_PATH_PRICE=35 (0.003363),543,96,381,54,26,0,29008,-0.004050855361388352,-0.00859557539848337,2.0,3.0,0.5307333203656877,0.43590741100953123,0.03335926862478117,0.336728810301749,0.14155295022102632,0.03382663847780127,0.7857142857142778,0.029663489593464307,50,58,3,62,1.2
"rsi_daily_pullback_reclaim_surface_v1__all_liquid__trigger.hold_floor=50,trigger.pullback_ceiling=58,trigger.pullback_window=3,trigger.reclaim_level=62,trigger.volume_multiplier=1.2",all_liquid,"{""trigger.hold_floor"": 50, ""trigger.pullback_ceiling"": 58, ""trigger.pullback_window"": 3, ""trigger.reclaim_level"": 62, ""trigger.volume_multiplier"": 1.2}",10,10406,10217,1044,1417,0,69,3,21,0,0.0,99,MISSING_OR_INVALID_RAW_PATH_PRICE=69 (0.006631),863,195,608,96,39,0,57739,-0.008737329003083952,-0.009385843814587791,4.0,5.0,0.5336204365273564,0.46089850249584025,0.005481060976803367,0.4532000768787238,0.22842590812992505,0.07418796847972324,0.8888888888888904,0.021630615640599003,50,58,3,62,1.2
"rsi_daily_pullback_reclaim_surface_v1__all_liquid__trigger.hold_floor=50,trigger.pullback_ceiling=58,trigger.pullback_window=3,trigger.reclaim_level=62,trigger.volume_multiplier=1.2",all_liquid,"{""trigger.hold_floor"": 50, ""trigger.pullback_ceiling"": 58, ""trigger.pullback_window"": 3, ""trigger.reclaim_level"": 62, ""trigger.volume_multiplier"": 1.2}",20,10406,10081,1044,1417,0,114,6,20,0,0.0,191,MISSING_OR_INVALID_RAW_PATH_PRICE=114 (0.010955),1399,405,1001,190,57,0,114096,-0.01577972454342702,-0.010918897624897159,8.0,9.0,0.5263366729491122,0.4728697549846245,0.0007935720662632675,0.5642898327887758,0.3456659619450317,0.14501249279261963,1.0054054054054062,0.01606983434183117,50,58,3,62,1.2
"rsi_daily_pullback_reclaim_surface_v1__all_liquid__trigger.hold_floor=50,trigger.pullback_ceiling=58,trigger.pullback_window=3,trigger.reclaim_level=62,trigger.volume_multiplier=1.5",all_liquid,"{""trigger.hold_floor"": 50, ""trigger.pullback_ceiling"": 58, ""trigger.pullback_window"": 3, ""trigger.reclaim_level"": 62, ""trigger.volume_multiplier"": 1.5}",5,9088,8970,1041,1407,0,33,3,20,0,0.0,65,MISSING_OR_INVALID_RAW_PATH_PRICE=33 (0.003631),500,84,346,46,22,0,25126,-0.0031292581177676665,-0.009292192531437355,2.0,3.0,0.5319955406911928,0.4348940914158305,0.03311036789297659,0.34419014084507044,0.14590669014084506,0.035651408450704226,0.789473684210521,0.028093645484949834,50,58,3,62,1.5
"rsi_daily_pullback_reclaim_surface_v1__all_liquid__trigger.hold_floor=50,trigger.pullback_ceiling=58,trigger.pullback_window=3,trigger.reclaim_level=62,trigger.volume_multiplier=1.5",all_liquid,"{""trigger.hold_floor"": 50, ""trigger.pullback_ceiling"": 58, ""trigger.pullback_window"": 3, ""trigger.reclaim_level"": 62, ""trigger.volume_multiplier"": 1.5}",10,9088,8916,1041,1407,0,60,3,20,0,0.0,92,MISSING_OR_INVALID_RAW_PATH_PRICE=60 (0.006602),796,171,557,82,29,0,50010,-0.007777266588932054,-0.010390406834504708,4.0,5.0,0.5367877972184836,0.4577164647824136,0.005495737999102737,0.4586267605633803,0.23305457746478872,0.07669454225352113,0.875000000000003,0.02097353073126963,50,58,3,62,1.5
"rsi_daily_pullback_reclaim_surface_v1__all_liquid__trigger.hold_floor=50,trigger.pullback_ceiling=58,trigger.pullback_window=3,trigger.reclaim_level=62,trigger.volume_multiplier=1.5",all_liquid,"{""trigger.hold_floor"": 50, ""trigger.pullback_ceiling"": 58, ""trigger.pullback_window"": 3, ""trigger.reclaim_level"": 62, ""trigger.volume_multiplier"": 1.5}",20,9088,8799,1041,1407,0,102,6,19,0,0.0,168,MISSING_OR_INVALID_RAW_PATH_PRICE=102 (0.011224),1281,364,915,167,45,0,98892,-0.01491946816714862,-0.012134754559504201,8.0,9.0,0.5330151153540175,0.46607569041936586,0.000909194226616661,0.5653609154929577,0.3491417253521127,0.14931778169014084,1.0,0.015683600409137403,50,58,3,62,1.5
"rsi_daily_pullback_reclaim_surface_v1__all_liquid__trigger.hold_floor=50,trigger.pullback_ceiling=58,trigger.pullback_window=3,trigger.reclaim_level=62,trigger.volume_multiplier=2.0",all_liquid,"{""trigger.hold_floor"": 50, ""trigger.pullback_ceiling"": 58, ""trigger.pullback_window"": 3, ""trigger.reclaim_level"": 62, ""trigger.volume_multiplier"": 2.0}",5,7122,7023,1020,1377,0,22,3,17,0,0.0,60,MISSING_OR_INVALID_RAW_PATH_PRICE=22 (0.003089),408,59,281,34,20,0,19499,-0.001865112402835982,-0.01007998552249828,2.0,3.0,0.5301153353267835,0.43514167734586356,0.03474298732735298,0.35102499297950013,0.15164279696714406,0.03692782926144342,0.7894736842105265,0.027765912003417343,50,58,3,62,2.0
"rsi_daily_pullback_reclaim_surface_v1__all_liquid__trigger.hold_floor=50,trigger.pullback_ceiling=58,trigger.pullback_window=3,trigger.reclaim_level=62,trigger.volume_multiplier=2.0",all_liquid,"{""trigger.hold_floor"": 50, ""trigger.pullback_ceiling"": 58, ""trigger.pullback_window"": 3, ""trigger.reclaim_level"": 62, ""trigger.volume_multiplier"": 2.0}",10,7122,6985,1020,1377,0,41,3,17,0,0.0,79,MISSING_OR_INVALID_RAW_PATH_PRICE=41 (0.005757),646,126,452,61,25,0,38851,-0.006948760609353351,-0.011752184475891832,4.0,5.0,0.5362920544022907,0.45769506084466716,0.006012884753042233,0.4637742207245156,0.2371524852569503,0.07877000842459983,0.8749999999999969,0.02061560486757337,50,58,3,62,2.0
"rsi_daily_pullback_reclaim_surface_v1__all_liquid__trigger.hold_floor=50,trigger.pullback_ceiling=58,trigger.pullback_window=3,trigger.reclaim_level=62,trigger.volume_multiplier=2.0",all_liquid,"{""trigger.hold_floor"": 50, ""trigger.pullback_ceiling"": 58, ""trigger.pullback_window"": 3, ""trigger.reclaim_level"": 62, ""trigger.volume_multiplier"": 2.0}",20,7122,6893,1020,1377,0,75,4,17,0,0.0,137,MISSING_OR_INVALID_RAW_PATH_PRICE=75 (0.010531),1040,287,746,133,38,0,76839,-0.014424506032671217,-0.013074448649674157,7.0,9.0,0.5367764398665312,0.46220803713912667,0.0010155229943420861,0.5678180286436394,0.35285032294299357,0.15065992698680147,0.9714285714285711,0.015668069055563616,50,58,3,62,2.0
"rsi_daily_pullback_reclaim_surface_v1__all_liquid__trigger.hold_floor=50,trigger.pullback_ceiling=58,trigger.pullback_window=6,trigger.reclaim_level=62,trigger.volume_multiplier=1.0",all_liquid,"{""trigger.hold_floor"": 50, ""trigger.pullback_ceiling"": 58, ""trigger.pullback_window"": 6, ""trigger.reclaim_level"": 62, ""trigger.volume_multiplier"": 1.0}",5,9632,9516,1016,1394,0,37,4,25,0,0.0,54,MISSING_OR_INVALID_RAW_PATH_PRICE=37 (0.003841),494,104,333,56,20,0,27477,-0.004022171997567292,-0.007855358300232223,2.0,3.0,0.5294241277847835,0.4348465741908365,0.03572929802437999,0.3377284053156146,0.14171511627906977,0.03301495016611296,0.7999999999999996,0.029634300126103404,50,58,6,62,1.0
"rsi_daily_pullback_reclaim_surface_v1__all_liquid__trigger.hold_floor=50,trigger.pullback_ceiling=58,trigger.pullback_window=6,trigger.reclaim_level=62,trigger.volume_multiplier=1.0",all_liquid,"{""trigger.hold_floor"": 50, ""trigger.pullback_ceiling"": 58, ""trigger.pullback_window"": 6, ""trigger.reclaim_level"": 62, ""trigger.volume_multiplier"": 1.0}",10,9632,9461,1016,1394,0,59,4,25,0,0.0,87,MISSING_OR_INVALID_RAW_PATH_PRICE=59 (0.006125),765,189,527,96,35,0,54690,-0.008899747759112592,-0.009115540256200913,4.0,5.0,0.5342986999260121,0.4599936581756685,0.0057076418983194165,0.4522425249169435,0.22985880398671096,0.07485465116279069,0.8888888888888864,0.021667899799175563,50,58,6,62,1.0
"rsi_daily_pullback_reclaim_surface_v1__all_liquid__trigger.hold_floor=50,trigger.pullback_ceiling=58,trigger.pullback_window=6,trigger.reclaim_level=62,trigger.volume_multiplier=1.0",all_liquid,"{""trigger.hold_floor"": 50, ""trigger.pullback_ceiling"": 58, ""trigger.pullback_window"": 6, ""trigger.reclaim_level"": 62, ""trigger.volume_multiplier"": 1.0}",20,9632,9321,1016,1394,0,109,8,24,0,0.0,178,MISSING_OR_INVALID_RAW_PATH_PRICE=109 (0.011316),1226,399,871,186,52,0,107994,-0.015334631046286518,-0.011093628105426509,8.0,9.0,0.5259092372063083,0.47301791653256087,0.0010728462611307799,0.5650955149501661,0.34779900332225916,0.14451827242524917,1.0000000000000018,0.01555627078639631,50,58,6,62,1.0
"rsi_daily_pullback_reclaim_surface_v1__all_liquid__trigger.hold_floor=50,trigger.pullback_ceiling=58,trigger.pullback_window=6,trigger.reclaim_level=62,trigger.volume_multiplier=1.2",all_liquid,"{""trigger.hold_floor"": 50, ""trigger.pullback_ceiling"": 58, ""trigger.pullback_window"": 6, ""trigger.reclaim_level"": 62, ""trigger.volume_multiplier"": 1.2}",5,8635,8530,1009,1387,0,33,4,24,0,0.0,48,MISSING_OR_INVALID_RAW_PATH_PRICE=33 (0.003822),460,89,314,47,17,0,24549,-0.0034377575644213947,-0.008533758716047132,2.0,3.0,0.5315357561547479,0.43259085580304807,0.03587338804220398,0.3429067747539085,0.14464389114070642,0.0335842501447597,0.7999999999999869,0.029894490035169988,50,58,6,62,1.2
"rsi_daily_pullback_reclaim_surface_v1__all_liquid__trigger.hold_floor=50,trigger.pullback_ceiling=58,trigger.pullback_window=6,trigger.reclaim_level=62,trigger.volume_multiplier=1.2",all_liquid,"{""trigger.hold_floor"": 50, ""trigger.pullback_ceiling"": 58, ""trigger.pullback_window"": 6, ""trigger.reclaim_level"": 62, ""trigger.volume_multiplier"": 1.2}",10,8635,8479,1009,1387,0,55,4,24,0,0.0,77,MISSING_OR_INVALID_RAW_PATH_PRICE=55 (0.006369),712,170,495,84,29,0,48870,-0.007987959112656724,-0.00966491335557644,4.0,5.0,0.5354405000589693,0.4588984550064866,0.005661044934544168,0.45744064852345107,0.2320787492762015,0.07562246670526926,0.8800000000000024,0.021700672249085978,50,58,6,62,1.2
"rsi_daily_pullback_reclaim_surface_v1__all_liquid__trigger.hold_floor=50,trigger.pullback_ceiling=58,trigger.pullback_window=6,trigger.reclaim_level=62,trigger.volume_multiplier=1.2",all_liquid,"{""trigger.hold_floor"": 50, ""trigger.pullback_ceiling"": 58, ""trigger.pullback_window"": 6, ""trigger.reclaim_level"": 62, ""trigger.volume_multiplier"": 1.2}",20,8635,8354,1009,1387,0,99,7,23,0,0.0,159,MISSING_OR_INVALID_RAW_PATH_PRICE=99 (0.011465),1136,359,812,165,46,0,96561,-0.014713542584240576,-0.011691809490530773,8.0,9.0,0.5299257840555422,0.4689968877184582,0.0010773282259995212,0.5669947886508396,0.35124493341053853,0.14638100752750435,1.0,0.015561407708881973,50,58,6,62,1.2
"rsi_daily_pullback_reclaim_surface_v1__all_liquid__trigger.hold_floor=50,trigger.pullback_ceiling=58,trigger.pullback_window=6,trigger.reclaim_level=62,trigger.volume_multiplier=1.5",all_liquid,"{""trigger.hold_floor"": 50, ""trigger.pullback_ceiling"": 58, ""trigger.pullback_window"": 6, ""trigger.reclaim_level"": 62, ""trigger.volume_multiplier"": 1.5}",5,7312,7213,1001,1371,0,32,4,22,0,0.0,45,MISSING_OR_INVALID_RAW_PATH_PRICE=32 (0.004376),413,76,277,39,13,0,20682,-0.0023034667618917516,-0.009294456173580327,2.0,3.0,0.5329266601968667,0.43102731179814224,0.03604602800499099,0.3514770240700219,0.150164113785558,0.03637855579868709,0.8000000000000014,0.028004990988493,50,58,6,62,1.5
"rsi_daily_pullback_reclaim_surface_v1__all_liquid__trigger.hold_floor=50,trigger.pullback_ceiling=58,trigger.pullback_window=6,trigger.reclaim_level=62,trigger.volume_multiplier=1.5",all_liquid,"{""trigger.hold_floor"": 50, ""trigger.pullback_ceiling"": 58, ""trigger.pullback_window"": 6, ""trigger.reclaim_level"": 62, ""trigger.volume_multiplier"": 1.5}",10,7312,7170,1001,1371,0,49,4,22,0,0.0,71,MISSING_OR_INVALID_RAW_PATH_PRICE=49 (0.006701),641,145,441,70,19,0,41161,-0.0072794421767869814,-0.010998615554990914,4.0,5.0,0.5396094839609484,0.45467224546722457,0.005718270571827057,0.4644420131291028,0.2364606126914661,0.07863785557986872,0.8636187524215391,0.021199442119944213,50,58,6,62,1.5
"rsi_daily_pullback_reclaim_surface_v1__all_liquid__trigger.hold_floor=50,trigger.pullback_ceiling=58,trigger.pullback_window=6,trigger.reclaim_level=62,trigger.volume_multiplier=1.5",all_liquid,"{""trigger.hold_floor"": 50, ""trigger.pullback_ceiling"": 58, ""trigger.pullback_window"": 6, ""trigger.reclaim_level"": 62, ""trigger.volume_multiplier"": 1.5}",20,7312,7067,1001,1371,0,90,7,21,0,0.0,134,MISSING_OR_INVALID_RAW_PATH_PRICE=90 (0.012309),1018,310,723,139,35,0,81425,-0.014112510597522547,-0.012692632277456553,7.0,9.0,0.5362954577614264,0.4624310174048394,0.001273524833734258,0.5687910284463895,0.35421225382932164,0.1511214442013129,0.9705882352941192,0.014999292486203481,50,58,6,62,1.5
"rsi_daily_pullback_reclaim_surface_v1__all_liquid__trigger.hold_floor=50,trigger.pullback_ceiling=58,trigger.pullback_window=6,trigger.reclaim_level=62,trigger.volume_multiplier=2.0",all_liquid,"{""trigger.hold_floor"": 50, ""trigger.pullback_ceiling"": 58, ""trigger.pullback_window"": 6, ""trigger.reclaim_level"": 62, ""trigger.volume_multiplier"": 2.0}",5,5500,5421,969,1315,0,21,3,18,0,0.0,40,MISSING_OR_INVALID_RAW_PATH_PRICE=21 (0.003818),327,48,216,25,12,0,15517,-0.0013711607465868858,-0.010056266765560484,2.0,3.0,0.5299760191846523,0.4318391440693599,0.03818483674598783,0.3583636363636364,0.15745454545454546,0.03909090909090909,0.8085106382978696,0.026563364692861097,50,58,6,62,2.0
"rsi_daily_pullback_reclaim_surface_v1__all_liquid__trigger.hold_floor=50,trigger.pullback_ceiling=58,trigger.pullback_window=6,trigger.reclaim_level=62,trigger.volume_multiplier=2.0",all_liquid,"{""trigger.hold_floor"": 50, ""trigger.pullback_ceiling"": 58, ""trigger.pullback_window"": 6, ""trigger.reclaim_level"": 62, ""trigger.volume_multiplier"": 2.0}",10,5500,5389,969,1315,0,34,3,18,0,0.0,59,MISSING_OR_INVALID_RAW_PATH_PRICE=34 (0.006182),506,99,348,48,16,0,30894,-0.006497133818698021,-0.012105904013055016,4.0,5.0,0.5388754871033586,0.45518649100018554,0.005938021896455743,0.4707272727272727,0.2421818181818182,0.08181818181818182,0.8723404255319173,0.020040823900538133,50,58,6,62,2.0
"rsi_daily_pullback_reclaim_surface_v1__all_liquid__trigger.hold_floor=50,trigger.pullback_ceiling=58,trigger.pullback_window=6,trigger.reclaim_level=62,trigger.volume_multiplier=2.0",all_liquid,"{""trigger.hold_floor"": 50, ""trigger.pullback_ceiling"": 58, ""trigger.pullback_window"": 6, ""trigger.reclaim_level"": 62, ""trigger.volume_multiplier"": 2.0}",20,5500,5312,969,1315,0,67,4,18,0,0.0,103,MISSING_OR_INVALID_RAW_PATH_PRICE=67 (0.012182),797,226,567,103,29,0,61200,-0.012896569117201967,-0.013386098307414935,7.0,9.0,0.537085843373494,0.4615963855421687,0.0013177710843373493,0.5734545454545454,0.36,0.1549090909090909,0.9574275362318854,0.01430722891566265,50,58,6,62,2.0
"rsi_daily_pullback_reclaim_surface_v1__all_liquid__trigger.hold_floor=50,trigger.pullback_ceiling=58,trigger.pullback_window=9,trigger.reclaim_level=62,trigger.volume_multiplier=1.0",all_liquid,"{""trigger.hold_floor"": 50, ""trigger.pullback_ceiling"": 58, ""trigger.pullback_window"": 9, ""trigger.reclaim_level"": 62, ""trigger.volume_multiplier"": 1.0}",5,7943,7851,988,1356,0,32,4,26,0,0.0,34,MISSING_OR_INVALID_RAW_PATH_PRICE=32 (0.004029),435,89,296,46,14,0,23007,-0.003655819130371347,-0.008003313744714167,2.0,3.0,0.5263023818621831,0.4376512546172462,0.036046363520570626,0.34470603046707793,0.15132821352133954,0.036636031726048096,0.8333333333333367,0.030569354222392053,50,58,9,62,1.0
"rsi_daily_pullback_reclaim_surface_v1__all_liquid__trigger.hold_floor=50,trigger.pullback_ceiling=58,trigger.pullback_window=9,trigger.reclaim_level=62,trigger.volume_multiplier=1.0",all_liquid,"{""trigger.hold_floor"": 50, ""trigger.pullback_ceiling"": 58, ""trigger.pullback_window"": 9, ""trigger.reclaim_level"": 62, ""trigger.volume_multiplier"": 1.0}",10,7943,7803,988,1356,0,47,4,26,0,0.0,67,MISSING_OR_INVALID_RAW_PATH_PRICE=47 (0.005917),654,162,453,79,24,0,45743,-0.008042002849203644,-0.009698445255484946,4.0,5.0,0.5396642317057542,0.4549532231193131,0.005382545174932718,0.45448822862898147,0.23819715472743297,0.07918922321540979,0.8768939393939442,0.02242727156221966,50,58,9,62,1.0
"rsi_daily_pullback_reclaim_surface_v1__all_liquid__trigger.hold_floor=50,trigger.pullback_ceiling=58,trigger.pullback_window=9,trigger.reclaim_level=62,trigger.volume_multiplier=1.0",all_liquid,"{""trigger.hold_floor"": 50, ""trigger.pullback_ceiling"": 58, ""trigger.pullback_window"": 9, ""trigger.reclaim_level"": 62, ""trigger.volume_multiplier"": 1.0}",20,7943,7690,988,1356,0,89,10,25,0,0.0,139,MISSING_OR_INVALID_RAW_PATH_PRICE=89 (0.011205),1036,335,740,151,39,0,90436,-0.01491131194650614,-0.01212653248086943,8.0,9.0,0.5315994798439532,0.46762028608582573,0.0007802340702210664,0.5659070880020144,0.35100088127911366,0.1483066851315624,0.9811320754716997,0.01703511053315995,50,58,9,62,1.0
"rsi_daily_pullback_reclaim_surface_v1__all_liquid__trigger.hold_floor=50,trigger.pullback_ceiling=58,trigger.pullback_window=9,trigger.reclaim_level=62,trigger.volume_multiplier=1.2",all_liquid,"{""trigger.hold_floor"": 50, ""trigger.pullback_ceiling"": 58, ""trigger.pullback_window"": 9, ""trigger.reclaim_level"": 62, ""trigger.volume_multiplier"": 1.2}",5,6988,6904,981,1334,0,30,4,24,0,0.0,30,MISSING_OR_INVALID_RAW_PATH_PRICE=30 (0.004293),401,76,276,38,12,0,20179,-0.002910578513476165,-0.008655008354829723,2.0,3.0,0.5286790266512167,0.43496523754345306,0.03635573580533024,0.35031482541499714,0.15455065827132228,0.03777904979965655,0.822021116138764,0.030417149478563152,50,58,9,62,1.2
"rsi_daily_pullback_reclaim_surface_v1__all_liquid__trigger.hold_floor=50,trigger.pullback_ceiling=58,trigger.pullback_window=9,trigger.reclaim_level=62,trigger.volume_multiplier=1.2",all_liquid,"{""trigger.hold_floor"": 50, ""trigger.pullback_ceiling"": 58, ""trigger.pullback_window"": 9, ""trigger.reclaim_level"": 62, ""trigger.volume_multiplier"": 1.2}",10,6988,6862,981,1334,0,45,4,24,0,0.0,57,MISSING_OR_INVALID_RAW_PATH_PRICE=45 (0.006440),600,146,421,69,20,0,40141,-0.007310762297729749,-0.010753818743884608,4.0,5.0,0.5425531914893617,0.4519090644127077,0.005537744097930632,0.45935890097309673,0.24026903262736118,0.08056668574699485,0.8620689655172374,0.02200524628388225,50,58,9,62,1.2
"rsi_daily_pullback_reclaim_surface_v1__all_liquid__trigger.hold_floor=50,trigger.pullback_ceiling=58,trigger.pullback_window=9,trigger.reclaim_level=62,trigger.volume_multiplier=1.2",all_liquid,"{""trigger.hold_floor"": 50, ""trigger.pullback_ceiling"": 58, ""trigger.pullback_window"": 9, ""trigger.reclaim_level"": 62, ""trigger.volume_multiplier"": 1.2}",20,6988,6764,981,1334,0,80,9,23,0,0.0,121,MISSING_OR_INVALID_RAW_PATH_PRICE=80 (0.011448),946,299,681,131,35,0,79427,-0.014381605656328181,-0.01292290186361254,7.0,9.0,0.5368125369603785,0.4623004139562389,0.0008870490833826139,0.5668288494562106,0.3538923869490555,0.1502575844304522,0.9642857142857106,0.01670609107037256,50,58,9,62,1.2
"rsi_daily_pullback_reclaim_surface_v1__all_liquid__trigger.hold_floor=50,trigger.pullback_ceiling=58,trigger.pullback_window=9,trigger.reclaim_level=62,trigger.volume_multiplier=1.5",all_liquid,"{""trigger.hold_floor"": 50, ""trigger.pullback_ceiling"": 58, ""trigger.pullback_window"": 9, ""trigger.reclaim_level"": 62, ""trigger.volume_multiplier"": 1.5}",5,5802,5722,966,1299,0,29,4,23,0,0.0,28,MISSING_OR_INVALID_RAW_PATH_PRICE=29 (0.004998),359,65,242,30,8,0,16652,-0.0016392787002854972,-0.00961430371045847,2.0,3.0,0.5318070604683677,0.4320167773505767,0.03617616218105558,0.3600482592209583,0.15942778352292314,0.040675629093416064,0.8148148148148169,0.028137015029709892,50,58,9,62,1.5
"rsi_daily_pullback_reclaim_surface_v1__all_liquid__trigger.hold_floor=50,trigger.pullback_ceiling=58,trigger.pullback_window=9,trigger.reclaim_level=62,trigger.volume_multiplier=1.5",all_liquid,"{""trigger.hold_floor"": 50, ""trigger.pullback_ceiling"": 58, ""trigger.pullback_window"": 9, ""trigger.reclaim_level"": 62, ""trigger.volume_multiplier"": 1.5}",10,5802,5687,966,1299,0,40,4,23,0,0.0,52,MISSING_OR_INVALID_RAW_PATH_PRICE=40 (0.006894),533,125,368,57,11,0,33118,-0.006530053761659958,-0.012241463422848271,4.0,5.0,0.5494988570423773,0.4448742746615087,0.005626868296113944,0.4655291278869355,0.24370906583936575,0.08204067562909341,0.8426212590299265,0.02127659574468085,50,58,9,62,1.5
"rsi_daily_pullback_reclaim_surface_v1__all_liquid__trigger.hold_floor=50,trigger.pullback_ceiling=58,trigger.pullback_window=9,trigger.reclaim_level=62,trigger.volume_multiplier=1.5",all_liquid,"{""trigger.hold_floor"": 50, ""trigger.pullback_ceiling"": 58, ""trigger.pullback_window"": 9, ""trigger.reclaim_level"": 62, ""trigger.volume_multiplier"": 1.5}",20,5802,5611,966,1299,0,72,9,22,0,0.0,97,MISSING_OR_INVALID_RAW_PATH_PRICE=72 (0.012410),841,261,600,110,26,0,65687,-0.014092775350952685,-0.01422222435079552,7.0,9.0,0.5453573338085903,0.45357333808590267,0.0010693281055070398,0.5677352637021716,0.35504998276456395,0.1539124439848328,0.9258027522935772,0.015861700231687755,50,58,9,62,1.5
"rsi_daily_pullback_reclaim_surface_v1__all_liquid__trigger.hold_floor=50,trigger.pullback_ceiling=58,trigger.pullback_window=9,trigger.reclaim_level=62,trigger.volume_multiplier=2.0",all_liquid,"{""trigger.hold_floor"": 50, ""trigger.pullback_ceiling"": 58, ""trigger.pullback_window"": 9, ""trigger.reclaim_level"": 62, ""trigger.volume_multiplier"": 2.0}",5,4230,4167,932,1223,0,18,3,19,0,0.0,26,MISSING_OR_INVALID_RAW_PATH_PRICE=18 (0.004255),275,40,183,18,7,0,12142,-0.0004994589402301484,-0.010273629944507458,2.0,3.0,0.5277177825773938,0.4334053275737941,0.038876889848812095,0.36879432624113473,0.1685579196217494,0.0442080378250591,0.8333333333333361,0.02759779217662587,50,58,9,62,2.0
"rsi_daily_pullback_reclaim_surface_v1__all_liquid__trigger.hold_floor=50,trigger.pullback_ceiling=58,trigger.pullback_window=9,trigger.reclaim_level=62,trigger.volume_multiplier=2.0",all_liquid,"{""trigger.hold_floor"": 50, ""trigger.pullback_ceiling"": 58, ""trigger.pullback_window"": 9, ""trigger.reclaim_level"": 62, ""trigger.volume_multiplier"": 2.0}",10,4230,4140,932,1223,0,28,3,19,0,0.0,43,MISSING_OR_INVALID_RAW_PATH_PRICE=28 (0.006619),407,83,283,37,9,0,24148,-0.005854192530747666,-0.01294737472608816,4.0,5.0,0.5449275362318841,0.4492753623188406,0.005797101449275362,0.4732860520094563,0.2508274231678487,0.08581560283687943,0.8571428571428683,0.020531400966183576,50,58,9,62,2.0
"rsi_daily_pullback_reclaim_surface_v1__all_liquid__trigger.hold_floor=50,trigger.pullback_ceiling=58,trigger.pullback_window=9,trigger.reclaim_level=62,trigger.volume_multiplier=2.0",all_liquid,"{""trigger.hold_floor"": 50, ""trigger.pullback_ceiling"": 58, ""trigger.pullback_window"": 9, ""trigger.reclaim_level"": 62, ""trigger.volume_multiplier"": 2.0}",20,4230,4085,932,1223,0,55,5,19,0,0.0,71,MISSING_OR_INVALID_RAW_PATH_PRICE=55 (0.013002),628,186,450,78,22,0,47991,-0.012846617068154834,-0.014388725919973457,7.0,9.0,0.5436964504283965,0.45507955936352507,0.0012239902080783353,0.573758865248227,0.36146572104018915,0.15886524822695036,0.929401993355484,0.01591187270501836,50,58,9,62,2.0
"rsi_daily_pullback_reclaim_surface_v1__all_liquid__trigger.hold_floor=50,trigger.pullback_ceiling=58,trigger.pullback_window=3,trigger.reclaim_level=65,trigger.volume_multiplier=1.0",all_liquid,"{""trigger.hold_floor"": 50, ""trigger.pullback_ceiling"": 58, ""trigger.pullback_window"": 3, ""trigger.reclaim_level"": 65, ""trigger.volume_multiplier"": 1.0}",5,7920,7820,1037,1390,0,26,3,14,0,0.0,60,MISSING_OR_INVALID_RAW_PATH_PRICE=26 (0.003283),473,82,331,44,22,0,21986,-0.0024010626605497423,-0.010513351694525814,2.0,3.0,0.5227621483375959,0.4424552429667519,0.034782608695652174,0.35265151515151516,0.15214646464646464,0.03800505050505051,0.7777777777777761,0.028516624040920716,50,58,3,65,1.0
"rsi_daily_pullback_reclaim_surface_v1__all_liquid__trigger.hold_floor=50,trigger.pullback_ceiling=58,trigger.pullback_window=3,trigger.reclaim_level=65,trigger.volume_multiplier=1.0",all_liquid,"{""trigger.hold_floor"": 50, ""trigger.pullback_ceiling"": 58, ""trigger.pullback_window"": 3, ""trigger.reclaim_level"": 65, ""trigger.volume_multiplier"": 1.0}",10,7920,7771,1037,1390,0,45,3,14,0,0.0,90,MISSING_OR_INVALID_RAW_PATH_PRICE=45 (0.005682),744,160,531,80,36,0,43672,-0.007735046108355598,-0.011449035584071777,4.0,5.0,0.5387980954832068,0.45438167546004377,0.006820229056749453,0.4578282828282828,0.23484848484848486,0.07967171717171717,0.8749999999999997,0.02136147214000772,50,58,3,65,1.0
"rsi_daily_pullback_reclaim_surface_v1__all_liquid__trigger.hold_floor=50,trigger.pullback_ceiling=58,trigger.pullback_window=3,trigger.reclaim_level=65,trigger.volume_multiplier=1.0",all_liquid,"{""trigger.hold_floor"": 50, ""trigger.pullback_ceiling"": 58, ""trigger.pullback_window"": 3, ""trigger.reclaim_level"": 65, ""trigger.volume_multiplier"": 1.0}",20,7920,7661,1037,1390,0,82,5,13,0,0.0,164,MISSING_OR_INVALID_RAW_PATH_PRICE=82 (0.010354),1189,342,858,167,48,0,86145,-0.015846337731051208,-0.012188956864186095,7.0,9.0,0.5368750815820389,0.46221119958229995,0.0009137188356611409,0.5611111111111111,0.3438131313131313,0.14494949494949494,0.9624999999999999,0.01592481399295131,50,58,3,65,1.0
"rsi_daily_pullback_reclaim_surface_v1__all_liquid__trigger.hold_floor=50,trigger.pullback_ceiling=58,trigger.pullback_window=3,trigger.reclaim_level=65,trigger.volume_multiplier=1.2",all_liquid,"{""trigger.hold_floor"": 50, ""trigger.pullback_ceiling"": 58, ""trigger.pullback_window"": 3, ""trigger.reclaim_level"": 65, ""trigger.volume_multiplier"": 1.2}",5,7633,7533,1035,1385,0,26,3,14,0,0.0,60,MISSING_OR_INVALID_RAW_PATH_PRICE=26 (0.003406),463,79,327,42,22,0,21067,-0.0019730870959402576,-0.010631403764574963,2.0,3.0,0.5223682463825833,0.44205495818399043,0.035576795433426255,0.3550373378750164,0.15354382287436133,0.03851696580636709,0.7777777777777801,0.028939333598831808,50,58,3,65,1.2
"rsi_daily_pullback_reclaim_surface_v1__all_liquid__trigger.hold_floor=50,trigger.pullback_ceiling=58,trigger.pullback_window=3,trigger.reclaim_level=65,trigger.volume_multiplier=1.2",all_liquid,"{""trigger.hold_floor"": 50, ""trigger.pullback_ceiling"": 58, ""trigger.pullback_window"": 3, ""trigger.reclaim_level"": 65, ""trigger.volume_multiplier"": 1.2}",10,7633,7487,1035,1385,0,44,3,14,0,0.0,88,MISSING_OR_INVALID_RAW_PATH_PRICE=44 (0.005764),731,157,525,78,36,0,41853,-0.007296538322770173,-0.011721829587652749,4.0,5.0,0.5390677173767864,0.4539869106451182,0.006945371978095366,0.4610244988864143,0.23594916808594263,0.08044019389492992,0.8749999999999988,0.02150394016294911,50,58,3,65,1.2
"rsi_daily_pullback_reclaim_surface_v1__all_liquid__trigger.hold_floor=50,trigger.pullback_ceiling=58,trigger.pullback_window=3,trigger.reclaim_level=65,trigger.volume_multiplier=1.2",all_liquid,"{""trigger.hold_floor"": 50, ""trigger.pullback_ceiling"": 58, ""trigger.pullback_window"": 3, ""trigger.reclaim_level"": 65, ""trigger.volume_multiplier"": 1.2}",20,7633,7382,1035,1385,0,78,5,13,0,0.0,160,MISSING_OR_INVALID_RAW_PATH_PRICE=78 (0.010219),1167,335,847,163,47,0,82545,-0.015567716510069263,-0.012500923606301145,7.0,9.0,0.5390138173936603,0.46003793010024385,0.000948252506095909,0.5617712563867417,0.34494956111620595,0.14660028822219312,0.95832529423114,0.015984827959902467,50,58,3,65,1.2
"rsi_daily_pullback_reclaim_surface_v1__all_liquid__trigger.hold_floor=50,trigger.pullback_ceiling=58,trigger.pullback_window=3,trigger.reclaim_level=65,trigger.volume_multiplier=1.5",all_liquid,"{""trigger.hold_floor"": 50, ""trigger.pullback_ceiling"": 58, ""trigger.pullback_window"": 3, ""trigger.reclaim_level"": 65, ""trigger.volume_multiplier"": 1.5}",5,7116,7024,1029,1374,0,22,3,13,0,0.0,57,MISSING_OR_INVALID_RAW_PATH_PRICE=22 (0.003092),439,72,307,37,18,0,19637,-0.0014537378216062102,-0.011209854983596326,2.0,3.0,0.5240603644646925,0.44048974943052394,0.0354498861047836,0.3598931984260821,0.15668915120854413,0.039769533445756046,0.7826086956521727,0.02719248291571754,50,58,3,65,1.5
"rsi_daily_pullback_reclaim_surface_v1__all_liquid__trigger.hold_floor=50,trigger.pullback_ceiling=58,trigger.pullback_window=3,trigger.reclaim_level=65,trigger.volume_multiplier=1.5",all_liquid,"{""trigger.hold_floor"": 50, ""trigger.pullback_ceiling"": 58, ""trigger.pullback_window"": 3, ""trigger.reclaim_level"": 65, ""trigger.volume_multiplier"": 1.5}",10,7116,6980,1029,1374,0,38,3,13,0,0.0,85,MISSING_OR_INVALID_RAW_PATH_PRICE=38 (0.005340),690,143,493,69,30,0,39003,-0.006549580531722131,-0.012235908376970746,4.0,5.0,0.5393982808022922,0.45343839541547276,0.0071633237822349575,0.466132658797077,0.23988195615514335,0.081787521079258,0.8675438596491247,0.020630372492836675,50,58,3,65,1.5
"rsi_daily_pullback_reclaim_surface_v1__all_liquid__trigger.hold_floor=50,trigger.pullback_ceiling=58,trigger.pullback_window=3,trigger.reclaim_level=65,trigger.volume_multiplier=1.5",all_liquid,"{""trigger.hold_floor"": 50, ""trigger.pullback_ceiling"": 58, ""trigger.pullback_window"": 3, ""trigger.reclaim_level"": 65, ""trigger.volume_multiplier"": 1.5}",20,7116,6882,1029,1374,0,69,5,12,0,0.0,153,MISSING_OR_INVALID_RAW_PATH_PRICE=69 (0.009696),1104,311,797,146,40,0,76895,-0.014550367788665593,-0.0133056815419507,7.0,9.0,0.5409764603312991,0.45800639349026445,0.001017146178436501,0.564221472737493,0.34865092748735244,0.14966273187183812,0.9473684210526319,0.015402499273467015,50,58,3,65,1.5
"rsi_daily_pullback_reclaim_surface_v1__all_liquid__trigger.hold_floor=50,trigger.pullback_ceiling=58,trigger.pullback_window=3,trigger.reclaim_level=65,trigger.volume_multiplier=2.0",all_liquid,"{""trigger.hold_floor"": 50, ""trigger.pullback_ceiling"": 58, ""trigger.pullback_window"": 3, ""trigger.reclaim_level"": 65, ""trigger.volume_multiplier"": 2.0}",5,6091,6010,1012,1354,0,17,3,11,0,0.0,53,MISSING_OR_INVALID_RAW_PATH_PRICE=17 (0.002791),385,57,274,34,16,0,16675,-0.0007829621832806267,-0.011874079245234972,2.0,3.0,0.524459234608985,0.440432612312812,0.035108153078202996,0.3639796420948941,0.16138565096043342,0.04153669348218683,0.7777777777777807,0.0281198003327787,50,58,3,65,2.0
"rsi_daily_pullback_reclaim_surface_v1__all_liquid__trigger.hold_floor=50,trigger.pullback_ceiling=58,trigger.pullback_window=3,trigger.reclaim_level=65,trigger.volume_multiplier=2.0",all_liquid,"{""trigger.hold_floor"": 50, ""trigger.pullback_ceiling"": 58, ""trigger.pullback_window"": 3, ""trigger.reclaim_level"": 65, ""trigger.volume_multiplier"": 2.0}",10,6091,5973,1012,1354,0,31,3,11,0,0.0,76,MISSING_OR_INVALID_RAW_PATH_PRICE=31 (0.005089),606,118,441,61,28,0,33124,-0.006034027878499049,-0.0133817090150159,4.0,5.0,0.5397622635191696,0.453206094090072,0.007031642390758413,0.4679034641274011,0.2446232145788869,0.08487933015925135,0.8478260869565225,0.021262347229198057,50,58,3,65,2.0
"rsi_daily_pullback_reclaim_surface_v1__all_liquid__trigger.hold_floor=50,trigger.pullback_ceiling=58,trigger.pullback_window=3,trigger.reclaim_level=65,trigger.volume_multiplier=2.0",all_liquid,"{""trigger.hold_floor"": 50, ""trigger.pullback_ceiling"": 58, ""trigger.pullback_window"": 3, ""trigger.reclaim_level"": 65, ""trigger.volume_multiplier"": 2.0}",20,6091,5892,1012,1354,0,57,4,11,0,0.0,131,MISSING_OR_INVALID_RAW_PATH_PRICE=57 (0.009358),980,267,715,131,37,0,65334,-0.013935679195306076,-0.014253101371268367,7.0,9.0,0.5444670739986422,0.4545145960624576,0.0010183299389002036,0.5660811032671155,0.3526514529633886,0.15465440814316203,0.9234949832775925,0.016632722335369995,50,58,3,65,2.0
"rsi_daily_pullback_reclaim_surface_v1__all_liquid__trigger.hold_floor=50,trigger.pullback_ceiling=58,trigger.pullback_window=6,trigger.reclaim_level=65,trigger.volume_multiplier=1.0",all_liquid,"{""trigger.hold_floor"": 50, ""trigger.pullback_ceiling"": 58, ""trigger.pullback_window"": 6, ""trigger.reclaim_level"": 65, ""trigger.volume_multiplier"": 1.0}",5,8322,8215,1033,1375,0,33,4,21,0,0.0,53,MISSING_OR_INVALID_RAW_PATH_PRICE=33 (0.003965),452,90,315,48,16,0,23787,-0.002715908285341094,-0.009887579064259387,2.0,3.0,0.5241631162507608,0.4402921485088253,0.03554473524041388,0.3513578466714732,0.14924297043979812,0.03520788272049988,0.7826086956521775,0.02945830797321972,50,58,6,65,1.0
"rsi_daily_pullback_reclaim_surface_v1__all_liquid__trigger.hold_floor=50,trigger.pullback_ceiling=58,trigger.pullback_window=6,trigger.reclaim_level=65,trigger.volume_multiplier=1.0",all_liquid,"{""trigger.hold_floor"": 50, ""trigger.pullback_ceiling"": 58, ""trigger.pullback_window"": 6, ""trigger.reclaim_level"": 65, ""trigger.volume_multiplier"": 1.0}",10,8322,8166,1033,1375,0,49,4,21,0,0.0,86,MISSING_OR_INVALID_RAW_PATH_PRICE=49 (0.005888),701,168,497,82,28,0,47285,-0.007884634618868906,-0.010650658525133645,4.0,5.0,0.5351457261817292,0.4582414891011511,0.006612784717119765,0.4611872146118721,0.23371785628454697,0.08026916606584955,0.8775510204081645,0.022165074699975508,50,58,6,65,1.0
"rsi_daily_pullback_reclaim_surface_v1__all_liquid__trigger.hold_floor=50,trigger.pullback_ceiling=58,trigger.pullback_window=6,trigger.reclaim_level=65,trigger.volume_multiplier=1.0",all_liquid,"{""trigger.hold_floor"": 50, ""trigger.pullback_ceiling"": 58, ""trigger.pullback_window"": 6, ""trigger.reclaim_level"": 65, ""trigger.volume_multiplier"": 1.0}",20,8322,8049,1033,1375,0,88,7,20,0,0.0,165,MISSING_OR_INVALID_RAW_PATH_PRICE=88 (0.010574),1097,361,794,167,38,0,93333,-0.015862197190038542,-0.012191694591501937,8.0,9.0,0.5326127469250839,0.4662691017517704,0.0011181513231457323,0.5645277577505408,0.34583032924777696,0.14395577986061042,0.947368421052631,0.0160268356317555,50,58,6,65,1.0
"rsi_daily_pullback_reclaim_surface_v1__all_liquid__trigger.hold_floor=50,trigger.pullback_ceiling=58,trigger.pullback_window=6,trigger.reclaim_level=65,trigger.volume_multiplier=1.2",all_liquid,"{""trigger.hold_floor"": 50, ""trigger.pullback_ceiling"": 58, ""trigger.pullback_window"": 6, ""trigger.reclaim_level"": 65, ""trigger.volume_multiplier"": 1.2}",5,7807,7704,1030,1369,0,31,4,20,0,0.0,52,MISSING_OR_INVALID_RAW_PATH_PRICE=31 (0.003971),435,86,304,45,16,0,22188,-0.002054601039580899,-0.010237377307146182,2.0,3.0,0.5241433021806854,0.4392523364485981,0.03660436137071651,0.35634686819520944,0.15153067759702832,0.036249519661841936,0.7857142857142893,0.029854620976116304,50,58,6,65,1.2
"rsi_daily_pullback_reclaim_surface_v1__all_liquid__trigger.hold_floor=50,trigger.pullback_ceiling=58,trigger.pullback_window=6,trigger.reclaim_level=65,trigger.volume_multiplier=1.2",all_liquid,"{""trigger.hold_floor"": 50, ""trigger.pullback_ceiling"": 58, ""trigger.pullback_window"": 6, ""trigger.reclaim_level"": 65, ""trigger.volume_multiplier"": 1.2}",10,7807,7658,1030,1369,0,47,4,20,0,0.0,82,MISSING_OR_INVALID_RAW_PATH_PRICE=47 (0.006020),680,163,483,79,28,0,44107,-0.0071316483026953245,-0.011440648275593839,4.0,5.0,0.5363019065030034,0.4571689736223557,0.006529119874640899,0.46740105033943896,0.23658255411809914,0.08197771230946586,0.8834841628959318,0.022199007573779055,50,58,6,65,1.2
"rsi_daily_pullback_reclaim_surface_v1__all_liquid__trigger.hold_floor=50,trigger.pullback_ceiling=58,trigger.pullback_window=6,trigger.reclaim_level=65,trigger.volume_multiplier=1.2",all_liquid,"{""trigger.hold_floor"": 50, ""trigger.pullback_ceiling"": 58, ""trigger.pullback_window"": 6, ""trigger.reclaim_level"": 65, ""trigger.volume_multiplier"": 1.2}",20,7807,7549,1030,1369,0,83,6,19,0,0.0,156,MISSING_OR_INVALID_RAW_PATH_PRICE=83 (0.010631),1059,348,769,161,37,0,87064,-0.015093744298577905,-0.012692632277456553,7.0,9.0,0.537024771492913,0.4617830176182276,0.0011922108888594515,0.5666709363391828,0.3484052773152299,0.14627898040220316,0.942857142857142,0.01589614518479269,50,58,6,65,1.2
"rsi_daily_pullback_reclaim_surface_v1__all_liquid__trigger.hold_floor=50,trigger.pullback_ceiling=58,trigger.pullback_window=6,trigger.reclaim_level=65,trigger.volume_multiplier=1.5",all_liquid,"{""trigger.hold_floor"": 50, ""trigger.pullback_ceiling"": 58, ""trigger.pullback_window"": 6, ""trigger.reclaim_level"": 65, ""trigger.volume_multiplier"": 1.5}",5,6997,6902,1024,1354,0,27,4,19,0,0.0,49,MISSING_OR_INVALID_RAW_PATH_PRICE=27 (0.003859),405,79,281,40,15,0,19863,-0.0013702434695888766,-0.010890138911221788,2.0,3.0,0.5275282526803825,0.4353810489713127,0.03709069834830484,0.36229812776904385,0.15378019151064742,0.03787337430327283,0.789473684210517,0.02738336713995943,50,58,6,65,1.5
"rsi_daily_pullback_reclaim_surface_v1__all_liquid__trigger.hold_floor=50,trigger.pullback_ceiling=58,trigger.pullback_window=6,trigger.reclaim_level=65,trigger.volume_multiplier=1.5",all_liquid,"{""trigger.hold_floor"": 50, ""trigger.pullback_ceiling"": 58, ""trigger.pullback_window"": 6, ""trigger.reclaim_level"": 65, ""trigger.volume_multiplier"": 1.5}",10,6997,6859,1024,1354,0,42,4,19,0,0.0,77,MISSING_OR_INVALID_RAW_PATH_PRICE=42 (0.006003),628,148,443,69,24,0,39485,-0.0064607536451477265,-0.012337291783572232,4.0,5.0,0.5376877095786557,0.45531418574136173,0.006998104679982505,0.47291696441332,0.24038873803058453,0.08446477061597828,0.8750000000000054,0.02084852019244788,50,58,6,65,1.5
"rsi_daily_pullback_reclaim_surface_v1__all_liquid__trigger.hold_floor=50,trigger.pullback_ceiling=58,trigger.pullback_window=6,trigger.reclaim_level=65,trigger.volume_multiplier=1.5",all_liquid,"{""trigger.hold_floor"": 50, ""trigger.pullback_ceiling"": 58, ""trigger.pullback_window"": 6, ""trigger.reclaim_level"": 65, ""trigger.volume_multiplier"": 1.5}",20,6997,6761,1024,1354,0,75,6,18,0,0.0,143,MISSING_OR_INVALID_RAW_PATH_PRICE=75 (0.010719),978,320,706,144,33,0,77940,-0.014018131264120645,-0.013810350120446312,7.0,9.0,0.5376423605975448,0.46102647537346547,0.0013311640289897944,0.5692439616978705,0.35243675861083323,0.14992139488352152,0.9381377551020416,0.014938618547552138,50,58,6,65,1.5
"rsi_daily_pullback_reclaim_surface_v1__all_liquid__trigger.hold_floor=50,trigger.pullback_ceiling=58,trigger.pullback_window=6,trigger.reclaim_level=65,trigger.volume_multiplier=2.0",all_liquid,"{""trigger.hold_floor"": 50, ""trigger.pullback_ceiling"": 58, ""trigger.pullback_window"": 6, ""trigger.reclaim_level"": 65, ""trigger.volume_multiplier"": 2.0}",5,5657,5580,1005,1318,0,20,3,15,0,0.0,42,MISSING_OR_INVALID_RAW_PATH_PRICE=20 (0.003535),343,61,240,34,13,0,15937,-0.0004974314943398742,-0.011712328340293785,2.0,3.0,0.5313620071684588,0.43100358422939067,0.03763440860215054,0.3666254198338342,0.1590949266395616,0.040657592363443525,0.7840909090909088,0.027777777777777776,50,58,6,65,2.0
"rsi_daily_pullback_reclaim_surface_v1__all_liquid__trigger.hold_floor=50,trigger.pullback_ceiling=58,trigger.pullback_window=6,trigger.reclaim_level=65,trigger.volume_multiplier=2.0",all_liquid,"{""trigger.hold_floor"": 50, ""trigger.pullback_ceiling"": 58, ""trigger.pullback_window"": 6, ""trigger.reclaim_level"": 65, ""trigger.volume_multiplier"": 2.0}",10,5657,5545,1005,1318,0,34,3,15,0,0.0,63,MISSING_OR_INVALID_RAW_PATH_PRICE=34 (0.006010),532,118,380,58,22,0,31687,-0.005980369646627869,-0.013620243588668458,4.0,5.0,0.5421100090171326,0.45103697024346256,0.006853020739404869,0.47534028637086795,0.244475870602793,0.08856284249602263,0.8571428571428543,0.020919747520288547,50,58,6,65,2.0
"rsi_daily_pullback_reclaim_surface_v1__all_liquid__trigger.hold_floor=50,trigger.pullback_ceiling=58,trigger.pullback_window=6,trigger.reclaim_level=65,trigger.volume_multiplier=2.0",all_liquid,"{""trigger.hold_floor"": 50, ""trigger.pullback_ceiling"": 58, ""trigger.pullback_window"": 6, ""trigger.reclaim_level"": 65, ""trigger.volume_multiplier"": 2.0}",20,5657,5469,1005,1318,0,61,4,15,0,0.0,112,MISSING_OR_INVALID_RAW_PATH_PRICE=61 (0.010783),826,259,601,121,31,0,62644,-0.013489992683516777,-0.0148729407299922,7.0,9.0,0.5443408301334796,0.4545620771621869,0.0010970927043335162,0.5702669259324731,0.35601909139119675,0.15732720523245536,0.9146814142560031,0.015542146644724813,50,58,6,65,2.0
"rsi_daily_pullback_reclaim_surface_v1__all_liquid__trigger.hold_floor=50,trigger.pullback_ceiling=58,trigger.pullback_window=9,trigger.reclaim_level=65,trigger.volume_multiplier=1.0",all_liquid,"{""trigger.hold_floor"": 50, ""trigger.pullback_ceiling"": 58, ""trigger.pullback_window"": 9, ""trigger.reclaim_level"": 65, ""trigger.volume_multiplier"": 1.0}",5,7430,7341,998,1358,0,29,4,19,0,0.0,41,MISSING_OR_INVALID_RAW_PATH_PRICE=29 (0.003903),414,79,286,39,12,0,21627,-0.00266006132509539,-0.009801803072020908,2.0,3.0,0.5226808336738864,0.4421740907233347,0.035145075602778915,0.3537012113055182,0.15195154777927322,0.03674293405114401,0.8,0.029151341779049177,50,58,9,65,1.0
"rsi_daily_pullback_reclaim_surface_v1__all_liquid__trigger.hold_floor=50,trigger.pullback_ceiling=58,trigger.pullback_window=9,trigger.reclaim_level=65,trigger.volume_multiplier=1.0",all_liquid,"{""trigger.hold_floor"": 50, ""trigger.pullback_ceiling"": 58, ""trigger.pullback_window"": 9, ""trigger.reclaim_level"": 65, ""trigger.volume_multiplier"": 1.0}",10,7430,7294,998,1358,0,44,4,19,0,0.0,73,MISSING_OR_INVALID_RAW_PATH_PRICE=44 (0.005922),620,149,442,69,20,0,42949,-0.007561002989909464,-0.01119099582900893,4.0,5.0,0.5416780915821223,0.4528379489991774,0.005483959418700302,0.4627187079407806,0.23539703903095557,0.08048452220726783,0.8750000000000033,0.021935837674801208,50,58,9,65,1.0
"rsi_daily_pullback_reclaim_surface_v1__all_liquid__trigger.hold_floor=50,trigger.pullback_ceiling=58,trigger.pullback_window=9,trigger.reclaim_level=65,trigger.volume_multiplier=1.0",all_liquid,"{""trigger.hold_floor"": 50, ""trigger.pullback_ceiling"": 58, ""trigger.pullback_window"": 9, ""trigger.reclaim_level"": 65, ""trigger.volume_multiplier"": 1.0}",20,7430,7194,998,1358,0,76,8,18,0,0.0,142,MISSING_OR_INVALID_RAW_PATH_PRICE=76 (0.010229),976,310,713,137,31,0,84836,-0.015437914601675911,-0.01279807456122134,8.0,9.0,0.53224909646928,0.4667778704475952,0.0009730330831248262,0.5679676985195155,0.3465679676985195,0.14508748317631226,0.9411764705882358,0.017097581317764805,50,58,9,65,1.0
"rsi_daily_pullback_reclaim_surface_v1__all_liquid__trigger.hold_floor=50,trigger.pullback_ceiling=58,trigger.pullback_window=9,trigger.reclaim_level=65,trigger.volume_multiplier=1.2",all_liquid,"{""trigger.hold_floor"": 50, ""trigger.pullback_ceiling"": 58, ""trigger.pullback_window"": 9, ""trigger.reclaim_level"": 65, ""trigger.volume_multiplier"": 1.2}",5,6862,6775,993,1347,0,28,4,19,0,0.0,40,MISSING_OR_INVALID_RAW_PATH_PRICE=28 (0.004080),396,76,274,36,12,0,19883,-0.0018374664114415712,-0.010129412049233788,2.0,3.0,0.5238376383763838,0.4397047970479705,0.03645756457564576,0.3586417953949286,0.1550568347420577,0.03803555814631303,0.8070719602977672,0.02937269372693727,50,58,9,65,1.2
"rsi_daily_pullback_reclaim_surface_v1__all_liquid__trigger.hold_floor=50,trigger.pullback_ceiling=58,trigger.pullback_window=9,trigger.reclaim_level=65,trigger.volume_multiplier=1.2",all_liquid,"{""trigger.hold_floor"": 50, ""trigger.pullback_ceiling"": 58, ""trigger.pullback_window"": 9, ""trigger.reclaim_level"": 65, ""trigger.volume_multiplier"": 1.2}",10,6862,6731,993,1347,0,43,4,19,0,0.0,69,MISSING_OR_INVALID_RAW_PATH_PRICE=43 (0.006266),597,144,426,66,20,0,39481,-0.006736806676022479,-0.011918144354234994,4.0,5.0,0.5444956172931213,0.45000742831674345,0.005496954390135195,0.4685222967064996,0.23856018653453803,0.08190032060623725,0.8799999999999921,0.021690684890803745,50,58,9,65,1.2
"rsi_daily_pullback_reclaim_surface_v1__all_liquid__trigger.hold_floor=50,trigger.pullback_ceiling=58,trigger.pullback_window=9,trigger.reclaim_level=65,trigger.volume_multiplier=1.2",all_liquid,"{""trigger.hold_floor"": 50, ""trigger.pullback_ceiling"": 58, ""trigger.pullback_window"": 9, ""trigger.reclaim_level"": 65, ""trigger.volume_multiplier"": 1.2}",20,6862,6640,993,1347,0,72,7,18,0,0.0,132,MISSING_OR_INVALID_RAW_PATH_PRICE=72 (0.010493),934,296,685,130,30,0,77996,-0.014776944966508842,-0.013597147217260287,7.0,9.0,0.5375,0.4614457831325301,0.0010542168674698795,0.5695132614398135,0.34814922763042844,0.14675021859516177,0.925233644859812,0.016716867469879517,50,58,9,65,1.2
"rsi_daily_pullback_reclaim_surface_v1__all_liquid__trigger.hold_floor=50,trigger.pullback_ceiling=58,trigger.pullback_window=9,trigger.reclaim_level=65,trigger.volume_multiplier=1.5",all_liquid,"{""trigger.hold_floor"": 50, ""trigger.pullback_ceiling"": 58, ""trigger.pullback_window"": 9, ""trigger.reclaim_level"": 65, ""trigger.volume_multiplier"": 1.5}",5,5999,5922,982,1315,0,24,4,19,0,0.0,34,MISSING_OR_INVALID_RAW_PATH_PRICE=24 (0.004001),370,69,255,32,11,0,17283,-0.0013229404881542582,-0.011020235693703683,2.0,3.0,0.5283687943262412,0.43397500844309356,0.037656197230665316,0.36406067677946324,0.15685947657942992,0.03983997332888815,0.7894736842105267,0.02684903748733536,50,58,9,65,1.5
"rsi_daily_pullback_reclaim_surface_v1__all_liquid__trigger.hold_floor=50,trigger.pullback_ceiling=58,trigger.pullback_window=9,trigger.reclaim_level=65,trigger.volume_multiplier=1.5",all_liquid,"{""trigger.hold_floor"": 50, ""trigger.pullback_ceiling"": 58, ""trigger.pullback_window"": 9, ""trigger.reclaim_level"": 65, ""trigger.volume_multiplier"": 1.5}",10,5999,5883,982,1315,0,36,4,19,0,0.0,61,MISSING_OR_INVALID_RAW_PATH_PRICE=36 (0.006001),556,130,394,59,16,0,34325,-0.006515174127994558,-0.0128549860044549,4.0,5.0,0.5500594934557199,0.4439911609722931,0.005949345571987082,0.4715785964327388,0.23987331221870312,0.08368061343557259,0.8499999999999993,0.020057793642699304,50,58,9,65,1.5
"rsi_daily_pullback_reclaim_surface_v1__all_liquid__trigger.hold_floor=50,trigger.pullback_ceiling=58,trigger.pullback_window=9,trigger.reclaim_level=65,trigger.volume_multiplier=1.5",all_liquid,"{""trigger.hold_floor"": 50, ""trigger.pullback_ceiling"": 58, ""trigger.pullback_window"": 9, ""trigger.reclaim_level"": 65, ""trigger.volume_multiplier"": 1.5}",20,5999,5805,982,1315,0,62,7,18,0,0.0,114,MISSING_OR_INVALID_RAW_PATH_PRICE=62 (0.010335),865,270,631,116,25,0,67843,-0.014548129238958117,-0.014590449156307583,7.0,9.0,0.5422911283376399,0.45650301464254955,0.0012058570198105081,0.5694282380396732,0.34955825970995164,0.14869144857476246,0.9083916083916087,0.01533161068044789,50,58,9,65,1.5
"rsi_daily_pullback_reclaim_surface_v1__all_liquid__trigger.hold_floor=50,trigger.pullback_ceiling=58,trigger.pullback_window=9,trigger.reclaim_level=65,trigger.volume_multiplier=2.0",all_liquid,"{""trigger.hold_floor"": 50, ""trigger.pullback_ceiling"": 58, ""trigger.pullback_window"": 9, ""trigger.reclaim_level"": 65, ""trigger.volume_multiplier"": 2.0}",5,4706,4641,958,1266,0,20,3,15,0,0.0,30,MISSING_OR_INVALID_RAW_PATH_PRICE=20 (0.004250),303,52,211,26,9,0,13442,-0.0002969054419478395,-0.011785143226027226,2.0,3.0,0.5322128851540616,0.42878689937513464,0.039000215470803706,0.3691032724181895,0.16128346791330217,0.04271143221419464,0.7826086956521727,0.027149321266968326,50,58,9,65,2.0
"rsi_daily_pullback_reclaim_surface_v1__all_liquid__trigger.hold_floor=50,trigger.pullback_ceiling=58,trigger.pullback_window=9,trigger.reclaim_level=65,trigger.volume_multiplier=2.0",all_liquid,"{""trigger.hold_floor"": 50, ""trigger.pullback_ceiling"": 58, ""trigger.pullback_window"": 9, ""trigger.reclaim_level"": 65, ""trigger.volume_multiplier"": 2.0}",10,4706,4609,958,1266,0,31,3,15,0,0.0,51,MISSING_OR_INVALID_RAW_PATH_PRICE=31 (0.006587),451,102,325,47,14,0,26687,-0.006001198427455237,-0.014259046270987088,4.0,5.0,0.5534823172054676,0.4404426122803211,0.0060750705142113256,0.4736506587335317,0.24373140671483212,0.08648533786655334,0.8301886792452836,0.01974397917118681,50,58,9,65,2.0
"rsi_daily_pullback_reclaim_surface_v1__all_liquid__trigger.hold_floor=50,trigger.pullback_ceiling=58,trigger.pullback_window=9,trigger.reclaim_level=65,trigger.volume_multiplier=2.0",all_liquid,"{""trigger.hold_floor"": 50, ""trigger.pullback_ceiling"": 58, ""trigger.pullback_window"": 9, ""trigger.reclaim_level"": 65, ""trigger.volume_multiplier"": 2.0}",20,4706,4551,958,1266,0,53,5,15,0,0.0,87,MISSING_OR_INVALID_RAW_PATH_PRICE=53 (0.011262),700,216,515,93,23,0,52845,-0.014368190365847563,-0.01597154793352636,7.0,9.0,0.5484508899143046,0.45045045045045046,0.001098659635245001,0.5688482787930301,0.35359116022099446,0.1549086272843179,0.8907086090602536,0.015600966820479015,50,58,9,65,2.0
"rsi_daily_pullback_reclaim_surface_v1__all_liquid__trigger.hold_floor=50,trigger.pullback_ceiling=60,trigger.pullback_window=3,trigger.reclaim_level=62,trigger.volume_multiplier=1.0",all_liquid,"{""trigger.hold_floor"": 50, ""trigger.pullback_ceiling"": 60, ""trigger.pullback_window"": 3, ""trigger.reclaim_level"": 62, ""trigger.volume_multiplier"": 1.0}",5,14070,13905,1071,1431,0,46,4,30,0,0.0,89,MISSING_OR_INVALID_RAW_PATH_PRICE=46 (0.003269),703,142,492,80,32,0,39138,-0.00483659577340647,-0.007768186691972791,2.0,3.0,0.5295217547644732,0.4355987055016181,0.034879539733908664,0.3289267945984364,0.13781094527363183,0.03212508884150675,0.7878787878787924,0.030348795397339087,50,60,3,62,1.0
"rsi_daily_pullback_reclaim_surface_v1__all_liquid__trigger.hold_floor=50,trigger.pullback_ceiling=60,trigger.pullback_window=3,trigger.reclaim_level=62,trigger.volume_multiplier=1.0",all_liquid,"{""trigger.hold_floor"": 50, ""trigger.pullback_ceiling"": 60, ""trigger.pullback_window"": 3, ""trigger.reclaim_level"": 62, ""trigger.volume_multiplier"": 1.0}",10,14070,13817,1071,1431,0,87,4,30,0,0.0,136,MISSING_OR_INVALID_RAW_PATH_PRICE=87 (0.006183),1118,265,789,134,49,0,77873,-0.00964737233079762,-0.008995372011052865,4.0,5.0,0.5311572700296736,0.46326988492436855,0.005572845045957878,0.44676616915422884,0.22473347547974415,0.07157071783937456,0.8888888888888858,0.022580878627777377,50,60,3,62,1.0
"rsi_daily_pullback_reclaim_surface_v1__all_liquid__trigger.hold_floor=50,trigger.pullback_ceiling=60,trigger.pullback_window=3,trigger.reclaim_level=62,trigger.volume_multiplier=1.0",all_liquid,"{""trigger.hold_floor"": 50, ""trigger.pullback_ceiling"": 60, ""trigger.pullback_window"": 3, ""trigger.reclaim_level"": 62, ""trigger.volume_multiplier"": 1.0}",20,14070,13634,1071,1431,0,150,9,29,0,0.0,257,MISSING_OR_INVALID_RAW_PATH_PRICE=150 (0.010661),1806,552,1295,265,71,0,153991,-0.016031328746816044,-0.01054089561734086,8.0,9.0,0.5243508874871644,0.4747689599530585,0.000880152559777028,0.5614783226723525,0.34129353233830845,0.14115138592750534,1.0000000000000142,0.01628282235587502,50,60,3,62,1.0
"rsi_daily_pullback_reclaim_surface_v1__all_liquid__trigger.hold_floor=50,trigger.pullback_ceiling=60,trigger.pullback_window=3,trigger.reclaim_level=62,trigger.volume_multiplier=1.2",all_liquid,"{""trigger.hold_floor"": 50, ""trigger.pullback_ceiling"": 60, ""trigger.pullback_window"": 3, ""trigger.reclaim_level"": 62, ""trigger.volume_multiplier"": 1.2}",5,12729,12579,1064,1428,0,42,4,27,0,0.0,81,MISSING_OR_INVALID_RAW_PATH_PRICE=42 (0.003300),652,120,461,67,29,0,35410,-0.004310770089852627,-0.008422473129159544,2.0,3.0,0.5304873201367358,0.4349312345973448,0.034581445265919386,0.33364757640034565,0.13968104328698247,0.03268127896928274,0.7826086956521754,0.03092455680101757,50,60,3,62,1.2
"rsi_daily_pullback_reclaim_surface_v1__all_liquid__trigger.hold_floor=50,trigger.pullback_ceiling=60,trigger.pullback_window=3,trigger.reclaim_level=62,trigger.volume_multiplier=1.2",all_liquid,"{""trigger.hold_floor"": 50, ""trigger.pullback_ceiling"": 60, ""trigger.pullback_window"": 3, ""trigger.reclaim_level"": 62, ""trigger.volume_multiplier"": 1.2}",10,12729,12499,1064,1428,0,82,4,27,0,0.0,121,MISSING_OR_INVALID_RAW_PATH_PRICE=82 (0.006442),1042,235,744,117,43,0,70480,-0.009210334608160564,-0.009525218208140451,4.0,5.0,0.5321225698055845,0.4621969757580606,0.0056804544363549085,0.4511744834629586,0.22656925131589284,0.07274727001335533,0.8826179120296769,0.022961836946955756,50,60,3,62,1.2
"rsi_daily_pullback_reclaim_surface_v1__all_liquid__trigger.hold_floor=50,trigger.pullback_ceiling=60,trigger.pullback_window=3,trigger.reclaim_level=62,trigger.volume_multiplier=1.2",all_liquid,"{""trigger.hold_floor"": 50, ""trigger.pullback_ceiling"": 60, ""trigger.pullback_window"": 3, ""trigger.reclaim_level"": 62, ""trigger.volume_multiplier"": 1.2}",20,12729,12336,1064,1428,0,136,9,26,0,0.0,231,MISSING_OR_INVALID_RAW_PATH_PRICE=136 (0.010684),1686,499,1220,239,65,0,139450,-0.015567716510069263,-0.011116330904103723,8.0,9.0,0.5273184176394293,0.4717898832684825,0.0008916990920881971,0.5639091837536334,0.3439390368449996,0.14368764239138973,1.0000000000000018,0.016536964980544747,50,60,3,62,1.2
"rsi_daily_pullback_reclaim_surface_v1__all_liquid__trigger.hold_floor=50,trigger.pullback_ceiling=60,trigger.pullback_window=3,trigger.reclaim_level=62,trigger.volume_multiplier=1.5",all_liquid,"{""trigger.hold_floor"": 50, ""trigger.pullback_ceiling"": 60, ""trigger.pullback_window"": 3, ""trigger.reclaim_level"": 62, ""trigger.volume_multiplier"": 1.5}",5,10893,10754,1060,1422,0,39,4,25,0,0.0,75,MISSING_OR_INVALID_RAW_PATH_PRICE=39 (0.003580),598,105,416,58,25,0,30103,-0.003263273928851368,-0.009181144272530728,2.0,3.0,0.5332899386274874,0.43221127022503253,0.03449879114748001,0.342697144955476,0.1445882676948499,0.03442577802258331,0.7857142857142897,0.029105449135205505,50,60,3,62,1.5
"rsi_daily_pullback_reclaim_surface_v1__all_liquid__trigger.hold_floor=50,trigger.pullback_ceiling=60,trigger.pullback_window=3,trigger.reclaim_level=62,trigger.volume_multiplier=1.5",all_liquid,"{""trigger.hold_floor"": 50, ""trigger.pullback_ceiling"": 60, ""trigger.pullback_window"": 3, ""trigger.reclaim_level"": 62, ""trigger.volume_multiplier"": 1.5}",10,10893,10687,1060,1422,0,71,4,25,0,0.0,110,MISSING_OR_INVALID_RAW_PATH_PRICE=71 (0.006518),952,206,672,101,33,0,59901,-0.008032578149680364,-0.01050969704146748,4.0,5.0,0.5358847197529709,0.4582202676148592,0.0058950126321699265,0.4581841549619021,0.23207564490957497,0.07518589920132195,0.8720676486633938,0.022176476092448768,50,60,3,62,1.5
"rsi_daily_pullback_reclaim_surface_v1__all_liquid__trigger.hold_floor=50,trigger.pullback_ceiling=60,trigger.pullback_window=3,trigger.reclaim_level=62,trigger.volume_multiplier=1.5",all_liquid,"{""trigger.hold_floor"": 50, ""trigger.pullback_ceiling"": 60, ""trigger.pullback_window"": 3, ""trigger.reclaim_level"": 62, ""trigger.volume_multiplier"": 1.5}",20,10893,10550,1060,1422,0,121,9,24,0,0.0,198,MISSING_OR_INVALID_RAW_PATH_PRICE=121 (0.011108),1528,440,1102,207,53,0,118584,-0.014876251755400291,-0.0122374408789577,8.0,9.0,0.533175355450237,0.465781990521327,0.001042654028436019,0.5657761865418158,0.34893968603690445,0.14826035068392546,1.0,0.015924170616113745,50,60,3,62,1.5
"rsi_daily_pullback_reclaim_surface_v1__all_liquid__trigger.hold_floor=50,trigger.pullback_ceiling=60,trigger.pullback_window=3,trigger.reclaim_level=62,trigger.volume_multiplier=2.0",all_liquid,"{""trigger.hold_floor"": 50, ""trigger.pullback_ceiling"": 60, ""trigger.pullback_window"": 3, ""trigger.reclaim_level"": 62, ""trigger.volume_multiplier"": 2.0}",5,8312,8202,1039,1394,0,26,3,19,0,0.0,65,MISSING_OR_INVALID_RAW_PATH_PRICE=26 (0.003128),478,70,334,40,22,0,22851,-0.0020191366386920224,-0.00988694863258822,2.0,3.0,0.5312118995366983,0.4322116556937332,0.036576444769568395,0.35093840230991336,0.15170837343599616,0.03609239653512993,0.791666666666668,0.028285783955132895,50,60,3,62,2.0
"rsi_daily_pullback_reclaim_surface_v1__all_liquid__trigger.hold_floor=50,trigger.pullback_ceiling=60,trigger.pullback_window=3,trigger.reclaim_level=62,trigger.volume_multiplier=2.0",all_liquid,"{""trigger.hold_floor"": 50, ""trigger.pullback_ceiling"": 60, ""trigger.pullback_window"": 3, ""trigger.reclaim_level"": 62, ""trigger.volume_multiplier"": 2.0}",10,8312,8151,1039,1394,0,50,3,19,0,0.0,92,MISSING_OR_INVALID_RAW_PATH_PRICE=50 (0.006015),757,148,537,73,28,0,45485,-0.006929483954667616,-0.0117155204672071,4.0,5.0,0.5352717457980616,0.458594037541406,0.00613421666053245,0.4655919153031761,0.2377285851780558,0.0777189605389798,0.8749999999999976,0.021469758311863575,50,60,3,62,2.0
"rsi_daily_pullback_reclaim_surface_v1__all_liquid__trigger.hold_floor=50,trigger.pullback_ceiling=60,trigger.pullback_window=3,trigger.reclaim_level=62,trigger.volume_multiplier=2.0",all_liquid,"{""trigger.hold_floor"": 50, ""trigger.pullback_ceiling"": 60, ""trigger.pullback_window"": 3, ""trigger.reclaim_level"": 62, ""trigger.volume_multiplier"": 2.0}",20,8312,8044,1039,1394,0,90,5,19,0,0.0,159,MISSING_OR_INVALID_RAW_PATH_PRICE=90 (0.010828),1212,338,878,161,45,0,90018,-0.013963045922440145,-0.012742207440290115,7.0,9.0,0.5358030830432621,0.4632023868722029,0.000994530084535057,0.5697786333012512,0.3549085659287777,0.15074590952839267,0.9874604476737385,0.015415216310293387,50,60,3,62,2.0
"rsi_daily_pullback_reclaim_surface_v1__all_liquid__trigger.hold_floor=50,trigger.pullback_ceiling=60,trigger.pullback_window=6,trigger.reclaim_level=62,trigger.volume_multiplier=1.0",all_liquid,"{""trigger.hold_floor"": 50, ""trigger.pullback_ceiling"": 60, ""trigger.pullback_window"": 6, ""trigger.reclaim_level"": 62, ""trigger.volume_multiplier"": 1.0}",5,11087,10952,1031,1411,0,40,4,31,0,0.0,64,MISSING_OR_INVALID_RAW_PATH_PRICE=40 (0.003608),556,125,383,70,22,0,31505,-0.0040815781543212006,-0.007611817317138347,2.0,3.0,0.5266617969320672,0.43745434623813,0.035883856829802774,0.3357084874176964,0.14097591774149906,0.032831243799043924,0.8090172239108393,0.0310445580715851,50,60,6,62,1.0
"rsi_daily_pullback_reclaim_surface_v1__all_liquid__trigger.hold_floor=50,trigger.pullback_ceiling=60,trigger.pullback_window=6,trigger.reclaim_level=62,trigger.volume_multiplier=1.0",all_liquid,"{""trigger.hold_floor"": 50, ""trigger.pullback_ceiling"": 60, ""trigger.pullback_window"": 6, ""trigger.reclaim_level"": 62, ""trigger.volume_multiplier"": 1.0}",10,11087,10888,1031,1411,0,64,4,31,0,0.0,104,MISSING_OR_INVALID_RAW_PATH_PRICE=64 (0.005773),864,223,603,115,37,0,62699,-0.009134565296734076,-0.0091573694398664,4.0,5.0,0.5336149889786921,0.46069066862601027,0.005694342395297576,0.4507080364390728,0.22639126905384685,0.07296834130062235,0.8888888888888864,0.02286921381337252,50,60,6,62,1.0
"rsi_daily_pullback_reclaim_surface_v1__all_liquid__trigger.hold_floor=50,trigger.pullback_ceiling=60,trigger.pullback_window=6,trigger.reclaim_level=62,trigger.volume_multiplier=1.0",all_liquid,"{""trigger.hold_floor"": 50, ""trigger.pullback_ceiling"": 60, ""trigger.pullback_window"": 6, ""trigger.reclaim_level"": 62, ""trigger.volume_multiplier"": 1.0}",20,11087,10737,1031,1411,0,120,10,30,0,0.0,200,MISSING_OR_INVALID_RAW_PATH_PRICE=120 (0.010823),1384,455,994,218,55,0,124035,-0.015220729255475948,-0.010998101869722963,8.0,9.0,0.5269628387817826,0.4719195305951383,0.0011176306230790724,0.5648958239379454,0.3454496256877424,0.14287002796067466,1.0,0.01629877991990314,50,60,6,62,1.0
"rsi_daily_pullback_reclaim_surface_v1__all_liquid__trigger.hold_floor=50,trigger.pullback_ceiling=60,trigger.pullback_window=6,trigger.reclaim_level=62,trigger.volume_multiplier=1.2",all_liquid,"{""trigger.hold_floor"": 50, ""trigger.pullback_ceiling"": 60, ""trigger.pullback_window"": 6, ""trigger.reclaim_level"": 62, ""trigger.volume_multiplier"": 1.2}",5,9809,9688,1025,1404,0,36,4,29,0,0.0,56,MISSING_OR_INVALID_RAW_PATH_PRICE=36 (0.003670),511,103,355,57,19,0,27837,-0.003449350335680801,-0.008292324978405503,2.0,3.0,0.5290049545829892,0.435177539223782,0.03581750619322874,0.34162503823019674,0.14394943419308798,0.03354062595575492,0.8000000000000085,0.03127580511973575,50,60,6,62,1.2
"rsi_daily_pullback_reclaim_surface_v1__all_liquid__trigger.hold_floor=50,trigger.pullback_ceiling=60,trigger.pullback_window=6,trigger.reclaim_level=62,trigger.volume_multiplier=1.2",all_liquid,"{""trigger.hold_floor"": 50, ""trigger.pullback_ceiling"": 60, ""trigger.pullback_window"": 6, ""trigger.reclaim_level"": 62, ""trigger.volume_multiplier"": 1.2}",10,9809,9630,1025,1404,0,60,4,29,0,0.0,90,MISSING_OR_INVALID_RAW_PATH_PRICE=60 (0.006117),795,194,560,99,31,0,55417,-0.008236357741783593,-0.009686511539292886,4.0,5.0,0.5357217030114226,0.4585669781931464,0.005711318795430945,0.4563156285044347,0.22907533897441126,0.07431950249770619,0.8800000000000006,0.022949117341640707,50,60,6,62,1.2
"rsi_daily_pullback_reclaim_surface_v1__all_liquid__trigger.hold_floor=50,trigger.pullback_ceiling=60,trigger.pullback_window=6,trigger.reclaim_level=62,trigger.volume_multiplier=1.2",all_liquid,"{""trigger.hold_floor"": 50, ""trigger.pullback_ceiling"": 60, ""trigger.pullback_window"": 6, ""trigger.reclaim_level"": 62, ""trigger.volume_multiplier"": 1.2}",20,9809,9499,1025,1404,0,107,9,28,0,0.0,175,MISSING_OR_INVALID_RAW_PATH_PRICE=107 (0.010908),1270,403,920,192,49,0,109726,-0.014598742587210403,-0.011653486676789018,8.0,9.0,0.5318454574165702,0.4669965259501,0.0011580166333298241,0.5670302783158324,0.3486593944336834,0.14568253644612092,0.9999999999999949,0.016212232866617538,50,60,6,62,1.2
"rsi_daily_pullback_reclaim_surface_v1__all_liquid__trigger.hold_floor=50,trigger.pullback_ceiling=60,trigger.pullback_window=6,trigger.reclaim_level=62,trigger.volume_multiplier=1.5",all_liquid,"{""trigger.hold_floor"": 50, ""trigger.pullback_ceiling"": 60, ""trigger.pullback_window"": 6, ""trigger.reclaim_level"": 62, ""trigger.volume_multiplier"": 1.5}",5,8158,8047,1016,1391,0,35,4,25,0,0.0,51,MISSING_OR_INVALID_RAW_PATH_PRICE=35 (0.004290),455,86,309,47,15,0,23024,-0.002282085141351496,-0.009229237794355076,2.0,3.0,0.5327451224058656,0.43109233254629054,0.036162545047843914,0.35045354253493505,0.14930129933807307,0.03603824466781074,0.8000000000000048,0.029079159935379646,50,60,6,62,1.5
"rsi_daily_pullback_reclaim_surface_v1__all_liquid__trigger.hold_floor=50,trigger.pullback_ceiling=60,trigger.pullback_window=6,trigger.reclaim_level=62,trigger.volume_multiplier=1.5",all_liquid,"{""trigger.hold_floor"": 50, ""trigger.pullback_ceiling"": 60, ""trigger.pullback_window"": 6, ""trigger.reclaim_level"": 62, ""trigger.volume_multiplier"": 1.5}",10,8158,7998,1016,1391,0,54,4,25,0,0.0,81,MISSING_OR_INVALID_RAW_PATH_PRICE=54 (0.006619),710,165,493,83,21,0,45812,-0.007308234724486277,-0.011124131960283288,4.0,5.0,0.5406351587896975,0.4533633408352088,0.006001500375093774,0.4635940181417014,0.23388085315028193,0.07697965187545967,0.8594871794871786,0.022255563890972743,50,60,6,62,1.5
"rsi_daily_pullback_reclaim_surface_v1__all_liquid__trigger.hold_floor=50,trigger.pullback_ceiling=60,trigger.pullback_window=6,trigger.reclaim_level=62,trigger.volume_multiplier=1.5",all_liquid,"{""trigger.hold_floor"": 50, ""trigger.pullback_ceiling"": 60, ""trigger.pullback_window"": 6, ""trigger.reclaim_level"": 62, ""trigger.volume_multiplier"": 1.5}",20,8158,7892,1016,1391,0,97,9,24,0,0.0,145,MISSING_OR_INVALID_RAW_PATH_PRICE=97 (0.011890),1127,348,811,163,38,0,90791,-0.014381605656328181,-0.012714364074939581,7.0,9.0,0.5382665990876837,0.46033958438925493,0.001393816523061328,0.567908801176759,0.35229222848737435,0.14979161559205686,0.9615384615384621,0.015331981753674607,50,60,6,62,1.5
"rsi_daily_pullback_reclaim_surface_v1__all_liquid__trigger.hold_floor=50,trigger.pullback_ceiling=60,trigger.pullback_window=6,trigger.reclaim_level=62,trigger.volume_multiplier=2.0",all_liquid,"{""trigger.hold_floor"": 50, ""trigger.pullback_ceiling"": 60, ""trigger.pullback_window"": 6, ""trigger.reclaim_level"": 62, ""trigger.volume_multiplier"": 2.0}",5,6004,5922,985,1336,0,22,3,18,0,0.0,42,MISSING_OR_INVALID_RAW_PATH_PRICE=22 (0.003664),354,52,238,28,13,0,17002,-0.0012204004877728047,-0.009879272942025273,2.0,3.0,0.5297196892941574,0.4314420803782506,0.03883823032759203,0.35942704863424385,0.157728181212525,0.0388074616922052,0.8095238095238091,0.02769334684228301,50,60,6,62,2.0
"rsi_daily_pullback_reclaim_surface_v1__all_liquid__trigger.hold_floor=50,trigger.pullback_ceiling=60,trigger.pullback_window=6,trigger.reclaim_level=62,trigger.volume_multiplier=2.0",all_liquid,"{""trigger.hold_floor"": 50, ""trigger.pullback_ceiling"": 60, ""trigger.pullback_window"": 6, ""trigger.reclaim_level"": 62, ""trigger.volume_multiplier"": 2.0}",10,6004,5885,985,1336,0,36,3,18,0,0.0,65,MISSING_OR_INVALID_RAW_PATH_PRICE=36 (0.005996),549,109,382,55,17,0,33831,-0.0064607536451477265,-0.012077497924397464,4.0,5.0,0.5391673746813934,0.45454545454545453,0.006287170773152081,0.4718520986009327,0.24067288474350432,0.08027981345769487,0.8749999999999959,0.02107051826677995,50,60,6,62,2.0
"rsi_daily_pullback_reclaim_surface_v1__all_liquid__trigger.hold_floor=50,trigger.pullback_ceiling=60,trigger.pullback_window=6,trigger.reclaim_level=62,trigger.volume_multiplier=2.0",all_liquid,"{""trigger.hold_floor"": 50, ""trigger.pullback_ceiling"": 60, ""trigger.pullback_window"": 6, ""trigger.reclaim_level"": 62, ""trigger.volume_multiplier"": 2.0}",20,6004,5806,985,1336,0,70,5,18,0,0.0,110,MISSING_OR_INVALID_RAW_PATH_PRICE=70 (0.011659),863,247,622,117,31,0,67094,-0.012987286663695186,-0.0133056815419507,7.0,9.0,0.5378918360316913,0.46073027902170166,0.0013778849466069584,0.5742838107928048,0.35942704863424385,0.15406395736175882,0.9615384615384603,0.014467791939373063,50,60,6,62,2.0
"rsi_daily_pullback_reclaim_surface_v1__all_liquid__trigger.hold_floor=50,trigger.pullback_ceiling=60,trigger.pullback_window=9,trigger.reclaim_level=62,trigger.volume_multiplier=1.0",all_liquid,"{""trigger.hold_floor"": 50, ""trigger.pullback_ceiling"": 60, ""trigger.pullback_window"": 9, ""trigger.reclaim_level"": 62, ""trigger.volume_multiplier"": 1.0}",5,8870,8765,1001,1372,0,34,4,29,0,0.0,42,MISSING_OR_INVALID_RAW_PATH_PRICE=34 (0.003833),482,108,332,58,16,0,25510,-0.003761035887069185,-0.007842361626738736,2.0,3.0,0.5258414147176269,0.4381061038220194,0.036052481460353676,0.3432919954904171,0.15084554678692222,0.03652762119503946,0.833333333333338,0.03194523673702225,50,60,9,62,1.0
"rsi_daily_pullback_reclaim_surface_v1__all_liquid__trigger.hold_floor=50,trigger.pullback_ceiling=60,trigger.pullback_window=9,trigger.reclaim_level=62,trigger.volume_multiplier=1.0",all_liquid,"{""trigger.hold_floor"": 50, ""trigger.pullback_ceiling"": 60, ""trigger.pullback_window"": 9, ""trigger.reclaim_level"": 62, ""trigger.volume_multiplier"": 1.0}",10,8870,8711,1001,1372,0,50,4,29,0,0.0,80,MISSING_OR_INVALID_RAW_PATH_PRICE=50 (0.005637),730,191,512,94,26,0,50720,-0.008472411560577507,-0.00993651331255295,4.0,5.0,0.5402364826081966,0.4539088508782,0.00585466651360349,0.4529875986471251,0.2350620067643743,0.07812852311161217,0.8695652173913004,0.02364826081965331,50,60,9,62,1.0
"rsi_daily_pullback_reclaim_surface_v1__all_liquid__trigger.hold_floor=50,trigger.pullback_ceiling=60,trigger.pullback_window=9,trigger.reclaim_level=62,trigger.volume_multiplier=1.0",all_liquid,"{""trigger.hold_floor"": 50, ""trigger.pullback_ceiling"": 60, ""trigger.pullback_window"": 9, ""trigger.reclaim_level"": 62, ""trigger.volume_multiplier"": 1.0}",20,8870,8592,1001,1372,0,97,11,28,0,0.0,153,MISSING_OR_INVALID_RAW_PATH_PRICE=97 (0.010936),1155,378,831,173,42,0,100460,-0.014825483230074397,-0.012183818054898888,8.0,9.0,0.532937616387337,0.4661312849162011,0.000931098696461825,0.5648252536640361,0.34937993235625703,0.14656144306651633,0.9713392857142857,0.017690875232774673,50,60,9,62,1.0
"rsi_daily_pullback_reclaim_surface_v1__all_liquid__trigger.hold_floor=50,trigger.pullback_ceiling=60,trigger.pullback_window=9,trigger.reclaim_level=62,trigger.volume_multiplier=1.2",all_liquid,"{""trigger.hold_floor"": 50, ""trigger.pullback_ceiling"": 60, ""trigger.pullback_window"": 9, ""trigger.reclaim_level"": 62, ""trigger.volume_multiplier"": 1.2}",5,7728,7632,995,1348,0,32,4,27,0,0.0,37,MISSING_OR_INVALID_RAW_PATH_PRICE=32 (0.004141),436,88,302,46,14,0,22222,-0.0030160508262004997,-0.008553751843120438,2.0,3.0,0.5280398322851153,0.4357966457023061,0.036163522012578615,0.3492494824016563,0.15359730848861283,0.037525879917184264,0.8260869565217391,0.031839622641509434,50,60,9,62,1.2
"rsi_daily_pullback_reclaim_surface_v1__all_liquid__trigger.hold_floor=50,trigger.pullback_ceiling=60,trigger.pullback_window=9,trigger.reclaim_level=62,trigger.volume_multiplier=1.2",all_liquid,"{""trigger.hold_floor"": 50, ""trigger.pullback_ceiling"": 60, ""trigger.pullback_window"": 9, ""trigger.reclaim_level"": 62, ""trigger.volume_multiplier"": 1.2}",10,7728,7586,995,1348,0,48,4,27,0,0.0,67,MISSING_OR_INVALID_RAW_PATH_PRICE=48 (0.006211),662,164,469,80,22,0,44218,-0.007469158745178447,-0.010925142585384833,4.0,5.0,0.5433693646190351,0.4505668336409175,0.006063801740047456,0.45742753623188404,0.23744824016563146,0.07996894409937888,0.8571428571428565,0.02333245452148695,50,60,9,62,1.2
"rsi_daily_pullback_reclaim_surface_v1__all_liquid__trigger.hold_floor=50,trigger.pullback_ceiling=60,trigger.pullback_window=9,trigger.reclaim_level=62,trigger.volume_multiplier=1.2",all_liquid,"{""trigger.hold_floor"": 50, ""trigger.pullback_ceiling"": 60, ""trigger.pullback_window"": 9, ""trigger.reclaim_level"": 62, ""trigger.volume_multiplier"": 1.2}",20,7728,7486,995,1348,0,85,10,26,0,0.0,131,MISSING_OR_INVALID_RAW_PATH_PRICE=85 (0.010999),1044,329,758,149,38,0,87691,-0.014284597758096186,-0.01292290186361254,7.0,9.0,0.5382046486775314,0.4607266898209992,0.0010686615014694097,0.5657349896480331,0.3518374741200828,0.14893892339544512,0.9576355661881971,0.017365749398877906,50,60,9,62,1.2
"rsi_daily_pullback_reclaim_surface_v1__all_liquid__trigger.hold_floor=50,trigger.pullback_ceiling=60,trigger.pullback_window=9,trigger.reclaim_level=62,trigger.volume_multiplier=1.5",all_liquid,"{""trigger.hold_floor"": 50, ""trigger.pullback_ceiling"": 60, ""trigger.pullback_window"": 9, ""trigger.reclaim_level"": 62, ""trigger.volume_multiplier"": 1.5}",5,6332,6244,981,1317,0,31,4,24,0,0.0,33,MISSING_OR_INVALID_RAW_PATH_PRICE=31 (0.004896),386,73,260,36,10,0,18144,-0.0016279180674846037,-0.009663490067715769,2.0,3.0,0.5321909032671365,0.4314541960281871,0.036354900704676486,0.3592861655085281,0.15887555274794693,0.04027163613392293,0.8124999999999907,0.02994875080076874,50,60,9,62,1.5
"rsi_daily_pullback_reclaim_surface_v1__all_liquid__trigger.hold_floor=50,trigger.pullback_ceiling=60,trigger.pullback_window=9,trigger.reclaim_level=62,trigger.volume_multiplier=1.5",all_liquid,"{""trigger.hold_floor"": 50, ""trigger.pullback_ceiling"": 60, ""trigger.pullback_window"": 9, ""trigger.reclaim_level"": 62, ""trigger.volume_multiplier"": 1.5}",10,6332,6206,981,1317,0,43,4,24,0,0.0,59,MISSING_OR_INVALID_RAW_PATH_PRICE=43 (0.006791),583,139,404,66,13,0,36095,-0.006536752178630166,-0.012336477478373716,4.0,5.0,0.5486625845955527,0.44489203996132776,0.006445375443119562,0.46509791535060013,0.24226152874289325,0.08196462413139609,0.838709677419358,0.022881082823074442,50,60,9,62,1.5
"rsi_daily_pullback_reclaim_surface_v1__all_liquid__trigger.hold_floor=50,trigger.pullback_ceiling=60,trigger.pullback_window=9,trigger.reclaim_level=62,trigger.volume_multiplier=1.5",all_liquid,"{""trigger.hold_floor"": 50, ""trigger.pullback_ceiling"": 60, ""trigger.pullback_window"": 9, ""trigger.reclaim_level"": 62, ""trigger.volume_multiplier"": 1.5}",20,6332,6129,981,1317,0,76,10,23,0,0.0,104,MISSING_OR_INVALID_RAW_PATH_PRICE=76 (0.012003),918,286,659,126,29,0,71718,-0.014044275004893969,-0.014240263795544106,7.0,9.0,0.5457660303475281,0.45292869962473487,0.0013052700277369881,0.5671193935565382,0.35486418193303854,0.15303221730890715,0.9230769230769218,0.016479034100179476,50,60,9,62,1.5
"rsi_daily_pullback_reclaim_surface_v1__all_liquid__trigger.hold_floor=50,trigger.pullback_ceiling=60,trigger.pullback_window=9,trigger.reclaim_level=62,trigger.volume_multiplier=2.0",all_liquid,"{""trigger.hold_floor"": 50, ""trigger.pullback_ceiling"": 60, ""trigger.pullback_window"": 9, ""trigger.reclaim_level"": 62, ""trigger.volume_multiplier"": 2.0}",5,4536,4470,944,1240,0,19,3,19,0,0.0,28,MISSING_OR_INVALID_RAW_PATH_PRICE=19 (0.004189),289,43,192,20,8,0,13067,-0.0005155358975689976,-0.010179723389509484,2.0,3.0,0.5275167785234899,0.43288590604026844,0.03959731543624161,0.36926807760141095,0.16887125220458554,0.04365079365079365,0.8333333333333328,0.029082774049217,50,60,9,62,2.0
"rsi_daily_pullback_reclaim_surface_v1__all_liquid__trigger.hold_floor=50,trigger.pullback_ceiling=60,trigger.pullback_window=9,trigger.reclaim_level=62,trigger.volume_multiplier=2.0",all_liquid,"{""trigger.hold_floor"": 50, ""trigger.pullback_ceiling"": 60, ""trigger.pullback_window"": 9, ""trigger.reclaim_level"": 62, ""trigger.volume_multiplier"": 2.0}",10,4536,4440,944,1240,0,30,3,19,0,0.0,47,MISSING_OR_INVALID_RAW_PATH_PRICE=30 (0.006614),434,89,303,41,10,0,25981,-0.005961703448331142,-0.012966903747436675,4.0,5.0,0.5459459459459459,0.4472972972972973,0.006756756756756757,0.4728835978835979,0.24911816578483245,0.08531746031746032,0.8571428571428577,0.021846846846846846,50,60,9,62,2.0
"rsi_daily_pullback_reclaim_surface_v1__all_liquid__trigger.hold_floor=50,trigger.pullback_ceiling=60,trigger.pullback_window=9,trigger.reclaim_level=62,trigger.volume_multiplier=2.0",all_liquid,"{""trigger.hold_floor"": 50, ""trigger.pullback_ceiling"": 60, ""trigger.pullback_window"": 9, ""trigger.reclaim_level"": 62, ""trigger.volume_multiplier"": 2.0}",20,4536,4385,944,1240,0,57,6,19,0,0.0,75,MISSING_OR_INVALID_RAW_PATH_PRICE=57 (0.012566),671,198,484,86,24,0,51698,-0.01293550552423102,-0.014405947808204846,7.0,9.0,0.5443557582668187,0.45427594070695554,0.0013683010262257698,0.5727513227513228,0.36067019400352734,0.15718694885361553,0.9333333333333327,0.01619156214367161,50,60,9,62,2.0
"rsi_daily_pullback_reclaim_surface_v1__all_liquid__trigger.hold_floor=50,trigger.pullback_ceiling=60,trigger.pullback_window=3,trigger.reclaim_level=65,trigger.volume_multiplier=1.0",all_liquid,"{""trigger.hold_floor"": 50, ""trigger.pullback_ceiling"": 60, ""trigger.pullback_window"": 3, ""trigger.reclaim_level"": 65, ""trigger.volume_multiplier"": 1.0}",5,10712,10584,1068,1416,0,36,3,19,0,0.0,73,MISSING_OR_INVALID_RAW_PATH_PRICE=36 (0.003361),599,115,424,61,26,0,29618,-0.0029840083187387956,-0.009983325504930597,2.0,3.0,0.5272108843537415,0.4374527588813303,0.035336356764928196,0.3454070201643017,0.14805825242718446,0.03482076176250933,0.7777777777777803,0.029667422524565383,50,60,3,65,1.0
"rsi_daily_pullback_reclaim_surface_v1__all_liquid__trigger.hold_floor=50,trigger.pullback_ceiling=60,trigger.pullback_window=3,trigger.reclaim_level=65,trigger.volume_multiplier=1.0",all_liquid,"{""trigger.hold_floor"": 50, ""trigger.pullback_ceiling"": 60, ""trigger.pullback_window"": 3, ""trigger.reclaim_level"": 65, ""trigger.volume_multiplier"": 1.0}",10,10712,10518,1068,1416,0,63,3,19,0,0.0,112,MISSING_OR_INVALID_RAW_PATH_PRICE=63 (0.005881),944,210,679,103,41,0,58876,-0.008422788778859453,-0.011179947107291092,4.0,5.0,0.5401216961399505,0.4532230462065031,0.006655257653546302,0.45472367438386857,0.22974234503360716,0.07570948469006722,0.8702664796633974,0.022437725803384673,50,60,3,65,1.0
"rsi_daily_pullback_reclaim_surface_v1__all_liquid__trigger.hold_floor=50,trigger.pullback_ceiling=60,trigger.pullback_window=3,trigger.reclaim_level=65,trigger.volume_multiplier=1.0",all_liquid,"{""trigger.hold_floor"": 50, ""trigger.pullback_ceiling"": 60, ""trigger.pullback_window"": 3, ""trigger.reclaim_level"": 65, ""trigger.volume_multiplier"": 1.0}",20,10712,10376,1068,1416,0,109,6,18,0,0.0,209,MISSING_OR_INVALID_RAW_PATH_PRICE=109 (0.010176),1532,458,1112,225,56,0,116284,-0.016196443018492063,-0.012326758697324493,7.0,9.0,0.535851966075559,0.4632806476484194,0.0008673862760215882,0.5596527259148618,0.3399925317401046,0.14096340552651232,0.9523809523809532,0.015709329221279877,50,60,3,65,1.0
"rsi_daily_pullback_reclaim_surface_v1__all_liquid__trigger.hold_floor=50,trigger.pullback_ceiling=60,trigger.pullback_window=3,trigger.reclaim_level=65,trigger.volume_multiplier=1.2",all_liquid,"{""trigger.hold_floor"": 50, ""trigger.pullback_ceiling"": 60, ""trigger.pullback_window"": 3, ""trigger.reclaim_level"": 65, ""trigger.volume_multiplier"": 1.2}",5,10178,10052,1064,1415,0,34,3,19,0,0.0,73,MISSING_OR_INVALID_RAW_PATH_PRICE=34 (0.003341),581,107,414,58,26,0,28039,-0.0023047696314864117,-0.010187374974338732,2.0,3.0,0.5266613609231994,0.437524870672503,0.035813768404297654,0.34957752014148163,0.1499312242090784,0.03537040675967774,0.7857142857142854,0.030242737763629127,50,60,3,65,1.2
"rsi_daily_pullback_reclaim_surface_v1__all_liquid__trigger.hold_floor=50,trigger.pullback_ceiling=60,trigger.pullback_window=3,trigger.reclaim_level=65,trigger.volume_multiplier=1.2",all_liquid,"{""trigger.hold_floor"": 50, ""trigger.pullback_ceiling"": 60, ""trigger.pullback_window"": 3, ""trigger.reclaim_level"": 65, ""trigger.volume_multiplier"": 1.2}",10,10178,9990,1064,1415,0,60,3,19,0,0.0,109,MISSING_OR_INVALID_RAW_PATH_PRICE=60 (0.005895),918,202,662,100,41,0,55738,-0.007500725056408187,-0.011554292537355147,4.0,5.0,0.5392392392392392,0.4540540540540541,0.006706706706706707,0.46011004126547456,0.23236392218510513,0.07683238357241108,0.8750000000000009,0.022822822822822823,50,60,3,65,1.2
"rsi_daily_pullback_reclaim_surface_v1__all_liquid__trigger.hold_floor=50,trigger.pullback_ceiling=60,trigger.pullback_window=3,trigger.reclaim_level=65,trigger.volume_multiplier=1.2",all_liquid,"{""trigger.hold_floor"": 50, ""trigger.pullback_ceiling"": 60, ""trigger.pullback_window"": 3, ""trigger.reclaim_level"": 65, ""trigger.volume_multiplier"": 1.2}",20,10178,9854,1064,1415,0,103,6,18,0,0.0,203,MISSING_OR_INVALID_RAW_PATH_PRICE=103 (0.010120),1490,442,1087,217,55,0,110051,-0.015457975172390469,-0.012559937788847371,7.0,9.0,0.5379541303024152,0.46113253501116297,0.0009133346864217577,0.562291216348988,0.34279819217921004,0.14305364511691884,0.9503086419753142,0.01603409782829308,50,60,3,65,1.2
"rsi_daily_pullback_reclaim_surface_v1__all_liquid__trigger.hold_floor=50,trigger.pullback_ceiling=60,trigger.pullback_window=3,trigger.reclaim_level=65,trigger.volume_multiplier=1.5",all_liquid,"{""trigger.hold_floor"": 50, ""trigger.pullback_ceiling"": 60, ""trigger.pullback_window"": 3, ""trigger.reclaim_level"": 65, ""trigger.volume_multiplier"": 1.5}",5,9266,9150,1059,1404,0,28,3,18,0,0.0,70,MISSING_OR_INVALID_RAW_PATH_PRICE=28 (0.003022),546,96,387,51,21,0,25509,-0.0016118967699538956,-0.010991919795608728,2.0,3.0,0.5292896174863388,0.43453551912568306,0.036174863387978144,0.35495359378372543,0.15270882797323548,0.036801208720051805,0.7849025974025934,0.028633879781420766,50,60,3,65,1.5
"rsi_daily_pullback_reclaim_surface_v1__all_liquid__trigger.hold_floor=50,trigger.pullback_ceiling=60,trigger.pullback_window=3,trigger.reclaim_level=65,trigger.volume_multiplier=1.5",all_liquid,"{""trigger.hold_floor"": 50, ""trigger.pullback_ceiling"": 60, ""trigger.pullback_window"": 3, ""trigger.reclaim_level"": 65, ""trigger.volume_multiplier"": 1.5}",10,9266,9090,1059,1404,0,52,3,18,0,0.0,106,MISSING_OR_INVALID_RAW_PATH_PRICE=52 (0.005612),861,182,620,88,34,0,50682,-0.006945325793499525,-0.012456100307569794,4.0,5.0,0.5407040704070407,0.45236523652365235,0.006930693069306931,0.4642780056119145,0.23537664580185624,0.07835096050075545,0.863636363636362,0.022112211221122113,50,60,3,65,1.5
"rsi_daily_pullback_reclaim_surface_v1__all_liquid__trigger.hold_floor=50,trigger.pullback_ceiling=60,trigger.pullback_window=3,trigger.reclaim_level=65,trigger.volume_multiplier=1.5",all_liquid,"{""trigger.hold_floor"": 50, ""trigger.pullback_ceiling"": 60, ""trigger.pullback_window"": 3, ""trigger.reclaim_level"": 65, ""trigger.volume_multiplier"": 1.5}",20,9266,8965,1059,1404,0,91,6,17,0,0.0,193,MISSING_OR_INVALID_RAW_PATH_PRICE=91 (0.009821),1391,405,1015,194,47,0,100022,-0.014768982545532924,-0.013647923591415347,7.0,9.0,0.5413273842721695,0.45766871165644174,0.001003904071388734,0.5642132527519965,0.3455644290956184,0.14569393481545434,0.9411764705882355,0.015504740658114892,50,60,3,65,1.5
"rsi_daily_pullback_reclaim_surface_v1__all_liquid__trigger.hold_floor=50,trigger.pullback_ceiling=60,trigger.pullback_window=3,trigger.reclaim_level=65,trigger.volume_multiplier=2.0",all_liquid,"{""trigger.hold_floor"": 50, ""trigger.pullback_ceiling"": 60, ""trigger.pullback_window"": 3, ""trigger.reclaim_level"": 65, ""trigger.volume_multiplier"": 2.0}",5,7674,7578,1041,1386,0,22,3,13,0,0.0,61,MISSING_OR_INVALID_RAW_PATH_PRICE=22 (0.002867),474,76,341,44,17,0,20952,-0.0008388994874361476,-0.011664349946947702,2.0,3.0,0.5300870942201108,0.4333597255212457,0.036553180258643445,0.3614803231691426,0.1580661975501694,0.03857180088610894,0.7826086956521735,0.02876748482449195,50,60,3,65,2.0
"rsi_daily_pullback_reclaim_surface_v1__all_liquid__trigger.hold_floor=50,trigger.pullback_ceiling=60,trigger.pullback_window=3,trigger.reclaim_level=65,trigger.volume_multiplier=2.0",all_liquid,"{""trigger.hold_floor"": 50, ""trigger.pullback_ceiling"": 60, ""trigger.pullback_window"": 3, ""trigger.reclaim_level"": 65, ""trigger.volume_multiplier"": 2.0}",10,7674,7527,1041,1386,0,44,3,13,0,0.0,90,MISSING_OR_INVALID_RAW_PATH_PRICE=44 (0.005734),745,149,544,76,30,0,41631,-0.006034027878499049,-0.013398647756551904,4.0,5.0,0.5429786103361233,0.4502457818519995,0.006775607811877242,0.46820432629658587,0.24055251498566588,0.08118321605420901,0.8510638297872342,0.02205393915238475,50,60,3,65,2.0
"rsi_daily_pullback_reclaim_surface_v1__all_liquid__trigger.hold_floor=50,trigger.pullback_ceiling=60,trigger.pullback_window=3,trigger.reclaim_level=65,trigger.volume_multiplier=2.0",all_liquid,"{""trigger.hold_floor"": 50, ""trigger.pullback_ceiling"": 60, ""trigger.pullback_window"": 3, ""trigger.reclaim_level"": 65, ""trigger.volume_multiplier"": 2.0}",20,7674,7425,1041,1386,0,77,5,13,0,0.0,159,MISSING_OR_INVALID_RAW_PATH_PRICE=77 (0.010034),1211,340,890,170,42,0,82163,-0.01396577718749327,-0.01447575084188861,7.0,9.0,0.5443771043771044,0.4546801346801347,0.0009427609427609427,0.5669794109981756,0.35105551211884284,0.15089913995308835,0.9277003484320556,0.01602693602693603,50,60,3,65,2.0
"rsi_daily_pullback_reclaim_surface_v1__all_liquid__trigger.hold_floor=50,trigger.pullback_ceiling=60,trigger.pullback_window=6,trigger.reclaim_level=65,trigger.volume_multiplier=1.0",all_liquid,"{""trigger.hold_floor"": 50, ""trigger.pullback_ceiling"": 60, ""trigger.pullback_window"": 6, ""trigger.reclaim_level"": 65, ""trigger.volume_multiplier"": 1.0}",5,10043,9916,1052,1399,0,37,4,26,0,0.0,64,MISSING_OR_INVALID_RAW_PATH_PRICE=37 (0.003684),522,110,367,59,18,0,28609,-0.0029840083187387956,-0.009460551096874123,2.0,3.0,0.5236990722065349,0.44130697862041146,0.03499394917305365,0.34690829433436227,0.14766504032659564,0.034451857014836204,0.7894736842105299,0.030052440500201696,50,60,6,65,1.0
"rsi_daily_pullback_reclaim_surface_v1__all_liquid__trigger.hold_floor=50,trigger.pullback_ceiling=60,trigger.pullback_window=6,trigger.reclaim_level=65,trigger.volume_multiplier=1.0",all_liquid,"{""trigger.hold_floor"": 50, ""trigger.pullback_ceiling"": 60, ""trigger.pullback_window"": 6, ""trigger.reclaim_level"": 65, ""trigger.volume_multiplier"": 1.0}",10,10043,9860,1052,1399,0,54,4,26,0,0.0,103,MISSING_OR_INVALID_RAW_PATH_PRICE=54 (0.005377),814,200,581,99,30,0,56888,-0.008529795938985046,-0.010361346958608332,4.0,5.0,0.5350912778904665,0.4586206896551724,0.006288032454361055,0.4590261873942049,0.23140495867768596,0.0779647515682565,0.8846153846153847,0.022718052738336714,50,60,6,65,1.0
"rsi_daily_pullback_reclaim_surface_v1__all_liquid__trigger.hold_floor=50,trigger.pullback_ceiling=60,trigger.pullback_window=6,trigger.reclaim_level=65,trigger.volume_multiplier=1.0",all_liquid,"{""trigger.hold_floor"": 50, ""trigger.pullback_ceiling"": 60, ""trigger.pullback_window"": 6, ""trigger.reclaim_level"": 65, ""trigger.volume_multiplier"": 1.0}",20,10043,9723,1052,1399,0,100,9,25,0,0.0,195,MISSING_OR_INVALID_RAW_PATH_PRICE=100 (0.009957),1285,426,938,201,41,0,112368,-0.01564570877901282,-0.011961656554086715,8.0,9.0,0.5295690630463848,0.4691967499742878,0.001234186979327368,0.5653689136712138,0.3449168575126954,0.14408045404759534,0.9589041095890413,0.016044430731255787,50,60,6,65,1.0
"rsi_daily_pullback_reclaim_surface_v1__all_liquid__trigger.hold_floor=50,trigger.pullback_ceiling=60,trigger.pullback_window=6,trigger.reclaim_level=65,trigger.volume_multiplier=1.2",all_liquid,"{""trigger.hold_floor"": 50, ""trigger.pullback_ceiling"": 60, ""trigger.pullback_window"": 6, ""trigger.reclaim_level"": 65, ""trigger.volume_multiplier"": 1.2}",5,9326,9203,1048,1391,0,35,4,25,0,0.0,63,MISSING_OR_INVALID_RAW_PATH_PRICE=35 (0.003753),499,103,351,56,18,0,26415,-0.0022025407751566917,-0.009825594500048676,2.0,3.0,0.523742257959361,0.4403998696077366,0.03585787243290232,0.35266995496461506,0.15054685824576453,0.035170491100150116,0.8000000000000005,0.0303162012387265,50,60,6,65,1.2
"rsi_daily_pullback_reclaim_surface_v1__all_liquid__trigger.hold_floor=50,trigger.pullback_ceiling=60,trigger.pullback_window=6,trigger.reclaim_level=65,trigger.volume_multiplier=1.2",all_liquid,"{""trigger.hold_floor"": 50, ""trigger.pullback_ceiling"": 60, ""trigger.pullback_window"": 6, ""trigger.reclaim_level"": 65, ""trigger.volume_multiplier"": 1.2}",10,9326,9151,1048,1391,0,52,4,25,0,0.0,98,MISSING_OR_INVALID_RAW_PATH_PRICE=52 (0.005576),783,191,558,96,30,0,52530,-0.007296538322770173,-0.011195263553471464,4.0,5.0,0.5358977160966014,0.4577641787782756,0.006338105125122937,0.46558009864893846,0.23482736435770962,0.07966974051040103,0.8909090909090929,0.022729756310785706,50,60,6,65,1.2
"rsi_daily_pullback_reclaim_surface_v1__all_liquid__trigger.hold_floor=50,trigger.pullback_ceiling=60,trigger.pullback_window=6,trigger.reclaim_level=65,trigger.volume_multiplier=1.2",all_liquid,"{""trigger.hold_floor"": 50, ""trigger.pullback_ceiling"": 60, ""trigger.pullback_window"": 6, ""trigger.reclaim_level"": 65, ""trigger.volume_multiplier"": 1.2}",20,9326,9026,1048,1391,0,95,8,24,0,0.0,181,MISSING_OR_INVALID_RAW_PATH_PRICE=95 (0.010187),1230,406,900,192,40,0,103815,-0.014872381522326741,-0.012478095410162132,8.0,9.0,0.5344560159539109,0.4642144914690893,0.0013294925769997785,0.5680892129530345,0.34752305382800774,0.1462577739652584,0.952380952380953,0.015953910923997342,50,60,6,65,1.2
"rsi_daily_pullback_reclaim_surface_v1__all_liquid__trigger.hold_floor=50,trigger.pullback_ceiling=60,trigger.pullback_window=6,trigger.reclaim_level=65,trigger.volume_multiplier=1.5",all_liquid,"{""trigger.hold_floor"": 50, ""trigger.pullback_ceiling"": 60, ""trigger.pullback_window"": 6, ""trigger.reclaim_level"": 65, ""trigger.volume_multiplier"": 1.5}",5,8194,8083,1044,1378,0,31,4,23,0,0.0,57,MISSING_OR_INVALID_RAW_PATH_PRICE=31 (0.003783),462,92,323,49,17,0,23174,-0.0014576973880159605,-0.01051391691978603,2.0,3.0,0.5283929234195225,0.43511072621551405,0.0364963503649635,0.35904320234317794,0.1525506468147425,0.0366121552355382,0.7921747967479689,0.028083632314734628,50,60,6,65,1.5
"rsi_daily_pullback_reclaim_surface_v1__all_liquid__trigger.hold_floor=50,trigger.pullback_ceiling=60,trigger.pullback_window=6,trigger.reclaim_level=65,trigger.volume_multiplier=1.5",all_liquid,"{""trigger.hold_floor"": 50, ""trigger.pullback_ceiling"": 60, ""trigger.pullback_window"": 6, ""trigger.reclaim_level"": 65, ""trigger.volume_multiplier"": 1.5}",10,8194,8034,1044,1378,0,47,4,23,0,0.0,90,MISSING_OR_INVALID_RAW_PATH_PRICE=47 (0.005736),721,169,511,82,26,0,46068,-0.0069505491822820335,-0.012333183777878431,4.0,5.0,0.5395817774458551,0.45357231764998757,0.006845904904157331,0.47010007322431047,0.23724676592628752,0.0814010251403466,0.8749999999999971,0.021533482698531243,50,60,6,65,1.5
"rsi_daily_pullback_reclaim_surface_v1__all_liquid__trigger.hold_floor=50,trigger.pullback_ceiling=60,trigger.pullback_window=6,trigger.reclaim_level=65,trigger.volume_multiplier=1.5",all_liquid,"{""trigger.hold_floor"": 50, ""trigger.pullback_ceiling"": 60, ""trigger.pullback_window"": 6, ""trigger.reclaim_level"": 65, ""trigger.volume_multiplier"": 1.5}",20,8194,7923,1044,1378,0,86,8,22,0,0.0,163,MISSING_OR_INVALID_RAW_PATH_PRICE=86 (0.010495),1128,367,824,169,36,0,91028,-0.014368190365847563,-0.013688672941196536,7.0,9.0,0.5378013378770667,0.46068408431149815,0.0015145778114350624,0.5695630949475226,0.35025628508664874,0.14888943129118867,0.9428571428571431,0.014893348479111447,50,60,6,65,1.5
"rsi_daily_pullback_reclaim_surface_v1__all_liquid__trigger.hold_floor=50,trigger.pullback_ceiling=60,trigger.pullback_window=6,trigger.reclaim_level=65,trigger.volume_multiplier=2.0",all_liquid,"{""trigger.hold_floor"": 50, ""trigger.pullback_ceiling"": 60, ""trigger.pullback_window"": 6, ""trigger.reclaim_level"": 65, ""trigger.volume_multiplier"": 2.0}",5,6468,6383,1027,1345,0,23,3,16,0,0.0,46,MISSING_OR_INVALID_RAW_PATH_PRICE=23 (0.003556),389,67,273,38,13,0,18232,-0.0004519801749124294,-0.011363922667452266,2.0,3.0,0.530471565094783,0.4316152279492402,0.037913206955976816,0.3662646876932591,0.15924551638837353,0.03927025355596784,0.7894736842105219,0.028356572144759517,50,60,6,65,2.0
"rsi_daily_pullback_reclaim_surface_v1__all_liquid__trigger.hold_floor=50,trigger.pullback_ceiling=60,trigger.pullback_window=6,trigger.reclaim_level=65,trigger.volume_multiplier=2.0",all_liquid,"{""trigger.hold_floor"": 50, ""trigger.pullback_ceiling"": 60, ""trigger.pullback_window"": 6, ""trigger.reclaim_level"": 65, ""trigger.volume_multiplier"": 2.0}",10,6468,6343,1027,1345,0,38,3,16,0,0.0,71,MISSING_OR_INVALID_RAW_PATH_PRICE=38 (0.005875),601,130,430,66,22,0,36242,-0.0060854296357348014,-0.013581781121591446,4.0,5.0,0.5442219769825004,0.4489988964212518,0.006779126596247832,0.47526283240568956,0.24273345701917132,0.08534322820037106,0.8600427350427335,0.021283304430080405,50,60,6,65,2.0
"rsi_daily_pullback_reclaim_surface_v1__all_liquid__trigger.hold_floor=50,trigger.pullback_ceiling=60,trigger.pullback_window=6,trigger.reclaim_level=65,trigger.volume_multiplier=2.0",all_liquid,"{""trigger.hold_floor"": 50, ""trigger.pullback_ceiling"": 60, ""trigger.pullback_window"": 6, ""trigger.reclaim_level"": 65, ""trigger.volume_multiplier"": 2.0}",20,6468,6258,1027,1345,0,68,5,16,0,0.0,126,MISSING_OR_INVALID_RAW_PATH_PRICE=68 (0.010513),933,290,684,138,32,0,71676,-0.01358174387037869,-0.014671198341651797,7.0,9.0,0.5434643656120166,0.4552572706935123,0.001278363694471077,0.5711193568336426,0.3562152133580705,0.15661719233147806,0.9294019933554829,0.015020773410035155,50,60,6,65,2.0
"rsi_daily_pullback_reclaim_surface_v1__all_liquid__trigger.hold_floor=50,trigger.pullback_ceiling=60,trigger.pullback_window=9,trigger.reclaim_level=65,trigger.volume_multiplier=1.0",all_liquid,"{""trigger.hold_floor"": 50, ""trigger.pullback_ceiling"": 60, ""trigger.pullback_window"": 9, ""trigger.reclaim_level"": 65, ""trigger.volume_multiplier"": 1.0}",5,8670,8570,1017,1374,0,30,4,23,0,0.0,47,MISSING_OR_INVALID_RAW_PATH_PRICE=30 (0.003460),460,97,319,49,14,0,25154,-0.0029283249648277346,-0.00968749795933442,2.0,3.0,0.5243873978996499,0.44165694282380397,0.03395565927654609,0.34982698961937714,0.15098039215686274,0.03667820069204152,0.7999999999999976,0.029638273045507584,50,60,9,65,1.0
"rsi_daily_pullback_reclaim_surface_v1__all_liquid__trigger.hold_floor=50,trigger.pullback_ceiling=60,trigger.pullback_window=9,trigger.reclaim_level=65,trigger.volume_multiplier=1.0",all_liquid,"{""trigger.hold_floor"": 50, ""trigger.pullback_ceiling"": 60, ""trigger.pullback_window"": 9, ""trigger.reclaim_level"": 65, ""trigger.volume_multiplier"": 1.0}",10,8670,8517,1017,1374,0,46,4,23,0,0.0,84,MISSING_OR_INVALID_RAW_PATH_PRICE=46 (0.005306),697,175,500,83,22,0,49963,-0.008073685401044889,-0.01150033131488028,4.0,5.0,0.543266408359751,0.45098039215686275,0.005753199483386168,0.45916955017301037,0.23356401384083045,0.08004613610149942,0.8650167020953536,0.022425736761770575,50,60,9,65,1.0
"rsi_daily_pullback_reclaim_surface_v1__all_liquid__trigger.hold_floor=50,trigger.pullback_ceiling=60,trigger.pullback_window=9,trigger.reclaim_level=65,trigger.volume_multiplier=1.0",all_liquid,"{""trigger.hold_floor"": 50, ""trigger.pullback_ceiling"": 60, ""trigger.pullback_window"": 9, ""trigger.reclaim_level"": 65, ""trigger.volume_multiplier"": 1.0}",20,8670,8406,1017,1374,0,83,10,22,0,0.0,159,MISSING_OR_INVALID_RAW_PATH_PRICE=83 (0.009573),1111,364,816,165,34,0,98828,-0.015428182667766521,-0.013071146022640225,8.0,9.0,0.5318819890554366,0.4670473471330002,0.0010706638115631692,0.566320645905421,0.34498269896193773,0.14625144175317187,0.9333333333333331,0.016892695693552225,50,60,9,65,1.0
"rsi_daily_pullback_reclaim_surface_v1__all_liquid__trigger.hold_floor=50,trigger.pullback_ceiling=60,trigger.pullback_window=9,trigger.reclaim_level=65,trigger.volume_multiplier=1.2",all_liquid,"{""trigger.hold_floor"": 50, ""trigger.pullback_ceiling"": 60, ""trigger.pullback_window"": 9, ""trigger.reclaim_level"": 65, ""trigger.volume_multiplier"": 1.2}",5,7935,7838,1012,1366,0,29,4,23,0,0.0,45,MISSING_OR_INVALID_RAW_PATH_PRICE=29 (0.003655),436,90,302,45,14,0,22940,-0.002175396861575191,-0.01006394449760327,2.0,3.0,0.525771880581781,0.439270221995407,0.03495789742281194,0.3546313799621928,0.15425330812854443,0.03768115942028986,0.8000000000000009,0.029854554733350344,50,60,9,65,1.2
"rsi_daily_pullback_reclaim_surface_v1__all_liquid__trigger.hold_floor=50,trigger.pullback_ceiling=60,trigger.pullback_window=9,trigger.reclaim_level=65,trigger.volume_multiplier=1.2",all_liquid,"{""trigger.hold_floor"": 50, ""trigger.pullback_ceiling"": 60, ""trigger.pullback_window"": 9, ""trigger.reclaim_level"": 65, ""trigger.volume_multiplier"": 1.2}",10,7935,7789,1012,1366,0,45,4,23,0,0.0,78,MISSING_OR_INVALID_RAW_PATH_PRICE=45 (0.005671),664,166,475,79,22,0,45565,-0.007161245266758411,-0.012233887111152676,4.0,5.0,0.546283219925536,0.44781101553472846,0.0059057645397355245,0.4641461877756774,0.23667296786389413,0.081411468178954,0.8648648648648667,0.022210810116831427,50,60,9,65,1.2
"rsi_daily_pullback_reclaim_surface_v1__all_liquid__trigger.hold_floor=50,trigger.pullback_ceiling=60,trigger.pullback_window=9,trigger.reclaim_level=65,trigger.volume_multiplier=1.2",all_liquid,"{""trigger.hold_floor"": 50, ""trigger.pullback_ceiling"": 60, ""trigger.pullback_window"": 9, ""trigger.reclaim_level"": 65, ""trigger.volume_multiplier"": 1.2}",20,7935,7690,1012,1366,0,79,9,22,0,0.0,144,MISSING_OR_INVALID_RAW_PATH_PRICE=79 (0.009956),1046,341,769,153,33,0,90188,-0.014924694219196531,-0.013854560570778024,7.0,9.0,0.5381014304291287,0.4607282184655397,0.0011703511053315994,0.5673597983616887,0.3461877756773787,0.14732199117832387,0.9200000000000002,0.016644993498049414,50,60,9,65,1.2
"rsi_daily_pullback_reclaim_surface_v1__all_liquid__trigger.hold_floor=50,trigger.pullback_ceiling=60,trigger.pullback_window=9,trigger.reclaim_level=65,trigger.volume_multiplier=1.5",all_liquid,"{""trigger.hold_floor"": 50, ""trigger.pullback_ceiling"": 60, ""trigger.pullback_window"": 9, ""trigger.reclaim_level"": 65, ""trigger.volume_multiplier"": 1.5}",5,6830,6744,1004,1343,0,25,4,22,0,0.0,39,MISSING_OR_INVALID_RAW_PATH_PRICE=25 (0.003660),404,79,279,39,13,0,19674,-0.0015009089884767575,-0.010890138911221788,2.0,3.0,0.5303973902728352,0.4334223013048636,0.036180308422301306,0.3601756954612006,0.15651537335285506,0.03953147877013177,0.7826086956521774,0.028173190984578884,50,60,9,65,1.5
"rsi_daily_pullback_reclaim_surface_v1__all_liquid__trigger.hold_floor=50,trigger.pullback_ceiling=60,trigger.pullback_window=9,trigger.reclaim_level=65,trigger.volume_multiplier=1.5",all_liquid,"{""trigger.hold_floor"": 50, ""trigger.pullback_ceiling"": 60, ""trigger.pullback_window"": 9, ""trigger.reclaim_level"": 65, ""trigger.volume_multiplier"": 1.5}",10,6830,6700,1004,1343,0,38,4,22,0,0.0,70,MISSING_OR_INVALID_RAW_PATH_PRICE=38 (0.005564),616,145,438,68,18,0,39073,-0.007006333427668061,-0.013114727052376915,4.0,5.0,0.552089552238806,0.44149253731343285,0.006417910447761194,0.467203513909224,0.23865300146412885,0.08330893118594436,0.833333333333331,0.021194029850746268,50,60,9,65,1.5
"rsi_daily_pullback_reclaim_surface_v1__all_liquid__trigger.hold_floor=50,trigger.pullback_ceiling=60,trigger.pullback_window=9,trigger.reclaim_level=65,trigger.volume_multiplier=1.5",all_liquid,"{""trigger.hold_floor"": 50, ""trigger.pullback_ceiling"": 60, ""trigger.pullback_window"": 9, ""trigger.reclaim_level"": 65, ""trigger.volume_multiplier"": 1.5}",20,6830,6616,1004,1343,0,68,9,21,0,0.0,125,MISSING_OR_INVALID_RAW_PATH_PRICE=68 (0.009956),960,305,704,134,28,0,77366,-0.01475393967040177,-0.015179952092484215,7.0,9.0,0.5441354292623942,0.4545042321644498,0.0013603385731559856,0.5666178623718887,0.34816983894582726,0.14963396778916543,0.9047619047619049,0.015568319226118501,50,60,9,65,1.5
"rsi_daily_pullback_reclaim_surface_v1__all_liquid__trigger.hold_floor=50,trigger.pullback_ceiling=60,trigger.pullback_window=9,trigger.reclaim_level=65,trigger.volume_multiplier=2.0",all_liquid,"{""trigger.hold_floor"": 50, ""trigger.pullback_ceiling"": 60, ""trigger.pullback_window"": 9, ""trigger.reclaim_level"": 65, ""trigger.volume_multiplier"": 2.0}",5,5243,5172,978,1294,0,21,3,17,0,0.0,33,MISSING_OR_INVALID_RAW_PATH_PRICE=21 (0.004005),324,55,226,28,9,0,15022,-0.0005309805772606771,-0.01169562024181873,2.0,3.0,0.5336426914153132,0.42788089713843774,0.03847641144624903,0.3667747472820904,0.16116727064657638,0.04176997901964524,0.7777777777777686,0.028035576179427688,50,60,9,65,2.0
"rsi_daily_pullback_reclaim_surface_v1__all_liquid__trigger.hold_floor=50,trigger.pullback_ceiling=60,trigger.pullback_window=9,trigger.reclaim_level=65,trigger.volume_multiplier=2.0",all_liquid,"{""trigger.hold_floor"": 50, ""trigger.pullback_ceiling"": 60, ""trigger.pullback_window"": 9, ""trigger.reclaim_level"": 65, ""trigger.volume_multiplier"": 2.0}",10,5243,5136,978,1294,0,33,3,17,0,0.0,57,MISSING_OR_INVALID_RAW_PATH_PRICE=33 (0.006294),489,108,354,51,14,0,29817,-0.006366653915003514,-0.014579222250765042,4.0,5.0,0.5560747663551402,0.43730529595015577,0.00661993769470405,0.4705321380888804,0.24279992370780087,0.08544726301735647,0.8148148148148137,0.02044392523364486,50,60,9,65,2.0
"rsi_daily_pullback_reclaim_surface_v1__all_liquid__trigger.hold_floor=50,trigger.pullback_ceiling=60,trigger.pullback_window=9,trigger.reclaim_level=65,trigger.volume_multiplier=2.0",all_liquid,"{""trigger.hold_floor"": 50, ""trigger.pullback_ceiling"": 60, ""trigger.pullback_window"": 9, ""trigger.reclaim_level"": 65, ""trigger.volume_multiplier"": 2.0}",20,5243,5076,978,1294,0,56,6,17,0,0.0,94,MISSING_OR_INVALID_RAW_PATH_PRICE=56 (0.010681),761,235,563,103,24,0,59132,-0.01443187879334483,-0.01647971697824342,7.0,9.0,0.5492513790386131,0.4495665878644602,0.001182033096926714,0.5666603089834065,0.3536143429334351,0.15563608621018502,0.8909076800622446,0.015366430260047281,50,60,9,65,2.0
"rsi_daily_pullback_reclaim_surface_v1__all_liquid__trigger.hold_floor=55,trigger.pullback_ceiling=58,trigger.pullback_window=3,trigger.reclaim_level=60,trigger.volume_multiplier=1.0",all_liquid,"{""trigger.hold_floor"": 55, ""trigger.pullback_ceiling"": 58, ""trigger.pullback_window"": 3, ""trigger.reclaim_level"": 60, ""trigger.volume_multiplier"": 1.0}",5,4808,4750,875,1307,0,17,1,12,0,0.0,29,MISSING_OR_INVALID_RAW_PATH_PRICE=17 (0.003536),234,48,155,29,8,0,13131,-0.005020690167803774,-0.005873429206933574,2.0,3.0,0.5145263157894737,0.45557894736842103,0.029894736842105262,0.33257071547420963,0.14122296173044926,0.028910149750415972,0.8571428571428571,0.032210526315789474,55,58,3,60,1.0
"rsi_daily_pullback_reclaim_surface_v1__all_liquid__trigger.hold_floor=55,trigger.pullback_ceiling=58,trigger.pullback_window=3,trigger.reclaim_level=60,trigger.volume_multiplier=1.0",all_liquid,"{""trigger.hold_floor"": 55, ""trigger.pullback_ceiling"": 58, ""trigger.pullback_window"": 3, ""trigger.reclaim_level"": 60, ""trigger.volume_multiplier"": 1.0}",10,4808,4716,875,1307,0,35,1,12,0,0.0,45,MISSING_OR_INVALID_RAW_PATH_PRICE=35 (0.007280),385,101,258,54,15,0,26127,-0.008372754862283005,-0.007316624379730503,4.0,5.0,0.5207803223070399,0.4732824427480916,0.005937234944868533,0.4573627287853577,0.23211314475873543,0.0723793677204659,0.999999999999996,0.02332485156912638,55,58,3,60,1.0
"rsi_daily_pullback_reclaim_surface_v1__all_liquid__trigger.hold_floor=55,trigger.pullback_ceiling=58,trigger.pullback_window=3,trigger.reclaim_level=60,trigger.volume_multiplier=1.0",all_liquid,"{""trigger.hold_floor"": 55, ""trigger.pullback_ceiling"": 58, ""trigger.pullback_window"": 3, ""trigger.reclaim_level"": 60, ""trigger.volume_multiplier"": 1.0}",20,4808,4655,875,1307,0,57,2,12,0,0.0,84,MISSING_OR_INVALID_RAW_PATH_PRICE=57 (0.011855),604,198,425,97,25,0,51586,-0.014038384737845605,-0.009303800532542723,8.0,9.0,0.5132116004296455,0.4857142857142857,0.0010741138560687433,0.5736272878535774,0.35253743760399336,0.14205490848585692,1.115384615384614,0.017185821697099892,55,58,3,60,1.0
"rsi_daily_pullback_reclaim_surface_v1__all_liquid__trigger.hold_floor=55,trigger.pullback_ceiling=58,trigger.pullback_window=3,trigger.reclaim_level=60,trigger.volume_multiplier=1.2",all_liquid,"{""trigger.hold_floor"": 55, ""trigger.pullback_ceiling"": 58, ""trigger.pullback_window"": 3, ""trigger.reclaim_level"": 60, ""trigger.volume_multiplier"": 1.2}",5,4049,4000,865,1264,0,15,1,9,0,0.0,25,MISSING_OR_INVALID_RAW_PATH_PRICE=15 (0.003705),211,44,143,27,6,0,10961,-0.004865541141348486,-0.006629989441092644,2.0,3.0,0.5185,0.4525,0.029,0.33637935292664856,0.14423314398616943,0.03087182020251914,0.8235294117647068,0.03275,55,58,3,60,1.2
"rsi_daily_pullback_reclaim_surface_v1__all_liquid__trigger.hold_floor=55,trigger.pullback_ceiling=58,trigger.pullback_window=3,trigger.reclaim_level=60,trigger.volume_multiplier=1.2",all_liquid,"{""trigger.hold_floor"": 55, ""trigger.pullback_ceiling"": 58, ""trigger.pullback_window"": 3, ""trigger.reclaim_level"": 60, ""trigger.volume_multiplier"": 1.2}",10,4049,3969,865,1264,0,33,1,9,0,0.0,38,MISSING_OR_INVALID_RAW_PATH_PRICE=33 (0.008150),342,91,234,48,11,0,21811,-0.007632251348710033,-0.008033136899460655,4.0,5.0,0.5243134290753338,0.46963970773494584,0.006046863189720333,0.45961965917510494,0.23462583353914546,0.0743393430476661,0.9729729729729718,0.023683547493071302,55,58,3,60,1.2
"rsi_daily_pullback_reclaim_surface_v1__all_liquid__trigger.hold_floor=55,trigger.pullback_ceiling=58,trigger.pullback_window=3,trigger.reclaim_level=60,trigger.volume_multiplier=1.2",all_liquid,"{""trigger.hold_floor"": 55, ""trigger.pullback_ceiling"": 58, ""trigger.pullback_window"": 3, ""trigger.reclaim_level"": 60, ""trigger.volume_multiplier"": 1.2}",20,4049,3920,865,1264,0,51,2,9,0,0.0,69,MISSING_OR_INVALID_RAW_PATH_PRICE=51 (0.012596),536,180,387,88,20,0,43094,-0.013360548347340608,-0.010002589789632432,8.0,9.0,0.5122448979591837,0.48647959183673467,0.0012755102040816326,0.5739688812052358,0.35761916522598175,0.14448011854778958,1.0882352941176445,0.01760204081632653,55,58,3,60,1.2
"rsi_daily_pullback_reclaim_surface_v1__all_liquid__trigger.hold_floor=55,trigger.pullback_ceiling=58,trigger.pullback_window=3,trigger.reclaim_level=60,trigger.volume_multiplier=1.5",all_liquid,"{""trigger.hold_floor"": 55, ""trigger.pullback_ceiling"": 58, ""trigger.pullback_window"": 3, ""trigger.reclaim_level"": 60, ""trigger.volume_multiplier"": 1.5}",5,3146,3106,835,1178,0,13,1,9,0,0.0,18,MISSING_OR_INVALID_RAW_PATH_PRICE=13 (0.004132),185,31,123,19,5,0,8426,-0.0035661246882939066,-0.007607332794025749,2.0,3.0,0.5180296200901481,0.44977462974887317,0.03219575016097875,0.3477431659249841,0.15162110616656072,0.03401144310235219,0.8333333333333275,0.030264005151320026,55,58,3,60,1.5
"rsi_daily_pullback_reclaim_surface_v1__all_liquid__trigger.hold_floor=55,trigger.pullback_ceiling=58,trigger.pullback_window=3,trigger.reclaim_level=60,trigger.volume_multiplier=1.5",all_liquid,"{""trigger.hold_floor"": 55, ""trigger.pullback_ceiling"": 58, ""trigger.pullback_window"": 3, ""trigger.reclaim_level"": 60, ""trigger.volume_multiplier"": 1.5}",10,3146,3084,835,1178,0,26,1,9,0,0.0,27,MISSING_OR_INVALID_RAW_PATH_PRICE=26 (0.008264),299,73,202,38,8,0,16769,-0.006231614898734569,-0.009296629238625032,4.0,5.0,0.5330739299610895,0.4607652399481193,0.00616083009079118,0.46853146853146854,0.2399872854418309,0.07978385251112524,0.9714285714285673,0.021076523994811934,55,58,3,60,1.5
"rsi_daily_pullback_reclaim_surface_v1__all_liquid__trigger.hold_floor=55,trigger.pullback_ceiling=58,trigger.pullback_window=3,trigger.reclaim_level=60,trigger.volume_multiplier=1.5",all_liquid,"{""trigger.hold_floor"": 55, ""trigger.pullback_ceiling"": 58, ""trigger.pullback_window"": 3, ""trigger.reclaim_level"": 60, ""trigger.volume_multiplier"": 1.5}",20,3146,3047,835,1178,0,41,2,9,0,0.0,49,MISSING_OR_INVALID_RAW_PATH_PRICE=41 (0.013032),462,148,332,70,16,0,33175,-0.012512065024561494,-0.011369236640142832,8.0,9.0,0.5267476206104365,0.47161142106990483,0.0016409583196586807,0.5778766687857597,0.36013986013986016,0.15003178639542275,1.0526315789473686,0.015753199868723335,55,58,3,60,1.5
"rsi_daily_pullback_reclaim_surface_v1__all_liquid__trigger.hold_floor=55,trigger.pullback_ceiling=58,trigger.pullback_window=3,trigger.reclaim_level=60,trigger.volume_multiplier=2.0",all_liquid,"{""trigger.hold_floor"": 55, ""trigger.pullback_ceiling"": 58, ""trigger.pullback_window"": 3, ""trigger.reclaim_level"": 60, ""trigger.volume_multiplier"": 2.0}",5,2170,2134,775,1023,0,10,1,8,0,0.0,18,MISSING_OR_INVALID_RAW_PATH_PRICE=10 (0.004608),138,19,91,11,5,0,5774,-0.0031190514734951314,-0.008776447629370054,2.0,3.0,0.514526710402999,0.4475164011246485,0.03795688847235239,0.35898617511520736,0.16267281105990783,0.03870967741935484,0.8039215686274481,0.03139643861293346,55,58,3,60,2.0
"rsi_daily_pullback_reclaim_surface_v1__all_liquid__trigger.hold_floor=55,trigger.pullback_ceiling=58,trigger.pullback_window=3,trigger.reclaim_level=60,trigger.volume_multiplier=2.0",all_liquid,"{""trigger.hold_floor"": 55, ""trigger.pullback_ceiling"": 58, ""trigger.pullback_window"": 3, ""trigger.reclaim_level"": 60, ""trigger.volume_multiplier"": 2.0}",10,2170,2120,775,1023,0,20,1,8,0,0.0,22,MISSING_OR_INVALID_RAW_PATH_PRICE=20 (0.009217),212,45,141,21,5,0,11502,-0.0051363316342684165,-0.01048508824133218,4.0,5.0,0.5216981132075472,0.4712264150943396,0.007075471698113208,0.480184331797235,0.25069124423963135,0.08387096774193549,0.990566037735845,0.02169811320754717,55,58,3,60,2.0
"rsi_daily_pullback_reclaim_surface_v1__all_liquid__trigger.hold_floor=55,trigger.pullback_ceiling=58,trigger.pullback_window=3,trigger.reclaim_level=60,trigger.volume_multiplier=2.0",all_liquid,"{""trigger.hold_floor"": 55, ""trigger.pullback_ceiling"": 58, ""trigger.pullback_window"": 3, ""trigger.reclaim_level"": 60, ""trigger.volume_multiplier"": 2.0}",20,2170,2095,775,1023,0,32,1,8,0,0.0,35,MISSING_OR_INVALID_RAW_PATH_PRICE=32 (0.014747),327,101,234,45,10,0,22792,-0.010294286073560241,-0.012191694591501937,8.0,9.0,0.518854415274463,0.4797136038186158,0.001431980906921241,0.5870967741935483,0.3695852534562212,0.15714285714285714,1.0621141975308643,0.016706443914081145,55,58,3,60,2.0
"rsi_daily_pullback_reclaim_surface_v1__all_liquid__trigger.hold_floor=55,trigger.pullback_ceiling=58,trigger.pullback_window=6,trigger.reclaim_level=60,trigger.volume_multiplier=1.0",all_liquid,"{""trigger.hold_floor"": 55, ""trigger.pullback_ceiling"": 58, ""trigger.pullback_window"": 6, ""trigger.reclaim_level"": 60, ""trigger.volume_multiplier"": 1.0}",5,2772,2736,775,1105,0,15,0,9,0,0.0,12,MISSING_OR_INVALID_RAW_PATH_PRICE=15 (0.005411),143,31,96,15,4,0,7668,-0.00449513657770728,-0.006124347784611751,2.0,3.0,0.5080409356725146,0.45614035087719296,0.035818713450292396,0.3351370851370851,0.1497113997113997,0.02886002886002886,0.9230769230769216,0.029605263157894735,55,58,6,60,1.0
"rsi_daily_pullback_reclaim_surface_v1__all_liquid__trigger.hold_floor=55,trigger.pullback_ceiling=58,trigger.pullback_window=6,trigger.reclaim_level=60,trigger.volume_multiplier=1.0",all_liquid,"{""trigger.hold_floor"": 55, ""trigger.pullback_ceiling"": 58, ""trigger.pullback_window"": 6, ""trigger.reclaim_level"": 60, ""trigger.volume_multiplier"": 1.0}",10,2772,2718,775,1105,0,24,0,9,0,0.0,21,MISSING_OR_INVALID_RAW_PATH_PRICE=24 (0.008658),229,63,153,31,11,0,15265,-0.00778182522049394,-0.008366804973925177,4.0,5.0,0.5312729948491538,0.4617365710080942,0.006990434142752024,0.45454545454545453,0.24386724386724387,0.07395382395382395,0.9677419354838696,0.021707137601177335,55,58,6,60,1.0
"rsi_daily_pullback_reclaim_surface_v1__all_liquid__trigger.hold_floor=55,trigger.pullback_ceiling=58,trigger.pullback_window=6,trigger.reclaim_level=60,trigger.volume_multiplier=1.0",all_liquid,"{""trigger.hold_floor"": 55, ""trigger.pullback_ceiling"": 58, ""trigger.pullback_window"": 6, ""trigger.reclaim_level"": 60, ""trigger.volume_multiplier"": 1.0}",20,2772,2689,775,1105,0,37,1,9,0,0.0,37,MISSING_OR_INVALID_RAW_PATH_PRICE=37 (0.013348),346,114,241,57,18,0,30353,-0.013911043733225131,-0.011763355449478097,8.0,9.0,0.524730383042023,0.4734101896615842,0.001859427296392711,0.5642135642135642,0.3531746031746032,0.13816738816738816,1.000000000000002,0.015619189289698772,55,58,6,60,1.0
"rsi_daily_pullback_reclaim_surface_v1__all_liquid__trigger.hold_floor=55,trigger.pullback_ceiling=58,trigger.pullback_window=6,trigger.reclaim_level=60,trigger.volume_multiplier=1.2",all_liquid,"{""trigger.hold_floor"": 55, ""trigger.pullback_ceiling"": 58, ""trigger.pullback_window"": 6, ""trigger.reclaim_level"": 60, ""trigger.volume_multiplier"": 1.2}",5,2205,2176,741,1022,0,11,0,6,0,0.0,12,MISSING_OR_INVALID_RAW_PATH_PRICE=11 (0.004989),126,26,89,12,2,0,6003,-0.0041499069297502526,-0.006411487693900821,2.0,3.0,0.5119485294117647,0.4540441176470588,0.03400735294117647,0.3401360544217687,0.1523809523809524,0.029931972789115645,0.8681159420289843,0.03125,55,58,6,60,1.2
"rsi_daily_pullback_reclaim_surface_v1__all_liquid__trigger.hold_floor=55,trigger.pullback_ceiling=58,trigger.pullback_window=6,trigger.reclaim_level=60,trigger.volume_multiplier=1.2",all_liquid,"{""trigger.hold_floor"": 55, ""trigger.pullback_ceiling"": 58, ""trigger.pullback_window"": 6, ""trigger.reclaim_level"": 60, ""trigger.volume_multiplier"": 1.2}",10,2205,2160,741,1022,0,20,0,6,0,0.0,19,MISSING_OR_INVALID_RAW_PATH_PRICE=20 (0.009070),197,54,136,25,7,0,11949,-0.007756447747009829,-0.008710414751549432,4.0,5.0,0.5347222222222222,0.45787037037037037,0.007407407407407408,0.454875283446712,0.24444444444444444,0.0761904761904762,0.9500000000000078,0.022685185185185187,55,58,6,60,1.2
"rsi_daily_pullback_reclaim_surface_v1__all_liquid__trigger.hold_floor=55,trigger.pullback_ceiling=58,trigger.pullback_window=6,trigger.reclaim_level=60,trigger.volume_multiplier=1.2",all_liquid,"{""trigger.hold_floor"": 55, ""trigger.pullback_ceiling"": 58, ""trigger.pullback_window"": 6, ""trigger.reclaim_level"": 60, ""trigger.volume_multiplier"": 1.2}",20,2205,2138,741,1022,0,29,1,6,0,0.0,32,MISSING_OR_INVALID_RAW_PATH_PRICE=29 (0.013152),292,101,212,49,13,0,23767,-0.013360548347340608,-0.012056412547143208,8.0,9.0,0.5247895229186156,0.47287184284377926,0.0023386342376052385,0.5600907029478458,0.3578231292517007,0.1414965986394558,0.9819453480806786,0.015902712815715623,55,58,6,60,1.2
"rsi_daily_pullback_reclaim_surface_v1__all_liquid__trigger.hold_floor=55,trigger.pullback_ceiling=58,trigger.pullback_window=6,trigger.reclaim_level=60,trigger.volume_multiplier=1.5",all_liquid,"{""trigger.hold_floor"": 55, ""trigger.pullback_ceiling"": 58, ""trigger.pullback_window"": 6, ""trigger.reclaim_level"": 60, ""trigger.volume_multiplier"": 1.5}",5,1633,1607,679,891,0,11,0,6,0,0.0,9,MISSING_OR_INVALID_RAW_PATH_PRICE=11 (0.006736),102,17,70,8,1,0,4448,-0.0024331155285868614,-0.007030870518292643,2.0,3.0,0.5133789670192906,0.4492843808338519,0.037336652146857496,0.3570116350275566,0.16166564605021433,0.03306797305572566,0.8888888888888904,0.026757934038581208,55,58,6,60,1.5
"rsi_daily_pullback_reclaim_surface_v1__all_liquid__trigger.hold_floor=55,trigger.pullback_ceiling=58,trigger.pullback_window=6,trigger.reclaim_level=60,trigger.volume_multiplier=1.5",all_liquid,"{""trigger.hold_floor"": 55, ""trigger.pullback_ceiling"": 58, ""trigger.pullback_window"": 6, ""trigger.reclaim_level"": 60, ""trigger.volume_multiplier"": 1.5}",10,1633,1597,679,891,0,17,0,6,0,0.0,13,MISSING_OR_INVALID_RAW_PATH_PRICE=17 (0.010410),163,41,109,19,4,0,8861,-0.006001198427455237,-0.009951544395127777,4.0,5.0,0.5391358797745773,0.4546023794614903,0.006261740763932373,0.46601347213717087,0.25290875688916103,0.08144519289650949,0.9500000000000008,0.019411396368190358,55,58,6,60,1.5
"rsi_daily_pullback_reclaim_surface_v1__all_liquid__trigger.hold_floor=55,trigger.pullback_ceiling=58,trigger.pullback_window=6,trigger.reclaim_level=60,trigger.volume_multiplier=1.5",all_liquid,"{""trigger.hold_floor"": 55, ""trigger.pullback_ceiling"": 58, ""trigger.pullback_window"": 6, ""trigger.reclaim_level"": 60, ""trigger.volume_multiplier"": 1.5}",20,1633,1585,679,891,0,23,1,6,0,0.0,19,MISSING_OR_INVALID_RAW_PATH_PRICE=23 (0.014085),235,78,167,37,9,0,17690,-0.012289778449680863,-0.013622638064942183,8.0,9.0,0.5400630914826499,0.45741324921135645,0.002523659305993691,0.5639926515615432,0.36129822412737295,0.1494182486221678,0.9511904761904795,0.013249211356466877,55,58,6,60,1.5
"rsi_daily_pullback_reclaim_surface_v1__all_liquid__trigger.hold_floor=55,trigger.pullback_ceiling=58,trigger.pullback_window=6,trigger.reclaim_level=60,trigger.volume_multiplier=2.0",all_liquid,"{""trigger.hold_floor"": 55, ""trigger.pullback_ceiling"": 58, ""trigger.pullback_window"": 6, ""trigger.reclaim_level"": 60, ""trigger.volume_multiplier"": 2.0}",5,1044,1023,573,678,0,8,0,5,0,0.0,8,MISSING_OR_INVALID_RAW_PATH_PRICE=8 (0.007663),73,7,50,2,1,0,2846,-0.003094472279113466,-0.007030870518292643,2.0,2.0,0.49853372434017595,0.45650048875855326,0.044965786901270774,0.3611111111111111,0.17049808429118773,0.03735632183908046,0.9230769230769228,0.026392961876832845,55,58,6,60,2.0
"rsi_daily_pullback_reclaim_surface_v1__all_liquid__trigger.hold_floor=55,trigger.pullback_ceiling=58,trigger.pullback_window=6,trigger.reclaim_level=60,trigger.volume_multiplier=2.0",all_liquid,"{""trigger.hold_floor"": 55, ""trigger.pullback_ceiling"": 58, ""trigger.pullback_window"": 6, ""trigger.reclaim_level"": 60, ""trigger.volume_multiplier"": 2.0}",10,1044,1016,573,678,0,14,0,5,0,0.0,9,MISSING_OR_INVALID_RAW_PATH_PRICE=14 (0.013410),109,22,74,10,1,0,5676,-0.006059058845902389,-0.009492208891288649,4.0,5.0,0.5216535433070866,0.4704724409448819,0.007874015748031496,0.47509578544061304,0.25766283524904215,0.08045977011494253,0.990566037735845,0.01968503937007874,55,58,6,60,2.0
"rsi_daily_pullback_reclaim_surface_v1__all_liquid__trigger.hold_floor=55,trigger.pullback_ceiling=58,trigger.pullback_window=6,trigger.reclaim_level=60,trigger.volume_multiplier=2.0",all_liquid,"{""trigger.hold_floor"": 55, ""trigger.pullback_ceiling"": 58, ""trigger.pullback_window"": 6, ""trigger.reclaim_level"": 60, ""trigger.volume_multiplier"": 2.0}",20,1044,1007,573,678,0,19,0,5,0,0.0,13,MISSING_OR_INVALID_RAW_PATH_PRICE=19 (0.018199),156,44,111,22,3,0,11342,-0.011790294703102111,-0.01247865707068542,8.0,9.0,0.5273088381330685,0.47070506454816285,0.0019860973187686196,0.5775862068965517,0.36302681992337166,0.15134099616858238,0.9615384615384621,0.013902681231380337,55,58,6,60,2.0
"rsi_daily_pullback_reclaim_surface_v1__all_liquid__trigger.hold_floor=55,trigger.pullback_ceiling=58,trigger.pullback_window=9,trigger.reclaim_level=60,trigger.volume_multiplier=1.0",all_liquid,"{""trigger.hold_floor"": 55, ""trigger.pullback_ceiling"": 58, ""trigger.pullback_window"": 9, ""trigger.reclaim_level"": 60, ""trigger.volume_multiplier"": 1.0}",5,1931,1907,707,927,0,11,0,5,0,0.0,8,MISSING_OR_INVALID_RAW_PATH_PRICE=11 (0.005697),100,27,65,13,3,0,5443,-0.0042704838206402244,-0.006721969469693924,2.0,3.0,0.5212375458835868,0.44782380702674357,0.03093864708966964,0.3412739513205593,0.1506991196271362,0.03210771620921802,0.854497354497346,0.03093864708966964,55,58,9,60,1.0
"rsi_daily_pullback_reclaim_surface_v1__all_liquid__trigger.hold_floor=55,trigger.pullback_ceiling=58,trigger.pullback_window=9,trigger.reclaim_level=60,trigger.volume_multiplier=1.0",all_liquid,"{""trigger.hold_floor"": 55, ""trigger.pullback_ceiling"": 58, ""trigger.pullback_window"": 9, ""trigger.reclaim_level"": 60, ""trigger.volume_multiplier"": 1.0}",10,1931,1893,707,927,0,17,0,5,0,0.0,16,MISSING_OR_INVALID_RAW_PATH_PRICE=17 (0.008804),147,51,97,23,8,0,10828,-0.007161495889669793,-0.00967422655007949,4.0,5.0,0.5451664025356577,0.4500792393026941,0.004754358161648178,0.4546866908337649,0.2428793371310202,0.07457276022786122,0.8888888888888918,0.021130480718436345,55,58,9,60,1.0
"rsi_daily_pullback_reclaim_surface_v1__all_liquid__trigger.hold_floor=55,trigger.pullback_ceiling=58,trigger.pullback_window=9,trigger.reclaim_level=60,trigger.volume_multiplier=1.0",all_liquid,"{""trigger.hold_floor"": 55, ""trigger.pullback_ceiling"": 58, ""trigger.pullback_window"": 9, ""trigger.reclaim_level"": 60, ""trigger.volume_multiplier"": 1.0}",20,1931,1870,707,927,0,29,0,5,0,0.0,27,MISSING_OR_INVALID_RAW_PATH_PRICE=29 (0.015018),231,76,161,36,13,0,21540,-0.012986760639477762,-0.01275941910143226,8.0,9.0,0.5181818181818182,0.4802139037433155,0.0016042780748663102,0.5660279647850854,0.3578456758156396,0.14655618850336613,0.9999999999999971,0.016042780748663103,55,58,9,60,1.0
"rsi_daily_pullback_reclaim_surface_v1__all_liquid__trigger.hold_floor=55,trigger.pullback_ceiling=58,trigger.pullback_window=9,trigger.reclaim_level=60,trigger.volume_multiplier=1.2",all_liquid,"{""trigger.hold_floor"": 55, ""trigger.pullback_ceiling"": 58, ""trigger.pullback_window"": 9, ""trigger.reclaim_level"": 60, ""trigger.volume_multiplier"": 1.2}",5,1491,1472,661,815,0,8,0,3,0,0.0,8,MISSING_OR_INVALID_RAW_PATH_PRICE=8 (0.005366),84,23,59,11,1,0,4158,-0.0040658049572919255,-0.007231614515721581,2.0,3.0,0.5285326086956522,0.44157608695652173,0.029891304347826088,0.3427230046948357,0.1522468142186452,0.0335345405767941,0.7999999999999731,0.03328804347826087,55,58,9,60,1.2
"rsi_daily_pullback_reclaim_surface_v1__all_liquid__trigger.hold_floor=55,trigger.pullback_ceiling=58,trigger.pullback_window=9,trigger.reclaim_level=60,trigger.volume_multiplier=1.2",all_liquid,"{""trigger.hold_floor"": 55, ""trigger.pullback_ceiling"": 58, ""trigger.pullback_window"": 9, ""trigger.reclaim_level"": 60, ""trigger.volume_multiplier"": 1.2}",10,1491,1460,661,815,0,14,0,3,0,0.0,14,MISSING_OR_INVALID_RAW_PATH_PRICE=14 (0.009390),119,43,82,18,4,0,8278,-0.007123931403302586,-0.010374752068051468,4.0,5.0,0.5465753424657535,0.44794520547945205,0.005479452054794521,0.4533869885982562,0.24077800134138164,0.07712944332662643,0.8648648648648666,0.022602739726027398,55,58,9,60,1.2
"rsi_daily_pullback_reclaim_surface_v1__all_liquid__trigger.hold_floor=55,trigger.pullback_ceiling=58,trigger.pullback_window=9,trigger.reclaim_level=60,trigger.volume_multiplier=1.2",all_liquid,"{""trigger.hold_floor"": 55, ""trigger.pullback_ceiling"": 58, ""trigger.pullback_window"": 9, ""trigger.reclaim_level"": 60, ""trigger.volume_multiplier"": 1.2}",20,1491,1442,661,815,0,22,0,3,0,0.0,24,MISSING_OR_INVALID_RAW_PATH_PRICE=22 (0.014755),186,64,137,29,9,0,16464,-0.012249154697161868,-0.013847074391613298,8.0,9.0,0.5110957004160888,0.4868238557558946,0.0020804438280166435,0.5660630449362843,0.3641851106639839,0.1522468142186452,0.9811320754716992,0.017337031900138695,55,58,9,60,1.2
"rsi_daily_pullback_reclaim_surface_v1__all_liquid__trigger.hold_floor=55,trigger.pullback_ceiling=58,trigger.pullback_window=9,trigger.reclaim_level=60,trigger.volume_multiplier=1.5",all_liquid,"{""trigger.hold_floor"": 55, ""trigger.pullback_ceiling"": 58, ""trigger.pullback_window"": 9, ""trigger.reclaim_level"": 60, ""trigger.volume_multiplier"": 1.5}",5,1083,1067,573,683,0,7,0,3,0,0.0,6,MISSING_OR_INVALID_RAW_PATH_PRICE=7 (0.006464),69,15,46,7,0,0,3033,-0.0018835991595310894,-0.00808652730090921,2.0,3.0,0.5313964386129335,0.43486410496719774,0.033739456419868794,0.3554939981532779,0.15881809787626963,0.03693444136657433,0.7999999999999843,0.02717900656044986,55,58,9,60,1.5
"rsi_daily_pullback_reclaim_surface_v1__all_liquid__trigger.hold_floor=55,trigger.pullback_ceiling=58,trigger.pullback_window=9,trigger.reclaim_level=60,trigger.volume_multiplier=1.5",all_liquid,"{""trigger.hold_floor"": 55, ""trigger.pullback_ceiling"": 58, ""trigger.pullback_window"": 9, ""trigger.reclaim_level"": 60, ""trigger.volume_multiplier"": 1.5}",10,1083,1061,573,683,0,10,0,3,0,0.0,9,MISSING_OR_INVALID_RAW_PATH_PRICE=10 (0.009234),99,32,65,13,2,0,6052,-0.0049443387876421455,-0.011918144354234994,4.0,5.0,0.5523091423185674,0.4429783223374175,0.00471253534401508,0.4616805170821791,0.24653739612188366,0.08217913204062789,0.8571428571428567,0.017907634307257305,55,58,9,60,1.5
"rsi_daily_pullback_reclaim_surface_v1__all_liquid__trigger.hold_floor=55,trigger.pullback_ceiling=58,trigger.pullback_window=9,trigger.reclaim_level=60,trigger.volume_multiplier=1.5",all_liquid,"{""trigger.hold_floor"": 55, ""trigger.pullback_ceiling"": 58, ""trigger.pullback_window"": 9, ""trigger.reclaim_level"": 60, ""trigger.volume_multiplier"": 1.5}",20,1083,1050,573,683,0,15,0,3,0,0.0,15,MISSING_OR_INVALID_RAW_PATH_PRICE=15 (0.013850),150,47,108,20,6,0,12069,-0.01210450207710628,-0.01431925245012797,8.0,9.0,0.5228571428571429,0.47523809523809524,0.0019047619047619048,0.5678670360110804,0.36657433056325023,0.15974145891043398,0.942857142857142,0.014285714285714285,55,58,9,60,1.5
"rsi_daily_pullback_reclaim_surface_v1__all_liquid__trigger.hold_floor=55,trigger.pullback_ceiling=58,trigger.pullback_window=9,trigger.reclaim_level=60,trigger.volume_multiplier=2.0",all_liquid,"{""trigger.hold_floor"": 55, ""trigger.pullback_ceiling"": 58, ""trigger.pullback_window"": 9, ""trigger.reclaim_level"": 60, ""trigger.volume_multiplier"": 2.0}",5,680,666,450,500,0,5,0,3,0,0.0,6,MISSING_OR_INVALID_RAW_PATH_PRICE=5 (0.007353),48,5,32,1,0,0,1916,-0.0034961984039818973,-0.008215309998639665,2.0,2.0,0.524024024024024,0.43243243243243246,0.04354354354354354,0.3588235294117647,0.1661764705882353,0.039705882352941174,0.8400000000000007,0.025525525525525526,55,58,9,60,2.0
"rsi_daily_pullback_reclaim_surface_v1__all_liquid__trigger.hold_floor=55,trigger.pullback_ceiling=58,trigger.pullback_window=9,trigger.reclaim_level=60,trigger.volume_multiplier=2.0",all_liquid,"{""trigger.hold_floor"": 55, ""trigger.pullback_ceiling"": 58, ""trigger.pullback_window"": 9, ""trigger.reclaim_level"": 60, ""trigger.volume_multiplier"": 2.0}",10,680,661,450,500,0,8,0,3,0,0.0,8,MISSING_OR_INVALID_RAW_PATH_PRICE=8 (0.011765),66,16,42,6,0,0,3820,-0.00573830131285287,-0.010727643162897947,4.0,5.0,0.5446293494704992,0.4493192133131619,0.006051437216338881,0.4661764705882353,0.24705882352941178,0.07647058823529412,0.8717948717948705,0.018154311649016642,55,58,9,60,2.0
"rsi_daily_pullback_reclaim_surface_v1__all_liquid__trigger.hold_floor=55,trigger.pullback_ceiling=58,trigger.pullback_window=9,trigger.reclaim_level=60,trigger.volume_multiplier=2.0",all_liquid,"{""trigger.hold_floor"": 55, ""trigger.pullback_ceiling"": 58, ""trigger.pullback_window"": 9, ""trigger.reclaim_level"": 60, ""trigger.volume_multiplier"": 2.0}",20,680,652,450,500,0,13,0,3,0,0.0,12,MISSING_OR_INVALID_RAW_PATH_PRICE=13 (0.019118),96,24,66,11,2,0,7614,-0.013143107950832261,-0.012526089030036856,8.0,9.0,0.5122699386503068,0.48619631901840493,0.0015337423312883436,0.5705882352941176,0.3602941176470588,0.15588235294117647,0.9604989604989607,0.015337423312883436,55,58,9,60,2.0
"rsi_daily_pullback_reclaim_surface_v1__all_liquid__trigger.hold_floor=55,trigger.pullback_ceiling=58,trigger.pullback_window=3,trigger.reclaim_level=62,trigger.volume_multiplier=1.0",all_liquid,"{""trigger.hold_floor"": 55, ""trigger.pullback_ceiling"": 58, ""trigger.pullback_window"": 3, ""trigger.reclaim_level"": 62, ""trigger.volume_multiplier"": 1.0}",5,4895,4834,900,1301,0,19,2,13,0,0.0,29,MISSING_OR_INVALID_RAW_PATH_PRICE=19 (0.003882),255,51,172,31,11,0,13540,-0.004646508545137217,-0.007443512905587271,2.0,3.0,0.526272238311957,0.44042201075713694,0.03330575093090608,0.3383043922369765,0.1470888661899898,0.03186925434116445,0.8095238095238115,0.031650806785271,55,58,3,62,1.0
"rsi_daily_pullback_reclaim_surface_v1__all_liquid__trigger.hold_floor=55,trigger.pullback_ceiling=58,trigger.pullback_window=3,trigger.reclaim_level=62,trigger.volume_multiplier=1.0",all_liquid,"{""trigger.hold_floor"": 55, ""trigger.pullback_ceiling"": 58, ""trigger.pullback_window"": 3, ""trigger.reclaim_level"": 62, ""trigger.volume_multiplier"": 1.0}",10,4895,4804,900,1301,0,36,2,13,0,0.0,42,MISSING_OR_INVALID_RAW_PATH_PRICE=36 (0.007354),410,100,275,50,17,0,26953,-0.008253734279737586,-0.008698292182162323,4.0,5.0,0.5281015820149875,0.46711074104912575,0.004787676935886761,0.45699693564862104,0.23738508682328907,0.07517875383043922,0.9368351063829765,0.02289758534554538,55,58,3,62,1.0
"rsi_daily_pullback_reclaim_surface_v1__all_liquid__trigger.hold_floor=55,trigger.pullback_ceiling=58,trigger.pullback_window=3,trigger.reclaim_level=62,trigger.volume_multiplier=1.0",all_liquid,"{""trigger.hold_floor"": 55, ""trigger.pullback_ceiling"": 58, ""trigger.pullback_window"": 3, ""trigger.reclaim_level"": 62, ""trigger.volume_multiplier"": 1.0}",20,4895,4745,900,1301,0,57,4,12,0,0.0,81,MISSING_OR_INVALID_RAW_PATH_PRICE=57 (0.011645),648,196,456,92,24,0,53297,-0.013894284071619523,-0.00963243059183777,8.0,9.0,0.5079030558482613,0.4910432033719705,0.001053740779768177,0.5740551583248212,0.3564862104187947,0.14851889683350358,1.0747663551401876,0.01643835616438356,55,58,3,62,1.0
"rsi_daily_pullback_reclaim_surface_v1__all_liquid__trigger.hold_floor=55,trigger.pullback_ceiling=58,trigger.pullback_window=3,trigger.reclaim_level=62,trigger.volume_multiplier=1.2",all_liquid,"{""trigger.hold_floor"": 55, ""trigger.pullback_ceiling"": 58, ""trigger.pullback_window"": 3, ""trigger.reclaim_level"": 62, ""trigger.volume_multiplier"": 1.2}",5,4351,4297,894,1270,0,17,2,12,0,0.0,25,MISSING_OR_INVALID_RAW_PATH_PRICE=17 (0.003907),234,44,161,25,8,0,12015,-0.004244377605467989,-0.008414208219706395,2.0,3.0,0.530137305096579,0.43635094251803586,0.03351175238538515,0.3422201792691335,0.1487014479430016,0.032866007814295564,0.7857142857142846,0.032348149872003726,55,58,3,62,1.2
"rsi_daily_pullback_reclaim_surface_v1__all_liquid__trigger.hold_floor=55,trigger.pullback_ceiling=58,trigger.pullback_window=3,trigger.reclaim_level=62,trigger.volume_multiplier=1.2",all_liquid,"{""trigger.hold_floor"": 55, ""trigger.pullback_ceiling"": 58, ""trigger.pullback_window"": 3, ""trigger.reclaim_level"": 62, ""trigger.volume_multiplier"": 1.2}",10,4351,4270,894,1270,0,33,2,12,0,0.0,36,MISSING_OR_INVALID_RAW_PATH_PRICE=33 (0.007584),374,90,255,42,12,0,23922,-0.007335846699331065,-0.009034079214429117,4.0,5.0,0.5278688524590164,0.4672131147540984,0.004918032786885246,0.4610434382900483,0.23787635026430706,0.07607446564008274,0.9285714285714259,0.022950819672131147,55,58,3,62,1.2
"rsi_daily_pullback_reclaim_surface_v1__all_liquid__trigger.hold_floor=55,trigger.pullback_ceiling=58,trigger.pullback_window=3,trigger.reclaim_level=62,trigger.volume_multiplier=1.2",all_liquid,"{""trigger.hold_floor"": 55, ""trigger.pullback_ceiling"": 58, ""trigger.pullback_window"": 3, ""trigger.reclaim_level"": 62, ""trigger.volume_multiplier"": 1.2}",20,4351,4218,894,1270,0,51,4,11,0,0.0,71,MISSING_OR_INVALID_RAW_PATH_PRICE=51 (0.011721),591,179,421,81,19,0,47320,-0.013360548347340608,-0.010047057376024265,8.0,9.0,0.509009009009009,0.489805595068753,0.0011853959222380276,0.5771087106412319,0.3596874281774305,0.14985060905538958,1.0727513227513228,0.016595542911332386,55,58,3,62,1.2
"rsi_daily_pullback_reclaim_surface_v1__all_liquid__trigger.hold_floor=55,trigger.pullback_ceiling=58,trigger.pullback_window=3,trigger.reclaim_level=62,trigger.volume_multiplier=1.5",all_liquid,"{""trigger.hold_floor"": 55, ""trigger.pullback_ceiling"": 58, ""trigger.pullback_window"": 3, ""trigger.reclaim_level"": 62, ""trigger.volume_multiplier"": 1.5}",5,3636,3586,881,1222,0,16,2,11,0,0.0,23,MISSING_OR_INVALID_RAW_PATH_PRICE=16 (0.004400),208,36,142,20,7,0,9983,-0.003257488285945395,-0.0092009962560018,2.0,3.0,0.5326268823201339,0.43307306190741773,0.034300055772448414,0.3487348734873487,0.1520902090209021,0.03602860286028603,0.7777777777777841,0.02928053541550474,55,58,3,62,1.5
"rsi_daily_pullback_reclaim_surface_v1__all_liquid__trigger.hold_floor=55,trigger.pullback_ceiling=58,trigger.pullback_window=3,trigger.reclaim_level=62,trigger.volume_multiplier=1.5",all_liquid,"{""trigger.hold_floor"": 55, ""trigger.pullback_ceiling"": 58, ""trigger.pullback_window"": 3, ""trigger.reclaim_level"": 62, ""trigger.volume_multiplier"": 1.5}",10,3636,3566,881,1222,0,28,2,11,0,0.0,31,MISSING_OR_INVALID_RAW_PATH_PRICE=28 (0.007701),334,75,227,35,8,0,19887,-0.006823703060360727,-0.010469138769618669,4.0,5.0,0.5336511497476164,0.4607403252944476,0.005608524957936063,0.46424642464246424,0.2411991199119912,0.07920792079207921,0.9130434782608698,0.02131239484015704,55,58,3,62,1.5
"rsi_daily_pullback_reclaim_surface_v1__all_liquid__trigger.hold_floor=55,trigger.pullback_ceiling=58,trigger.pullback_window=3,trigger.reclaim_level=62,trigger.volume_multiplier=1.5",all_liquid,"{""trigger.hold_floor"": 55, ""trigger.pullback_ceiling"": 58, ""trigger.pullback_window"": 3, ""trigger.reclaim_level"": 62, ""trigger.volume_multiplier"": 1.5}",20,3636,3525,881,1222,0,45,4,10,0,0.0,56,MISSING_OR_INVALID_RAW_PATH_PRICE=45 (0.012376),520,157,372,71,15,0,39415,-0.013431485579955209,-0.011419939711219462,8.0,9.0,0.5202836879432624,0.47829787234042553,0.0014184397163120568,0.5753575357535754,0.35946094609460943,0.15401540154015403,1.0400000000000011,0.015319148936170212,55,58,3,62,1.5
"rsi_daily_pullback_reclaim_surface_v1__all_liquid__trigger.hold_floor=55,trigger.pullback_ceiling=58,trigger.pullback_window=3,trigger.reclaim_level=62,trigger.volume_multiplier=2.0",all_liquid,"{""trigger.hold_floor"": 55, ""trigger.pullback_ceiling"": 58, ""trigger.pullback_window"": 3, ""trigger.reclaim_level"": 62, ""trigger.volume_multiplier"": 2.0}",5,2666,2625,830,1121,0,11,2,9,0,0.0,21,MISSING_OR_INVALID_RAW_PATH_PRICE=11 (0.004126),163,23,110,14,6,0,7226,-0.0022262786004534803,-0.010173963416960752,2.0,3.0,0.5230476190476191,0.43847619047619046,0.038476190476190476,0.35521380345086273,0.15828957239309827,0.038634658664666165,0.7731560891938262,0.029333333333333333,55,58,3,62,2.0
"rsi_daily_pullback_reclaim_surface_v1__all_liquid__trigger.hold_floor=55,trigger.pullback_ceiling=58,trigger.pullback_window=3,trigger.reclaim_level=62,trigger.volume_multiplier=2.0",all_liquid,"{""trigger.hold_floor"": 55, ""trigger.pullback_ceiling"": 58, ""trigger.pullback_window"": 3, ""trigger.reclaim_level"": 62, ""trigger.volume_multiplier"": 2.0}",10,2666,2611,830,1121,0,20,2,9,0,0.0,26,MISSING_OR_INVALID_RAW_PATH_PRICE=20 (0.007502),258,51,173,23,6,0,14402,-0.006151041548138126,-0.011953337786622224,4.0,5.0,0.5247031788586748,0.4687859057832248,0.0065109153581003444,0.47336834208552137,0.2479369842460615,0.08139534883720931,0.9230769230769229,0.02106472615855994,55,58,3,62,2.0
"rsi_daily_pullback_reclaim_surface_v1__all_liquid__trigger.hold_floor=55,trigger.pullback_ceiling=58,trigger.pullback_window=3,trigger.reclaim_level=62,trigger.volume_multiplier=2.0",all_liquid,"{""trigger.hold_floor"": 55, ""trigger.pullback_ceiling"": 58, ""trigger.pullback_window"": 3, ""trigger.reclaim_level"": 62, ""trigger.volume_multiplier"": 2.0}",20,2666,2582,830,1121,0,33,2,9,0,0.0,42,MISSING_OR_INVALID_RAW_PATH_PRICE=33 (0.012378),397,116,285,51,12,0,28577,-0.011814677166623808,-0.01262141205970366,8.0,9.0,0.5127807900852053,0.4856700232378002,0.001549186676994578,0.5843960990247562,0.3690922730682671,0.15866466616654162,1.0526315789473681,0.016266460108443067,55,58,3,62,2.0
"rsi_daily_pullback_reclaim_surface_v1__all_liquid__trigger.hold_floor=55,trigger.pullback_ceiling=58,trigger.pullback_window=6,trigger.reclaim_level=62,trigger.volume_multiplier=1.0",all_liquid,"{""trigger.hold_floor"": 55, ""trigger.pullback_ceiling"": 58, ""trigger.pullback_window"": 6, ""trigger.reclaim_level"": 62, ""trigger.volume_multiplier"": 1.0}",5,3252,3213,817,1138,0,15,1,12,0,0.0,12,MISSING_OR_INVALID_RAW_PATH_PRICE=15 (0.004613),170,38,114,20,4,0,9240,-0.003010847893676602,-0.007441913443946076,2.0,3.0,0.520385932150638,0.44382197323373795,0.03579209461562403,0.3456334563345633,0.1479089790897909,0.03167281672816728,0.8431372549019598,0.031746031746031744,55,58,6,62,1.0
"rsi_daily_pullback_reclaim_surface_v1__all_liquid__trigger.hold_floor=55,trigger.pullback_ceiling=58,trigger.pullback_window=6,trigger.reclaim_level=62,trigger.volume_multiplier=1.0",all_liquid,"{""trigger.hold_floor"": 55, ""trigger.pullback_ceiling"": 58, ""trigger.pullback_window"": 6, ""trigger.reclaim_level"": 62, ""trigger.volume_multiplier"": 1.0}",10,3252,3199,817,1138,0,21,1,12,0,0.0,20,MISSING_OR_INVALID_RAW_PATH_PRICE=21 (0.006458),266,72,178,35,10,0,18434,-0.007465400750970151,-0.010107670945472692,4.0,5.0,0.5323538605814317,0.4626445764301344,0.005001562988433885,0.4664821648216482,0.24231242312423124,0.07749077490774908,0.9358974358974372,0.02438261956861519,55,58,6,62,1.0
"rsi_daily_pullback_reclaim_surface_v1__all_liquid__trigger.hold_floor=55,trigger.pullback_ceiling=58,trigger.pullback_window=6,trigger.reclaim_level=62,trigger.volume_multiplier=1.0",all_liquid,"{""trigger.hold_floor"": 55, ""trigger.pullback_ceiling"": 58, ""trigger.pullback_window"": 6, ""trigger.reclaim_level"": 62, ""trigger.volume_multiplier"": 1.0}",20,3252,3156,817,1138,0,40,4,12,0,0.0,44,MISSING_OR_INVALID_RAW_PATH_PRICE=40 (0.012300),417,137,293,63,15,0,36536,-0.014292243312570063,-0.012714476805855898,8.0,9.0,0.5272496831432193,0.4711660329531052,0.0015842839036755386,0.5731857318573186,0.35301353013530135,0.1479089790897909,0.9867549668874173,0.01679340937896071,55,58,6,62,1.0
"rsi_daily_pullback_reclaim_surface_v1__all_liquid__trigger.hold_floor=55,trigger.pullback_ceiling=58,trigger.pullback_window=6,trigger.reclaim_level=62,trigger.volume_multiplier=1.2",all_liquid,"{""trigger.hold_floor"": 55, ""trigger.pullback_ceiling"": 58, ""trigger.pullback_window"": 6, ""trigger.reclaim_level"": 62, ""trigger.volume_multiplier"": 1.2}",5,2750,2716,795,1073,0,12,1,11,0,0.0,11,MISSING_OR_INVALID_RAW_PATH_PRICE=12 (0.004364),150,29,103,13,2,0,7777,-0.0022580691626995116,-0.008063255534705032,2.0,3.0,0.5235640648011782,0.44072164948453607,0.03571428571428571,0.34945454545454546,0.14981818181818182,0.031636363636363636,0.8268365817091446,0.030927835051546393,55,58,6,62,1.2
"rsi_daily_pullback_reclaim_surface_v1__all_liquid__trigger.hold_floor=55,trigger.pullback_ceiling=58,trigger.pullback_window=6,trigger.reclaim_level=62,trigger.volume_multiplier=1.2",all_liquid,"{""trigger.hold_floor"": 55, ""trigger.pullback_ceiling"": 58, ""trigger.pullback_window"": 6, ""trigger.reclaim_level"": 62, ""trigger.volume_multiplier"": 1.2}",10,2750,2704,795,1073,0,18,1,11,0,0.0,17,MISSING_OR_INVALID_RAW_PATH_PRICE=18 (0.006545),233,61,158,27,6,0,15526,-0.00653659580159675,-0.010336599954170817,4.0,5.0,0.5303254437869822,0.46486686390532544,0.004807692307692308,0.46945454545454546,0.24327272727272728,0.07745454545454546,0.9230769230769221,0.02329881656804734,55,58,6,62,1.2
"rsi_daily_pullback_reclaim_surface_v1__all_liquid__trigger.hold_floor=55,trigger.pullback_ceiling=58,trigger.pullback_window=6,trigger.reclaim_level=62,trigger.volume_multiplier=1.2",all_liquid,"{""trigger.hold_floor"": 55, ""trigger.pullback_ceiling"": 58, ""trigger.pullback_window"": 6, ""trigger.reclaim_level"": 62, ""trigger.volume_multiplier"": 1.2}",20,2750,2668,795,1073,0,33,4,11,0,0.0,38,MISSING_OR_INVALID_RAW_PATH_PRICE=33 (0.012000),359,118,253,54,11,0,30788,-0.013360548347340608,-0.012766894524031652,8.0,9.0,0.5299850074962519,0.46851574212893554,0.0014992503748125937,0.5734545454545454,0.3567272727272727,0.148,0.9804761904761898,0.015742128935532233,55,58,6,62,1.2
"rsi_daily_pullback_reclaim_surface_v1__all_liquid__trigger.hold_floor=55,trigger.pullback_ceiling=58,trigger.pullback_window=6,trigger.reclaim_level=62,trigger.volume_multiplier=1.5",all_liquid,"{""trigger.hold_floor"": 55, ""trigger.pullback_ceiling"": 58, ""trigger.pullback_window"": 6, ""trigger.reclaim_level"": 62, ""trigger.volume_multiplier"": 1.5}",5,2168,2137,753,982,0,12,1,10,0,0.0,9,MISSING_OR_INVALID_RAW_PATH_PRICE=12 (0.005535),125,22,85,9,1,0,6175,-0.0008418947499510207,-0.00855184288179699,2.0,3.0,0.5255030416471689,0.43752924660739356,0.03696771174543753,0.3607011070110701,0.1540590405904059,0.03505535055350553,0.8426212590299282,0.02667290594291062,55,58,6,62,1.5
"rsi_daily_pullback_reclaim_surface_v1__all_liquid__trigger.hold_floor=55,trigger.pullback_ceiling=58,trigger.pullback_window=6,trigger.reclaim_level=62,trigger.volume_multiplier=1.5",all_liquid,"{""trigger.hold_floor"": 55, ""trigger.pullback_ceiling"": 58, ""trigger.pullback_window"": 6, ""trigger.reclaim_level"": 62, ""trigger.volume_multiplier"": 1.5}",10,2168,2128,753,982,0,16,1,10,0,0.0,14,MISSING_OR_INVALID_RAW_PATH_PRICE=16 (0.007380),191,47,128,20,2,0,12324,-0.00593989849342403,-0.011918876251009812,4.0,5.0,0.5361842105263158,0.45864661654135336,0.005169172932330827,0.4764760147601476,0.24723247232472326,0.07933579335793357,0.9130434782608697,0.021146616541353382,55,58,6,62,1.5
"rsi_daily_pullback_reclaim_surface_v1__all_liquid__trigger.hold_floor=55,trigger.pullback_ceiling=58,trigger.pullback_window=6,trigger.reclaim_level=62,trigger.volume_multiplier=1.5",all_liquid,"{""trigger.hold_floor"": 55, ""trigger.pullback_ceiling"": 58, ""trigger.pullback_window"": 6, ""trigger.reclaim_level"": 62, ""trigger.volume_multiplier"": 1.5}",20,2168,2100,753,982,0,29,4,10,0,0.0,29,MISSING_OR_INVALID_RAW_PATH_PRICE=29 (0.013376),290,93,201,42,7,0,24457,-0.01346073569410573,-0.014249813306619723,8.0,9.0,0.539047619047619,0.45904761904761904,0.0019047619047619048,0.5728782287822878,0.35608856088560886,0.15313653136531366,0.9500000000000078,0.01380952380952381,55,58,6,62,1.5
"rsi_daily_pullback_reclaim_surface_v1__all_liquid__trigger.hold_floor=55,trigger.pullback_ceiling=58,trigger.pullback_window=6,trigger.reclaim_level=62,trigger.volume_multiplier=2.0",all_liquid,"{""trigger.hold_floor"": 55, ""trigger.pullback_ceiling"": 58, ""trigger.pullback_window"": 6, ""trigger.reclaim_level"": 62, ""trigger.volume_multiplier"": 2.0}",5,1481,1454,667,812,0,9,1,9,0,0.0,9,MISSING_OR_INVALID_RAW_PATH_PRICE=9 (0.006077),96,11,64,4,1,0,4219,-0.000712787713634002,-0.009146761474653788,2.0,3.0,0.5082530949105915,0.44910591471801925,0.04264099037138927,0.3612424037812289,0.1600270087778528,0.03781228899392303,0.8708333333333349,0.026134800550206328,55,58,6,62,2.0
"rsi_daily_pullback_reclaim_surface_v1__all_liquid__trigger.hold_floor=55,trigger.pullback_ceiling=58,trigger.pullback_window=6,trigger.reclaim_level=62,trigger.volume_multiplier=2.0",all_liquid,"{""trigger.hold_floor"": 55, ""trigger.pullback_ceiling"": 58, ""trigger.pullback_window"": 6, ""trigger.reclaim_level"": 62, ""trigger.volume_multiplier"": 2.0}",10,1481,1448,667,812,0,12,1,9,0,0.0,12,MISSING_OR_INVALID_RAW_PATH_PRICE=12 (0.008103),143,29,96,12,1,0,8420,-0.005876408800097634,-0.01216855667774032,4.0,5.0,0.5214088397790055,0.4723756906077348,0.006215469613259668,0.48075624577987847,0.2538825118163403,0.07832545577312626,0.9354838709677379,0.021408839779005526,55,58,6,62,2.0
"rsi_daily_pullback_reclaim_surface_v1__all_liquid__trigger.hold_floor=55,trigger.pullback_ceiling=58,trigger.pullback_window=6,trigger.reclaim_level=62,trigger.volume_multiplier=2.0",all_liquid,"{""trigger.hold_floor"": 55, ""trigger.pullback_ceiling"": 58, ""trigger.pullback_window"": 6, ""trigger.reclaim_level"": 62, ""trigger.volume_multiplier"": 2.0}",20,1481,1428,667,812,0,22,2,9,0,0.0,22,MISSING_OR_INVALID_RAW_PATH_PRICE=22 (0.014855),215,62,150,29,5,0,16744,-0.012104722852549241,-0.014447393138305061,8.0,9.0,0.5273109243697479,0.47058823529411764,0.0021008403361344537,0.5806887238352465,0.3659689399054693,0.1586765698852127,0.952380952380952,0.014705882352941176,55,58,6,62,2.0
"rsi_daily_pullback_reclaim_surface_v1__all_liquid__trigger.hold_floor=55,trigger.pullback_ceiling=58,trigger.pullback_window=9,trigger.reclaim_level=62,trigger.volume_multiplier=1.0",all_liquid,"{""trigger.hold_floor"": 55, ""trigger.pullback_ceiling"": 58, ""trigger.pullback_window"": 9, ""trigger.reclaim_level"": 62, ""trigger.volume_multiplier"": 1.0}",5,2404,2374,751,993,0,11,1,10,0,0.0,9,MISSING_OR_INVALID_RAW_PATH_PRICE=11 (0.004576),119,30,78,17,3,0,6981,-0.0022029207999650496,-0.007716353353421423,2.0,3.0,0.527379949452401,0.43934288121314236,0.03327716933445661,0.35357737104825293,0.15016638935108154,0.03119800332778702,0.8636363636363693,0.030749789385004212,55,58,9,62,1.0
"rsi_daily_pullback_reclaim_surface_v1__all_liquid__trigger.hold_floor=55,trigger.pullback_ceiling=58,trigger.pullback_window=9,trigger.reclaim_level=62,trigger.volume_multiplier=1.0",all_liquid,"{""trigger.hold_floor"": 55, ""trigger.pullback_ceiling"": 58, ""trigger.pullback_window"": 9, ""trigger.reclaim_level"": 62, ""trigger.volume_multiplier"": 1.0}",10,2404,2360,751,993,0,15,1,10,0,0.0,19,MISSING_OR_INVALID_RAW_PATH_PRICE=15 (0.006240),177,57,116,29,8,0,13895,-0.005575481369913333,-0.010706576570047168,4.0,5.0,0.5402542372881356,0.45677966101694917,0.0029661016949152543,0.4721297836938436,0.2466722129783694,0.07903494176372712,0.9090909090909106,0.022457627118644068,55,58,9,62,1.0
"rsi_daily_pullback_reclaim_surface_v1__all_liquid__trigger.hold_floor=55,trigger.pullback_ceiling=58,trigger.pullback_window=9,trigger.reclaim_level=62,trigger.volume_multiplier=1.0",all_liquid,"{""trigger.hold_floor"": 55, ""trigger.pullback_ceiling"": 58, ""trigger.pullback_window"": 9, ""trigger.reclaim_level"": 62, ""trigger.volume_multiplier"": 1.0}",20,2404,2327,751,993,0,32,3,10,0,0.0,35,MISSING_OR_INVALID_RAW_PATH_PRICE=32 (0.013311),289,89,203,45,12,0,27558,-0.013308573807537444,-0.013461015861790646,8.0,9.0,0.5234207133648474,0.47571981091534166,0.0008594757198109154,0.576955074875208,0.360648918469218,0.1509983361064892,1.0,0.015470562956596476,55,58,9,62,1.0
"rsi_daily_pullback_reclaim_surface_v1__all_liquid__trigger.hold_floor=55,trigger.pullback_ceiling=58,trigger.pullback_window=9,trigger.reclaim_level=62,trigger.volume_multiplier=1.2",all_liquid,"{""trigger.hold_floor"": 55, ""trigger.pullback_ceiling"": 58, ""trigger.pullback_window"": 9, ""trigger.reclaim_level"": 62, ""trigger.volume_multiplier"": 1.2}",5,1970,1944,718,901,0,9,1,8,0,0.0,9,MISSING_OR_INVALID_RAW_PATH_PRICE=9 (0.004569),103,24,71,12,1,0,5692,-0.002057169887325426,-0.008486676192551012,2.0,3.0,0.5354938271604939,0.4315843621399177,0.03292181069958848,0.3548223350253807,0.15126903553299492,0.03197969543147208,0.8235294117647058,0.030349794238683128,55,58,9,62,1.2
"rsi_daily_pullback_reclaim_surface_v1__all_liquid__trigger.hold_floor=55,trigger.pullback_ceiling=58,trigger.pullback_window=9,trigger.reclaim_level=62,trigger.volume_multiplier=1.2",all_liquid,"{""trigger.hold_floor"": 55, ""trigger.pullback_ceiling"": 58, ""trigger.pullback_window"": 9, ""trigger.reclaim_level"": 62, ""trigger.volume_multiplier"": 1.2}",10,1970,1932,718,901,0,13,1,8,0,0.0,17,MISSING_OR_INVALID_RAW_PATH_PRICE=13 (0.006599),149,50,101,23,4,0,11334,-0.005044407135325134,-0.011689816370317557,4.0,5.0,0.5434782608695652,0.453416149068323,0.003105590062111801,0.4730964467005076,0.2436548223350254,0.07969543147208122,0.874007936507935,0.021739130434782608,55,58,9,62,1.2
"rsi_daily_pullback_reclaim_surface_v1__all_liquid__trigger.hold_floor=55,trigger.pullback_ceiling=58,trigger.pullback_window=9,trigger.reclaim_level=62,trigger.volume_multiplier=1.2",all_liquid,"{""trigger.hold_floor"": 55, ""trigger.pullback_ceiling"": 58, ""trigger.pullback_window"": 9, ""trigger.reclaim_level"": 62, ""trigger.volume_multiplier"": 1.2}",20,1970,1906,718,901,0,25,3,8,0,0.0,31,MISSING_OR_INVALID_RAW_PATH_PRICE=25 (0.012690),242,77,173,37,8,0,22501,-0.012798578979725781,-0.014161266482048206,8.0,9.0,0.5257082896117523,0.4732423924449108,0.001049317943336831,0.5766497461928934,0.3634517766497462,0.15076142131979695,0.9809523809523802,0.015215110178384051,55,58,9,62,1.2
"rsi_daily_pullback_reclaim_surface_v1__all_liquid__trigger.hold_floor=55,trigger.pullback_ceiling=58,trigger.pullback_window=9,trigger.reclaim_level=62,trigger.volume_multiplier=1.5",all_liquid,"{""trigger.hold_floor"": 55, ""trigger.pullback_ceiling"": 58, ""trigger.pullback_window"": 9, ""trigger.reclaim_level"": 62, ""trigger.volume_multiplier"": 1.5}",5,1521,1497,661,804,0,9,1,8,0,0.0,7,MISSING_OR_INVALID_RAW_PATH_PRICE=9 (0.005917),87,17,60,7,0,0,4405,-5.03056824721973e-06,-0.009196734099769736,2.0,3.0,0.5384101536406145,0.42752171008684037,0.03406813627254509,0.3668639053254438,0.15384615384615385,0.03418803418803419,0.8235294117647058,0.025384101536406144,55,58,9,62,1.5
"rsi_daily_pullback_reclaim_surface_v1__all_liquid__trigger.hold_floor=55,trigger.pullback_ceiling=58,trigger.pullback_window=9,trigger.reclaim_level=62,trigger.volume_multiplier=1.5",all_liquid,"{""trigger.hold_floor"": 55, ""trigger.pullback_ceiling"": 58, ""trigger.pullback_window"": 9, ""trigger.reclaim_level"": 62, ""trigger.volume_multiplier"": 1.5}",10,1521,1488,661,804,0,11,1,8,0,0.0,14,MISSING_OR_INVALID_RAW_PATH_PRICE=11 (0.007232),121,39,81,16,0,0,8771,-0.004602589660662834,-0.012715198103883352,4.0,5.0,0.5524193548387096,0.4442204301075269,0.003360215053763441,0.4779750164365549,0.24589086127547666,0.07889546351084813,0.8543655001767404,0.020161290322580645,55,58,9,62,1.5
"rsi_daily_pullback_reclaim_surface_v1__all_liquid__trigger.hold_floor=55,trigger.pullback_ceiling=58,trigger.pullback_window=9,trigger.reclaim_level=62,trigger.volume_multiplier=1.5",all_liquid,"{""trigger.hold_floor"": 55, ""trigger.pullback_ceiling"": 58, ""trigger.pullback_window"": 9, ""trigger.reclaim_level"": 62, ""trigger.volume_multiplier"": 1.5}",20,1521,1469,661,804,0,21,3,8,0,0.0,23,MISSING_OR_INVALID_RAW_PATH_PRICE=21 (0.013807),194,60,137,26,4,0,17459,-0.013308573807537444,-0.015739694669637323,7.0,9.0,0.539142273655548,0.45949625595643295,0.0013614703880190605,0.5726495726495726,0.3596318211702827,0.1531886916502301,0.9210526315789467,0.013614703880190605,55,58,9,62,1.5
"rsi_daily_pullback_reclaim_surface_v1__all_liquid__trigger.hold_floor=55,trigger.pullback_ceiling=58,trigger.pullback_window=9,trigger.reclaim_level=62,trigger.volume_multiplier=2.0",all_liquid,"{""trigger.hold_floor"": 55, ""trigger.pullback_ceiling"": 58, ""trigger.pullback_window"": 9, ""trigger.reclaim_level"": 62, ""trigger.volume_multiplier"": 2.0}",5,998,977,556,629,0,7,1,7,0,0.0,7,MISSING_OR_INVALID_RAW_PATH_PRICE=7 (0.007014),63,6,43,1,0,0,2919,-5.03056824721973e-06,-0.00942285728939199,2.0,3.0,0.5230296827021494,0.43398157625383826,0.042988741044012284,0.36072144288577157,0.156312625250501,0.036072144288577156,0.8301886792452813,0.02661207778915046,55,58,9,62,2.0
"rsi_daily_pullback_reclaim_surface_v1__all_liquid__trigger.hold_floor=55,trigger.pullback_ceiling=58,trigger.pullback_window=9,trigger.reclaim_level=62,trigger.volume_multiplier=2.0",all_liquid,"{""trigger.hold_floor"": 55, ""trigger.pullback_ceiling"": 58, ""trigger.pullback_window"": 9, ""trigger.reclaim_level"": 62, ""trigger.volume_multiplier"": 2.0}",10,998,970,556,629,0,8,1,7,0,0.0,13,MISSING_OR_INVALID_RAW_PATH_PRICE=8 (0.008016),87,23,57,9,0,0,5800,-0.005272634882529756,-0.011775681792083456,4.0,5.0,0.5319587628865979,0.46288659793814435,0.005154639175257732,0.47695390781563124,0.24949899799599198,0.07114228456913828,0.8717948717948705,0.021649484536082474,55,58,9,62,2.0
"rsi_daily_pullback_reclaim_surface_v1__all_liquid__trigger.hold_floor=55,trigger.pullback_ceiling=58,trigger.pullback_window=9,trigger.reclaim_level=62,trigger.volume_multiplier=2.0",all_liquid,"{""trigger.hold_floor"": 55, ""trigger.pullback_ceiling"": 58, ""trigger.pullback_window"": 9, ""trigger.reclaim_level"": 62, ""trigger.volume_multiplier"": 2.0}",20,998,955,556,629,0,17,2,7,0,0.0,19,MISSING_OR_INVALID_RAW_PATH_PRICE=17 (0.017034),135,36,94,16,4,0,11555,-0.014018131264120645,-0.01428795816873582,7.0,9.0,0.5246073298429319,0.4732984293193717,0.0020942408376963353,0.5731462925851704,0.36472945891783565,0.15130260521042085,0.9472222222222197,0.015706806282722512,55,58,9,62,2.0
"rsi_daily_pullback_reclaim_surface_v1__all_liquid__trigger.hold_floor=55,trigger.pullback_ceiling=58,trigger.pullback_window=3,trigger.reclaim_level=65,trigger.volume_multiplier=1.0",all_liquid,"{""trigger.hold_floor"": 55, ""trigger.pullback_ceiling"": 58, ""trigger.pullback_window"": 3, ""trigger.reclaim_level"": 65, ""trigger.volume_multiplier"": 1.0}",5,3746,3698,907,1234,0,13,2,8,0,0.0,27,MISSING_OR_INVALID_RAW_PATH_PRICE=13 (0.003470),212,36,147,21,8,0,10435,-0.0031448734443125202,-0.010097716431318085,2.0,3.0,0.5259599783666847,0.439697133585722,0.03434288804759329,0.35451147891083823,0.14895888948211425,0.03523758675920982,0.7391304347826102,0.028393726338561385,55,58,3,65,1.0
"rsi_daily_pullback_reclaim_surface_v1__all_liquid__trigger.hold_floor=55,trigger.pullback_ceiling=58,trigger.pullback_window=3,trigger.reclaim_level=65,trigger.volume_multiplier=1.0",all_liquid,"{""trigger.hold_floor"": 55, ""trigger.pullback_ceiling"": 58, ""trigger.pullback_window"": 3, ""trigger.reclaim_level"": 65, ""trigger.volume_multiplier"": 1.0}",10,3746,3673,907,1234,0,27,2,8,0,0.0,38,MISSING_OR_INVALID_RAW_PATH_PRICE=27 (0.007208),334,71,232,33,13,0,20739,-0.007154322002000765,-0.011174038847221943,4.0,5.0,0.5379798529812143,0.45521372175333513,0.006806425265450586,0.4642285104111052,0.2381206620395088,0.07714895888948212,0.9090909090909006,0.021236046828205825,55,58,3,65,1.0
"rsi_daily_pullback_reclaim_surface_v1__all_liquid__trigger.hold_floor=55,trigger.pullback_ceiling=58,trigger.pullback_window=3,trigger.reclaim_level=65,trigger.volume_multiplier=1.0",all_liquid,"{""trigger.hold_floor"": 55, ""trigger.pullback_ceiling"": 58, ""trigger.pullback_window"": 3, ""trigger.reclaim_level"": 65, ""trigger.volume_multiplier"": 1.0}",20,3746,3622,907,1234,0,44,3,7,0,0.0,73,MISSING_OR_INVALID_RAW_PATH_PRICE=44 (0.011746),517,155,376,73,17,0,40912,-0.014162658868019377,-0.01123069272341536,8.0,9.0,0.52263942573164,0.47598012147984536,0.0013804527885146328,0.5715429791777896,0.34863854778430325,0.14255205552589428,1.000000000000012,0.01601325234676974,55,58,3,65,1.0
"rsi_daily_pullback_reclaim_surface_v1__all_liquid__trigger.hold_floor=55,trigger.pullback_ceiling=58,trigger.pullback_window=3,trigger.reclaim_level=65,trigger.volume_multiplier=1.2",all_liquid,"{""trigger.hold_floor"": 55, ""trigger.pullback_ceiling"": 58, ""trigger.pullback_window"": 3, ""trigger.reclaim_level"": 65, ""trigger.volume_multiplier"": 1.2}",5,3551,3503,903,1217,0,13,2,8,0,0.0,27,MISSING_OR_INVALID_RAW_PATH_PRICE=13 (0.003661),205,35,143,20,8,0,9801,-0.0023521519994843636,-0.0101908395995726,2.0,3.0,0.5252640593776763,0.43905224093634027,0.03568369968598344,0.3584905660377358,0.1503801745987046,0.03604618417347226,0.7441860465116292,0.029117898943762488,55,58,3,65,1.2
"rsi_daily_pullback_reclaim_surface_v1__all_liquid__trigger.hold_floor=55,trigger.pullback_ceiling=58,trigger.pullback_window=3,trigger.reclaim_level=65,trigger.volume_multiplier=1.2",all_liquid,"{""trigger.hold_floor"": 55, ""trigger.pullback_ceiling"": 58, ""trigger.pullback_window"": 3, ""trigger.reclaim_level"": 65, ""trigger.volume_multiplier"": 1.2}",10,3551,3480,903,1217,0,26,2,8,0,0.0,37,MISSING_OR_INVALID_RAW_PATH_PRICE=26 (0.007322),325,70,226,32,13,0,19480,-0.006478477007947781,-0.011432160982770851,4.0,5.0,0.5370689655172414,0.4557471264367816,0.007183908045977011,0.4697268375105604,0.23880597014925373,0.07856941706561532,0.9090909090909184,0.021551724137931036,55,58,3,65,1.2
"rsi_daily_pullback_reclaim_surface_v1__all_liquid__trigger.hold_floor=55,trigger.pullback_ceiling=58,trigger.pullback_window=3,trigger.reclaim_level=65,trigger.volume_multiplier=1.2",all_liquid,"{""trigger.hold_floor"": 55, ""trigger.pullback_ceiling"": 58, ""trigger.pullback_window"": 3, ""trigger.reclaim_level"": 65, ""trigger.volume_multiplier"": 1.2}",20,3551,3433,903,1217,0,40,3,7,0,0.0,71,MISSING_OR_INVALID_RAW_PATH_PRICE=40 (0.011264),501,153,366,72,16,0,38420,-0.013755968242132696,-0.011682261635685441,8.0,9.0,0.5249053306146227,0.47363821730265077,0.0014564520827264782,0.5730780061954379,0.35088707406364406,0.14474795832159956,1.0000000000000029,0.01631226332653656,55,58,3,65,1.2
"rsi_daily_pullback_reclaim_surface_v1__all_liquid__trigger.hold_floor=55,trigger.pullback_ceiling=58,trigger.pullback_window=3,trigger.reclaim_level=65,trigger.volume_multiplier=1.5",all_liquid,"{""trigger.hold_floor"": 55, ""trigger.pullback_ceiling"": 58, ""trigger.pullback_window"": 3, ""trigger.reclaim_level"": 65, ""trigger.volume_multiplier"": 1.5}",5,3228,3186,891,1190,0,10,2,7,0,0.0,25,MISSING_OR_INVALID_RAW_PATH_PRICE=10 (0.003098),188,30,130,16,8,0,8921,-0.001711028304549573,-0.010830021252055694,2.0,3.0,0.5269930947897049,0.4369114877589454,0.03609541745134966,0.3627633209417596,0.15427509293680297,0.03841387856257745,0.7499999999999951,0.02573760200878845,55,58,3,65,1.5
"rsi_daily_pullback_reclaim_surface_v1__all_liquid__trigger.hold_floor=55,trigger.pullback_ceiling=58,trigger.pullback_window=3,trigger.reclaim_level=65,trigger.volume_multiplier=1.5",all_liquid,"{""trigger.hold_floor"": 55, ""trigger.pullback_ceiling"": 58, ""trigger.pullback_window"": 3, ""trigger.reclaim_level"": 65, ""trigger.volume_multiplier"": 1.5}",10,3228,3165,891,1190,0,21,2,7,0,0.0,35,MISSING_OR_INVALID_RAW_PATH_PRICE=21 (0.006506),296,60,204,26,11,0,17730,-0.006151041548138126,-0.012132193979833339,4.0,5.0,0.5387045813586098,0.45339652448657186,0.007898894154818325,0.47304832713754646,0.24318463444857497,0.0811648079306072,0.9076704545454528,0.019273301737756713,55,58,3,65,1.5
"rsi_daily_pullback_reclaim_surface_v1__all_liquid__trigger.hold_floor=55,trigger.pullback_ceiling=58,trigger.pullback_window=3,trigger.reclaim_level=65,trigger.volume_multiplier=1.5",all_liquid,"{""trigger.hold_floor"": 55, ""trigger.pullback_ceiling"": 58, ""trigger.pullback_window"": 3, ""trigger.reclaim_level"": 65, ""trigger.volume_multiplier"": 1.5}",20,3228,3123,891,1190,0,34,3,6,0,0.0,65,MISSING_OR_INVALID_RAW_PATH_PRICE=34 (0.010533),457,140,332,64,14,0,34971,-0.012969640532081522,-0.012624562399081905,8.0,9.0,0.527057316682677,0.4713416586615434,0.001601024655779699,0.573729863692689,0.3559479553903346,0.1496282527881041,1.0000000000000009,0.01472942683317323,55,58,3,65,1.5
"rsi_daily_pullback_reclaim_surface_v1__all_liquid__trigger.hold_floor=55,trigger.pullback_ceiling=58,trigger.pullback_window=3,trigger.reclaim_level=65,trigger.volume_multiplier=2.0",all_liquid,"{""trigger.hold_floor"": 55, ""trigger.pullback_ceiling"": 58, ""trigger.pullback_window"": 3, ""trigger.reclaim_level"": 65, ""trigger.volume_multiplier"": 2.0}",5,2635,2598,853,1123,0,8,2,6,0,0.0,23,MISSING_OR_INVALID_RAW_PATH_PRICE=8 (0.003036),163,23,116,14,7,0,7159,-0.0011850634051991972,-0.01163363058677365,2.0,3.0,0.5219399538106235,0.4403387220939184,0.037721324095458045,0.36888045540796965,0.15977229601518025,0.040607210626185955,0.7463492063492057,0.02771362586605081,55,58,3,65,2.0
"rsi_daily_pullback_reclaim_surface_v1__all_liquid__trigger.hold_floor=55,trigger.pullback_ceiling=58,trigger.pullback_window=3,trigger.reclaim_level=65,trigger.volume_multiplier=2.0",all_liquid,"{""trigger.hold_floor"": 55, ""trigger.pullback_ceiling"": 58, ""trigger.pullback_window"": 3, ""trigger.reclaim_level"": 65, ""trigger.volume_multiplier"": 2.0}",10,2635,2581,853,1123,0,17,2,6,0,0.0,31,MISSING_OR_INVALID_RAW_PATH_PRICE=17 (0.006452),258,49,181,24,10,0,14225,-0.005590222985522329,-0.012980586432950657,4.0,5.0,0.5350639287098023,0.45679969004261917,0.008136381247578458,0.4777988614800759,0.250853889943074,0.08387096774193549,0.9076704545454546,0.02053467648198373,55,58,3,65,2.0
"rsi_daily_pullback_reclaim_surface_v1__all_liquid__trigger.hold_floor=55,trigger.pullback_ceiling=58,trigger.pullback_window=3,trigger.reclaim_level=65,trigger.volume_multiplier=2.0",all_liquid,"{""trigger.hold_floor"": 55, ""trigger.pullback_ceiling"": 58, ""trigger.pullback_window"": 3, ""trigger.reclaim_level"": 65, ""trigger.volume_multiplier"": 2.0}",20,2635,2551,853,1123,0,27,2,6,0,0.0,51,MISSING_OR_INVALID_RAW_PATH_PRICE=27 (0.010247),401,118,298,57,12,0,28125,-0.01205146677693772,-0.01393403459369457,8.0,9.0,0.529204233633869,0.4692277538220306,0.0015680125441003528,0.577988614800759,0.36280834914611004,0.15787476280834914,1.0,0.01685613484907879,55,58,3,65,2.0
"rsi_daily_pullback_reclaim_surface_v1__all_liquid__trigger.hold_floor=55,trigger.pullback_ceiling=58,trigger.pullback_window=6,trigger.reclaim_level=65,trigger.volume_multiplier=1.0",all_liquid,"{""trigger.hold_floor"": 55, ""trigger.pullback_ceiling"": 58, ""trigger.pullback_window"": 6, ""trigger.reclaim_level"": 65, ""trigger.volume_multiplier"": 1.0}",5,3142,3104,849,1140,0,12,2,10,0,0.0,16,MISSING_OR_INVALID_RAW_PATH_PRICE=12 (0.003819),169,32,119,14,4,0,9050,-0.0024214996725463265,-0.009388395922411768,2.0,3.0,0.5125644329896907,0.4532860824742268,0.03414948453608247,0.3548695098663272,0.1514958625079567,0.03341820496499045,0.8188614545454579,0.029961340206185568,55,58,6,65,1.0
"rsi_daily_pullback_reclaim_surface_v1__all_liquid__trigger.hold_floor=55,trigger.pullback_ceiling=58,trigger.pullback_window=6,trigger.reclaim_level=65,trigger.volume_multiplier=1.0",all_liquid,"{""trigger.hold_floor"": 55, ""trigger.pullback_ceiling"": 58, ""trigger.pullback_window"": 6, ""trigger.reclaim_level"": 65, ""trigger.volume_multiplier"": 1.0}",10,3142,3086,849,1140,0,18,2,10,0,0.0,28,MISSING_OR_INVALID_RAW_PATH_PRICE=18 (0.005729),260,62,183,27,9,0,18007,-0.005863822866576118,-0.010707812692841333,4.0,5.0,0.5217109526895658,0.47245625405055086,0.005832793259883344,0.47772119669000634,0.2428389560789306,0.08052196053469128,0.9347826086956522,0.024951393389500972,55,58,6,65,1.0
"rsi_daily_pullback_reclaim_surface_v1__all_liquid__trigger.hold_floor=55,trigger.pullback_ceiling=58,trigger.pullback_window=6,trigger.reclaim_level=65,trigger.volume_multiplier=1.0",all_liquid,"{""trigger.hold_floor"": 55, ""trigger.pullback_ceiling"": 58, ""trigger.pullback_window"": 6, ""trigger.reclaim_level"": 65, ""trigger.volume_multiplier"": 1.0}",20,3142,3045,849,1140,0,32,4,10,0,0.0,55,MISSING_OR_INVALID_RAW_PATH_PRICE=32 (0.010185),394,126,282,59,11,0,35620,-0.012960503782616574,-0.012624562399081905,8.0,9.0,0.5261083743842364,0.4719211822660099,0.0019704433497536944,0.5811584977721197,0.3602800763844685,0.14544875875238703,1.0,0.017733990147783252,55,58,6,65,1.0
"rsi_daily_pullback_reclaim_surface_v1__all_liquid__trigger.hold_floor=55,trigger.pullback_ceiling=58,trigger.pullback_window=6,trigger.reclaim_level=65,trigger.volume_multiplier=1.2",all_liquid,"{""trigger.hold_floor"": 55, ""trigger.pullback_ceiling"": 58, ""trigger.pullback_window"": 6, ""trigger.reclaim_level"": 65, ""trigger.volume_multiplier"": 1.2}",5,2861,2825,835,1113,0,11,2,10,0,0.0,15,MISSING_OR_INVALID_RAW_PATH_PRICE=11 (0.003845),158,30,110,13,4,0,8201,-0.0013061451546017427,-0.009872011467777515,2.0,3.0,0.5132743362831859,0.4499115044247788,0.036814159292035395,0.3614120936735407,0.15239426773855294,0.03390422929045788,0.82352941176471,0.030442477876106194,55,58,6,65,1.2
"rsi_daily_pullback_reclaim_surface_v1__all_liquid__trigger.hold_floor=55,trigger.pullback_ceiling=58,trigger.pullback_window=6,trigger.reclaim_level=65,trigger.volume_multiplier=1.2",all_liquid,"{""trigger.hold_floor"": 55, ""trigger.pullback_ceiling"": 58, ""trigger.pullback_window"": 6, ""trigger.reclaim_level"": 65, ""trigger.volume_multiplier"": 1.2}",10,2861,2809,835,1113,0,17,2,10,0,0.0,25,MISSING_OR_INVALID_RAW_PATH_PRICE=17 (0.005942),247,59,172,26,9,0,16323,-0.004654262661055869,-0.011721829587652749,4.0,5.0,0.5218939124243503,0.4716981132075472,0.006407974368102528,0.48689269486193637,0.24536875218455087,0.08283816847256203,0.9473684210526314,0.02491990032039872,55,58,6,65,1.2
"rsi_daily_pullback_reclaim_surface_v1__all_liquid__trigger.hold_floor=55,trigger.pullback_ceiling=58,trigger.pullback_window=6,trigger.reclaim_level=65,trigger.volume_multiplier=1.2",all_liquid,"{""trigger.hold_floor"": 55, ""trigger.pullback_ceiling"": 58, ""trigger.pullback_window"": 6, ""trigger.reclaim_level"": 65, ""trigger.volume_multiplier"": 1.2}",20,2861,2772,835,1113,0,30,4,10,0,0.0,49,MISSING_OR_INVALID_RAW_PATH_PRICE=30 (0.010486),371,119,265,57,10,0,32313,-0.012254225800751077,-0.01324900395907581,8.0,9.0,0.5288600288600288,0.468975468975469,0.0021645021645021645,0.5875567983222649,0.3635092624956309,0.1481999300943726,1.000000000000001,0.017676767676767676,55,58,6,65,1.2
"rsi_daily_pullback_reclaim_surface_v1__all_liquid__trigger.hold_floor=55,trigger.pullback_ceiling=58,trigger.pullback_window=6,trigger.reclaim_level=65,trigger.volume_multiplier=1.5",all_liquid,"{""trigger.hold_floor"": 55, ""trigger.pullback_ceiling"": 58, ""trigger.pullback_window"": 6, ""trigger.reclaim_level"": 65, ""trigger.volume_multiplier"": 1.5}",5,2467,2434,810,1048,0,10,2,9,0,0.0,14,MISSING_OR_INVALID_RAW_PATH_PRICE=10 (0.004054),142,28,98,12,4,0,7026,-0.0004666609322304567,-0.01006394449760327,2.0,3.0,0.5131470829909613,0.44823336072308956,0.038619556285949055,0.36805837049047424,0.15322253749493311,0.03607620591811917,0.8333333333333325,0.025883319638455218,55,58,6,65,1.5
"rsi_daily_pullback_reclaim_surface_v1__all_liquid__trigger.hold_floor=55,trigger.pullback_ceiling=58,trigger.pullback_window=6,trigger.reclaim_level=65,trigger.volume_multiplier=1.5",all_liquid,"{""trigger.hold_floor"": 55, ""trigger.pullback_ceiling"": 58, ""trigger.pullback_window"": 6, ""trigger.reclaim_level"": 65, ""trigger.volume_multiplier"": 1.5}",10,2467,2419,810,1048,0,16,2,9,0,0.0,23,MISSING_OR_INVALID_RAW_PATH_PRICE=16 (0.006486),219,53,150,23,7,0,13981,-0.004737050859268878,-0.01222768814040557,4.0,5.0,0.5250103348491112,0.46754857379082265,0.007441091360066143,0.488447507093636,0.24685853263072557,0.08715038508309687,0.9422863485016624,0.02108309218685407,55,58,6,65,1.5
"rsi_daily_pullback_reclaim_surface_v1__all_liquid__trigger.hold_floor=55,trigger.pullback_ceiling=58,trigger.pullback_window=6,trigger.reclaim_level=65,trigger.volume_multiplier=1.5",all_liquid,"{""trigger.hold_floor"": 55, ""trigger.pullback_ceiling"": 58, ""trigger.pullback_window"": 6, ""trigger.reclaim_level"": 65, ""trigger.volume_multiplier"": 1.5}",20,2467,2388,810,1048,0,27,4,9,0,0.0,43,MISSING_OR_INVALID_RAW_PATH_PRICE=27 (0.010944),324,105,228,49,8,0,27692,-0.012007955582400625,-0.013872472683789987,8.0,9.0,0.5305695142378559,0.4669179229480737,0.002512562814070352,0.5861370085123632,0.36643696797730035,0.15322253749493311,1.0000000000000024,0.01507537688442211,55,58,6,65,1.5
"rsi_daily_pullback_reclaim_surface_v1__all_liquid__trigger.hold_floor=55,trigger.pullback_ceiling=58,trigger.pullback_window=6,trigger.reclaim_level=65,trigger.volume_multiplier=2.0",all_liquid,"{""trigger.hold_floor"": 55, ""trigger.pullback_ceiling"": 58, ""trigger.pullback_window"": 6, ""trigger.reclaim_level"": 65, ""trigger.volume_multiplier"": 2.0}",5,1852,1822,747,910,0,8,1,9,0,0.0,13,MISSING_OR_INVALID_RAW_PATH_PRICE=8 (0.004320),117,19,80,8,3,0,5205,-0.00013373908571518225,-0.010728023377059134,2.0,3.0,0.5104281009879253,0.4478594950603732,0.04171240395170143,0.3698704103671706,0.1560475161987041,0.03725701943844492,0.8333333333333344,0.026344676180021953,55,58,6,65,2.0
"rsi_daily_pullback_reclaim_surface_v1__all_liquid__trigger.hold_floor=55,trigger.pullback_ceiling=58,trigger.pullback_window=6,trigger.reclaim_level=65,trigger.volume_multiplier=2.0",all_liquid,"{""trigger.hold_floor"": 55, ""trigger.pullback_ceiling"": 58, ""trigger.pullback_window"": 6, ""trigger.reclaim_level"": 65, ""trigger.volume_multiplier"": 2.0}",10,1852,1811,747,910,0,13,1,9,0,0.0,19,MISSING_OR_INVALID_RAW_PATH_PRICE=13 (0.007019),180,39,123,18,6,0,10357,-0.003910443421450471,-0.01306608230734841,4.0,5.0,0.5234676974047487,0.46935394809497516,0.00717835450027609,0.4973002159827214,0.25161987041036715,0.08801295896328294,0.9393382352941163,0.02153506350082827,55,58,6,65,2.0
"rsi_daily_pullback_reclaim_surface_v1__all_liquid__trigger.hold_floor=55,trigger.pullback_ceiling=58,trigger.pullback_window=6,trigger.reclaim_level=65,trigger.volume_multiplier=2.0",all_liquid,"{""trigger.hold_floor"": 55, ""trigger.pullback_ceiling"": 58, ""trigger.pullback_window"": 6, ""trigger.reclaim_level"": 65, ""trigger.volume_multiplier"": 2.0}",20,1852,1788,747,910,0,21,2,9,0,0.0,34,MISSING_OR_INVALID_RAW_PATH_PRICE=21 (0.011339),270,80,191,39,7,0,20526,-0.009816921019305733,-0.015477458484850461,8.0,9.0,0.5329977628635347,0.465324384787472,0.0016778523489932886,0.5944924406047516,0.37688984881209503,0.16360691144708422,0.9999999999999899,0.017337807606263984,55,58,6,65,2.0
"rsi_daily_pullback_reclaim_surface_v1__all_liquid__trigger.hold_floor=55,trigger.pullback_ceiling=58,trigger.pullback_window=9,trigger.reclaim_level=65,trigger.volume_multiplier=1.0",all_liquid,"{""trigger.hold_floor"": 55, ""trigger.pullback_ceiling"": 58, ""trigger.pullback_window"": 9, ""trigger.reclaim_level"": 65, ""trigger.volume_multiplier"": 1.0}",5,2506,2478,774,1032,0,5,2,9,0,0.0,14,MISSING_OR_INVALID_RAW_PATH_PRICE=5 (0.001995),125,33,88,17,2,0,7386,-0.001785259543099861,-0.009181900368319217,2.0,3.0,0.5221953188054883,0.4495560936238902,0.02824858757062147,0.3531524341580207,0.15363128491620112,0.030726256983240222,0.8181818181818308,0.029459241323648102,55,58,9,65,1.0
"rsi_daily_pullback_reclaim_surface_v1__all_liquid__trigger.hold_floor=55,trigger.pullback_ceiling=58,trigger.pullback_window=9,trigger.reclaim_level=65,trigger.volume_multiplier=1.0",all_liquid,"{""trigger.hold_floor"": 55, ""trigger.pullback_ceiling"": 58, ""trigger.pullback_window"": 9, ""trigger.reclaim_level"": 65, ""trigger.volume_multiplier"": 1.0}",10,2506,2460,774,1032,0,9,2,9,0,0.0,28,MISSING_OR_INVALID_RAW_PATH_PRICE=9 (0.003591),182,57,127,27,6,0,14656,-0.0059717303507680584,-0.011287696531444753,4.0,5.0,0.5390243902439025,0.45691056910569106,0.0040650406504065045,0.4728651237031125,0.24102154828411812,0.07462090981644054,0.8973684210526325,0.023577235772357725,55,58,9,65,1.0
"rsi_daily_pullback_reclaim_surface_v1__all_liquid__trigger.hold_floor=55,trigger.pullback_ceiling=58,trigger.pullback_window=9,trigger.reclaim_level=65,trigger.volume_multiplier=1.0",all_liquid,"{""trigger.hold_floor"": 55, ""trigger.pullback_ceiling"": 58, ""trigger.pullback_window"": 9, ""trigger.reclaim_level"": 65, ""trigger.volume_multiplier"": 1.0}",20,2506,2425,774,1032,0,23,4,9,0,0.0,49,MISSING_OR_INVALID_RAW_PATH_PRICE=23 (0.009178),289,96,207,49,9,0,29015,-0.01349709017797307,-0.01273653096052349,8.0,9.0,0.5282474226804124,0.47010309278350515,0.0016494845360824743,0.5726256983240223,0.35714285714285715,0.1452513966480447,0.975414781297135,0.016907216494845362,55,58,9,65,1.0
"rsi_daily_pullback_reclaim_surface_v1__all_liquid__trigger.hold_floor=55,trigger.pullback_ceiling=58,trigger.pullback_window=9,trigger.reclaim_level=65,trigger.volume_multiplier=1.2",all_liquid,"{""trigger.hold_floor"": 55, ""trigger.pullback_ceiling"": 58, ""trigger.pullback_window"": 9, ""trigger.reclaim_level"": 65, ""trigger.volume_multiplier"": 1.2}",5,2239,2212,759,994,0,5,2,9,0,0.0,13,MISSING_OR_INVALID_RAW_PATH_PRICE=5 (0.002233),115,32,79,16,2,0,6571,-0.0010294872877636644,-0.009673676889808788,2.0,3.0,0.5257685352622061,0.4434900542495479,0.03074141048824593,0.3564091112103618,0.15542652970075926,0.030370701205895488,0.8181818181818239,0.029837251356238697,55,58,9,65,1.2
"rsi_daily_pullback_reclaim_surface_v1__all_liquid__trigger.hold_floor=55,trigger.pullback_ceiling=58,trigger.pullback_window=9,trigger.reclaim_level=65,trigger.volume_multiplier=1.2",all_liquid,"{""trigger.hold_floor"": 55, ""trigger.pullback_ceiling"": 58, ""trigger.pullback_window"": 9, ""trigger.reclaim_level"": 65, ""trigger.volume_multiplier"": 1.2}",10,2239,2195,759,994,0,9,2,9,0,0.0,26,MISSING_OR_INVALID_RAW_PATH_PRICE=9 (0.004020),170,55,116,26,6,0,13031,-0.00516393801763828,-0.012080941580727832,4.0,5.0,0.5421412300683371,0.4533029612756264,0.004555808656036446,0.4787851719517642,0.24385886556498437,0.07548012505582849,0.90615835777126,0.023234624145785875,55,58,9,65,1.2
"rsi_daily_pullback_reclaim_surface_v1__all_liquid__trigger.hold_floor=55,trigger.pullback_ceiling=58,trigger.pullback_window=9,trigger.reclaim_level=65,trigger.volume_multiplier=1.2",all_liquid,"{""trigger.hold_floor"": 55, ""trigger.pullback_ceiling"": 58, ""trigger.pullback_window"": 9, ""trigger.reclaim_level"": 65, ""trigger.volume_multiplier"": 1.2}",20,2239,2164,759,994,0,21,4,9,0,0.0,45,MISSING_OR_INVALID_RAW_PATH_PRICE=21 (0.009379),265,91,189,46,8,0,25807,-0.012795555093630461,-0.013410085375146654,8.0,9.0,0.5314232902033271,0.466728280961183,0.0018484288354898336,0.5765966949531041,0.35908887896382313,0.14560071460473425,0.9740215924426463,0.0166358595194085,55,58,9,65,1.2
"rsi_daily_pullback_reclaim_surface_v1__all_liquid__trigger.hold_floor=55,trigger.pullback_ceiling=58,trigger.pullback_window=9,trigger.reclaim_level=65,trigger.volume_multiplier=1.5",all_liquid,"{""trigger.hold_floor"": 55, ""trigger.pullback_ceiling"": 58, ""trigger.pullback_window"": 9, ""trigger.reclaim_level"": 65, ""trigger.volume_multiplier"": 1.5}",5,1855,1832,719,916,0,4,2,9,0,0.0,10,MISSING_OR_INVALID_RAW_PATH_PRICE=4 (0.002156),104,28,70,14,2,0,5336,-0.00018733912406158036,-0.009930591830003502,2.0,3.0,0.523471615720524,0.4432314410480349,0.03329694323144105,0.3638814016172507,0.15902964959568733,0.03288409703504043,0.82352941176471,0.023471615720524017,55,58,9,65,1.5
"rsi_daily_pullback_reclaim_surface_v1__all_liquid__trigger.hold_floor=55,trigger.pullback_ceiling=58,trigger.pullback_window=9,trigger.reclaim_level=65,trigger.volume_multiplier=1.5",all_liquid,"{""trigger.hold_floor"": 55, ""trigger.pullback_ceiling"": 58, ""trigger.pullback_window"": 9, ""trigger.reclaim_level"": 65, ""trigger.volume_multiplier"": 1.5}",10,1855,1817,719,916,0,7,2,9,0,0.0,22,MISSING_OR_INVALID_RAW_PATH_PRICE=7 (0.003774),148,49,98,23,4,0,10581,-0.005350718416068656,-0.012980586432950657,4.0,5.0,0.5536598789212989,0.4408365437534397,0.00550357732526142,0.4776280323450135,0.2431266846361186,0.07978436657681941,0.8816526610644242,0.018161805173362685,55,58,9,65,1.5
"rsi_daily_pullback_reclaim_surface_v1__all_liquid__trigger.hold_floor=55,trigger.pullback_ceiling=58,trigger.pullback_window=9,trigger.reclaim_level=65,trigger.volume_multiplier=1.5",all_liquid,"{""trigger.hold_floor"": 55, ""trigger.pullback_ceiling"": 58, ""trigger.pullback_window"": 9, ""trigger.reclaim_level"": 65, ""trigger.volume_multiplier"": 1.5}",20,1855,1794,719,916,0,17,4,9,0,0.0,35,MISSING_OR_INVALID_RAW_PATH_PRICE=17 (0.009164),228,78,159,38,5,0,21020,-0.013335666983646681,-0.014848659227231362,7.0,9.0,0.5390189520624303,0.45875139353400224,0.002229654403567447,0.5714285714285714,0.3595687331536388,0.14932614555256066,0.9705882352941192,0.01282051282051282,55,58,9,65,1.5
"rsi_daily_pullback_reclaim_surface_v1__all_liquid__trigger.hold_floor=55,trigger.pullback_ceiling=58,trigger.pullback_window=9,trigger.reclaim_level=65,trigger.volume_multiplier=2.0",all_liquid,"{""trigger.hold_floor"": 55, ""trigger.pullback_ceiling"": 58, ""trigger.pullback_window"": 9, ""trigger.reclaim_level"": 65, ""trigger.volume_multiplier"": 2.0}",5,1339,1318,646,760,0,4,1,8,0,0.0,9,MISSING_OR_INVALID_RAW_PATH_PRICE=4 (0.002987),81,19,53,9,1,0,3845,-1.403141580381094e-05,-0.010381289347910851,2.0,3.0,0.5235204855842185,0.4377845220030349,0.038694992412746584,0.3637042569081404,0.1553398058252427,0.030619865571321882,0.8211954331550819,0.024279210925644917,55,58,9,65,2.0
"rsi_daily_pullback_reclaim_surface_v1__all_liquid__trigger.hold_floor=55,trigger.pullback_ceiling=58,trigger.pullback_window=9,trigger.reclaim_level=65,trigger.volume_multiplier=2.0",all_liquid,"{""trigger.hold_floor"": 55, ""trigger.pullback_ceiling"": 58, ""trigger.pullback_window"": 9, ""trigger.reclaim_level"": 65, ""trigger.volume_multiplier"": 2.0}",10,1339,1307,646,760,0,6,1,8,0,0.0,18,MISSING_OR_INVALID_RAW_PATH_PRICE=6 (0.004481),113,37,75,18,3,0,7617,-0.005054907956024007,-0.012851387702807228,4.0,5.0,0.5508798775822494,0.4429992348890589,0.00612088752869166,0.4809559372666169,0.24346527259148618,0.07468259895444361,0.8823529411764697,0.017597551644988524,55,58,9,65,2.0
"rsi_daily_pullback_reclaim_surface_v1__all_liquid__trigger.hold_floor=55,trigger.pullback_ceiling=58,trigger.pullback_window=9,trigger.reclaim_level=65,trigger.volume_multiplier=2.0",all_liquid,"{""trigger.hold_floor"": 55, ""trigger.pullback_ceiling"": 58, ""trigger.pullback_window"": 9, ""trigger.reclaim_level"": 65, ""trigger.volume_multiplier"": 2.0}",20,1339,1290,646,760,0,14,2,8,0,0.0,27,MISSING_OR_INVALID_RAW_PATH_PRICE=14 (0.010456),175,58,123,29,4,0,15130,-0.012896211546113187,-0.01564830574621666,7.0,9.0,0.541860465116279,0.4565891472868217,0.0015503875968992248,0.5728155339805825,0.3659447348767737,0.15235250186706498,0.9500000000000078,0.01317829457364341,55,58,9,65,2.0
"rsi_daily_pullback_reclaim_surface_v1__all_liquid__trigger.hold_floor=55,trigger.pullback_ceiling=60,trigger.pullback_window=3,trigger.reclaim_level=62,trigger.volume_multiplier=1.0",all_liquid,"{""trigger.hold_floor"": 55, ""trigger.pullback_ceiling"": 60, ""trigger.pullback_window"": 3, ""trigger.reclaim_level"": 62, ""trigger.volume_multiplier"": 1.0}",5,7682,7589,954,1373,0,28,3,20,0,0.0,45,MISSING_OR_INVALID_RAW_PATH_PRICE=28 (0.003645),380,85,263,50,14,0,21216,-0.005312033043655372,-0.007174844378216484,2.0,3.0,0.5278692844907102,0.43668467518777176,0.035446040321517984,0.32816974746159855,0.14019786513928664,0.03020046862796147,0.7883538633818569,0.0330741863223086,55,60,3,62,1.0
"rsi_daily_pullback_reclaim_surface_v1__all_liquid__trigger.hold_floor=55,trigger.pullback_ceiling=60,trigger.pullback_window=3,trigger.reclaim_level=62,trigger.volume_multiplier=1.0",all_liquid,"{""trigger.hold_floor"": 55, ""trigger.pullback_ceiling"": 60, ""trigger.pullback_window"": 3, ""trigger.reclaim_level"": 62, ""trigger.volume_multiplier"": 1.0}",10,7682,7542,954,1373,0,51,3,20,0,0.0,69,MISSING_OR_INVALID_RAW_PATH_PRICE=51 (0.006639),609,155,424,79,22,0,42225,-0.009383694134991866,-0.008868545055363716,4.0,5.0,0.526385574118271,0.4684433837178467,0.005171042163882259,0.448711273105962,0.22845613121582922,0.07068471752147878,0.9090909090909006,0.024529302572262,55,60,3,62,1.0
"rsi_daily_pullback_reclaim_surface_v1__all_liquid__trigger.hold_floor=55,trigger.pullback_ceiling=60,trigger.pullback_window=3,trigger.reclaim_level=62,trigger.volume_multiplier=1.0",all_liquid,"{""trigger.hold_floor"": 55, ""trigger.pullback_ceiling"": 60, ""trigger.pullback_window"": 3, ""trigger.reclaim_level"": 62, ""trigger.volume_multiplier"": 1.0}",20,7682,7448,954,1373,0,86,7,19,0,0.0,129,MISSING_OR_INVALID_RAW_PATH_PRICE=86 (0.011195),968,312,697,152,33,0,83630,-0.014728408699335532,-0.010175012747634403,8.0,9.0,0.5139634801288937,0.4849624060150376,0.0010741138560687433,0.5686019265816193,0.3474355636552981,0.14215048164540484,1.0413812785388132,0.016917293233082706,55,60,3,62,1.0
"rsi_daily_pullback_reclaim_surface_v1__all_liquid__trigger.hold_floor=55,trigger.pullback_ceiling=60,trigger.pullback_window=3,trigger.reclaim_level=62,trigger.volume_multiplier=1.2",all_liquid,"{""trigger.hold_floor"": 55, ""trigger.pullback_ceiling"": 60, ""trigger.pullback_window"": 3, ""trigger.reclaim_level"": 62, ""trigger.volume_multiplier"": 1.2}",5,6674,6594,946,1351,0,24,3,18,0,0.0,38,MISSING_OR_INVALID_RAW_PATH_PRICE=24 (0.003596),343,68,241,38,11,0,18417,-0.004646508545137217,-0.008093843225540815,2.0,3.0,0.5298756445253261,0.4343342432514407,0.03579011222323324,0.33443212466287087,0.14264309259814204,0.031015882529217862,0.7826086956521764,0.03381862299059751,55,60,3,62,1.2
"rsi_daily_pullback_reclaim_surface_v1__all_liquid__trigger.hold_floor=55,trigger.pullback_ceiling=60,trigger.pullback_window=3,trigger.reclaim_level=62,trigger.volume_multiplier=1.2",all_liquid,"{""trigger.hold_floor"": 55, ""trigger.pullback_ceiling"": 60, ""trigger.pullback_window"": 3, ""trigger.reclaim_level"": 62, ""trigger.volume_multiplier"": 1.2}",10,6674,6552,946,1351,0,46,3,18,0,0.0,58,MISSING_OR_INVALID_RAW_PATH_PRICE=46 (0.006892),553,130,391,63,16,0,36663,-0.008673701274302038,-0.009509085653580655,4.0,5.0,0.527014652014652,0.4674908424908425,0.005494505494505495,0.4544501048846269,0.23104584956547797,0.07267006293077614,0.8947368421052664,0.025030525030525032,55,60,3,62,1.2
"rsi_daily_pullback_reclaim_surface_v1__all_liquid__trigger.hold_floor=55,trigger.pullback_ceiling=60,trigger.pullback_window=3,trigger.reclaim_level=62,trigger.volume_multiplier=1.2",all_liquid,"{""trigger.hold_floor"": 55, ""trigger.pullback_ceiling"": 60, ""trigger.pullback_window"": 3, ""trigger.reclaim_level"": 62, ""trigger.volume_multiplier"": 1.2}",20,6674,6473,946,1351,0,73,7,17,0,0.0,111,MISSING_OR_INVALID_RAW_PATH_PRICE=73 (0.010938),878,273,640,130,27,0,72674,-0.013895274910583053,-0.010742047869412824,8.0,9.0,0.5169164220608682,0.48184767495751585,0.0012359029816159431,0.5719208870242734,0.35151333533113577,0.14563979622415343,1.0365853658536581,0.017302641742623203,55,60,3,62,1.2
"rsi_daily_pullback_reclaim_surface_v1__all_liquid__trigger.hold_floor=55,trigger.pullback_ceiling=60,trigger.pullback_window=3,trigger.reclaim_level=62,trigger.volume_multiplier=1.5",all_liquid,"{""trigger.hold_floor"": 55, ""trigger.pullback_ceiling"": 60, ""trigger.pullback_window"": 3, ""trigger.reclaim_level"": 62, ""trigger.volume_multiplier"": 1.5}",5,5441,5370,936,1312,0,22,3,16,0,0.0,33,MISSING_OR_INVALID_RAW_PATH_PRICE=22 (0.004043),306,57,212,32,10,0,14960,-0.003449350335680801,-0.0090564538880567,2.0,3.0,0.5350093109869646,0.42830540037243947,0.036685288640595906,0.3442381915089138,0.14739937511486859,0.033449733504870426,0.7777777777777781,0.030912476722532587,55,60,3,62,1.5
"rsi_daily_pullback_reclaim_surface_v1__all_liquid__trigger.hold_floor=55,trigger.pullback_ceiling=60,trigger.pullback_window=3,trigger.reclaim_level=62,trigger.volume_multiplier=1.5",all_liquid,"{""trigger.hold_floor"": 55, ""trigger.pullback_ceiling"": 60, ""trigger.pullback_window"": 3, ""trigger.reclaim_level"": 62, ""trigger.volume_multiplier"": 1.5}",10,5441,5337,936,1312,0,39,3,16,0,0.0,49,MISSING_OR_INVALID_RAW_PATH_PRICE=39 (0.007168),490,110,342,54,12,0,29778,-0.007767445665145034,-0.010667334057289292,4.0,5.0,0.5328836424957841,0.4607457373056024,0.006370620198613453,0.46149604852049253,0.2365374012130123,0.0753537952582246,0.8888888888888864,0.023608768971332208,55,60,3,62,1.5
"rsi_daily_pullback_reclaim_surface_v1__all_liquid__trigger.hold_floor=55,trigger.pullback_ceiling=60,trigger.pullback_window=3,trigger.reclaim_level=62,trigger.volume_multiplier=1.5",all_liquid,"{""trigger.hold_floor"": 55, ""trigger.pullback_ceiling"": 60, ""trigger.pullback_window"": 3, ""trigger.reclaim_level"": 62, ""trigger.volume_multiplier"": 1.5}",20,5441,5276,936,1312,0,64,7,15,0,0.0,86,MISSING_OR_INVALID_RAW_PATH_PRICE=64 (0.011763),767,233,559,111,23,0,59107,-0.013809784382833267,-0.011989922694406904,8.0,9.0,0.5248294162244125,0.47365428354814254,0.001516300227445034,0.5728726337070391,0.3556331556699136,0.15034001102738467,1.0256578947368435,0.01592115238817286,55,60,3,62,1.5
"rsi_daily_pullback_reclaim_surface_v1__all_liquid__trigger.hold_floor=55,trigger.pullback_ceiling=60,trigger.pullback_window=3,trigger.reclaim_level=62,trigger.volume_multiplier=2.0",all_liquid,"{""trigger.hold_floor"": 55, ""trigger.pullback_ceiling"": 60, ""trigger.pullback_window"": 3, ""trigger.reclaim_level"": 62, ""trigger.volume_multiplier"": 2.0}",5,3856,3804,897,1229,0,15,2,11,0,0.0,26,MISSING_OR_INVALID_RAW_PATH_PRICE=15 (0.003890),233,34,163,20,8,0,10578,-0.0024975490926539747,-0.009798302098395453,2.0,3.0,0.527602523659306,0.43112513144058884,0.04127234490010515,0.3537344398340249,0.15637966804979253,0.03630705394190872,0.777777777777779,0.02996845425867508,55,60,3,62,2.0
"rsi_daily_pullback_reclaim_surface_v1__all_liquid__trigger.hold_floor=55,trigger.pullback_ceiling=60,trigger.pullback_window=3,trigger.reclaim_level=62,trigger.volume_multiplier=2.0",all_liquid,"{""trigger.hold_floor"": 55, ""trigger.pullback_ceiling"": 60, ""trigger.pullback_window"": 3, ""trigger.reclaim_level"": 62, ""trigger.volume_multiplier"": 2.0}",10,3856,3777,897,1229,0,29,2,11,0,0.0,39,MISSING_OR_INVALID_RAW_PATH_PRICE=29 (0.007521),369,73,258,35,9,0,21036,-0.006195326113128188,-0.011790350216937685,4.0,5.0,0.5260788985967699,0.46730209160709557,0.006619009796134498,0.4743257261410788,0.245850622406639,0.0783195020746888,0.9090909090909106,0.022769393698702674,55,60,3,62,2.0
"rsi_daily_pullback_reclaim_surface_v1__all_liquid__trigger.hold_floor=55,trigger.pullback_ceiling=60,trigger.pullback_window=3,trigger.reclaim_level=62,trigger.volume_multiplier=2.0",all_liquid,"{""trigger.hold_floor"": 55, ""trigger.pullback_ceiling"": 60, ""trigger.pullback_window"": 3, ""trigger.reclaim_level"": 62, ""trigger.volume_multiplier"": 2.0}",20,3856,3733,897,1229,0,48,3,11,0,0.0,64,MISSING_OR_INVALID_RAW_PATH_PRICE=48 (0.012448),569,167,417,79,19,0,41756,-0.0115815898295107,-0.01239644986757301,8.0,9.0,0.5180819716046076,0.48057862309134747,0.001339405304045004,0.5835062240663901,0.36851659751037347,0.15637966804979253,1.0416666666666679,0.015537101526922047,55,60,3,62,2.0
"rsi_daily_pullback_reclaim_surface_v1__all_liquid__trigger.hold_floor=55,trigger.pullback_ceiling=60,trigger.pullback_window=6,trigger.reclaim_level=62,trigger.volume_multiplier=1.0",all_liquid,"{""trigger.hold_floor"": 55, ""trigger.pullback_ceiling"": 60, ""trigger.pullback_window"": 6, ""trigger.reclaim_level"": 62, ""trigger.volume_multiplier"": 1.0}",5,4707,4649,882,1254,0,18,1,18,0,0.0,22,MISSING_OR_INVALID_RAW_PATH_PRICE=18 (0.003824),232,59,164,34,6,0,13268,-0.003565258968449836,-0.006876527445934238,2.0,3.0,0.5166702516670252,0.4471929447192945,0.03613680361368036,0.3384321223709369,0.14425323985553432,0.031654981941788826,0.8571428571428578,0.03441600344160035,55,60,6,62,1.0
"rsi_daily_pullback_reclaim_surface_v1__all_liquid__trigger.hold_floor=55,trigger.pullback_ceiling=60,trigger.pullback_window=6,trigger.reclaim_level=62,trigger.volume_multiplier=1.0",all_liquid,"{""trigger.hold_floor"": 55, ""trigger.pullback_ceiling"": 60, ""trigger.pullback_window"": 6, ""trigger.reclaim_level"": 62, ""trigger.volume_multiplier"": 1.0}",10,4707,4626,882,1254,0,26,1,18,0,0.0,37,MISSING_OR_INVALID_RAW_PATH_PRICE=26 (0.005524),365,106,254,54,12,0,26443,-0.008031741474805561,-0.009867981012723957,4.0,5.0,0.5313445741461306,0.46346735840899267,0.005188067444876783,0.4584661142978543,0.23029530486509453,0.0722328446993839,0.9272486772486739,0.02637267617812365,55,60,6,62,1.0
"rsi_daily_pullback_reclaim_surface_v1__all_liquid__trigger.hold_floor=55,trigger.pullback_ceiling=60,trigger.pullback_window=6,trigger.reclaim_level=62,trigger.volume_multiplier=1.0",all_liquid,"{""trigger.hold_floor"": 55, ""trigger.pullback_ceiling"": 60, ""trigger.pullback_window"": 6, ""trigger.reclaim_level"": 62, ""trigger.volume_multiplier"": 1.0}",20,4707,4572,882,1254,0,51,6,18,0,0.0,66,MISSING_OR_INVALID_RAW_PATH_PRICE=51 (0.010835),575,193,416,95,18,0,52577,-0.014517613752873186,-0.012271953369775606,8.0,9.0,0.5293088363954506,0.46916010498687666,0.0015310586176727908,0.5702145740386658,0.3458678563841088,0.1429785425961334,0.9827586206896564,0.01815398075240595,55,60,6,62,1.0
"rsi_daily_pullback_reclaim_surface_v1__all_liquid__trigger.hold_floor=55,trigger.pullback_ceiling=60,trigger.pullback_window=6,trigger.reclaim_level=62,trigger.volume_multiplier=1.2",all_liquid,"{""trigger.hold_floor"": 55, ""trigger.pullback_ceiling"": 60, ""trigger.pullback_window"": 6, ""trigger.reclaim_level"": 62, ""trigger.volume_multiplier"": 1.2}",5,3924,3874,865,1186,0,15,1,16,0,0.0,19,MISSING_OR_INVALID_RAW_PATH_PRICE=15 (0.003823),201,43,144,23,4,0,11065,-0.002813132465906726,-0.007476222728995643,2.0,3.0,0.5196179659266907,0.44475993804852865,0.035622096024780586,0.3442915392456677,0.1465341488277268,0.03211009174311927,0.8426212590299282,0.034073309241094474,55,60,6,62,1.2
"rsi_daily_pullback_reclaim_surface_v1__all_liquid__trigger.hold_floor=55,trigger.pullback_ceiling=60,trigger.pullback_window=6,trigger.reclaim_level=62,trigger.volume_multiplier=1.2",all_liquid,"{""trigger.hold_floor"": 55, ""trigger.pullback_ceiling"": 60, ""trigger.pullback_window"": 6, ""trigger.reclaim_level"": 62, ""trigger.volume_multiplier"": 1.2}",10,3924,3855,865,1186,0,23,1,16,0,0.0,30,MISSING_OR_INVALID_RAW_PATH_PRICE=23 (0.005861),316,85,223,42,8,0,22073,-0.007235180906297704,-0.010272955991419863,4.0,5.0,0.5325551232166018,0.4622568093385214,0.005188067444876783,0.4630479102956167,0.2324159021406728,0.0736493374108053,0.9090909090909095,0.02594033722438392,55,60,6,62,1.2
"rsi_daily_pullback_reclaim_surface_v1__all_liquid__trigger.hold_floor=55,trigger.pullback_ceiling=60,trigger.pullback_window=6,trigger.reclaim_level=62,trigger.volume_multiplier=1.2",all_liquid,"{""trigger.hold_floor"": 55, ""trigger.pullback_ceiling"": 60, ""trigger.pullback_window"": 6, ""trigger.reclaim_level"": 62, ""trigger.volume_multiplier"": 1.2}",20,3924,3813,865,1186,0,41,6,16,0,0.0,54,MISSING_OR_INVALID_RAW_PATH_PRICE=41 (0.010449),493,162,361,81,14,0,43953,-0.01348998580825625,-0.01247865707068542,8.0,9.0,0.5347495410437976,0.46367689483346447,0.0015735641227380016,0.5716106014271152,0.3486238532110092,0.145769622833843,0.9705882352941192,0.01730920535011802,55,60,6,62,1.2
"rsi_daily_pullback_reclaim_surface_v1__all_liquid__trigger.hold_floor=55,trigger.pullback_ceiling=60,trigger.pullback_window=6,trigger.reclaim_level=62,trigger.volume_multiplier=1.5",all_liquid,"{""trigger.hold_floor"": 55, ""trigger.pullback_ceiling"": 60, ""trigger.pullback_window"": 6, ""trigger.reclaim_level"": 62, ""trigger.volume_multiplier"": 1.5}",5,3014,2971,834,1101,0,15,1,13,0,0.0,15,MISSING_OR_INVALID_RAW_PATH_PRICE=15 (0.004977),167,32,117,17,3,0,8517,-0.0012721579220331541,-0.008452857674406788,2.0,3.0,0.5270952541231908,0.435880175025244,0.03702457085156513,0.3553417385534174,0.15063039150630392,0.034505640345056404,0.8360215053763453,0.029956243688993606,55,60,6,62,1.5
"rsi_daily_pullback_reclaim_surface_v1__all_liquid__trigger.hold_floor=55,trigger.pullback_ceiling=60,trigger.pullback_window=6,trigger.reclaim_level=62,trigger.volume_multiplier=1.5",all_liquid,"{""trigger.hold_floor"": 55, ""trigger.pullback_ceiling"": 60, ""trigger.pullback_window"": 6, ""trigger.reclaim_level"": 62, ""trigger.volume_multiplier"": 1.5}",10,3014,2956,834,1101,0,21,1,13,0,0.0,24,MISSING_OR_INVALID_RAW_PATH_PRICE=21 (0.006967),260,67,180,33,4,0,16975,-0.006336448649772539,-0.011951528224863306,4.0,5.0,0.5399188092016238,0.4539918809201624,0.006089309878213802,0.4708029197080292,0.23722627737226276,0.07465162574651625,0.892857142857144,0.02401894451962111,55,60,6,62,1.5
"rsi_daily_pullback_reclaim_surface_v1__all_liquid__trigger.hold_floor=55,trigger.pullback_ceiling=60,trigger.pullback_window=6,trigger.reclaim_level=62,trigger.volume_multiplier=1.5",all_liquid,"{""trigger.hold_floor"": 55, ""trigger.pullback_ceiling"": 60, ""trigger.pullback_window"": 6, ""trigger.reclaim_level"": 62, ""trigger.volume_multiplier"": 1.5}",20,3014,2925,834,1101,0,36,6,13,0,0.0,40,MISSING_OR_INVALID_RAW_PATH_PRICE=36 (0.011944),399,131,289,66,10,0,33823,-0.01426944437078402,-0.01393403459369457,7.0,9.0,0.5435897435897435,0.4543589743589744,0.0020512820512820513,0.5693430656934306,0.35036496350364965,0.14897146648971465,0.9344262295081954,0.015042735042735043,55,60,6,62,1.5
"rsi_daily_pullback_reclaim_surface_v1__all_liquid__trigger.hold_floor=55,trigger.pullback_ceiling=60,trigger.pullback_window=6,trigger.reclaim_level=62,trigger.volume_multiplier=2.0",all_liquid,"{""trigger.hold_floor"": 55, ""trigger.pullback_ceiling"": 60, ""trigger.pullback_window"": 6, ""trigger.reclaim_level"": 62, ""trigger.volume_multiplier"": 2.0}",5,1985,1955,755,933,0,10,1,9,0,0.0,11,MISSING_OR_INVALID_RAW_PATH_PRICE=10 (0.005038),123,15,86,7,2,0,5704,-0.00047897716163080445,-0.00884431938510237,2.0,3.0,0.5130434782608696,0.4434782608695652,0.043478260869565216,0.36372795969773297,0.1602015113350126,0.03727959697732997,0.8571428571428571,0.029667519181585677,55,60,6,62,2.0
"rsi_daily_pullback_reclaim_surface_v1__all_liquid__trigger.hold_floor=55,trigger.pullback_ceiling=60,trigger.pullback_window=6,trigger.reclaim_level=62,trigger.volume_multiplier=2.0",all_liquid,"{""trigger.hold_floor"": 55, ""trigger.pullback_ceiling"": 60, ""trigger.pullback_window"": 6, ""trigger.reclaim_level"": 62, ""trigger.volume_multiplier"": 2.0}",10,1985,1944,755,933,0,14,1,9,0,0.0,18,MISSING_OR_INVALID_RAW_PATH_PRICE=14 (0.007053),186,39,130,19,2,0,11357,-0.005921133672220583,-0.012052137107650502,4.0,5.0,0.5267489711934157,0.4660493827160494,0.00720164609053498,0.48161209068010075,0.24634760705289674,0.07455919395465994,0.9315068493150689,0.02417695473251029,55,60,6,62,2.0
"rsi_daily_pullback_reclaim_surface_v1__all_liquid__trigger.hold_floor=55,trigger.pullback_ceiling=60,trigger.pullback_window=6,trigger.reclaim_level=62,trigger.volume_multiplier=2.0",all_liquid,"{""trigger.hold_floor"": 55, ""trigger.pullback_ceiling"": 60, ""trigger.pullback_window"": 6, ""trigger.reclaim_level"": 62, ""trigger.volume_multiplier"": 2.0}",20,1985,1922,755,933,0,25,3,9,0,0.0,29,MISSING_OR_INVALID_RAW_PATH_PRICE=25 (0.012594),281,83,205,43,7,0,22638,-0.012654099244836271,-0.013872472683789987,8.0,9.0,0.532258064516129,0.4656607700312175,0.002081165452653486,0.581360201511335,0.36272040302267,0.15516372795969774,0.9659090909090926,0.015088449531737774,55,60,6,62,2.0
"rsi_daily_pullback_reclaim_surface_v1__all_liquid__trigger.hold_floor=55,trigger.pullback_ceiling=60,trigger.pullback_window=9,trigger.reclaim_level=62,trigger.volume_multiplier=1.0",all_liquid,"{""trigger.hold_floor"": 55, ""trigger.pullback_ceiling"": 60, ""trigger.pullback_window"": 9, ""trigger.reclaim_level"": 62, ""trigger.volume_multiplier"": 1.0}",5,3331,3288,826,1120,0,13,1,13,0,0.0,17,MISSING_OR_INVALID_RAW_PATH_PRICE=13 (0.003903),166,49,114,29,5,0,9484,-0.0031596611387860133,-0.007450919281928243,2.0,3.0,0.5258515815085159,0.4400851581508516,0.0340632603406326,0.3473431401981387,0.14920444311017714,0.03242269588712098,0.8571428571428571,0.034367396593673966,55,60,9,62,1.0
"rsi_daily_pullback_reclaim_surface_v1__all_liquid__trigger.hold_floor=55,trigger.pullback_ceiling=60,trigger.pullback_window=9,trigger.reclaim_level=62,trigger.volume_multiplier=1.0",all_liquid,"{""trigger.hold_floor"": 55, ""trigger.pullback_ceiling"": 60, ""trigger.pullback_window"": 9, ""trigger.reclaim_level"": 62, ""trigger.volume_multiplier"": 1.0}",10,3331,3268,826,1120,0,18,1,13,0,0.0,32,MISSING_OR_INVALID_RAW_PATH_PRICE=18 (0.005404),253,86,175,44,10,0,18872,-0.0068547473789746655,-0.011153716453325371,4.0,5.0,0.5416156670746634,0.45348837209302323,0.004895960832313341,0.4632242569798859,0.23596517562293606,0.07625337736415491,0.8749999999999983,0.025703794369645042,55,60,9,62,1.0
"rsi_daily_pullback_reclaim_surface_v1__all_liquid__trigger.hold_floor=55,trigger.pullback_ceiling=60,trigger.pullback_window=9,trigger.reclaim_level=62,trigger.volume_multiplier=1.0",all_liquid,"{""trigger.hold_floor"": 55, ""trigger.pullback_ceiling"": 60, ""trigger.pullback_window"": 9, ""trigger.reclaim_level"": 62, ""trigger.volume_multiplier"": 1.0}",20,3331,3229,826,1120,0,40,4,13,0,0.0,49,MISSING_OR_INVALID_RAW_PATH_PRICE=40 (0.012008),408,132,294,67,15,0,37582,-0.013315627295984525,-0.01325955074336009,8.0,9.0,0.5292660266336328,0.4694951997522453,0.0012387736141220192,0.5709996997898529,0.35364755328730113,0.14560192134494146,0.9732905982905963,0.017652524001238772,55,60,9,62,1.0
"rsi_daily_pullback_reclaim_surface_v1__all_liquid__trigger.hold_floor=55,trigger.pullback_ceiling=60,trigger.pullback_window=9,trigger.reclaim_level=62,trigger.volume_multiplier=1.2",all_liquid,"{""trigger.hold_floor"": 55, ""trigger.pullback_ceiling"": 60, ""trigger.pullback_window"": 9, ""trigger.reclaim_level"": 62, ""trigger.volume_multiplier"": 1.2}",5,2710,2672,798,1029,0,11,1,11,0,0.0,16,MISSING_OR_INVALID_RAW_PATH_PRICE=11 (0.004059),138,36,97,20,3,0,7735,-0.0024030317579398237,-0.008206023290439938,2.0,3.0,0.531811377245509,0.43488023952095806,0.03330838323353293,0.3505535055350554,0.14944649446494465,0.03284132841328413,0.8260869565217392,0.0344311377245509,55,60,9,62,1.2
"rsi_daily_pullback_reclaim_surface_v1__all_liquid__trigger.hold_floor=55,trigger.pullback_ceiling=60,trigger.pullback_window=9,trigger.reclaim_level=62,trigger.volume_multiplier=1.2",all_liquid,"{""trigger.hold_floor"": 55, ""trigger.pullback_ceiling"": 60, ""trigger.pullback_window"": 9, ""trigger.reclaim_level"": 62, ""trigger.volume_multiplier"": 1.2}",10,2710,2656,798,1029,0,16,1,11,0,0.0,27,MISSING_OR_INVALID_RAW_PATH_PRICE=16 (0.005904),211,68,149,34,6,0,15411,-0.006036485285034143,-0.011732417245379828,4.0,5.0,0.5455572289156626,0.44917168674698793,0.005271084337349397,0.46383763837638375,0.23468634686346865,0.07822878228782287,0.8571428571428561,0.025602409638554216,55,60,9,62,1.2
"rsi_daily_pullback_reclaim_surface_v1__all_liquid__trigger.hold_floor=55,trigger.pullback_ceiling=60,trigger.pullback_window=9,trigger.reclaim_level=62,trigger.volume_multiplier=1.2",all_liquid,"{""trigger.hold_floor"": 55, ""trigger.pullback_ceiling"": 60, ""trigger.pullback_window"": 9, ""trigger.reclaim_level"": 62, ""trigger.volume_multiplier"": 1.2}",20,2710,2628,798,1029,0,30,4,11,0,0.0,41,MISSING_OR_INVALID_RAW_PATH_PRICE=30 (0.011070),340,107,250,55,11,0,30765,-0.012896211546113187,-0.01378497156411141,7.0,9.0,0.532724505327245,0.4657534246575342,0.0015220700152207,0.5708487084870849,0.3549815498154982,0.14686346863468636,0.9581986292512605,0.01750380517503805,55,60,9,62,1.2
"rsi_daily_pullback_reclaim_surface_v1__all_liquid__trigger.hold_floor=55,trigger.pullback_ceiling=60,trigger.pullback_window=9,trigger.reclaim_level=62,trigger.volume_multiplier=1.5",all_liquid,"{""trigger.hold_floor"": 55, ""trigger.pullback_ceiling"": 60, ""trigger.pullback_window"": 9, ""trigger.reclaim_level"": 62, ""trigger.volume_multiplier"": 1.5}",5,2051,2019,752,924,0,11,1,9,0,0.0,12,MISSING_OR_INVALID_RAW_PATH_PRICE=11 (0.005363),114,25,78,13,2,0,5897,-0.000525974281653685,-0.009287469248560849,2.0,3.0,0.537890044576523,0.4269440316988608,0.03516592372461615,0.3627498781082399,0.15358361774744028,0.03461725987323257,0.809523809523813,0.0316988608221892,55,60,9,62,1.5
"rsi_daily_pullback_reclaim_surface_v1__all_liquid__trigger.hold_floor=55,trigger.pullback_ceiling=60,trigger.pullback_window=9,trigger.reclaim_level=62,trigger.volume_multiplier=1.5",all_liquid,"{""trigger.hold_floor"": 55, ""trigger.pullback_ceiling"": 60, ""trigger.pullback_window"": 9, ""trigger.reclaim_level"": 62, ""trigger.volume_multiplier"": 1.5}",10,2051,2007,752,924,0,14,1,9,0,0.0,21,MISSING_OR_INVALID_RAW_PATH_PRICE=14 (0.006826),171,53,117,25,2,0,11748,-0.0049639432529561545,-0.013073729706623016,4.0,5.0,0.5490782262082711,0.4444444444444444,0.0064773293472845045,0.4734275962944905,0.24085811799122378,0.07947342759629449,0.8424009461856894,0.025411061285500747,55,60,9,62,1.5
"rsi_daily_pullback_reclaim_surface_v1__all_liquid__trigger.hold_floor=55,trigger.pullback_ceiling=60,trigger.pullback_window=9,trigger.reclaim_level=62,trigger.volume_multiplier=1.5",all_liquid,"{""trigger.hold_floor"": 55, ""trigger.pullback_ceiling"": 60, ""trigger.pullback_window"": 9, ""trigger.reclaim_level"": 62, ""trigger.volume_multiplier"": 1.5}",20,2051,1987,752,924,0,25,4,9,0,0.0,30,MISSING_OR_INVALID_RAW_PATH_PRICE=25 (0.012189),271,85,196,42,7,0,23490,-0.01335800509621006,-0.015512572669040492,7.0,9.0,0.5420231504781077,0.4559637644690488,0.0020130850528434826,0.5694783032666991,0.35787420770355927,0.15065821550463188,0.9191919191919176,0.01610468042274786,55,60,9,62,1.5
"rsi_daily_pullback_reclaim_surface_v1__all_liquid__trigger.hold_floor=55,trigger.pullback_ceiling=60,trigger.pullback_window=9,trigger.reclaim_level=62,trigger.volume_multiplier=2.0",all_liquid,"{""trigger.hold_floor"": 55, ""trigger.pullback_ceiling"": 60, ""trigger.pullback_window"": 9, ""trigger.reclaim_level"": 62, ""trigger.volume_multiplier"": 2.0}",5,1304,1280,638,735,0,8,1,7,0,0.0,9,MISSING_OR_INVALID_RAW_PATH_PRICE=8 (0.006135),77,9,52,3,1,0,3844,-3.696693461666643e-05,-0.009465934309463277,2.0,3.0,0.5234375,0.43203125,0.04453125,0.3642638036809816,0.1602760736196319,0.036042944785276074,0.8260869565217391,0.03203125,55,60,9,62,2.0
"rsi_daily_pullback_reclaim_surface_v1__all_liquid__trigger.hold_floor=55,trigger.pullback_ceiling=60,trigger.pullback_window=9,trigger.reclaim_level=62,trigger.volume_multiplier=2.0",all_liquid,"{""trigger.hold_floor"": 55, ""trigger.pullback_ceiling"": 60, ""trigger.pullback_window"": 9, ""trigger.reclaim_level"": 62, ""trigger.volume_multiplier"": 2.0}",10,1304,1270,638,735,0,10,1,7,0,0.0,17,MISSING_OR_INVALID_RAW_PATH_PRICE=10 (0.007669),114,29,77,13,1,0,7633,-0.00582366972303381,-0.01201128750839241,4.0,5.0,0.5385826771653544,0.452755905511811,0.008661417322834646,0.4746932515337423,0.24386503067484663,0.07285276073619631,0.8571428571428578,0.025984251968503937,55,60,9,62,2.0
"rsi_daily_pullback_reclaim_surface_v1__all_liquid__trigger.hold_floor=55,trigger.pullback_ceiling=60,trigger.pullback_window=9,trigger.reclaim_level=62,trigger.volume_multiplier=2.0",all_liquid,"{""trigger.hold_floor"": 55, ""trigger.pullback_ceiling"": 60, ""trigger.pullback_window"": 9, ""trigger.reclaim_level"": 62, ""trigger.volume_multiplier"": 2.0}",20,1304,1255,638,735,0,19,3,7,0,0.0,23,MISSING_OR_INVALID_RAW_PATH_PRICE=19 (0.014571),178,48,128,24,6,0,15262,-0.014156381353322513,-0.014439909280636834,7.0,9.0,0.5314741035856574,0.46613545816733065,0.002390438247011952,0.5697852760736196,0.36119631901840493,0.147239263803681,0.9472222222222197,0.016733067729083666,55,60,9,62,2.0
"rsi_daily_pullback_reclaim_surface_v1__all_liquid__trigger.hold_floor=55,trigger.pullback_ceiling=60,trigger.pullback_window=3,trigger.reclaim_level=65,trigger.volume_multiplier=1.0",all_liquid,"{""trigger.hold_floor"": 55, ""trigger.pullback_ceiling"": 60, ""trigger.pullback_window"": 3, ""trigger.reclaim_level"": 65, ""trigger.volume_multiplier"": 1.0}",5,6538,6462,986,1349,0,23,2,13,0,0.0,40,MISSING_OR_INVALID_RAW_PATH_PRICE=23 (0.003518),338,69,240,38,12,0,18067,-0.0037573244676763623,-0.009318829406836614,2.0,3.0,0.5318786753327144,0.43268337975858867,0.035437944908697,0.34184765983481186,0.14362190272254513,0.03120220250841236,0.7597402597402583,0.030331166821417517,55,60,3,65,1.0
"rsi_daily_pullback_reclaim_surface_v1__all_liquid__trigger.hold_floor=55,trigger.pullback_ceiling=60,trigger.pullback_window=3,trigger.reclaim_level=65,trigger.volume_multiplier=1.0",all_liquid,"{""trigger.hold_floor"": 55, ""trigger.pullback_ceiling"": 60, ""trigger.pullback_window"": 3, ""trigger.reclaim_level"": 65, ""trigger.volume_multiplier"": 1.0}",10,6538,6420,986,1349,0,45,2,13,0,0.0,60,MISSING_OR_INVALID_RAW_PATH_PRICE=45 (0.006883),534,121,380,56,18,0,35943,-0.008588647053343189,-0.010829218642273774,4.0,5.0,0.5404984423676013,0.45295950155763237,0.0065420560747663555,0.456408687672071,0.22835729580911593,0.07173447537473233,0.8846153846153835,0.023052959501557634,55,60,3,65,1.0
"rsi_daily_pullback_reclaim_surface_v1__all_liquid__trigger.hold_floor=55,trigger.pullback_ceiling=60,trigger.pullback_window=3,trigger.reclaim_level=65,trigger.volume_multiplier=1.0",all_liquid,"{""trigger.hold_floor"": 55, ""trigger.pullback_ceiling"": 60, ""trigger.pullback_window"": 3, ""trigger.reclaim_level"": 65, ""trigger.volume_multiplier"": 1.0}",20,6538,6337,986,1349,0,71,4,12,0,0.0,118,MISSING_OR_INVALID_RAW_PATH_PRICE=71 (0.010860),860,271,630,131,25,0,71051,-0.015451953219948647,-0.011951544300543245,8.0,9.0,0.527063279154174,0.47183209720688024,0.0011046236389458735,0.5646986846130315,0.34031814010400735,0.13704496788008566,0.9790209790209794,0.015622534322234496,55,60,3,65,1.0
"rsi_daily_pullback_reclaim_surface_v1__all_liquid__trigger.hold_floor=55,trigger.pullback_ceiling=60,trigger.pullback_window=3,trigger.reclaim_level=65,trigger.volume_multiplier=1.2",all_liquid,"{""trigger.hold_floor"": 55, ""trigger.pullback_ceiling"": 60, ""trigger.pullback_window"": 3, ""trigger.reclaim_level"": 65, ""trigger.volume_multiplier"": 1.2}",5,6096,6022,981,1335,0,21,2,13,0,0.0,40,MISSING_OR_INVALID_RAW_PATH_PRICE=21 (0.003445),323,63,230,36,12,0,16773,-0.002783003707938086,-0.009596786925080154,2.0,3.0,0.5312188641647293,0.43274659581534375,0.03603454001992693,0.3479330708661417,0.14566929133858267,0.0318241469816273,0.7777777777777666,0.031218864164729326,55,60,3,65,1.2
"rsi_daily_pullback_reclaim_surface_v1__all_liquid__trigger.hold_floor=55,trigger.pullback_ceiling=60,trigger.pullback_window=3,trigger.reclaim_level=65,trigger.volume_multiplier=1.2",all_liquid,"{""trigger.hold_floor"": 55, ""trigger.pullback_ceiling"": 60, ""trigger.pullback_window"": 3, ""trigger.reclaim_level"": 65, ""trigger.volume_multiplier"": 1.2}",10,6096,5983,981,1335,0,42,2,13,0,0.0,58,MISSING_OR_INVALID_RAW_PATH_PRICE=42 (0.006890),512,115,363,54,18,0,33365,-0.007143505677648161,-0.011217824902421236,4.0,5.0,0.5381915427043289,0.45512284806953035,0.006685609226140732,0.4645669291338583,0.2316272965879265,0.0733267716535433,0.8932038834951478,0.0237339127527996,55,60,3,65,1.2
"rsi_daily_pullback_reclaim_surface_v1__all_liquid__trigger.hold_floor=55,trigger.pullback_ceiling=60,trigger.pullback_window=3,trigger.reclaim_level=65,trigger.volume_multiplier=1.2",all_liquid,"{""trigger.hold_floor"": 55, ""trigger.pullback_ceiling"": 60, ""trigger.pullback_window"": 3, ""trigger.reclaim_level"": 65, ""trigger.volume_multiplier"": 1.2}",20,6096,5905,981,1335,0,65,4,12,0,0.0,114,MISSING_OR_INVALID_RAW_PATH_PRICE=65 (0.010663),824,260,606,126,24,0,65926,-0.01452967993902906,-0.01233038921740167,8.0,9.0,0.5290431837425911,0.46977138018628284,0.0011854360711261642,0.5692257217847769,0.34481627296587924,0.1395997375328084,0.980000000000002,0.01625740897544454,55,60,3,65,1.2
"rsi_daily_pullback_reclaim_surface_v1__all_liquid__trigger.hold_floor=55,trigger.pullback_ceiling=60,trigger.pullback_window=3,trigger.reclaim_level=65,trigger.volume_multiplier=1.5",all_liquid,"{""trigger.hold_floor"": 55, ""trigger.pullback_ceiling"": 60, ""trigger.pullback_window"": 3, ""trigger.reclaim_level"": 65, ""trigger.volume_multiplier"": 1.5}",5,5378,5312,972,1317,0,16,2,12,0,0.0,38,MISSING_OR_INVALID_RAW_PATH_PRICE=16 (0.002975),295,54,210,30,11,0,14793,-0.002081255755447795,-0.010513351694525814,2.0,3.0,0.5348268072289156,0.42808734939759036,0.03708584337349398,0.3531052435849758,0.14838229825213833,0.03384157679434734,0.7647058823529403,0.028802710843373495,55,60,3,65,1.5
"rsi_daily_pullback_reclaim_surface_v1__all_liquid__trigger.hold_floor=55,trigger.pullback_ceiling=60,trigger.pullback_window=3,trigger.reclaim_level=65,trigger.volume_multiplier=1.5",all_liquid,"{""trigger.hold_floor"": 55, ""trigger.pullback_ceiling"": 60, ""trigger.pullback_window"": 3, ""trigger.reclaim_level"": 65, ""trigger.volume_multiplier"": 1.5}",10,5378,5275,972,1317,0,35,2,12,0,0.0,56,MISSING_OR_INVALID_RAW_PATH_PRICE=35 (0.006508),467,99,331,45,15,0,29409,-0.006819283037626418,-0.012454879615120151,4.0,5.0,0.5412322274881517,0.45156398104265405,0.007203791469194313,0.46708813685384903,0.23410189661584233,0.07549274823354407,0.8805970149253719,0.022369668246445498,55,60,3,65,1.5
"rsi_daily_pullback_reclaim_surface_v1__all_liquid__trigger.hold_floor=55,trigger.pullback_ceiling=60,trigger.pullback_window=3,trigger.reclaim_level=65,trigger.volume_multiplier=1.5",all_liquid,"{""trigger.hold_floor"": 55, ""trigger.pullback_ceiling"": 60, ""trigger.pullback_window"": 3, ""trigger.reclaim_level"": 65, ""trigger.volume_multiplier"": 1.5}",20,5378,5206,972,1317,0,56,4,11,0,0.0,105,MISSING_OR_INVALID_RAW_PATH_PRICE=56 (0.010413),744,234,550,112,21,0,58098,-0.014038948643194101,-0.013366605532418752,8.0,9.0,0.5332308874375721,0.4654245101805609,0.0013446023818670765,0.5699144663443659,0.34771290442543695,0.1428040163629602,0.9722222222222302,0.01517479830964272,55,60,3,65,1.5
"rsi_daily_pullback_reclaim_surface_v1__all_liquid__trigger.hold_floor=55,trigger.pullback_ceiling=60,trigger.pullback_window=3,trigger.reclaim_level=65,trigger.volume_multiplier=2.0",all_liquid,"{""trigger.hold_floor"": 55, ""trigger.pullback_ceiling"": 60, ""trigger.pullback_window"": 3, ""trigger.reclaim_level"": 65, ""trigger.volume_multiplier"": 2.0}",5,4218,4166,940,1258,0,13,2,8,0,0.0,31,MISSING_OR_INVALID_RAW_PATH_PRICE=13 (0.003082),252,42,183,24,8,0,11436,-0.0011152430525395302,-0.011241715015439895,2.0,3.0,0.5331253000480077,0.4275084013442151,0.039366298607777246,0.36249407302038883,0.15433854907539118,0.03556187766714083,0.7666666666666675,0.029044647143542966,55,60,3,65,2.0
"rsi_daily_pullback_reclaim_surface_v1__all_liquid__trigger.hold_floor=55,trigger.pullback_ceiling=60,trigger.pullback_window=3,trigger.reclaim_level=65,trigger.volume_multiplier=2.0",all_liquid,"{""trigger.hold_floor"": 55, ""trigger.pullback_ceiling"": 60, ""trigger.pullback_window"": 3, ""trigger.reclaim_level"": 65, ""trigger.volume_multiplier"": 2.0}",10,4218,4135,940,1258,0,30,2,8,0,0.0,45,MISSING_OR_INVALID_RAW_PATH_PRICE=30 (0.007112),397,80,284,39,12,0,22732,-0.0057921339597462665,-0.013221501855844323,4.0,5.0,0.5426844014510278,0.45006045949214024,0.007255139056831923,0.4746325272641062,0.2411095305832148,0.077524893314367,0.8888888888888864,0.022249093107617895,55,60,3,65,2.0
"rsi_daily_pullback_reclaim_surface_v1__all_liquid__trigger.hold_floor=55,trigger.pullback_ceiling=60,trigger.pullback_window=3,trigger.reclaim_level=65,trigger.volume_multiplier=2.0",all_liquid,"{""trigger.hold_floor"": 55, ""trigger.pullback_ceiling"": 60, ""trigger.pullback_window"": 3, ""trigger.reclaim_level"": 65, ""trigger.volume_multiplier"": 2.0}",20,4218,4084,940,1258,0,47,3,8,0,0.0,79,MISSING_OR_INVALID_RAW_PATH_PRICE=47 (0.011143),632,191,473,96,17,0,44954,-0.012415460663719784,-0.014512868305090784,8.0,9.0,0.534769833496572,0.4640058765915769,0.0012242899118511264,0.575154101469891,0.3560929350403035,0.14983404457088667,0.9725975975976017,0.015670910871694418,55,60,3,65,2.0
"rsi_daily_pullback_reclaim_surface_v1__all_liquid__trigger.hold_floor=55,trigger.pullback_ceiling=60,trigger.pullback_window=6,trigger.reclaim_level=65,trigger.volume_multiplier=1.0",all_liquid,"{""trigger.hold_floor"": 55, ""trigger.pullback_ceiling"": 60, ""trigger.pullback_window"": 6, ""trigger.reclaim_level"": 65, ""trigger.volume_multiplier"": 1.0}",5,4863,4805,926,1248,0,16,2,15,0,0.0,27,MISSING_OR_INVALID_RAW_PATH_PRICE=16 (0.003290),239,52,171,25,6,0,13872,-0.0030623216851453985,-0.008698890688178612,2.0,3.0,0.5157127991675338,0.4507804370447451,0.033506763787721126,0.34443758996504215,0.1474398519432449,0.03249023236685174,0.8333333333333329,0.03100936524453694,55,60,6,65,1.0
"rsi_daily_pullback_reclaim_surface_v1__all_liquid__trigger.hold_floor=55,trigger.pullback_ceiling=60,trigger.pullback_window=6,trigger.reclaim_level=65,trigger.volume_multiplier=1.0",all_liquid,"{""trigger.hold_floor"": 55, ""trigger.pullback_ceiling"": 60, ""trigger.pullback_window"": 6, ""trigger.reclaim_level"": 65, ""trigger.volume_multiplier"": 1.0}",10,4863,4780,926,1248,0,23,2,15,0,0.0,45,MISSING_OR_INVALID_RAW_PATH_PRICE=23 (0.004730),373,94,267,44,11,0,27610,-0.0074280191520046356,-0.010236193333529573,4.0,5.0,0.5263598326359833,0.4682008368200837,0.005439330543933054,0.46740695044211394,0.2348344643224347,0.07567345260127493,0.9310344827586208,0.02510460251046025,55,60,6,65,1.0
"rsi_daily_pullback_reclaim_surface_v1__all_liquid__trigger.hold_floor=55,trigger.pullback_ceiling=60,trigger.pullback_window=6,trigger.reclaim_level=65,trigger.volume_multiplier=1.0",all_liquid,"{""trigger.hold_floor"": 55, ""trigger.pullback_ceiling"": 60, ""trigger.pullback_window"": 6, ""trigger.reclaim_level"": 65, ""trigger.volume_multiplier"": 1.0}",20,4863,4719,926,1248,0,44,6,15,0,0.0,85,MISSING_OR_INVALID_RAW_PATH_PRICE=44 (0.009048),582,191,426,93,14,0,54655,-0.01398062296657726,-0.011934881545706856,8.0,9.0,0.5221445221445221,0.4759482941301123,0.0019071837253655435,0.5770100760847213,0.3532798683939955,0.1451778737404894,1.0,0.017164653528289893,55,60,6,65,1.0
"rsi_daily_pullback_reclaim_surface_v1__all_liquid__trigger.hold_floor=55,trigger.pullback_ceiling=60,trigger.pullback_window=6,trigger.reclaim_level=65,trigger.volume_multiplier=1.2",all_liquid,"{""trigger.hold_floor"": 55, ""trigger.pullback_ceiling"": 60, ""trigger.pullback_window"": 6, ""trigger.reclaim_level"": 65, ""trigger.volume_multiplier"": 1.2}",5,4380,4324,916,1221,0,15,2,15,0,0.0,26,MISSING_OR_INVALID_RAW_PATH_PRICE=15 (0.003425),222,47,157,24,6,0,12428,-0.0021181946046605633,-0.009057375427746907,2.0,3.0,0.5161887141535615,0.4486586493987049,0.03515263644773358,0.35182648401826483,0.15,0.032420091324200914,0.8387096774193544,0.03122109158186864,55,60,6,65,1.2
"rsi_daily_pullback_reclaim_surface_v1__all_liquid__trigger.hold_floor=55,trigger.pullback_ceiling=60,trigger.pullback_window=6,trigger.reclaim_level=65,trigger.volume_multiplier=1.2",all_liquid,"{""trigger.hold_floor"": 55, ""trigger.pullback_ceiling"": 60, ""trigger.pullback_window"": 6, ""trigger.reclaim_level"": 65, ""trigger.volume_multiplier"": 1.2}",10,4380,4302,916,1221,0,22,2,15,0,0.0,41,MISSING_OR_INVALID_RAW_PATH_PRICE=22 (0.005023),350,87,247,43,11,0,24746,-0.005958801585039659,-0.01104360669259129,4.0,5.0,0.5260344026034403,0.4679218967921897,0.00604370060437006,0.4762557077625571,0.23858447488584475,0.0776255707762557,0.9374999999999991,0.02510460251046025,55,60,6,65,1.2
"rsi_daily_pullback_reclaim_surface_v1__all_liquid__trigger.hold_floor=55,trigger.pullback_ceiling=60,trigger.pullback_window=6,trigger.reclaim_level=65,trigger.volume_multiplier=1.2",all_liquid,"{""trigger.hold_floor"": 55, ""trigger.pullback_ceiling"": 60, ""trigger.pullback_window"": 6, ""trigger.reclaim_level"": 65, ""trigger.volume_multiplier"": 1.2}",20,4380,4249,916,1221,0,42,6,15,0,0.0,74,MISSING_OR_INVALID_RAW_PATH_PRICE=42 (0.009589),542,177,396,88,13,0,49064,-0.012805612787978447,-0.012476214731200766,8.0,9.0,0.5262414685808425,0.47164038597317015,0.002118145445987291,0.5833333333333334,0.35639269406392693,0.14748858447488583,1.0000000000000009,0.017180513061896916,55,60,6,65,1.2
"rsi_daily_pullback_reclaim_surface_v1__all_liquid__trigger.hold_floor=55,trigger.pullback_ceiling=60,trigger.pullback_window=6,trigger.reclaim_level=65,trigger.volume_multiplier=1.5",all_liquid,"{""trigger.hold_floor"": 55, ""trigger.pullback_ceiling"": 60, ""trigger.pullback_window"": 6, ""trigger.reclaim_level"": 65, ""trigger.volume_multiplier"": 1.5}",5,3664,3615,895,1177,0,14,2,13,0,0.0,22,MISSING_OR_INVALID_RAW_PATH_PRICE=14 (0.003821),199,41,140,21,6,0,10337,-0.0010847161140766504,-0.00975117803096106,2.0,3.0,0.5197786998616875,0.44343015214384507,0.0367911479944675,0.35889737991266374,0.15065502183406113,0.03384279475982533,0.8333333333333308,0.02793914246196404,55,60,6,65,1.5
"rsi_daily_pullback_reclaim_surface_v1__all_liquid__trigger.hold_floor=55,trigger.pullback_ceiling=60,trigger.pullback_window=6,trigger.reclaim_level=65,trigger.volume_multiplier=1.5",all_liquid,"{""trigger.hold_floor"": 55, ""trigger.pullback_ceiling"": 60, ""trigger.pullback_window"": 6, ""trigger.reclaim_level"": 65, ""trigger.volume_multiplier"": 1.5}",10,3664,3594,895,1177,0,21,2,13,0,0.0,36,MISSING_OR_INVALID_RAW_PATH_PRICE=21 (0.005731),312,74,218,36,9,0,20564,-0.005951016983678236,-0.012237440104639213,4.0,5.0,0.5333889816360601,0.45965498052309406,0.006956037840845854,0.47707423580786024,0.23771834061135372,0.07942139737991266,0.9130434782608746,0.022537562604340568,55,60,6,65,1.5
"rsi_daily_pullback_reclaim_surface_v1__all_liquid__trigger.hold_floor=55,trigger.pullback_ceiling=60,trigger.pullback_window=6,trigger.reclaim_level=65,trigger.volume_multiplier=1.5",all_liquid,"{""trigger.hold_floor"": 55, ""trigger.pullback_ceiling"": 60, ""trigger.pullback_window"": 6, ""trigger.reclaim_level"": 65, ""trigger.volume_multiplier"": 1.5}",20,3664,3550,895,1177,0,38,6,13,0,0.0,63,MISSING_OR_INVALID_RAW_PATH_PRICE=38 (0.010371),474,152,346,74,11,0,40780,-0.012962325069102398,-0.01362639541505585,8.0,9.0,0.5332394366197183,0.46422535211267607,0.0025352112676056337,0.5813318777292577,0.3569868995633188,0.14983624454148473,0.9999999999999974,0.014929577464788733,55,60,6,65,1.5
"rsi_daily_pullback_reclaim_surface_v1__all_liquid__trigger.hold_floor=55,trigger.pullback_ceiling=60,trigger.pullback_window=6,trigger.reclaim_level=65,trigger.volume_multiplier=2.0",all_liquid,"{""trigger.hold_floor"": 55, ""trigger.pullback_ceiling"": 60, ""trigger.pullback_window"": 6, ""trigger.reclaim_level"": 65, ""trigger.volume_multiplier"": 2.0}",5,2663,2625,840,1057,0,11,1,10,0,0.0,17,MISSING_OR_INVALID_RAW_PATH_PRICE=11 (0.004131),163,25,113,12,3,0,7500,-9.740229663680183e-05,-0.010112154255642967,2.0,3.0,0.5146666666666667,0.4441904761904762,0.04114285714285714,0.3680060082613594,0.15734134434847916,0.034923019151333085,0.8333333333333365,0.02819047619047619,55,60,6,65,2.0
"rsi_daily_pullback_reclaim_surface_v1__all_liquid__trigger.hold_floor=55,trigger.pullback_ceiling=60,trigger.pullback_window=6,trigger.reclaim_level=65,trigger.volume_multiplier=2.0",all_liquid,"{""trigger.hold_floor"": 55, ""trigger.pullback_ceiling"": 60, ""trigger.pullback_window"": 6, ""trigger.reclaim_level"": 65, ""trigger.volume_multiplier"": 2.0}",10,2663,2609,840,1057,0,17,1,10,0,0.0,27,MISSING_OR_INVALID_RAW_PATH_PRICE=17 (0.006384),249,51,173,26,6,0,14912,-0.004654262661055869,-0.013263870988416207,4.0,5.0,0.5343043311613646,0.45879647374472976,0.006899195093905711,0.49042433345850545,0.24521216672925272,0.08036049568156214,0.9230769230769221,0.022230739747029514,55,60,6,65,2.0
"rsi_daily_pullback_reclaim_surface_v1__all_liquid__trigger.hold_floor=55,trigger.pullback_ceiling=60,trigger.pullback_window=6,trigger.reclaim_level=65,trigger.volume_multiplier=2.0",all_liquid,"{""trigger.hold_floor"": 55, ""trigger.pullback_ceiling"": 60, ""trigger.pullback_window"": 6, ""trigger.reclaim_level"": 65, ""trigger.volume_multiplier"": 2.0}",20,2663,2577,840,1057,0,28,3,10,0,0.0,48,MISSING_OR_INVALID_RAW_PATH_PRICE=28 (0.010514),377,111,274,56,8,0,29558,-0.011349774716901462,-0.015224441084124098,8.0,9.0,0.5343422584400466,0.4637175009701203,0.0019402405898331393,0.5891851295531355,0.37101013894104395,0.15996995869320316,1.0,0.015521924718665115,55,60,6,65,2.0
"rsi_daily_pullback_reclaim_surface_v1__all_liquid__trigger.hold_floor=55,trigger.pullback_ceiling=60,trigger.pullback_window=9,trigger.reclaim_level=65,trigger.volume_multiplier=1.0",all_liquid,"{""trigger.hold_floor"": 55, ""trigger.pullback_ceiling"": 60, ""trigger.pullback_window"": 9, ""trigger.reclaim_level"": 65, ""trigger.volume_multiplier"": 1.0}",5,3746,3707,864,1171,0,6,2,13,0,0.0,20,MISSING_OR_INVALID_RAW_PATH_PRICE=6 (0.001602),171,51,121,27,4,0,10913,-0.002851536202271309,-0.0090674970531162,2.0,3.0,0.5263015915834907,0.4459131373077961,0.027785271108713244,0.3443673251468233,0.15082754938601176,0.032568072610784836,0.8000000000000009,0.030482870245481523,55,60,9,65,1.0
"rsi_daily_pullback_reclaim_surface_v1__all_liquid__trigger.hold_floor=55,trigger.pullback_ceiling=60,trigger.pullback_window=9,trigger.reclaim_level=65,trigger.volume_multiplier=1.0",all_liquid,"{""trigger.hold_floor"": 55, ""trigger.pullback_ceiling"": 60, ""trigger.pullback_window"": 9, ""trigger.reclaim_level"": 65, ""trigger.volume_multiplier"": 1.0}",10,3746,3683,864,1171,0,11,2,13,0,0.0,39,MISSING_OR_INVALID_RAW_PATH_PRICE=11 (0.002936),259,83,185,41,8,0,21670,-0.007767445665145034,-0.011917769807211591,4.0,5.0,0.5435786043985881,0.4512625576975292,0.005158837903882704,0.4612920448478377,0.23491724506139883,0.07554725040042712,0.8695652173913035,0.024165082812924246,55,60,9,65,1.0
"rsi_daily_pullback_reclaim_surface_v1__all_liquid__trigger.hold_floor=55,trigger.pullback_ceiling=60,trigger.pullback_window=9,trigger.reclaim_level=65,trigger.volume_multiplier=1.0",all_liquid,"{""trigger.hold_floor"": 55, ""trigger.pullback_ceiling"": 60, ""trigger.pullback_window"": 9, ""trigger.reclaim_level"": 65, ""trigger.volume_multiplier"": 1.0}",20,3746,3637,864,1171,0,30,6,13,0,0.0,66,MISSING_OR_INVALID_RAW_PATH_PRICE=30 (0.008009),424,150,310,77,12,0,43007,-0.014167637251097667,-0.013349325721004068,8.0,9.0,0.528732471817432,0.4696178168820456,0.0016497113005224085,0.5672717565403097,0.34997330485851574,0.14789108382274427,0.9523809523809527,0.016497113005224086,55,60,9,65,1.0
"rsi_daily_pullback_reclaim_surface_v1__all_liquid__trigger.hold_floor=55,trigger.pullback_ceiling=60,trigger.pullback_window=9,trigger.reclaim_level=65,trigger.volume_multiplier=1.2",all_liquid,"{""trigger.hold_floor"": 55, ""trigger.pullback_ceiling"": 60, ""trigger.pullback_window"": 9, ""trigger.reclaim_level"": 65, ""trigger.volume_multiplier"": 1.2}",5,3312,3275,854,1136,0,6,2,13,0,0.0,18,MISSING_OR_INVALID_RAW_PATH_PRICE=6 (0.001812),155,46,107,25,4,0,9628,-0.0022162783099707872,-0.009473791215033785,2.0,3.0,0.5297709923664122,0.44122137404580153,0.02900763358778626,0.34752415458937197,0.15338164251207728,0.0320048309178744,0.7999999999999973,0.03083969465648855,55,60,9,65,1.2
"rsi_daily_pullback_reclaim_surface_v1__all_liquid__trigger.hold_floor=55,trigger.pullback_ceiling=60,trigger.pullback_window=9,trigger.reclaim_level=65,trigger.volume_multiplier=1.2",all_liquid,"{""trigger.hold_floor"": 55, ""trigger.pullback_ceiling"": 60, ""trigger.pullback_window"": 9, ""trigger.reclaim_level"": 65, ""trigger.volume_multiplier"": 1.2}",10,3312,3253,854,1136,0,11,2,13,0,0.0,35,MISSING_OR_INVALID_RAW_PATH_PRICE=11 (0.003321),237,77,165,39,8,0,19115,-0.0067919340776572135,-0.01247166786122747,4.0,5.0,0.5471872118044881,0.4469720258223179,0.005840762373193975,0.46497584541062803,0.2376207729468599,0.0763888888888889,0.8648648648648666,0.023977866584691053,55,60,9,65,1.2
"rsi_daily_pullback_reclaim_surface_v1__all_liquid__trigger.hold_floor=55,trigger.pullback_ceiling=60,trigger.pullback_window=9,trigger.reclaim_level=65,trigger.volume_multiplier=1.2",all_liquid,"{""trigger.hold_floor"": 55, ""trigger.pullback_ceiling"": 60, ""trigger.pullback_window"": 9, ""trigger.reclaim_level"": 65, ""trigger.volume_multiplier"": 1.2}",20,3312,3214,854,1136,0,28,6,13,0,0.0,57,MISSING_OR_INVALID_RAW_PATH_PRICE=28 (0.008454),377,136,273,69,11,0,37999,-0.01369396779276415,-0.014292245934024637,8.0,9.0,0.5348475420037336,0.4632856253889235,0.001866832607342875,0.5691425120772947,0.3508454106280193,0.1473429951690821,0.942857142857142,0.016490354698195396,55,60,9,65,1.2
"rsi_daily_pullback_reclaim_surface_v1__all_liquid__trigger.hold_floor=55,trigger.pullback_ceiling=60,trigger.pullback_window=9,trigger.reclaim_level=65,trigger.volume_multiplier=1.5",all_liquid,"{""trigger.hold_floor"": 55, ""trigger.pullback_ceiling"": 60, ""trigger.pullback_window"": 9, ""trigger.reclaim_level"": 65, ""trigger.volume_multiplier"": 1.5}",5,2686,2654,817,1067,0,5,2,12,0,0.0,15,MISSING_OR_INVALID_RAW_PATH_PRICE=5 (0.001862),138,38,94,21,4,0,7727,-0.001185811428032122,-0.009974969460764269,2.0,3.0,0.5301431801055011,0.4389600602863602,0.03089675960813866,0.35405807892777363,0.1574832464631422,0.03425167535368578,0.799999999999994,0.027882441597588545,55,60,9,65,1.5
"rsi_daily_pullback_reclaim_surface_v1__all_liquid__trigger.hold_floor=55,trigger.pullback_ceiling=60,trigger.pullback_window=9,trigger.reclaim_level=65,trigger.volume_multiplier=1.5",all_liquid,"{""trigger.hold_floor"": 55, ""trigger.pullback_ceiling"": 60, ""trigger.pullback_window"": 9, ""trigger.reclaim_level"": 65, ""trigger.volume_multiplier"": 1.5}",10,2686,2634,817,1067,0,9,2,12,0,0.0,31,MISSING_OR_INVALID_RAW_PATH_PRICE=9 (0.003351),208,64,142,32,6,0,15329,-0.006764031698063791,-0.013623675535554162,4.0,5.0,0.5577069096431283,0.43545937737281704,0.00683371298405467,0.46463142218912884,0.23901712583767684,0.08004467609828742,0.8285714285714282,0.02164009111617312,55,60,9,65,1.5
"rsi_daily_pullback_reclaim_surface_v1__all_liquid__trigger.hold_floor=55,trigger.pullback_ceiling=60,trigger.pullback_window=9,trigger.reclaim_level=65,trigger.volume_multiplier=1.5",all_liquid,"{""trigger.hold_floor"": 55, ""trigger.pullback_ceiling"": 60, ""trigger.pullback_window"": 9, ""trigger.reclaim_level"": 65, ""trigger.volume_multiplier"": 1.5}",20,2686,2605,817,1067,0,23,6,12,0,0.0,46,MISSING_OR_INVALID_RAW_PATH_PRICE=23 (0.008563),323,113,232,56,8,0,30543,-0.014541780169908702,-0.015733562614246514,7.0,9.0,0.5447216890595009,0.45297504798464494,0.0023032629558541267,0.5636634400595681,0.35294117647058826,0.15152643335815338,0.9220647773279321,0.014203454894433781,55,60,9,65,1.5
"rsi_daily_pullback_reclaim_surface_v1__all_liquid__trigger.hold_floor=55,trigger.pullback_ceiling=60,trigger.pullback_window=9,trigger.reclaim_level=65,trigger.volume_multiplier=2.0",all_liquid,"{""trigger.hold_floor"": 55, ""trigger.pullback_ceiling"": 60, ""trigger.pullback_window"": 9, ""trigger.reclaim_level"": 65, ""trigger.volume_multiplier"": 2.0}",5,1876,1849,741,912,0,5,1,10,0,0.0,12,MISSING_OR_INVALID_RAW_PATH_PRICE=5 (0.002665),102,22,68,11,1,0,5425,-0.0003161141775068141,-0.01085706750628412,2.0,3.0,0.5300162249864792,0.43266630611141155,0.03731746890210925,0.35874200426439234,0.15671641791044777,0.0314498933901919,0.7633333333333325,0.027582477014602487,55,60,9,65,2.0
"rsi_daily_pullback_reclaim_surface_v1__all_liquid__trigger.hold_floor=55,trigger.pullback_ceiling=60,trigger.pullback_window=9,trigger.reclaim_level=65,trigger.volume_multiplier=2.0",all_liquid,"{""trigger.hold_floor"": 55, ""trigger.pullback_ceiling"": 60, ""trigger.pullback_window"": 9, ""trigger.reclaim_level"": 65, ""trigger.volume_multiplier"": 2.0}",10,1876,1834,741,912,0,8,1,10,0,0.0,24,MISSING_OR_INVALID_RAW_PATH_PRICE=8 (0.004264),151,43,104,22,3,0,10747,-0.006433797118001235,-0.01435568919696871,4.0,5.0,0.5588876772082879,0.4334787350054526,0.007633587786259542,0.4701492537313433,0.24093816631130063,0.07515991471215352,0.8409090909090897,0.020174482006543076,55,60,9,65,2.0
"rsi_daily_pullback_reclaim_surface_v1__all_liquid__trigger.hold_floor=55,trigger.pullback_ceiling=60,trigger.pullback_window=9,trigger.reclaim_level=65,trigger.volume_multiplier=2.0",all_liquid,"{""trigger.hold_floor"": 55, ""trigger.pullback_ceiling"": 60, ""trigger.pullback_window"": 9, ""trigger.reclaim_level"": 65, ""trigger.volume_multiplier"": 2.0}",20,1876,1815,741,912,0,17,3,10,0,0.0,34,MISSING_OR_INVALID_RAW_PATH_PRICE=17 (0.009062),236,77,171,39,5,0,21417,-0.01398546809979366,-0.016822138255463387,7.0,9.0,0.5460055096418733,0.45234159779614325,0.001652892561983471,0.5655650319829424,0.3624733475479744,0.15511727078891258,0.9342105263157874,0.013223140495867768,55,60,9,65,2.0
